
synpwrap -msg -prj "BM_H13DSP_M_impl1_synplify.tcl" -log "BM_H13DSP_M_impl1.srf"
Copyright (C) 1992-2024 Lattice Semiconductor Corporation. All rights reserved.
Lattice Diamond Version 3.14.0.75.2
    <postMsg mid="2011000" type="Info"    dynamic="0" navigation="0"  />

==contents of BM_H13DSP_M_impl1.srf
#Build: Synplify Pro (R) V-2023.09L-2, Build 349R, Sep 17 2024
#install: C:\studyware\lattice_diamond_3_14\synpbase
#OS: Windows 10 or later
#Hostname: Z02665MJ

# Thu Oct 23 14:10:20 2025

#Implementation: impl1


Copyright (C) 1994-2023 Synopsys, Inc.
This Synopsys software and all associated documentation are proprietary to Synopsys, Inc.
and may only be used pursuant to the terms and conditions of a written license agreement
with Synopsys, Inc. All other use, reproduction, modification, or distribution of the
Synopsys software or the associated documentation is strictly prohibited.
Tool: Synplify Pro (R)
Build: V-2023.09L-2
Install: C:\studyware\lattice_diamond_3_14\synpbase
OS: Windows 10 or later
Hostname: Z02665MJ

Implementation : impl1
Synopsys HDL Compiler, Version comp202309synp1, Build 349R, Built Sep 17 2024 08:16:26, @

@N|Running in 64-bit mode
###########################################################[

Copyright (C) 1994-2023 Synopsys, Inc.
This Synopsys software and all associated documentation are proprietary to Synopsys, Inc.
and may only be used pursuant to the terms and conditions of a written license agreement
with Synopsys, Inc. All other use, reproduction, modification, or distribution of the
Synopsys software or the associated documentation is strictly prohibited.
Tool: Synplify Pro (R)
Build: V-2023.09L-2
Install: C:\studyware\lattice_diamond_3_14\synpbase
OS: Windows 10 or later
Hostname: Z02665MJ

Implementation : impl1
Synopsys Verilog Compiler, Version comp202309synp1, Build 349R, Built Sep 17 2024 08:16:26, @

@N|Running in 64-bit mode
@I::"C:\studyware\lattice_diamond_3_14\synpbase\lib\lucent\machxo3lf.v" (library work)
@I::"C:\studyware\lattice_diamond_3_14\synpbase\lib\lucent\pmi_def.v" (library work)
@I::"C:\studyware\lattice_diamond_3_14\synpbase\lib\vlog\hypermods.v" (library __hyper__lib__)
@I::"C:\CPLD\intel\fenghuo_initial\BM_H13DSP_M\rtl\source\BM_H13DSP_M_TOP.v" (library work)
@I:"C:\CPLD\intel\fenghuo_initial\BM_H13DSP_M\rtl\source\BM_H13DSP_M_TOP.v":"C:\CPLD\intel\fenghuo_initial\BM_H13DSP_M\rtl\include\BM_H13DSP_M_VA_PORT.v" (library work)
@I:"C:\CPLD\intel\fenghuo_initial\BM_H13DSP_M\rtl\source\BM_H13DSP_M_TOP.v":"C:\CPLD\intel\fenghuo_initial\BM_H13DSP_M\rtl\include\pwrseq_define.vh" (library work)
@I::"C:\CPLD\intel\fenghuo_initial\BM_H13DSP_M\rtl\source\PLL\pll_i25M_o50M_o25M.v" (library work)
@I::"C:\CPLD\intel\fenghuo_initial\BM_H13DSP_M\rtl\source\IIC_Update\I2C_UPDATE.v" (library work)
@I::"C:\CPLD\intel\fenghuo_initial\BM_H13DSP_M\rtl\source\74LV165\pvt_gpi.v" (library work)
@I::"C:\CPLD\intel\fenghuo_initial\BM_H13DSP_M\rtl\source\bmc_i2c\bmc_cpld_i2c_ram.v" (library work)
@I::"C:\CPLD\intel\fenghuo_initial\BM_H13DSP_M\rtl\source\bmc_i2c\i2c_slave_basic0.v" (library work)
@I::"C:\CPLD\intel\fenghuo_initial\BM_H13DSP_M\rtl\source\bmc_i2c\i2c_slave_bmc.v" (library work)
@I::"C:\CPLD\intel\fenghuo_initial\BM_H13DSP_M\rtl\source\ESPI_LINK\espi_link.v" (library work)
@I::"C:\CPLD\intel\fenghuo_initial\BM_H13DSP_M\rtl\source\ESPI_LINK\pch_cpld_espi_ram.v" (library work)
@I::"C:\CPLD\intel\fenghuo_initial\BM_H13DSP_M\rtl\source\ESPI_LINK\pcie_dync_alloc.v" (library work)
@I::"C:\CPLD\intel\fenghuo_initial\BM_H13DSP_M\rtl\source\SGPIO_MASTER\s2p_master.v" (library work)
@I::"C:\CPLD\intel\fenghuo_initial\BM_H13DSP_M\rtl\source\SGPIO_MASTER\p2s_slave.v" (library work)
@I::"C:\CPLD\intel\fenghuo_initial\BM_H13DSP_M\rtl\source\common\ClkDiv.v" (library work)
@I::"C:\CPLD\intel\fenghuo_initial\BM_H13DSP_M\rtl\source\common\delay.v" (library work)
@I::"C:\CPLD\intel\fenghuo_initial\BM_H13DSP_M\rtl\source\common\ClkDivTree.v" (library work)
@I::"C:\CPLD\intel\fenghuo_initial\BM_H13DSP_M\rtl\source\common\edge_delay.v" (library work)
@I::"C:\CPLD\intel\fenghuo_initial\BM_H13DSP_M\rtl\source\common\edge_detect.v" (library work)
@I::"C:\CPLD\intel\fenghuo_initial\BM_H13DSP_M\rtl\source\common\lowpass_filter.v" (library work)
@I::"C:\CPLD\intel\fenghuo_initial\BM_H13DSP_M\rtl\source\common\pon_reset.v" (library work)
@I::"C:\CPLD\intel\fenghuo_initial\BM_H13DSP_M\rtl\source\common\synclib.v" (library work)
@I::"C:\CPLD\intel\fenghuo_initial\BM_H13DSP_M\rtl\source\common\timer_gen_50mhz.v" (library work)
@I::"C:\CPLD\intel\fenghuo_initial\BM_H13DSP_M\rtl\source\common\system_rst.v" (library work)
@I::"C:\CPLD\intel\fenghuo_initial\BM_H13DSP_M\rtl\source\Signal_Latch\Edge_Detect_SL.v" (library work)
@I::"C:\CPLD\intel\fenghuo_initial\BM_H13DSP_M\rtl\source\Signal_Latch\Signal_Latch.v" (library work)
@I::"C:\CPLD\intel\fenghuo_initial\BM_H13DSP_M\rtl\source\uart\mcio_uart_master.v" (library work)
@I::"C:\CPLD\intel\fenghuo_initial\BM_H13DSP_M\rtl\source\Pwr_But_Ctrl\bmc_ctl_pwrbtn.v" (library work)
@I::"C:\CPLD\intel\fenghuo_initial\BM_H13DSP_M\rtl\source\Pwr_But_Ctrl\Pwr_But_Ctrl.v" (library work)
@I::"C:\CPLD\intel\fenghuo_initial\BM_H13DSP_M\rtl\source\bios_i2c\bios_cpld_i2c_ram.v" (library work)
@I::"C:\CPLD\intel\fenghuo_initial\BM_H13DSP_M\rtl\source\common\nmi_clear.v" (library work)
@I::"C:\CPLD\intel\fenghuo_initial\BM_H13DSP_M\rtl\source\common\cpu_module.v" (library work)
@I::"C:\CPLD\intel\fenghuo_initial\BM_H13DSP_M\rtl\source\common\cpu_thermtrip.v" (library work)
@I::"C:\CPLD\intel\fenghuo_initial\BM_H13DSP_M\rtl\source\Pwr_seq\pwrseq_master.v" (library work)
@I::"C:\CPLD\intel\fenghuo_initial\BM_H13DSP_M\rtl\source\Pwr_seq\pwrseq_slave.v" (library work)
@I::"C:\CPLD\intel\fenghuo_initial\BM_H13DSP_M\rtl\source\common\cmos_clear.v" (library work)
@I::"C:\CPLD\intel\fenghuo_initial\BM_H13DSP_M\rtl\source\common\extrst_evt_count.v" (library work)
@I::"C:\CPLD\intel\fenghuo_initial\BM_H13DSP_M\rtl\source\common\genCntr.v" (library work)
@I::"C:\CPLD\intel\fenghuo_initial\BM_H13DSP_M\rtl\source\common\MESSAGE_CONTROL.v" (library work)
@I::"C:\CPLD\intel\fenghuo_initial\BM_H13DSP_M\rtl\source\Power_Fault\dimm_fail_event.v" (library work)
@I::"C:\CPLD\intel\fenghuo_initial\BM_H13DSP_M\rtl\source\Power_Fault\ERROR_CODE.v" (library work)
@I::"C:\CPLD\intel\fenghuo_initial\BM_H13DSP_M\rtl\source\Power_Fault\fault_detectA_chklive.v" (library work)
@I::"C:\CPLD\intel\fenghuo_initial\BM_H13DSP_M\rtl\source\Power_Fault\fault_detectB_chklive.v" (library work)
@I::"C:\CPLD\intel\fenghuo_initial\BM_H13DSP_M\rtl\source\Power_Fault\Power_Fault.v" (library work)
@I::"C:\CPLD\intel\fenghuo_initial\BM_H13DSP_M\rtl\source\Power_Fault\Pwr_Error_Latch.v" (library work)
@I::"C:\CPLD\intel\fenghuo_initial\BM_H13DSP_M\rtl\source\74HC164\s2p_164.v" (library work)
Verilog syntax check successful!
Selecting top level module BM_H13DSP_M
@N: CG364 :"C:\studyware\lattice_diamond_3_14\synpbase\lib\lucent\machxo3lf.v":1124:7:1124:9|Synthesizing module VLO in library work.
Running optimization stage 1 on VLO .......
Finished optimization stage 1 on VLO (CPU Time 0h:00m:00s, Memory Used current: 95MB peak: 96MB)
@N: CG364 :"C:\studyware\lattice_diamond_3_14\synpbase\lib\lucent\machxo3lf.v":1696:7:1696:13|Synthesizing module EHXPLLJ in library work.
Running optimization stage 1 on EHXPLLJ .......
Finished optimization stage 1 on EHXPLLJ (CPU Time 0h:00m:00s, Memory Used current: 96MB peak: 96MB)
@N: CG364 :"C:\CPLD\intel\fenghuo_initial\BM_H13DSP_M\rtl\source\PLL\pll_i25M_o50M_o25M.v":8:7:8:24|Synthesizing module pll_i25M_o50M_o25M in library work.
Running optimization stage 1 on pll_i25M_o50M_o25M .......
Finished optimization stage 1 on pll_i25M_o50M_o25M (CPU Time 0h:00m:00s, Memory Used current: 96MB peak: 96MB)
@N: CG364 :"C:\CPLD\intel\fenghuo_initial\BM_H13DSP_M\rtl\source\common\pon_reset.v":15:7:15:15|Synthesizing module pon_reset in library work.
Running optimization stage 1 on pon_reset .......
Finished optimization stage 1 on pon_reset (CPU Time 0h:00m:00s, Memory Used current: 96MB peak: 97MB)
@N: CG364 :"C:\CPLD\intel\fenghuo_initial\BM_H13DSP_M\rtl\source\common\timer_gen_50mhz.v":3:7:3:15|Synthesizing module timer_gen in library work.
@N: CG179 :"C:\CPLD\intel\fenghuo_initial\BM_H13DSP_M\rtl\source\common\timer_gen_50mhz.v":81:54:81:61|Removing redundant assignment.
@N: CG179 :"C:\CPLD\intel\fenghuo_initial\BM_H13DSP_M\rtl\source\common\timer_gen_50mhz.v":82:54:82:60|Removing redundant assignment.
@N: CG179 :"C:\CPLD\intel\fenghuo_initial\BM_H13DSP_M\rtl\source\common\timer_gen_50mhz.v":143:41:143:47|Removing redundant assignment.
@N: CG179 :"C:\CPLD\intel\fenghuo_initial\BM_H13DSP_M\rtl\source\common\timer_gen_50mhz.v":144:41:144:47|Removing redundant assignment.
@N: CG179 :"C:\CPLD\intel\fenghuo_initial\BM_H13DSP_M\rtl\source\common\timer_gen_50mhz.v":145:41:145:49|Removing redundant assignment.
@N: CG179 :"C:\CPLD\intel\fenghuo_initial\BM_H13DSP_M\rtl\source\common\timer_gen_50mhz.v":146:41:146:48|Removing redundant assignment.
@N: CG179 :"C:\CPLD\intel\fenghuo_initial\BM_H13DSP_M\rtl\source\common\timer_gen_50mhz.v":236:68:236:77|Removing redundant assignment.
@N: CG179 :"C:\CPLD\intel\fenghuo_initial\BM_H13DSP_M\rtl\source\common\timer_gen_50mhz.v":237:63:237:71|Removing redundant assignment.
Running optimization stage 1 on timer_gen .......
Finished optimization stage 1 on timer_gen (CPU Time 0h:00m:00s, Memory Used current: 97MB peak: 97MB)
@N: CG364 :"C:\CPLD\intel\fenghuo_initial\BM_H13DSP_M\rtl\source\common\ClkDiv.v":38:7:38:12|Synthesizing module ClkDiv in library work.

	MAX_DIV_BITS=32'b00000000000000000000000000000110
	MAX_DIV_CNT=32'b00000000000000000000000000110001
   Generated name = ClkDiv_6s_49s
@N: CG179 :"C:\CPLD\intel\fenghuo_initial\BM_H13DSP_M\rtl\source\common\ClkDiv.v":98:28:98:37|Removing redundant assignment.
Running optimization stage 1 on ClkDiv_6s_49s .......
Finished optimization stage 1 on ClkDiv_6s_49s (CPU Time 0h:00m:00s, Memory Used current: 97MB peak: 97MB)
@N: CG364 :"C:\CPLD\intel\fenghuo_initial\BM_H13DSP_M\rtl\source\common\ClkDiv.v":38:7:38:12|Synthesizing module ClkDiv in library work.

	MAX_DIV_BITS=32'b00000000000000000000000000000101
	MAX_DIV_CNT=32'b00000000000000000000000000001001
   Generated name = ClkDiv_5s_9s
Running optimization stage 1 on ClkDiv_5s_9s .......
Finished optimization stage 1 on ClkDiv_5s_9s (CPU Time 0h:00m:00s, Memory Used current: 97MB peak: 97MB)
@N: CG364 :"C:\CPLD\intel\fenghuo_initial\BM_H13DSP_M\rtl\source\common\ClkDiv.v":38:7:38:12|Synthesizing module ClkDiv in library work.

	MAX_DIV_BITS=32'b00000000000000000000000000000011
	MAX_DIV_CNT=32'b00000000000000000000000000000100
   Generated name = ClkDiv_3s_4s
Running optimization stage 1 on ClkDiv_3s_4s .......
Finished optimization stage 1 on ClkDiv_3s_4s (CPU Time 0h:00m:00s, Memory Used current: 97MB peak: 97MB)
@N: CG364 :"C:\CPLD\intel\fenghuo_initial\BM_H13DSP_M\rtl\source\common\ClkDiv.v":38:7:38:12|Synthesizing module ClkDiv in library work.

	MAX_DIV_BITS=32'b00000000000000000000000000000100
	MAX_DIV_CNT=32'b00000000000000000000000000001001
   Generated name = ClkDiv_4s_9s
Running optimization stage 1 on ClkDiv_4s_9s .......
Finished optimization stage 1 on ClkDiv_4s_9s (CPU Time 0h:00m:00s, Memory Used current: 97MB peak: 97MB)
@N: CG364 :"C:\CPLD\intel\fenghuo_initial\BM_H13DSP_M\rtl\source\common\ClkDiv.v":38:7:38:12|Synthesizing module ClkDiv in library work.

	MAX_DIV_BITS=32'b00000000000000000000000000000001
	MAX_DIV_CNT=32'b00000000000000000000000000000001
   Generated name = ClkDiv_1s_1s
Running optimization stage 1 on ClkDiv_1s_1s .......
Finished optimization stage 1 on ClkDiv_1s_1s (CPU Time 0h:00m:00s, Memory Used current: 97MB peak: 97MB)
@N: CG364 :"C:\CPLD\intel\fenghuo_initial\BM_H13DSP_M\rtl\source\common\ClkDiv.v":38:7:38:12|Synthesizing module ClkDiv in library work.

	MAX_DIV_BITS=32'b00000000000000000000000000000101
	MAX_DIV_CNT=32'b00000000000000000000000000011000
   Generated name = ClkDiv_5s_24s
Running optimization stage 1 on ClkDiv_5s_24s .......
Finished optimization stage 1 on ClkDiv_5s_24s (CPU Time 0h:00m:00s, Memory Used current: 97MB peak: 97MB)
@N: CG364 :"C:\CPLD\intel\fenghuo_initial\BM_H13DSP_M\rtl\source\common\ClkDiv.v":38:7:38:12|Synthesizing module ClkDiv in library work.

	MAX_DIV_BITS=32'b00000000000000000000000000000101
	MAX_DIV_CNT=32'b00000000000000000000000000010011
   Generated name = ClkDiv_5s_19s
Running optimization stage 1 on ClkDiv_5s_19s .......
Finished optimization stage 1 on ClkDiv_5s_19s (CPU Time 0h:00m:00s, Memory Used current: 97MB peak: 97MB)
@N: CG364 :"C:\CPLD\intel\fenghuo_initial\BM_H13DSP_M\rtl\source\common\ClkDivTree.v":34:7:34:16|Synthesizing module ClkDivTree in library work.
Running optimization stage 1 on ClkDivTree .......
Finished optimization stage 1 on ClkDivTree (CPU Time 0h:00m:00s, Memory Used current: 97MB peak: 97MB)
@N: CG364 :"C:\studyware\lattice_diamond_3_14\synpbase\lib\lucent\machxo3lf.v":1759:7:1759:10|Synthesizing module OSCH in library work.
Running optimization stage 1 on OSCH .......
Finished optimization stage 1 on OSCH (CPU Time 0h:00m:00s, Memory Used current: 97MB peak: 97MB)
@N: CG364 :"C:\studyware\lattice_diamond_3_14\synpbase\lib\lucent\machxo3lf.v":1120:7:1120:9|Synthesizing module VHI in library work.
Running optimization stage 1 on VHI .......
Finished optimization stage 1 on VHI (CPU Time 0h:00m:00s, Memory Used current: 97MB peak: 97MB)
@N: CG364 :"C:\studyware\lattice_diamond_3_14\synpbase\lib\lucent\machxo3lf.v":82:7:82:8|Synthesizing module BB in library work.
Running optimization stage 1 on BB .......
Finished optimization stage 1 on BB (CPU Time 0h:00m:00s, Memory Used current: 97MB peak: 97MB)
@N: CG364 :"C:\studyware\lattice_diamond_3_14\synpbase\lib\lucent\machxo3lf.v":1766:7:1766:9|Synthesizing module EFB in library work.
Running optimization stage 1 on EFB .......
Finished optimization stage 1 on EFB (CPU Time 0h:00m:00s, Memory Used current: 97MB peak: 97MB)
@N: CG364 :"C:\CPLD\intel\fenghuo_initial\BM_H13DSP_M\rtl\source\IIC_Update\I2C_UPDATE.v":8:7:8:16|Synthesizing module I2C_UPDATE in library work.
Running optimization stage 1 on I2C_UPDATE .......
Finished optimization stage 1 on I2C_UPDATE (CPU Time 0h:00m:00s, Memory Used current: 97MB peak: 97MB)
@N: CG364 :"C:\CPLD\intel\fenghuo_initial\BM_H13DSP_M\rtl\source\common\synclib.v":353:7:353:18|Synthesizing module PGM_DEBOUNCE in library work.

	SIGCNT=32'b00000000000000000000000000000011
	NBITS=2'b10
	NDELAY=32'b00000000000000000000000000000100
	ENABLE=1'b1
   Generated name = PGM_DEBOUNCE_3s_2_4s_1
@N: CG179 :"C:\CPLD\intel\fenghuo_initial\BM_H13DSP_M\rtl\source\common\synclib.v":382:44:382:52|Removing redundant assignment.
@N: CG179 :"C:\CPLD\intel\fenghuo_initial\BM_H13DSP_M\rtl\source\common\synclib.v":384:49:384:55|Removing redundant assignment.
Running optimization stage 1 on PGM_DEBOUNCE_3s_2_4s_1 .......
Finished optimization stage 1 on PGM_DEBOUNCE_3s_2_4s_1 (CPU Time 0h:00m:00s, Memory Used current: 97MB peak: 98MB)
@N: CG364 :"C:\CPLD\intel\fenghuo_initial\BM_H13DSP_M\rtl\source\common\synclib.v":353:7:353:18|Synthesizing module PGM_DEBOUNCE in library work.

	SIGCNT=32'b00000000000000000000000000000110
	NBITS=2'b10
	NDELAY=32'b00000000000000000000000000000100
	ENABLE=1'b1
   Generated name = PGM_DEBOUNCE_6s_2_4s_1
Running optimization stage 1 on PGM_DEBOUNCE_6s_2_4s_1 .......
Finished optimization stage 1 on PGM_DEBOUNCE_6s_2_4s_1 (CPU Time 0h:00m:00s, Memory Used current: 97MB peak: 98MB)
@N: CG364 :"C:\CPLD\intel\fenghuo_initial\BM_H13DSP_M\rtl\source\common\synclib.v":353:7:353:18|Synthesizing module PGM_DEBOUNCE in library work.

	SIGCNT=32'b00000000000000000000000000001010
	NBITS=2'b10
	NDELAY=32'b00000000000000000000000000000100
	ENABLE=1'b1
   Generated name = PGM_DEBOUNCE_10s_2_4s_1
Running optimization stage 1 on PGM_DEBOUNCE_10s_2_4s_1 .......
Finished optimization stage 1 on PGM_DEBOUNCE_10s_2_4s_1 (CPU Time 0h:00m:00s, Memory Used current: 98MB peak: 98MB)
@N: CG364 :"C:\CPLD\intel\fenghuo_initial\BM_H13DSP_M\rtl\source\common\synclib.v":105:7:105:17|Synthesizing module SYNC_DATA_N in library work.

	SIGCNT=32'b00000000000000000000000000010001
   Generated name = SYNC_DATA_N_17s
Running optimization stage 1 on SYNC_DATA_N_17s .......
Finished optimization stage 1 on SYNC_DATA_N_17s (CPU Time 0h:00m:00s, Memory Used current: 98MB peak: 98MB)
@N: CG364 :"C:\CPLD\intel\fenghuo_initial\BM_H13DSP_M\rtl\source\common\synclib.v":353:7:353:18|Synthesizing module PGM_DEBOUNCE in library work.

	SIGCNT=32'b00000000000000000000000000000100
	NBITS=2'b10
	NDELAY=32'b00000000000000000000000000000100
	ENABLE=1'b1
   Generated name = PGM_DEBOUNCE_4s_2_4s_1
Running optimization stage 1 on PGM_DEBOUNCE_4s_2_4s_1 .......
Finished optimization stage 1 on PGM_DEBOUNCE_4s_2_4s_1 (CPU Time 0h:00m:00s, Memory Used current: 98MB peak: 99MB)
@N: CG364 :"C:\CPLD\intel\fenghuo_initial\BM_H13DSP_M\rtl\source\common\synclib.v":268:7:268:20|Synthesizing module PGM_DEBOUNCE_N in library work.

	SIGCNT=32'b00000000000000000000000000010101
	NBITS=2'b11
	NDELAY=32'b00000000000000000000000000001000
	ENABLE=1'b1
   Generated name = PGM_DEBOUNCE_N_21s_3_8s_1
@N: CG179 :"C:\CPLD\intel\fenghuo_initial\BM_H13DSP_M\rtl\source\common\synclib.v":297:44:297:52|Removing redundant assignment.
@N: CG179 :"C:\CPLD\intel\fenghuo_initial\BM_H13DSP_M\rtl\source\common\synclib.v":299:49:299:55|Removing redundant assignment.
Running optimization stage 1 on PGM_DEBOUNCE_N_21s_3_8s_1 .......
Finished optimization stage 1 on PGM_DEBOUNCE_N_21s_3_8s_1 (CPU Time 0h:00m:00s, Memory Used current: 99MB peak: 100MB)
@N: CG364 :"C:\CPLD\intel\fenghuo_initial\BM_H13DSP_M\rtl\source\common\synclib.v":353:7:353:18|Synthesizing module PGM_DEBOUNCE in library work.

	SIGCNT=32'b00000000000000000000000000000011
	NBITS=2'b11
	NDELAY=32'b00000000000000000000000000001000
	ENABLE=1'b1
   Generated name = PGM_DEBOUNCE_3s_3_8s_1
Running optimization stage 1 on PGM_DEBOUNCE_3s_3_8s_1 .......
Finished optimization stage 1 on PGM_DEBOUNCE_3s_3_8s_1 (CPU Time 0h:00m:00s, Memory Used current: 99MB peak: 100MB)
@N: CG364 :"C:\CPLD\intel\fenghuo_initial\BM_H13DSP_M\rtl\source\common\synclib.v":353:7:353:18|Synthesizing module PGM_DEBOUNCE in library work.

	SIGCNT=32'b00000000000000000000000000000010
	NBITS=2'b10
	NDELAY=32'b00000000000000000000000000000100
	ENABLE=1'b1
   Generated name = PGM_DEBOUNCE_2s_2_4s_1
Running optimization stage 1 on PGM_DEBOUNCE_2s_2_4s_1 .......
Finished optimization stage 1 on PGM_DEBOUNCE_2s_2_4s_1 (CPU Time 0h:00m:00s, Memory Used current: 99MB peak: 100MB)
@N: CG364 :"C:\CPLD\intel\fenghuo_initial\BM_H13DSP_M\rtl\source\common\edge_detect.v":9:7:9:17|Synthesizing module Edge_Detect in library work.
Running optimization stage 1 on Edge_Detect .......
Finished optimization stage 1 on Edge_Detect (CPU Time 0h:00m:00s, Memory Used current: 99MB peak: 100MB)
@N: CG364 :"C:\CPLD\intel\fenghuo_initial\BM_H13DSP_M\rtl\source\74LV165\pvt_gpi.v":3:7:3:13|Synthesizing module pvt_gpi in library work.

	TOTAL_BIT_COUNT=32'b00000000000000000000000001000000
	DEFAULT_STATE=64'b0000000000000000000000000000000000000000000000000000000000000000
	SEGMENT_MAX=32'b00000000000000000000000000111111
	SEGMENT_MIN=32'b00000000000000000000000000000000
	NUMBER_OF_COUNTER_BITS=32'b00000000000000000000000000000111
   Generated name = pvt_gpi_64s_63s_0s_7s_Z1
@N: CG179 :"C:\CPLD\intel\fenghuo_initial\BM_H13DSP_M\rtl\source\74LV165\pvt_gpi.v":32:21:32:28|Removing redundant assignment.
Running optimization stage 1 on pvt_gpi_64s_63s_0s_7s_Z1 .......
Finished optimization stage 1 on pvt_gpi_64s_63s_0s_7s_Z1 (CPU Time 0h:00m:00s, Memory Used current: 100MB peak: 101MB)
@N: CG179 :"C:\CPLD\intel\fenghuo_initial\BM_H13DSP_M\rtl\source\SGPIO_MASTER\s2p_master.v":38:32:38:37|Removing redundant assignment.
@N: CG364 :"C:\CPLD\intel\fenghuo_initial\BM_H13DSP_M\rtl\source\SGPIO_MASTER\s2p_master.v":18:7:18:16|Synthesizing module s2p_master in library work.

	NBIT=32'b00000000000000000000000011001000
	WCNT=32'b00000000000000000000000000001001
   Generated name = s2p_master_200s_9s
Running optimization stage 1 on s2p_master_200s_9s .......
@A: CL282 :"C:\CPLD\intel\fenghuo_initial\BM_H13DSP_M\rtl\source\SGPIO_MASTER\s2p_master.v":89:2:89:7|Feedback mux created for signal sld_n. It is possible a set/reset assignment for this is signal missing. To improve timing and area, specify a set/reset value.
@A: CL282 :"C:\CPLD\intel\fenghuo_initial\BM_H13DSP_M\rtl\source\SGPIO_MASTER\s2p_master.v":89:2:89:7|Feedback mux created for signal sclk. It is possible a set/reset assignment for this is signal missing. To improve timing and area, specify a set/reset value.
Finished optimization stage 1 on s2p_master_200s_9s (CPU Time 0h:00m:00s, Memory Used current: 100MB peak: 101MB)
@N: CG179 :"C:\CPLD\intel\fenghuo_initial\BM_H13DSP_M\rtl\source\SGPIO_MASTER\p2s_slave.v":38:32:38:37|Removing redundant assignment.
@N: CG364 :"C:\CPLD\intel\fenghuo_initial\BM_H13DSP_M\rtl\source\SGPIO_MASTER\p2s_slave.v":19:7:19:15|Synthesizing module p2s_slave in library work.

	NBIT=32'b00000000000000000000000011001000
	WCNT=32'b00000000000000000000000000001000
   Generated name = p2s_slave_200s_8s
Running optimization stage 1 on p2s_slave_200s_8s .......
@W: CL265 :"C:\CPLD\intel\fenghuo_initial\BM_H13DSP_M\rtl\source\SGPIO_MASTER\p2s_slave.v":51:2:51:7|Removing unused bit 2 of sld_n_r[2:0]. Either assign all bits or reduce the width of the signal.
@A: CL282 :"C:\CPLD\intel\fenghuo_initial\BM_H13DSP_M\rtl\source\SGPIO_MASTER\p2s_slave.v":66:0:66:5|Feedback mux created for signal so. It is possible a set/reset assignment for this is signal missing. To improve timing and area, specify a set/reset value.
Finished optimization stage 1 on p2s_slave_200s_8s (CPU Time 0h:00m:00s, Memory Used current: 101MB peak: 102MB)
@N: CG364 :"C:\CPLD\intel\fenghuo_initial\BM_H13DSP_M\rtl\source\SGPIO_MASTER\s2p_master.v":18:7:18:16|Synthesizing module s2p_master in library work.

	NBIT=32'b00000000000000000000000001100000
	WCNT=32'b00000000000000000000000000001000
   Generated name = s2p_master_96s_8s
Running optimization stage 1 on s2p_master_96s_8s .......
@A: CL282 :"C:\CPLD\intel\fenghuo_initial\BM_H13DSP_M\rtl\source\SGPIO_MASTER\s2p_master.v":89:2:89:7|Feedback mux created for signal sld_n. It is possible a set/reset assignment for this is signal missing. To improve timing and area, specify a set/reset value.
@A: CL282 :"C:\CPLD\intel\fenghuo_initial\BM_H13DSP_M\rtl\source\SGPIO_MASTER\s2p_master.v":89:2:89:7|Feedback mux created for signal sclk. It is possible a set/reset assignment for this is signal missing. To improve timing and area, specify a set/reset value.
Finished optimization stage 1 on s2p_master_96s_8s (CPU Time 0h:00m:00s, Memory Used current: 101MB peak: 102MB)
@N: CG364 :"C:\CPLD\intel\fenghuo_initial\BM_H13DSP_M\rtl\source\SGPIO_MASTER\p2s_slave.v":19:7:19:15|Synthesizing module p2s_slave in library work.

	NBIT=32'b00000000000000000000000001100000
	WCNT=32'b00000000000000000000000000000111
   Generated name = p2s_slave_96s_7s
Running optimization stage 1 on p2s_slave_96s_7s .......
@W: CL265 :"C:\CPLD\intel\fenghuo_initial\BM_H13DSP_M\rtl\source\SGPIO_MASTER\p2s_slave.v":51:2:51:7|Removing unused bit 2 of sld_n_r[2:0]. Either assign all bits or reduce the width of the signal.
@A: CL282 :"C:\CPLD\intel\fenghuo_initial\BM_H13DSP_M\rtl\source\SGPIO_MASTER\p2s_slave.v":66:0:66:5|Feedback mux created for signal so. It is possible a set/reset assignment for this is signal missing. To improve timing and area, specify a set/reset value.
Finished optimization stage 1 on p2s_slave_96s_7s (CPU Time 0h:00m:00s, Memory Used current: 101MB peak: 102MB)
@N: CG364 :"C:\CPLD\intel\fenghuo_initial\BM_H13DSP_M\rtl\source\common\lowpass_filter.v":20:7:20:20|Synthesizing module lowpass_filter in library work.

	TOTAL_STAGES=32'b00000000000000000000000000000011
	INIT_VALUE=1'b1
	LOW=1'b0
	HIGH=1'b1
	Z=1'bz
	STAGES=32'b00000000000000000000000000000100
   Generated name = lowpass_filter_3s_1_0_1_4_Z2
@N: CG179 :"C:\CPLD\intel\fenghuo_initial\BM_H13DSP_M\rtl\source\common\lowpass_filter.v":61:21:61:26|Removing redundant assignment.
@N: CG179 :"C:\CPLD\intel\fenghuo_initial\BM_H13DSP_M\rtl\source\common\lowpass_filter.v":75:26:75:35|Removing redundant assignment.
Running optimization stage 1 on lowpass_filter_3s_1_0_1_4_Z2 .......
Finished optimization stage 1 on lowpass_filter_3s_1_0_1_4_Z2 (CPU Time 0h:00m:00s, Memory Used current: 101MB peak: 102MB)
@N: CG364 :"C:\CPLD\intel\fenghuo_initial\BM_H13DSP_M\rtl\source\Pwr_But_Ctrl\Pwr_But_Ctrl.v":4:7:4:18|Synthesizing module Pwr_But_Ctrl in library work.

	PWRBTN_LONG=32'b00000000000000000000000000000100
   Generated name = Pwr_But_Ctrl_4s
@N: CG179 :"C:\CPLD\intel\fenghuo_initial\BM_H13DSP_M\rtl\source\Pwr_But_Ctrl\Pwr_But_Ctrl.v":128:18:128:28|Removing redundant assignment.
@N: CG179 :"C:\CPLD\intel\fenghuo_initial\BM_H13DSP_M\rtl\source\Pwr_But_Ctrl\Pwr_But_Ctrl.v":168:68:168:80|Removing redundant assignment.
@N: CG179 :"C:\CPLD\intel\fenghuo_initial\BM_H13DSP_M\rtl\source\Pwr_But_Ctrl\Pwr_But_Ctrl.v":170:71:170:83|Removing redundant assignment.
@N: CG179 :"C:\CPLD\intel\fenghuo_initial\BM_H13DSP_M\rtl\source\Pwr_But_Ctrl\Pwr_But_Ctrl.v":184:24:184:37|Removing redundant assignment.
@N: CG179 :"C:\CPLD\intel\fenghuo_initial\BM_H13DSP_M\rtl\source\Pwr_But_Ctrl\Pwr_But_Ctrl.v":185:24:185:36|Removing redundant assignment.
@N: CG179 :"C:\CPLD\intel\fenghuo_initial\BM_H13DSP_M\rtl\source\Pwr_But_Ctrl\Pwr_But_Ctrl.v":228:23:228:35|Removing redundant assignment.
@N: CG179 :"C:\CPLD\intel\fenghuo_initial\BM_H13DSP_M\rtl\source\Pwr_But_Ctrl\Pwr_But_Ctrl.v":232:23:232:35|Removing redundant assignment.
Running optimization stage 1 on Pwr_But_Ctrl_4s .......
@W: CL169 :"C:\CPLD\intel\fenghuo_initial\BM_H13DSP_M\rtl\source\Pwr_But_Ctrl\Pwr_But_Ctrl.v":254:0:254:5|Pruning unused register r_pwr_btn. Make sure that there are no unused intermediate registers.
Finished optimization stage 1 on Pwr_But_Ctrl_4s (CPU Time 0h:00m:00s, Memory Used current: 102MB peak: 102MB)
@N: CG364 :"C:\CPLD\intel\fenghuo_initial\BM_H13DSP_M\rtl\source\Pwr_But_Ctrl\bmc_ctl_pwrbtn.v":8:7:8:20|Synthesizing module bmc_ctl_pwrbtn in library work.
@N: CG179 :"C:\CPLD\intel\fenghuo_initial\BM_H13DSP_M\rtl\source\Pwr_But_Ctrl\bmc_ctl_pwrbtn.v":71:30:71:45|Removing redundant assignment.
@N: CG179 :"C:\CPLD\intel\fenghuo_initial\BM_H13DSP_M\rtl\source\Pwr_But_Ctrl\bmc_ctl_pwrbtn.v":77:33:77:48|Removing redundant assignment.
@N: CG179 :"C:\CPLD\intel\fenghuo_initial\BM_H13DSP_M\rtl\source\Pwr_But_Ctrl\bmc_ctl_pwrbtn.v":98:32:98:49|Removing redundant assignment.
@N: CG179 :"C:\CPLD\intel\fenghuo_initial\BM_H13DSP_M\rtl\source\Pwr_But_Ctrl\bmc_ctl_pwrbtn.v":104:35:104:52|Removing redundant assignment.
@N: CG179 :"C:\CPLD\intel\fenghuo_initial\BM_H13DSP_M\rtl\source\Pwr_But_Ctrl\bmc_ctl_pwrbtn.v":126:32:126:49|Removing redundant assignment.
@N: CG179 :"C:\CPLD\intel\fenghuo_initial\BM_H13DSP_M\rtl\source\Pwr_But_Ctrl\bmc_ctl_pwrbtn.v":132:35:132:52|Removing redundant assignment.
@N: CG179 :"C:\CPLD\intel\fenghuo_initial\BM_H13DSP_M\rtl\source\Pwr_But_Ctrl\bmc_ctl_pwrbtn.v":181:23:181:35|Removing redundant assignment.
@N: CG179 :"C:\CPLD\intel\fenghuo_initial\BM_H13DSP_M\rtl\source\Pwr_But_Ctrl\bmc_ctl_pwrbtn.v":231:29:231:40|Removing redundant assignment.
@N: CG179 :"C:\CPLD\intel\fenghuo_initial\BM_H13DSP_M\rtl\source\Pwr_But_Ctrl\bmc_ctl_pwrbtn.v":232:26:232:34|Removing redundant assignment.
@N: CG179 :"C:\CPLD\intel\fenghuo_initial\BM_H13DSP_M\rtl\source\Pwr_But_Ctrl\bmc_ctl_pwrbtn.v":250:27:250:42|Removing redundant assignment.
@N: CG179 :"C:\CPLD\intel\fenghuo_initial\BM_H13DSP_M\rtl\source\Pwr_But_Ctrl\bmc_ctl_pwrbtn.v":268:29:268:44|Removing redundant assignment.
@N: CG179 :"C:\CPLD\intel\fenghuo_initial\BM_H13DSP_M\rtl\source\Pwr_But_Ctrl\bmc_ctl_pwrbtn.v":283:28:283:44|Removing redundant assignment.
@N: CG179 :"C:\CPLD\intel\fenghuo_initial\BM_H13DSP_M\rtl\source\Pwr_But_Ctrl\bmc_ctl_pwrbtn.v":298:29:298:46|Removing redundant assignment.
Running optimization stage 1 on bmc_ctl_pwrbtn .......
Finished optimization stage 1 on bmc_ctl_pwrbtn (CPU Time 0h:00m:00s, Memory Used current: 102MB peak: 102MB)
@N: CG364 :"C:\CPLD\intel\fenghuo_initial\BM_H13DSP_M\rtl\source\common\lowpass_filter.v":20:7:20:20|Synthesizing module lowpass_filter in library work.

	TOTAL_STAGES=32'b00000000000000000000000000000011
	INIT_VALUE=1'b1
	LOW=1'b0
	HIGH=1'b1
	Z=1'bz
	STAGES=32'b00000000000000000000000000000100
   Generated name = lowpass_filter_3_1_0_1_4_Z3
Running optimization stage 1 on lowpass_filter_3_1_0_1_4_Z3 .......
Finished optimization stage 1 on lowpass_filter_3_1_0_1_4_Z3 (CPU Time 0h:00m:00s, Memory Used current: 102MB peak: 102MB)
@N: CG364 :"C:\CPLD\intel\fenghuo_initial\BM_H13DSP_M\rtl\source\common\system_rst.v":2:7:2:16|Synthesizing module system_rst in library work.
@N: CG179 :"C:\CPLD\intel\fenghuo_initial\BM_H13DSP_M\rtl\source\common\system_rst.v":58:29:58:49|Removing redundant assignment.
@N: CG179 :"C:\CPLD\intel\fenghuo_initial\BM_H13DSP_M\rtl\source\common\system_rst.v":64:38:64:58|Removing redundant assignment.
Running optimization stage 1 on system_rst .......
Finished optimization stage 1 on system_rst (CPU Time 0h:00m:00s, Memory Used current: 102MB peak: 102MB)
@N: CG364 :"C:\CPLD\intel\fenghuo_initial\BM_H13DSP_M\rtl\source\common\edge_delay.v":23:7:23:16|Synthesizing module edge_delay in library work.

	CNTR_NBITS=32'b00000000000000000000000000000010
	DEF_OUTPUT=1'b0
	DELAY_MODE=1'b0
   Generated name = edge_delay_2s_0_0
@N: CG179 :"C:\CPLD\intel\fenghuo_initial\BM_H13DSP_M\rtl\source\common\edge_delay.v":62:67:62:75|Removing redundant assignment.
@N: CG179 :"C:\CPLD\intel\fenghuo_initial\BM_H13DSP_M\rtl\source\common\edge_delay.v":63:67:63:78|Removing redundant assignment.
Running optimization stage 1 on edge_delay_2s_0_0 .......
Finished optimization stage 1 on edge_delay_2s_0_0 (CPU Time 0h:00m:00s, Memory Used current: 102MB peak: 102MB)
@N: CG364 :"C:\CPLD\intel\fenghuo_initial\BM_H13DSP_M\rtl\source\common\cpu_thermtrip.v":1:7:1:19|Synthesizing module cpu_thermtrip in library work.
@N: CG364 :"C:\CPLD\intel\fenghuo_initial\BM_H13DSP_M\rtl\source\Power_Fault\fault_detectB_chklive.v":19:7:19:27|Synthesizing module fault_detectB_chklive in library work.

	NUMBER_OF_VRM=32'b00000000000000000000000000000001
   Generated name = fault_detectB_chklive_1s
Running optimization stage 1 on fault_detectB_chklive_1s .......
Finished optimization stage 1 on fault_detectB_chklive_1s (CPU Time 0h:00m:00s, Memory Used current: 102MB peak: 102MB)
Running optimization stage 1 on cpu_thermtrip .......
Finished optimization stage 1 on cpu_thermtrip (CPU Time 0h:00m:00s, Memory Used current: 102MB peak: 102MB)
@N: CG364 :"C:\CPLD\intel\fenghuo_initial\BM_H13DSP_M\rtl\source\Signal_Latch\Edge_Detect_SL.v":14:7:14:20|Synthesizing module Edge_Detect_SL in library work.

	INIT=1'b0
   Generated name = Edge_Detect_SL_0
Running optimization stage 1 on Edge_Detect_SL_0 .......
Finished optimization stage 1 on Edge_Detect_SL_0 (CPU Time 0h:00m:00s, Memory Used current: 102MB peak: 102MB)
@N: CG364 :"C:\CPLD\intel\fenghuo_initial\BM_H13DSP_M\rtl\source\Signal_Latch\Signal_Latch.v":3:7:3:18|Synthesizing module Signal_Latch in library work.

	EDGE=1'b0
	INIT=1'b1
	LATCH=1'b0
	POWER_JUDGE=1'b1
   Generated name = Signal_Latch_0_1_0_1
@N: CG179 :"C:\CPLD\intel\fenghuo_initial\BM_H13DSP_M\rtl\source\Signal_Latch\Signal_Latch.v":70:25:70:37|Removing redundant assignment.
Running optimization stage 1 on Signal_Latch_0_1_0_1 .......
Finished optimization stage 1 on Signal_Latch_0_1_0_1 (CPU Time 0h:00m:00s, Memory Used current: 102MB peak: 102MB)
@N: CG364 :"C:\CPLD\intel\fenghuo_initial\BM_H13DSP_M\rtl\source\common\cpu_module.v":1:7:1:16|Synthesizing module cpu_module in library work.
Running optimization stage 1 on cpu_module .......
@W: CL177 :"C:\CPLD\intel\fenghuo_initial\BM_H13DSP_M\rtl\source\common\cpu_module.v":120:0:120:5|Sharing sequential element r_p0_prsnt_n and merging r_p1_prsnt_n. Add a syn_preserve attribute to the element to prevent sharing.
@W: CL177 :"C:\CPLD\intel\fenghuo_initial\BM_H13DSP_M\rtl\source\common\cpu_module.v":68:0:68:5|Sharing sequential element r_p0_pwrok and merging r_p1_pwrok. Add a syn_preserve attribute to the element to prevent sharing.
Finished optimization stage 1 on cpu_module (CPU Time 0h:00m:00s, Memory Used current: 102MB peak: 102MB)
@N: CG364 :"C:\CPLD\intel\fenghuo_initial\BM_H13DSP_M\rtl\source\Pwr_seq\pwrseq_master.v":72:7:72:19|Synthesizing module pwrseq_master in library work.
@N: CG179 :"C:\CPLD\intel\fenghuo_initial\BM_H13DSP_M\rtl\source\Pwr_seq\pwrseq_master.v":750:20:750:31|Removing redundant assignment.
Running optimization stage 1 on pwrseq_master .......
@W: CL169 :"C:\CPLD\intel\fenghuo_initial\BM_H13DSP_M\rtl\source\Pwr_seq\pwrseq_master.v":303:0:303:5|Pruning unused register disable_3v3_timeout. Make sure that there are no unused intermediate registers.
@A: CL291 :"C:\CPLD\intel\fenghuo_initial\BM_H13DSP_M\rtl\source\Pwr_seq\pwrseq_master.v":282:0:282:5|Register power_seq_sm_last with asynchronous load is being synthesized in compatability mode. A synthesis/simulation mismatch is possible.
@A: CL282 :"C:\CPLD\intel\fenghuo_initial\BM_H13DSP_M\rtl\source\Pwr_seq\pwrseq_master.v":748:0:748:5|Feedback mux created for signal power_seq_sm[5:0]. It is possible a set/reset assignment for this is signal missing. To improve timing and area, specify a set/reset value.
Finished optimization stage 1 on pwrseq_master (CPU Time 0h:00m:00s, Memory Used current: 109MB peak: 110MB)
@N: CG364 :"C:\CPLD\intel\fenghuo_initial\BM_H13DSP_M\rtl\source\Pwr_seq\pwrseq_slave.v":63:7:63:18|Synthesizing module pwrseq_slave in library work.

	SHARED_P5V_STBY_HPMOS=1'b1
	S5DEV_STUCKON_FAULT_CHK=1'b0
	BOUND_SYS_PWROK=1'b1
	NUM_CPU=2'b10
	NUM_OPT_AUX=32'b00000000000000000000000000000000
	NUM_S5DEV=32'b00000000000000000000000000000000
	NUM_SAS=32'b00000000000000000000000000000000
	NUM_HD_BP=32'b00000000000000000000000000000000
	NUM_M2_BP=32'b00000000000000000000000000000000
	NUM_RISER=32'b00000000000000000000000000000000
	NUM_MEZZ=32'b00000000000000000000000000000000
	FAULT_VEC_SIZE=32'b00000000000000000000000000101000
	RECOV_FAULT_MASK=40'b0000111111110000000000000000000000000000
	LIM_RECOV_FAULT_MASK=40'b0011000000001111111111111111111111111001
	NON_RECOV_FAULT_MASK=40'b0000000000000000000000000000000000000000
	SM_RESET_STATE=6'b000000
	SM_EN_GRP_A=6'b000001
	SM_RSMRST_DISABLE=6'b000010
	SM_EN_GRP_B_33_S5=6'b000011
	SM_EN_GRP_B_18_S5=6'b000100
	SM_EN_P5V_STBY=6'b000101
	SM_EN_RSMRST_RELEASE=6'b000110
	SM_ENABLE_S5_DEVICES=6'b000111
	SM_OFF_STANDBY=6'b001000
	SM_PS_ON=6'b001001
	SM_EN_TELEM=6'b010000
	SM_EN_MAIN_EFUSE=6'b010001
	SM_EN_GRP_ATX=6'b010010
	SM_EN_GRP_C=6'b010011
	SM_EN_GRP_D_VDDIO=6'b010100
	SM_EN_GRP_D_SOC=6'b010101
	SM_EN_GRP_D_VDDCORE0=6'b010110
	SM_EN_GRP_D_VDDCORE1=6'b010111
	SM_EN_PGOOD_RELEASE=6'b011000
	SM_WAIT_POWEROK=6'b011001
	SM_STEADY_PWROK=6'b100000
	SM_DISABLE_PWRGD=6'b100001
	SM_DISABLE_GRP_D_VDDCORE1=6'b100010
	SM_DISABLE_GRP_D_VDDCORE0=6'b100011
	SM_DISABLE_GRP_D_SOC=6'b100100
	SM_DISABLE_GRP_D_VDDIO=6'b100101
	SM_DISABLE_GRP_C=6'b100110
	SM_DISABLE_GRP_ATX=6'b100111
	SM_DISABLE_MAIN_EFUSE=6'b101000
	SM_DISABLE_TELEM=6'b101001
	SM_DISABLE_PS_ON=6'b110000
	SM_DISABLE_S5_DEVICES=6'b110001
	SM_HALT_POWER_CYCLE=6'b110010
	SM_AUX_FAIL_RECOVERY=6'b110011
	SM_CRITICAL_FAIL=6'b110100
   Generated name = pwrseq_slave_Z4
Running optimization stage 1 on pwrseq_slave_Z4 .......
@W: CL207 :"C:\CPLD\intel\fenghuo_initial\BM_H13DSP_M\rtl\source\Pwr_seq\pwrseq_slave.v":1213:0:1213:5|All reachable assignments to any_non_recov_fault assign 0, register removed by optimization.
@W: CL177 :"C:\CPLD\intel\fenghuo_initial\BM_H13DSP_M\rtl\source\Pwr_seq\pwrseq_slave.v":1213:0:1213:5|Sharing sequential element any_lim_recov_fault and merging any_pwr_fault_det. Add a syn_preserve attribute to the element to prevent sharing.
@A: CL282 :"C:\CPLD\intel\fenghuo_initial\BM_H13DSP_M\rtl\source\Pwr_seq\pwrseq_slave.v":315:0:315:5|Feedback mux created for signal reg_ocp_main_en. It is possible a set/reset assignment for this is signal missing. To improve timing and area, specify a set/reset value.
@A: CL282 :"C:\CPLD\intel\fenghuo_initial\BM_H13DSP_M\rtl\source\Pwr_seq\pwrseq_slave.v":315:0:315:5|Feedback mux created for signal reg_ocp_aux_en. It is possible a set/reset assignment for this is signal missing. To improve timing and area, specify a set/reset value.
@W: CL190 :"C:\CPLD\intel\fenghuo_initial\BM_H13DSP_M\rtl\source\Pwr_seq\pwrseq_slave.v":315:0:315:5|Optimizing register bit reg_pwrok[1] to a constant 0. To keep the instance, apply constraint syn_preserve=1 on the instance.
@W: CL260 :"C:\CPLD\intel\fenghuo_initial\BM_H13DSP_M\rtl\source\Pwr_seq\pwrseq_slave.v":315:0:315:5|Pruning register bit 1 of reg_pwrok[1:0]. If this is not the intended behavior, drive the input with valid values, or an input from the top level.
Finished optimization stage 1 on pwrseq_slave_Z4 (CPU Time 0h:00m:00s, Memory Used current: 109MB peak: 110MB)
@N: CG364 :"C:\CPLD\intel\fenghuo_initial\BM_H13DSP_M\rtl\source\Power_Fault\dimm_fail_event.v":1:7:1:21|Synthesizing module dimm_fail_event in library work.
Running optimization stage 1 on dimm_fail_event .......
Finished optimization stage 1 on dimm_fail_event (CPU Time 0h:00m:00s, Memory Used current: 109MB peak: 110MB)
@N: CG364 :"C:\CPLD\intel\fenghuo_initial\BM_H13DSP_M\rtl\source\Power_Fault\ERROR_CODE.v":1:7:1:16|Synthesizing module error_code in library work.
Running optimization stage 1 on error_code .......
@W: CL190 :"C:\CPLD\intel\fenghuo_initial\BM_H13DSP_M\rtl\source\Power_Fault\ERROR_CODE.v":55:0:55:5|Optimizing register bit r_timeout_code[5] to a constant 0. To keep the instance, apply constraint syn_preserve=1 on the instance.
@W: CL190 :"C:\CPLD\intel\fenghuo_initial\BM_H13DSP_M\rtl\source\Power_Fault\ERROR_CODE.v":55:0:55:5|Optimizing register bit r_timeout_code[6] to a constant 0. To keep the instance, apply constraint syn_preserve=1 on the instance.
@W: CL190 :"C:\CPLD\intel\fenghuo_initial\BM_H13DSP_M\rtl\source\Power_Fault\ERROR_CODE.v":55:0:55:5|Optimizing register bit r_timeout_code[7] to a constant 0. To keep the instance, apply constraint syn_preserve=1 on the instance.
@W: CL279 :"C:\CPLD\intel\fenghuo_initial\BM_H13DSP_M\rtl\source\Power_Fault\ERROR_CODE.v":55:0:55:5|Pruning register bits 7 to 5 of r_timeout_code[7:0]. If this is not the intended behavior, drive the inputs with valid values, or inputs from the top level.
Finished optimization stage 1 on error_code (CPU Time 0h:00m:00s, Memory Used current: 110MB peak: 110MB)
@N: CG179 :"C:\CPLD\intel\fenghuo_initial\BM_H13DSP_M\rtl\source\uart\mcio_uart_master.v":66:32:66:37|Removing redundant assignment.
@N: CG364 :"C:\CPLD\intel\fenghuo_initial\BM_H13DSP_M\rtl\source\uart\mcio_uart_master.v":25:7:25:17|Synthesizing module UART_MASTER in library work.

	NBIT_IN=32'b00000000000000000000000000010000
	NBIT_OUT=32'b00000000000000000000000000010000
	BPS_COUNT_NUM=32'b00000000000000000000000000110000
	START_COUNT_NUM=32'b00000000000000000000000000011000
	NBIT_IN6=32'b00000000000000000000000000010110
	NBIT_OUT6=32'b00000000000000000000000000010110
	WCNT=32'b00000000000000000000000000000101
	BPS_CNT=32'b00000000000000000000000000000110
	WAIT_T=5'b00011
	IDLE=3'b000
	START=3'b001
	DATA_OUT=3'b010
	WAIT=3'b011
	RESTART=3'b100
	DATA_IN=3'b101
   Generated name = UART_MASTER_Z5
@N: CG179 :"C:\CPLD\intel\fenghuo_initial\BM_H13DSP_M\rtl\source\uart\mcio_uart_master.v":227:71:227:80|Removing redundant assignment.
Running optimization stage 1 on UART_MASTER_Z5 .......
@A: CL282 :"C:\CPLD\intel\fenghuo_initial\BM_H13DSP_M\rtl\source\uart\mcio_uart_master.v":201:0:201:5|Feedback mux created for signal reg_par_data_out[21:0]. It is possible a set/reset assignment for this is signal missing. To improve timing and area, specify a set/reset value.
Finished optimization stage 1 on UART_MASTER_Z5 (CPU Time 0h:00m:00s, Memory Used current: 110MB peak: 110MB)
@N: CG364 :"C:\CPLD\intel\fenghuo_initial\BM_H13DSP_M\rtl\source\ESPI_LINK\espi_link.v":1:7:1:15|Synthesizing module espi_link in library work.
@W: CG133 :"C:\CPLD\intel\fenghuo_initial\BM_H13DSP_M\rtl\source\ESPI_LINK\espi_link.v":59:22:59:34|Object pch_addr_buff is declared but not assigned. Either assign a value or remove the declaration.
Running optimization stage 1 on espi_link .......
@W: CL169 :"C:\CPLD\intel\fenghuo_initial\BM_H13DSP_M\rtl\source\ESPI_LINK\espi_link.v":528:0:528:5|Pruning unused register vwire_length[7:0]. Make sure that there are no unused intermediate registers.
@W: CL169 :"C:\CPLD\intel\fenghuo_initial\BM_H13DSP_M\rtl\source\ESPI_LINK\espi_link.v":89:0:89:5|Pruning unused register io_data_in[31:0]. Make sure that there are no unused intermediate registers.
@W: CL113 :"C:\CPLD\intel\fenghuo_initial\BM_H13DSP_M\rtl\source\ESPI_LINK\espi_link.v":89:0:89:5|Feedback mux created for signal vwire_length_buff[7:0]. To avoid the feedback mux, assign values explicitly under all conditions of conditional assignment statements.
@W: CL113 :"C:\CPLD\intel\fenghuo_initial\BM_H13DSP_M\rtl\source\ESPI_LINK\espi_link.v":89:0:89:5|Feedback mux created for signal pch_smbus_wdata_en. To avoid the feedback mux, assign values explicitly under all conditions of conditional assignment statements.
@W: CL113 :"C:\CPLD\intel\fenghuo_initial\BM_H13DSP_M\rtl\source\ESPI_LINK\espi_link.v":89:0:89:5|Feedback mux created for signal pch_smbus_wdata[7:0]. To avoid the feedback mux, assign values explicitly under all conditions of conditional assignment statements.
@W: CL113 :"C:\CPLD\intel\fenghuo_initial\BM_H13DSP_M\rtl\source\ESPI_LINK\espi_link.v":89:0:89:5|Feedback mux created for signal pch_addr[15:0]. To avoid the feedback mux, assign values explicitly under all conditions of conditional assignment statements.
@W: CL113 :"C:\CPLD\intel\fenghuo_initial\BM_H13DSP_M\rtl\source\ESPI_LINK\espi_link.v":89:0:89:5|Feedback mux created for signal oob_data_length_buff[7:0]. To avoid the feedback mux, assign values explicitly under all conditions of conditional assignment statements.
@W: CL113 :"C:\CPLD\intel\fenghuo_initial\BM_H13DSP_M\rtl\source\ESPI_LINK\espi_link.v":89:0:89:5|Feedback mux created for signal io_addr[15:0]. To avoid the feedback mux, assign values explicitly under all conditions of conditional assignment statements.
@W: CL190 :"C:\CPLD\intel\fenghuo_initial\BM_H13DSP_M\rtl\source\ESPI_LINK\espi_link.v":122:0:122:5|Optimizing register bit io_data_out[0] to a constant 1. To keep the instance, apply constraint syn_preserve=1 on the instance.
@W: CL190 :"C:\CPLD\intel\fenghuo_initial\BM_H13DSP_M\rtl\source\ESPI_LINK\espi_link.v":122:0:122:5|Optimizing register bit io_data_out[1] to a constant 1. To keep the instance, apply constraint syn_preserve=1 on the instance.
@W: CL190 :"C:\CPLD\intel\fenghuo_initial\BM_H13DSP_M\rtl\source\ESPI_LINK\espi_link.v":122:0:122:5|Optimizing register bit io_data_out[2] to a constant 1. To keep the instance, apply constraint syn_preserve=1 on the instance.
@W: CL190 :"C:\CPLD\intel\fenghuo_initial\BM_H13DSP_M\rtl\source\ESPI_LINK\espi_link.v":122:0:122:5|Optimizing register bit io_data_out[3] to a constant 1. To keep the instance, apply constraint syn_preserve=1 on the instance.
@W: CL190 :"C:\CPLD\intel\fenghuo_initial\BM_H13DSP_M\rtl\source\ESPI_LINK\espi_link.v":122:0:122:5|Optimizing register bit io_data_out[4] to a constant 1. To keep the instance, apply constraint syn_preserve=1 on the instance.
@W: CL190 :"C:\CPLD\intel\fenghuo_initial\BM_H13DSP_M\rtl\source\ESPI_LINK\espi_link.v":122:0:122:5|Optimizing register bit io_data_out[5] to a constant 1. To keep the instance, apply constraint syn_preserve=1 on the instance.
@W: CL190 :"C:\CPLD\intel\fenghuo_initial\BM_H13DSP_M\rtl\source\ESPI_LINK\espi_link.v":122:0:122:5|Optimizing register bit io_data_out[6] to a constant 1. To keep the instance, apply constraint syn_preserve=1 on the instance.
@W: CL190 :"C:\CPLD\intel\fenghuo_initial\BM_H13DSP_M\rtl\source\ESPI_LINK\espi_link.v":122:0:122:5|Optimizing register bit io_data_out[7] to a constant 1. To keep the instance, apply constraint syn_preserve=1 on the instance.
@W: CL279 :"C:\CPLD\intel\fenghuo_initial\BM_H13DSP_M\rtl\source\ESPI_LINK\espi_link.v":122:0:122:5|Pruning register bits 7 to 0 of io_data_out[31:0]. If this is not the intended behavior, drive the inputs with valid values, or inputs from the top level.
Finished optimization stage 1 on espi_link (CPU Time 0h:00m:00s, Memory Used current: 112MB peak: 113MB)
@N: CG364 :"C:\CPLD\intel\fenghuo_initial\BM_H13DSP_M\rtl\source\ESPI_LINK\pcie_dync_alloc.v":2:7:2:21|Synthesizing module pcie_dync_alloc in library work.
Running optimization stage 1 on pcie_dync_alloc .......
Finished optimization stage 1 on pcie_dync_alloc (CPU Time 0h:00m:00s, Memory Used current: 112MB peak: 113MB)
@N: CG364 :"C:\CPLD\intel\fenghuo_initial\BM_H13DSP_M\rtl\source\ESPI_LINK\pch_cpld_espi_ram.v":2:7:2:23|Synthesizing module pch_cpld_espi_ram in library work.
Running optimization stage 1 on pch_cpld_espi_ram .......
Finished optimization stage 1 on pch_cpld_espi_ram (CPU Time 0h:00m:00s, Memory Used current: 108MB peak: 113MB)
@N: CG364 :"C:\CPLD\intel\fenghuo_initial\BM_H13DSP_M\rtl\source\bmc_i2c\i2c_slave_basic0.v":8:7:8:22|Synthesizing module i2c_slave_basic0 in library work.

	TOTAL_STAGES=32'b00000000000000000000000000000011
	DLY_LEN=32'b00000000000000000000000000010000
   Generated name = i2c_slave_basic0_3s_16s
@N: CG179 :"C:\CPLD\intel\fenghuo_initial\BM_H13DSP_M\rtl\source\bmc_i2c\i2c_slave_basic0.v":264:21:264:29|Removing redundant assignment.
@N: CG179 :"C:\CPLD\intel\fenghuo_initial\BM_H13DSP_M\rtl\source\bmc_i2c\i2c_slave_basic0.v":587:36:587:45|Removing redundant assignment.
@N: CG179 :"C:\CPLD\intel\fenghuo_initial\BM_H13DSP_M\rtl\source\bmc_i2c\i2c_slave_basic0.v":637:25:637:37|Removing redundant assignment.
Running optimization stage 1 on i2c_slave_basic0_3s_16s .......
@W: CL169 :"C:\CPLD\intel\fenghuo_initial\BM_H13DSP_M\rtl\source\bmc_i2c\i2c_slave_basic0.v":229:0:229:5|Pruning unused register r_scl_1. Make sure that there are no unused intermediate registers.
@A: CL291 :"C:\CPLD\intel\fenghuo_initial\BM_H13DSP_M\rtl\source\bmc_i2c\i2c_slave_basic0.v":120:0:120:5|Register r_sampledData_scl_q with asynchronous load is being synthesized in compatability mode. A synthesis/simulation mismatch is possible.
@A: CL291 :"C:\CPLD\intel\fenghuo_initial\BM_H13DSP_M\rtl\source\bmc_i2c\i2c_slave_basic0.v":149:0:149:5|Register r_sampledData_sda_q with asynchronous load is being synthesized in compatability mode. A synthesis/simulation mismatch is possible.
@A: CL282 :"C:\CPLD\intel\fenghuo_initial\BM_H13DSP_M\rtl\source\bmc_i2c\i2c_slave_basic0.v":279:0:279:5|Feedback mux created for signal r_I2c_address[6:0]. It is possible a set/reset assignment for this is signal missing. To improve timing and area, specify a set/reset value.
Finished optimization stage 1 on i2c_slave_basic0_3s_16s (CPU Time 0h:00m:00s, Memory Used current: 108MB peak: 113MB)
@N: CG364 :"C:\CPLD\intel\fenghuo_initial\BM_H13DSP_M\rtl\source\bmc_i2c\i2c_slave_bmc.v":10:7:10:19|Synthesizing module i2c_slave_bmc in library work.

	DLY_LEN=32'b00000000000000000000000000010000
   Generated name = i2c_slave_bmc_16s
Running optimization stage 1 on i2c_slave_bmc_16s .......
@W: CL118 :"C:\CPLD\intel\fenghuo_initial\BM_H13DSP_M\rtl\source\bmc_i2c\i2c_slave_bmc.v":133:25:133:109|Latch generated from always block for signal w_i2c_command[15:0]; possible missing assignment in an if or case statement.
Finished optimization stage 1 on i2c_slave_bmc_16s (CPU Time 0h:00m:00s, Memory Used current: 108MB peak: 113MB)
@N: CG364 :"C:\CPLD\intel\fenghuo_initial\BM_H13DSP_M\rtl\source\bios_i2c\bios_cpld_i2c_ram.v":1:7:1:23|Synthesizing module bios_cpld_i2c_ram in library work.

	DLY_LEN=32'b00000000000000000000000000010000
   Generated name = bios_cpld_i2c_ram_16s
Running optimization stage 1 on bios_cpld_i2c_ram_16s .......
Finished optimization stage 1 on bios_cpld_i2c_ram_16s (CPU Time 0h:00m:00s, Memory Used current: 108MB peak: 113MB)
@N: CG364 :"C:\CPLD\intel\fenghuo_initial\BM_H13DSP_M\rtl\source\common\edge_delay.v":23:7:23:16|Synthesizing module edge_delay in library work.

	CNTR_NBITS=32'b00000000000000000000000000000001
	DEF_OUTPUT=1'b0
	DELAY_MODE=1'b0
   Generated name = edge_delay_1s_0_0
Running optimization stage 1 on edge_delay_1s_0_0 .......
Finished optimization stage 1 on edge_delay_1s_0_0 (CPU Time 0h:00m:00s, Memory Used current: 108MB peak: 113MB)
@N: CG364 :"C:\CPLD\intel\fenghuo_initial\BM_H13DSP_M\rtl\source\common\edge_delay.v":23:7:23:16|Synthesizing module edge_delay in library work.

	CNTR_NBITS=32'b00000000000000000000000000000110
	DEF_OUTPUT=1'b0
	DELAY_MODE=1'b0
   Generated name = edge_delay_6s_0_0
Running optimization stage 1 on edge_delay_6s_0_0 .......
Finished optimization stage 1 on edge_delay_6s_0_0 (CPU Time 0h:00m:00s, Memory Used current: 108MB peak: 113MB)
@N: CG364 :"C:\CPLD\intel\fenghuo_initial\BM_H13DSP_M\rtl\source\common\cmos_clear.v":1:7:1:16|Synthesizing module clear_cmos in library work.
Running optimization stage 1 on clear_cmos .......
Finished optimization stage 1 on clear_cmos (CPU Time 0h:00m:00s, Memory Used current: 108MB peak: 113MB)
@N: CG364 :"C:\CPLD\intel\fenghuo_initial\BM_H13DSP_M\rtl\source\common\nmi_clear.v":1:7:1:15|Synthesizing module clear_nmi in library work.
Running optimization stage 1 on clear_nmi .......
Finished optimization stage 1 on clear_nmi (CPU Time 0h:00m:00s, Memory Used current: 108MB peak: 113MB)
@N: CG364 :"C:\CPLD\intel\fenghuo_initial\BM_H13DSP_M\rtl\source\common\edge_delay.v":23:7:23:16|Synthesizing module edge_delay in library work.

	CNTR_NBITS=32'b00000000000000000000000000000011
	DEF_OUTPUT=1'b0
	DELAY_MODE=1'b0
   Generated name = edge_delay_3s_0_0
Running optimization stage 1 on edge_delay_3s_0_0 .......
Finished optimization stage 1 on edge_delay_3s_0_0 (CPU Time 0h:00m:00s, Memory Used current: 108MB peak: 113MB)
@N: CG364 :"C:\CPLD\intel\fenghuo_initial\BM_H13DSP_M\rtl\source\74LV165\pvt_gpi.v":3:7:3:13|Synthesizing module pvt_gpi in library work.

	TOTAL_BIT_COUNT=32'b00000000000000000000000001000000
	DEFAULT_STATE=64'b0000000000000000000000000000000000000000000000000000000000000000
	SEGMENT_MAX=32'b00000000000000000000000000111111
	SEGMENT_MIN=32'b00000000000000000000000000000000
	NUMBER_OF_COUNTER_BITS=32'b00000000000000000000000000000110
   Generated name = pvt_gpi_64s_63s_0s_6s_Z6
Running optimization stage 1 on pvt_gpi_64s_63s_0s_6s_Z6 .......
Finished optimization stage 1 on pvt_gpi_64s_63s_0s_6s_Z6 (CPU Time 0h:00m:00s, Memory Used current: 108MB peak: 113MB)
@N: CG364 :"C:\CPLD\intel\fenghuo_initial\BM_H13DSP_M\rtl\source\74LV165\pvt_gpi.v":3:7:3:13|Synthesizing module pvt_gpi in library work.

	TOTAL_BIT_COUNT=32'b00000000000000000000000000001000
	DEFAULT_STATE=8'b00000000
	SEGMENT_MAX=32'b00000000000000000000000000000111
	SEGMENT_MIN=32'b00000000000000000000000000000000
	NUMBER_OF_COUNTER_BITS=32'b00000000000000000000000000000011
   Generated name = pvt_gpi_8s_0_7s_0s_3s
Running optimization stage 1 on pvt_gpi_8s_0_7s_0s_3s .......
Finished optimization stage 1 on pvt_gpi_8s_0_7s_0s_3s (CPU Time 0h:00m:00s, Memory Used current: 108MB peak: 113MB)
@N: CG364 :"C:\CPLD\intel\fenghuo_initial\BM_H13DSP_M\rtl\source\74HC164\s2p_164.v":3:7:3:13|Synthesizing module s2p_164 in library work.
@N: CG179 :"C:\CPLD\intel\fenghuo_initial\BM_H13DSP_M\rtl\source\74HC164\s2p_164.v":30:19:30:28|Removing redundant assignment.
@W: CG1340 :"C:\CPLD\intel\fenghuo_initial\BM_H13DSP_M\rtl\source\74HC164\s2p_164.v":105:11:105:25|Index into variable pi could be out of range ; a simulation mismatch is possible.
@N: CG179 :"C:\CPLD\intel\fenghuo_initial\BM_H13DSP_M\rtl\source\74HC164\s2p_164.v":109:8:109:9|Removing redundant assignment.
Running optimization stage 1 on s2p_164 .......
@A: CL291 :"C:\CPLD\intel\fenghuo_initial\BM_H13DSP_M\rtl\source\74HC164\s2p_164.v":24:0:24:5|Register r_old_data with asynchronous load is being synthesized in compatability mode. A synthesis/simulation mismatch is possible.
Finished optimization stage 1 on s2p_164 (CPU Time 0h:00m:00s, Memory Used current: 108MB peak: 113MB)
@N: CG364 :"C:\CPLD\intel\fenghuo_initial\BM_H13DSP_M\rtl\source\bmc_i2c\bmc_cpld_i2c_ram.v":1:7:1:22|Synthesizing module bmc_cpld_i2c_ram in library work.

	DLY_LEN=32'b00000000000000000000000000010000
   Generated name = bmc_cpld_i2c_ram_16s
@W: CG133 :"C:\CPLD\intel\fenghuo_initial\BM_H13DSP_M\rtl\source\bmc_i2c\bmc_cpld_i2c_ram.v":585:10:585:19|Object r_reg_008f is declared but not assigned. Either assign a value or remove the declaration.
Running optimization stage 1 on bmc_cpld_i2c_ram_16s .......
@W: CL271 :"C:\CPLD\intel\fenghuo_initial\BM_H13DSP_M\rtl\source\bmc_i2c\bmc_cpld_i2c_ram.v":1829:0:1829:5|Pruning unused bits 5 to 0 of r_reg_020d[7:0]. If this is not the intended behavior, drive the inputs with valid values, or inputs from the top level.
@W: CL271 :"C:\CPLD\intel\fenghuo_initial\BM_H13DSP_M\rtl\source\bmc_i2c\bmc_cpld_i2c_ram.v":1770:0:1770:5|Pruning unused bits 7 to 1 of r_reg_0203[7:0]. If this is not the intended behavior, drive the inputs with valid values, or inputs from the top level.
@W: CL271 :"C:\CPLD\intel\fenghuo_initial\BM_H13DSP_M\rtl\source\bmc_i2c\bmc_cpld_i2c_ram.v":1761:0:1761:5|Pruning unused bits 7 to 1 of r_reg_0202[7:0]. If this is not the intended behavior, drive the inputs with valid values, or inputs from the top level.
@W: CL271 :"C:\CPLD\intel\fenghuo_initial\BM_H13DSP_M\rtl\source\bmc_i2c\bmc_cpld_i2c_ram.v":1749:0:1749:5|Pruning unused bits 4 to 0 of r_reg_0201[7:0]. If this is not the intended behavior, drive the inputs with valid values, or inputs from the top level.
Finished optimization stage 1 on bmc_cpld_i2c_ram_16s (CPU Time 0h:00m:00s, Memory Used current: 110MB peak: 113MB)
@N: CG364 :"C:\CPLD\intel\fenghuo_initial\BM_H13DSP_M\rtl\include\BM_H13DSP_M_VA_PORT.v":21:8:21:18|Synthesizing module BM_H13DSP_M in library work.
@N: CG179 :"C:\CPLD\intel\fenghuo_initial\BM_H13DSP_M\rtl\source\BM_H13DSP_M_TOP.v":1677:34:1677:59|Removing redundant assignment.
@N: CG179 :"C:\CPLD\intel\fenghuo_initial\BM_H13DSP_M\rtl\source\BM_H13DSP_M_TOP.v":1828:29:1828:49|Removing redundant assignment.
@N: CG179 :"C:\CPLD\intel\fenghuo_initial\BM_H13DSP_M\rtl\source\BM_H13DSP_M_TOP.v":2067:27:2067:37|Removing redundant assignment.
@N: CG179 :"C:\CPLD\intel\fenghuo_initial\BM_H13DSP_M\rtl\source\BM_H13DSP_M_TOP.v":3141:38:3141:51|Removing redundant assignment.
@N: CG179 :"C:\CPLD\intel\fenghuo_initial\BM_H13DSP_M\rtl\source\BM_H13DSP_M_TOP.v":3142:38:3142:51|Removing redundant assignment.
@N: CG179 :"C:\CPLD\intel\fenghuo_initial\BM_H13DSP_M\rtl\source\BM_H13DSP_M_TOP.v":3143:38:3143:51|Removing redundant assignment.
@N: CG179 :"C:\CPLD\intel\fenghuo_initial\BM_H13DSP_M\rtl\source\BM_H13DSP_M_TOP.v":3144:38:3144:51|Removing redundant assignment.
@N: CG179 :"C:\CPLD\intel\fenghuo_initial\BM_H13DSP_M\rtl\source\BM_H13DSP_M_TOP.v":3145:38:3145:51|Removing redundant assignment.
@N: CG179 :"C:\CPLD\intel\fenghuo_initial\BM_H13DSP_M\rtl\source\BM_H13DSP_M_TOP.v":3146:38:3146:51|Removing redundant assignment.
@N: CG179 :"C:\CPLD\intel\fenghuo_initial\BM_H13DSP_M\rtl\source\BM_H13DSP_M_TOP.v":3147:38:3147:51|Removing redundant assignment.
@N: CG179 :"C:\CPLD\intel\fenghuo_initial\BM_H13DSP_M\rtl\source\BM_H13DSP_M_TOP.v":3148:38:3148:51|Removing redundant assignment.
@N: CG179 :"C:\CPLD\intel\fenghuo_initial\BM_H13DSP_M\rtl\source\BM_H13DSP_M_TOP.v":3149:38:3149:54|Removing redundant assignment.
@N: CG179 :"C:\CPLD\intel\fenghuo_initial\BM_H13DSP_M\rtl\source\BM_H13DSP_M_TOP.v":3150:38:3150:54|Removing redundant assignment.
@N: CG179 :"C:\CPLD\intel\fenghuo_initial\BM_H13DSP_M\rtl\source\BM_H13DSP_M_TOP.v":3151:38:3151:54|Removing redundant assignment.
@N: CG179 :"C:\CPLD\intel\fenghuo_initial\BM_H13DSP_M\rtl\source\BM_H13DSP_M_TOP.v":3152:38:3152:54|Removing redundant assignment.
@N: CG179 :"C:\CPLD\intel\fenghuo_initial\BM_H13DSP_M\rtl\source\BM_H13DSP_M_TOP.v":3153:38:3153:54|Removing redundant assignment.
@N: CG179 :"C:\CPLD\intel\fenghuo_initial\BM_H13DSP_M\rtl\source\BM_H13DSP_M_TOP.v":3154:38:3154:54|Removing redundant assignment.
@N: CG179 :"C:\CPLD\intel\fenghuo_initial\BM_H13DSP_M\rtl\source\BM_H13DSP_M_TOP.v":3155:38:3155:55|Removing redundant assignment.
@N: CG179 :"C:\CPLD\intel\fenghuo_initial\BM_H13DSP_M\rtl\source\BM_H13DSP_M_TOP.v":3156:38:3156:55|Removing redundant assignment.
@N: CG179 :"C:\CPLD\intel\fenghuo_initial\BM_H13DSP_M\rtl\source\BM_H13DSP_M_TOP.v":3157:38:3157:55|Removing redundant assignment.
@N: CG179 :"C:\CPLD\intel\fenghuo_initial\BM_H13DSP_M\rtl\source\BM_H13DSP_M_TOP.v":3158:38:3158:55|Removing redundant assignment.
@N: CG179 :"C:\CPLD\intel\fenghuo_initial\BM_H13DSP_M\rtl\source\BM_H13DSP_M_TOP.v":3159:38:3159:56|Removing redundant assignment.
@N: CG179 :"C:\CPLD\intel\fenghuo_initial\BM_H13DSP_M\rtl\source\BM_H13DSP_M_TOP.v":3160:38:3160:55|Removing redundant assignment.
@N: CG179 :"C:\CPLD\intel\fenghuo_initial\BM_H13DSP_M\rtl\source\BM_H13DSP_M_TOP.v":3161:38:3161:55|Removing redundant assignment.
@N: CG179 :"C:\CPLD\intel\fenghuo_initial\BM_H13DSP_M\rtl\source\BM_H13DSP_M_TOP.v":3162:38:3162:55|Removing redundant assignment.
@N: CG179 :"C:\CPLD\intel\fenghuo_initial\BM_H13DSP_M\rtl\source\BM_H13DSP_M_TOP.v":3489:39:3489:53|Removing redundant assignment.
@N: CG179 :"C:\CPLD\intel\fenghuo_initial\BM_H13DSP_M\rtl\source\BM_H13DSP_M_TOP.v":3490:39:3490:53|Removing redundant assignment.
@N: CG179 :"C:\CPLD\intel\fenghuo_initial\BM_H13DSP_M\rtl\source\BM_H13DSP_M_TOP.v":3491:39:3491:53|Removing redundant assignment.
@N: CG179 :"C:\CPLD\intel\fenghuo_initial\BM_H13DSP_M\rtl\source\BM_H13DSP_M_TOP.v":3492:39:3492:53|Removing redundant assignment.
@N: CG179 :"C:\CPLD\intel\fenghuo_initial\BM_H13DSP_M\rtl\source\BM_H13DSP_M_TOP.v":3493:39:3493:53|Removing redundant assignment.
@N: CG179 :"C:\CPLD\intel\fenghuo_initial\BM_H13DSP_M\rtl\source\BM_H13DSP_M_TOP.v":3494:39:3494:53|Removing redundant assignment.
@N: CG179 :"C:\CPLD\intel\fenghuo_initial\BM_H13DSP_M\rtl\source\BM_H13DSP_M_TOP.v":3495:39:3495:53|Removing redundant assignment.
@N: CG179 :"C:\CPLD\intel\fenghuo_initial\BM_H13DSP_M\rtl\source\BM_H13DSP_M_TOP.v":3496:39:3496:53|Removing redundant assignment.
@N: CG179 :"C:\CPLD\intel\fenghuo_initial\BM_H13DSP_M\rtl\source\BM_H13DSP_M_TOP.v":3497:39:3497:56|Removing redundant assignment.
@N: CG179 :"C:\CPLD\intel\fenghuo_initial\BM_H13DSP_M\rtl\source\BM_H13DSP_M_TOP.v":3498:39:3498:56|Removing redundant assignment.
@N: CG179 :"C:\CPLD\intel\fenghuo_initial\BM_H13DSP_M\rtl\source\BM_H13DSP_M_TOP.v":3499:39:3499:56|Removing redundant assignment.
@N: CG179 :"C:\CPLD\intel\fenghuo_initial\BM_H13DSP_M\rtl\source\BM_H13DSP_M_TOP.v":3500:39:3500:56|Removing redundant assignment.
@N: CG179 :"C:\CPLD\intel\fenghuo_initial\BM_H13DSP_M\rtl\source\BM_H13DSP_M_TOP.v":3501:39:3501:56|Removing redundant assignment.
@N: CG179 :"C:\CPLD\intel\fenghuo_initial\BM_H13DSP_M\rtl\source\BM_H13DSP_M_TOP.v":3502:39:3502:56|Removing redundant assignment.
@N: CG179 :"C:\CPLD\intel\fenghuo_initial\BM_H13DSP_M\rtl\source\BM_H13DSP_M_TOP.v":3503:39:3503:57|Removing redundant assignment.
@N: CG179 :"C:\CPLD\intel\fenghuo_initial\BM_H13DSP_M\rtl\source\BM_H13DSP_M_TOP.v":3504:39:3504:57|Removing redundant assignment.
@N: CG179 :"C:\CPLD\intel\fenghuo_initial\BM_H13DSP_M\rtl\source\BM_H13DSP_M_TOP.v":3505:39:3505:57|Removing redundant assignment.
@N: CG179 :"C:\CPLD\intel\fenghuo_initial\BM_H13DSP_M\rtl\source\BM_H13DSP_M_TOP.v":3506:39:3506:57|Removing redundant assignment.
@N: CG179 :"C:\CPLD\intel\fenghuo_initial\BM_H13DSP_M\rtl\source\BM_H13DSP_M_TOP.v":3507:39:3507:58|Removing redundant assignment.
@N: CG179 :"C:\CPLD\intel\fenghuo_initial\BM_H13DSP_M\rtl\source\BM_H13DSP_M_TOP.v":3508:39:3508:57|Removing redundant assignment.
@N: CG179 :"C:\CPLD\intel\fenghuo_initial\BM_H13DSP_M\rtl\source\BM_H13DSP_M_TOP.v":3509:39:3509:57|Removing redundant assignment.
@N: CG179 :"C:\CPLD\intel\fenghuo_initial\BM_H13DSP_M\rtl\source\BM_H13DSP_M_TOP.v":3510:39:3510:57|Removing redundant assignment.
@W: CG781 :"C:\CPLD\intel\fenghuo_initial\BM_H13DSP_M\rtl\source\BM_H13DSP_M_TOP.v":203:10:203:10|Input wb_rst_i on instance inst_i2c_update_flash_config is undriven; assigning to 0.  Simulation mismatch possible. Either assign the input or remove the declaration. 
@W: CG781 :"C:\CPLD\intel\fenghuo_initial\BM_H13DSP_M\rtl\source\BM_H13DSP_M_TOP.v":204:10:204:10|Input wb_cyc_i on instance inst_i2c_update_flash_config is undriven; assigning to 0.  Simulation mismatch possible. Either assign the input or remove the declaration. 
@W: CG781 :"C:\CPLD\intel\fenghuo_initial\BM_H13DSP_M\rtl\source\BM_H13DSP_M_TOP.v":205:10:205:10|Input wb_stb_i on instance inst_i2c_update_flash_config is undriven; assigning to 0.  Simulation mismatch possible. Either assign the input or remove the declaration. 
@W: CG781 :"C:\CPLD\intel\fenghuo_initial\BM_H13DSP_M\rtl\source\BM_H13DSP_M_TOP.v":206:9:206:9|Input wb_we_i on instance inst_i2c_update_flash_config is undriven; assigning to 0.  Simulation mismatch possible. Either assign the input or remove the declaration. 
@W: CG781 :"C:\CPLD\intel\fenghuo_initial\BM_H13DSP_M\rtl\source\BM_H13DSP_M_TOP.v":207:10:207:10|Input wb_adr_i on instance inst_i2c_update_flash_config is undriven; assigning to 0.  Simulation mismatch possible. Either assign the input or remove the declaration. 
@W: CG781 :"C:\CPLD\intel\fenghuo_initial\BM_H13DSP_M\rtl\source\BM_H13DSP_M_TOP.v":208:10:208:10|Input wb_dat_i on instance inst_i2c_update_flash_config is undriven; assigning to 0.  Simulation mismatch possible. Either assign the input or remove the declaration. 
@W: CG781 :"C:\CPLD\intel\fenghuo_initial\BM_H13DSP_M\rtl\source\BM_H13DSP_M_TOP.v":2295:20:2295:48|Input p12v_stby_pg on instance pwrseq_slave_inst is undriven; assigning to 0.  Simulation mismatch possible. Either assign the input or remove the declaration. 
@W: CG781 :"C:\CPLD\intel\fenghuo_initial\BM_H13DSP_M\rtl\source\BM_H13DSP_M_TOP.v":2296:28:2296:51|Input p12v_efuse_pg on instance pwrseq_slave_inst is undriven; assigning to 0.  Simulation mismatch possible. Either assign the input or remove the declaration. 
@W: CG781 :"C:\CPLD\intel\fenghuo_initial\BM_H13DSP_M\rtl\source\BM_H13DSP_M_TOP.v":2297:31:2297:58|Input p12v_ssd_efuse_pg on instance pwrseq_slave_inst is undriven; assigning to 0.  Simulation mismatch possible. Either assign the input or remove the declaration. 
@W: CG781 :"C:\CPLD\intel\fenghuo_initial\BM_H13DSP_M\rtl\source\BM_H13DSP_M_TOP.v":2298:22:2298:45|Input p12v_p0_dimm_pg on instance pwrseq_slave_inst is undriven; assigning to 0.  Simulation mismatch possible. Either assign the input or remove the declaration. 
@W: CG781 :"C:\CPLD\intel\fenghuo_initial\BM_H13DSP_M\rtl\source\BM_H13DSP_M_TOP.v":2299:29:2299:29|Input p12v_p1_dimm_pg on instance pwrseq_slave_inst is undriven; assigning to 0.  Simulation mismatch possible. Either assign the input or remove the declaration. 
@W: CG781 :"C:\CPLD\intel\fenghuo_initial\BM_H13DSP_M\rtl\source\BM_H13DSP_M_TOP.v":2302:27:2302:57|Input i_pwrgd_ocp0_nic_pwrgd on instance pwrseq_slave_inst is undriven; assigning to 0.  Simulation mismatch possible. Either assign the input or remove the declaration. 
@W: CG781 :"C:\CPLD\intel\fenghuo_initial\BM_H13DSP_M\rtl\source\BM_H13DSP_M_TOP.v":3978:40:3978:40|Input i_PGD_P1V05_PCH_STBY_MB on instance bmc_cpld_i2c_ram_u0 is undriven; assigning to 0.  Simulation mismatch possible. Either assign the input or remove the declaration. 
@W: CG781 :"C:\CPLD\intel\fenghuo_initial\BM_H13DSP_M\rtl\source\BM_H13DSP_M_TOP.v":3979:41:3979:41|Input i_PGD_PVNN_PCH_STBY_MB on instance bmc_cpld_i2c_ram_u0 is undriven; assigning to 0.  Simulation mismatch possible. Either assign the input or remove the declaration. 
@W: CG781 :"C:\CPLD\intel\fenghuo_initial\BM_H13DSP_M\rtl\source\BM_H13DSP_M_TOP.v":3992:41:3992:41|Input i_PAL_PVNN_STBY_EN_R_MB on instance bmc_cpld_i2c_ram_u0 is undriven; assigning to 0.  Simulation mismatch possible. Either assign the input or remove the declaration. 
@W: CG781 :"C:\CPLD\intel\fenghuo_initial\BM_H13DSP_M\rtl\source\BM_H13DSP_M_TOP.v":3993:38:3993:38|Input i_PAL_EN_PWM_CTRL_VCC_R_MB on instance bmc_cpld_i2c_ram_u0 is undriven; assigning to 0.  Simulation mismatch possible. Either assign the input or remove the declaration. 
@W: CG781 :"C:\CPLD\intel\fenghuo_initial\BM_H13DSP_M\rtl\source\BM_H13DSP_M_TOP.v":4047:40:4047:40|Input i_PAL_CPU0_MEMHOT_OUT_N on instance bmc_cpld_i2c_ram_u0 is undriven; assigning to 0.  Simulation mismatch possible. Either assign the input or remove the declaration. 
@W: CG781 :"C:\CPLD\intel\fenghuo_initial\BM_H13DSP_M\rtl\source\BM_H13DSP_M_TOP.v":4048:43:4048:43|Input i_PAL_CPU0_MEMTRIP_N on instance bmc_cpld_i2c_ram_u0 is undriven; assigning to 0.  Simulation mismatch possible. Either assign the input or remove the declaration. 
@W: CG781 :"C:\CPLD\intel\fenghuo_initial\BM_H13DSP_M\rtl\source\BM_H13DSP_M_TOP.v":4051:40:4051:40|Input i_PAL_CPU1_MEMHOT_OUT_N on instance bmc_cpld_i2c_ram_u0 is undriven; assigning to 0.  Simulation mismatch possible. Either assign the input or remove the declaration. 
@W: CG781 :"C:\CPLD\intel\fenghuo_initial\BM_H13DSP_M\rtl\source\BM_H13DSP_M_TOP.v":4052:43:4052:43|Input i_PAL_CPU1_MEMTRIP_N on instance bmc_cpld_i2c_ram_u0 is undriven; assigning to 0.  Simulation mismatch possible. Either assign the input or remove the declaration. 
@W: CG781 :"C:\CPLD\intel\fenghuo_initial\BM_H13DSP_M\rtl\source\BM_H13DSP_M_TOP.v":4181:26:4181:26|Input i_p12v_efuse_fault_det on instance bmc_cpld_i2c_ram_u0 is undriven; assigning to 0.  Simulation mismatch possible. Either assign the input or remove the declaration. 
@W: CG781 :"C:\CPLD\intel\fenghuo_initial\BM_H13DSP_M\rtl\source\BM_H13DSP_M_TOP.v":4182:29:4182:29|Input i_p12v_ssd_efuse_fault_det on instance bmc_cpld_i2c_ram_u0 is undriven; assigning to 0.  Simulation mismatch possible. Either assign the input or remove the declaration. 
@W: CG781 :"C:\CPLD\intel\fenghuo_initial\BM_H13DSP_M\rtl\source\BM_H13DSP_M_TOP.v":4183:27:4183:27|Input i_p12v_p0_dimm_fault_det on instance bmc_cpld_i2c_ram_u0 is undriven; assigning to 0.  Simulation mismatch possible. Either assign the input or remove the declaration. 
@W: CG781 :"C:\CPLD\intel\fenghuo_initial\BM_H13DSP_M\rtl\source\BM_H13DSP_M_TOP.v":4184:27:4184:27|Input i_p12v_p1_dimm_fault_det on instance bmc_cpld_i2c_ram_u0 is undriven; assigning to 0.  Simulation mismatch possible. Either assign the input or remove the declaration. 
@W: CG360 :"C:\CPLD\intel\fenghuo_initial\BM_H13DSP_M\rtl\source\BM_H13DSP_M_TOP.v":76:5:76:14|Removing wire t16ms_tick, as there is no assignment to it.
@W: CG360 :"C:\CPLD\intel\fenghuo_initial\BM_H13DSP_M\rtl\source\BM_H13DSP_M_TOP.v":260:8:260:25|Removing wire db_i_pal_pwr_btn_n, as there is no assignment to it.
@W: CG360 :"C:\CPLD\intel\fenghuo_initial\BM_H13DSP_M\rtl\source\BM_H13DSP_M_TOP.v":294:8:294:29|Removing wire db_i_pg_p12v_ssd_efuse, as there is no assignment to it.
@W: CG360 :"C:\CPLD\intel\fenghuo_initial\BM_H13DSP_M\rtl\source\BM_H13DSP_M_TOP.v":323:16:323:38|Removing wire cpu_thermtrip_fault_det, as there is no assignment to it.
@W: CG360 :"C:\CPLD\intel\fenghuo_initial\BM_H13DSP_M\rtl\source\BM_H13DSP_M_TOP.v":437:16:437:29|Removing wire r_pwrdrop_code, as there is no assignment to it.
@W: CG360 :"C:\CPLD\intel\fenghuo_initial\BM_H13DSP_M\rtl\source\BM_H13DSP_M_TOP.v":438:16:438:29|Removing wire r_timeout_code, as there is no assignment to it.
@W: CG360 :"C:\CPLD\intel\fenghuo_initial\BM_H13DSP_M\rtl\source\BM_H13DSP_M_TOP.v":439:8:439:34|Removing wire w_bmc_stby_failure_detected, as there is no assignment to it.
@W: CG360 :"C:\CPLD\intel\fenghuo_initial\BM_H13DSP_M\rtl\source\BM_H13DSP_M_TOP.v":444:8:444:26|Removing wire w_pcie_genz_rst_n_r, as there is no assignment to it.
@W: CG360 :"C:\CPLD\intel\fenghuo_initial\BM_H13DSP_M\rtl\source\BM_H13DSP_M_TOP.v":456:8:456:18|Removing wire w_uid_btn_n, as there is no assignment to it.
@W: CG360 :"C:\CPLD\intel\fenghuo_initial\BM_H13DSP_M\rtl\source\BM_H13DSP_M_TOP.v":469:8:469:28|Removing wire w_p12v_stby_fault_det, as there is no assignment to it.
@W: CG360 :"C:\CPLD\intel\fenghuo_initial\BM_H13DSP_M\rtl\source\BM_H13DSP_M_TOP.v":470:8:470:23|Removing wire w_usb_ponrst_r_n, as there is no assignment to it.
@W: CG360 :"C:\CPLD\intel\fenghuo_initial\BM_H13DSP_M\rtl\source\BM_H13DSP_M_TOP.v":471:8:471:25|Removing wire w_tpcm_reset_n_reg, as there is no assignment to it.
@W: CG133 :"C:\CPLD\intel\fenghuo_initial\BM_H13DSP_M\rtl\source\BM_H13DSP_M_TOP.v":478:16:478:32|Object r_power_seq_sm_fb is declared but not assigned. Either assign a value or remove the declaration.
@W: CG360 :"C:\CPLD\intel\fenghuo_initial\BM_H13DSP_M\rtl\source\BM_H13DSP_M_TOP.v":479:8:479:16|Removing wire w_mux_sel, as there is no assignment to it.
@W: CG360 :"C:\CPLD\intel\fenghuo_initial\BM_H13DSP_M\rtl\source\BM_H13DSP_M_TOP.v":755:10:755:26|Removing wire pvti_sw_u2_count1, as there is no assignment to it.
Running optimization stage 1 on BM_H13DSP_M .......
@W: CL169 :"C:\CPLD\intel\fenghuo_initial\BM_H13DSP_M\rtl\source\BM_H13DSP_M_TOP.v":3460:0:3460:5|Pruning unused register r_pcb_version2_zt2. Make sure that there are no unused intermediate registers.
@W: CL169 :"C:\CPLD\intel\fenghuo_initial\BM_H13DSP_M\rtl\source\BM_H13DSP_M_TOP.v":3460:0:3460:5|Pruning unused register r_pcb_version1_zt2. Make sure that there are no unused intermediate registers.
@W: CL169 :"C:\CPLD\intel\fenghuo_initial\BM_H13DSP_M\rtl\source\BM_H13DSP_M_TOP.v":3460:0:3460:5|Pruning unused register r_pcb_version0_zt2. Make sure that there are no unused intermediate registers.
@W: CL169 :"C:\CPLD\intel\fenghuo_initial\BM_H13DSP_M\rtl\source\BM_H13DSP_M_TOP.v":3460:0:3460:5|Pruning unused register r_pca_version2_zt2. Make sure that there are no unused intermediate registers.
@W: CL169 :"C:\CPLD\intel\fenghuo_initial\BM_H13DSP_M\rtl\source\BM_H13DSP_M_TOP.v":3460:0:3460:5|Pruning unused register r_pca_version1_zt2. Make sure that there are no unused intermediate registers.
@W: CL169 :"C:\CPLD\intel\fenghuo_initial\BM_H13DSP_M\rtl\source\BM_H13DSP_M_TOP.v":3460:0:3460:5|Pruning unused register r_pca_version0_zt2. Make sure that there are no unused intermediate registers.
@W: CL169 :"C:\CPLD\intel\fenghuo_initial\BM_H13DSP_M\rtl\source\BM_H13DSP_M_TOP.v":3112:0:3112:5|Pruning unused register r_pcb_version2_zt. Make sure that there are no unused intermediate registers.
@W: CL169 :"C:\CPLD\intel\fenghuo_initial\BM_H13DSP_M\rtl\source\BM_H13DSP_M_TOP.v":3112:0:3112:5|Pruning unused register r_pcb_version1_zt. Make sure that there are no unused intermediate registers.
@W: CL169 :"C:\CPLD\intel\fenghuo_initial\BM_H13DSP_M\rtl\source\BM_H13DSP_M_TOP.v":3112:0:3112:5|Pruning unused register r_pcb_version0_zt. Make sure that there are no unused intermediate registers.
@W: CL169 :"C:\CPLD\intel\fenghuo_initial\BM_H13DSP_M\rtl\source\BM_H13DSP_M_TOP.v":3112:0:3112:5|Pruning unused register r_pca_version2_zt. Make sure that there are no unused intermediate registers.
@W: CL169 :"C:\CPLD\intel\fenghuo_initial\BM_H13DSP_M\rtl\source\BM_H13DSP_M_TOP.v":3112:0:3112:5|Pruning unused register r_pca_version1_zt. Make sure that there are no unused intermediate registers.
@W: CL169 :"C:\CPLD\intel\fenghuo_initial\BM_H13DSP_M\rtl\source\BM_H13DSP_M_TOP.v":3112:0:3112:5|Pruning unused register r_pca_version0_zt. Make sure that there are no unused intermediate registers.
@W: CL169 :"C:\CPLD\intel\fenghuo_initial\BM_H13DSP_M\rtl\source\BM_H13DSP_M_TOP.v":1813:0:1813:5|Pruning unused register cmucpld_sgpio_fail. Make sure that there are no unused intermediate registers.
@W: CL169 :"C:\CPLD\intel\fenghuo_initial\BM_H13DSP_M\rtl\source\BM_H13DSP_M_TOP.v":1662:0:1662:5|Pruning unused register scpld_sgpio_fail. Make sure that there are no unused intermediate registers.
@W: CL271 :"C:\CPLD\intel\fenghuo_initial\BM_H13DSP_M\rtl\source\BM_H13DSP_M_TOP.v":1813:0:1813:5|Pruning unused bits 19 to 10 of cmu_to_mb_data_filter[19:0]. If this is not the intended behavior, drive the inputs with valid values, or inputs from the top level.
@W: CL271 :"C:\CPLD\intel\fenghuo_initial\BM_H13DSP_M\rtl\source\BM_H13DSP_M_TOP.v":1813:0:1813:5|Pruning unused bits 8 to 2 of cmu_to_mb_data_filter[19:0]. If this is not the intended behavior, drive the inputs with valid values, or inputs from the top level.
@W: CL265 :"C:\CPLD\intel\fenghuo_initial\BM_H13DSP_M\rtl\source\BM_H13DSP_M_TOP.v":1813:0:1813:5|Removing unused bit 0 of cmu_to_mb_data_filter[19:0]. Either assign all bits or reduce the width of the signal.
@W: CL271 :"C:\CPLD\intel\fenghuo_initial\BM_H13DSP_M\rtl\source\BM_H13DSP_M_TOP.v":1662:0:1662:5|Pruning unused bits 191 to 173 of scpld_to_mcpld_data_filter[191:0]. If this is not the intended behavior, drive the inputs with valid values, or inputs from the top level.
@W: CL259 :"C:\CPLD\intel\fenghuo_initial\BM_H13DSP_M\rtl\source\BM_H13DSP_M_TOP.v":1236:30:1236:33|Duplicate LOC attributes found on net
@W: CL259 :"C:\CPLD\intel\fenghuo_initial\BM_H13DSP_M\rtl\source\BM_H13DSP_M_TOP.v":111:21:111:24|Duplicate LOC attributes found on net
@W: CL259 :"C:\CPLD\intel\fenghuo_initial\BM_H13DSP_M\rtl\source\BM_H13DSP_M_TOP.v":3725:30:3725:33|Duplicate LOC attributes found on net
@W: CL259 :"C:\CPLD\intel\fenghuo_initial\BM_H13DSP_M\rtl\source\BM_H13DSP_M_TOP.v":1236:30:1236:33|Duplicate LOC attributes found on net
@W: CL259 :"C:\CPLD\intel\fenghuo_initial\BM_H13DSP_M\rtl\source\BM_H13DSP_M_TOP.v":1236:30:1236:33|Duplicate LOC attributes found on net
@W: CL259 :"C:\CPLD\intel\fenghuo_initial\BM_H13DSP_M\rtl\source\BM_H13DSP_M_TOP.v":1236:30:1236:33|Duplicate LOC attributes found on net
@W: CL259 :"C:\CPLD\intel\fenghuo_initial\BM_H13DSP_M\rtl\source\BM_H13DSP_M_TOP.v":1236:30:1236:33|Duplicate LOC attributes found on net
@W: CL259 :"C:\CPLD\intel\fenghuo_initial\BM_H13DSP_M\rtl\source\BM_H13DSP_M_TOP.v":3725:30:3725:33|Duplicate LOC attributes found on net
@W: CL259 :"C:\CPLD\intel\fenghuo_initial\BM_H13DSP_M\rtl\source\BM_H13DSP_M_TOP.v":3725:30:3725:33|Duplicate LOC attributes found on net
@W: CL259 :"C:\CPLD\intel\fenghuo_initial\BM_H13DSP_M\rtl\source\BM_H13DSP_M_TOP.v":3725:30:3725:33|Duplicate LOC attributes found on net
@W: CL259 :"C:\CPLD\intel\fenghuo_initial\BM_H13DSP_M\rtl\source\BM_H13DSP_M_TOP.v":3725:30:3725:33|Duplicate LOC attributes found on net
@W: CL259 :"C:\CPLD\intel\fenghuo_initial\BM_H13DSP_M\rtl\source\BM_H13DSP_M_TOP.v":3725:30:3725:33|Duplicate LOC attributes found on net
@W: CL259 :"C:\CPLD\intel\fenghuo_initial\BM_H13DSP_M\rtl\source\BM_H13DSP_M_TOP.v":3725:30:3725:33|Duplicate LOC attributes found on net
@W: CL259 :"C:\CPLD\intel\fenghuo_initial\BM_H13DSP_M\rtl\source\BM_H13DSP_M_TOP.v":3725:30:3725:33|Duplicate LOC attributes found on net
@W: CL259 :"C:\CPLD\intel\fenghuo_initial\BM_H13DSP_M\rtl\source\BM_H13DSP_M_TOP.v":3725:30:3725:33|Duplicate LOC attributes found on net
@W: CL259 :"C:\CPLD\intel\fenghuo_initial\BM_H13DSP_M\rtl\source\BM_H13DSP_M_TOP.v":3725:30:3725:33|Duplicate LOC attributes found on net
@W: CL259 :"C:\CPLD\intel\fenghuo_initial\BM_H13DSP_M\rtl\source\BM_H13DSP_M_TOP.v":3725:30:3725:33|Duplicate LOC attributes found on net
@W: CL259 :"C:\CPLD\intel\fenghuo_initial\BM_H13DSP_M\rtl\source\BM_H13DSP_M_TOP.v":3725:30:3725:33|Duplicate LOC attributes found on net
@W: CL259 :"C:\CPLD\intel\fenghuo_initial\BM_H13DSP_M\rtl\source\BM_H13DSP_M_TOP.v":3725:30:3725:33|Duplicate LOC attributes found on net
@W: CL259 :"C:\CPLD\intel\fenghuo_initial\BM_H13DSP_M\rtl\source\BM_H13DSP_M_TOP.v":3725:30:3725:33|Duplicate LOC attributes found on net
@W: CL259 :"C:\CPLD\intel\fenghuo_initial\BM_H13DSP_M\rtl\source\BM_H13DSP_M_TOP.v":3725:30:3725:33|Duplicate LOC attributes found on net
@W: CL259 :"C:\CPLD\intel\fenghuo_initial\BM_H13DSP_M\rtl\source\BM_H13DSP_M_TOP.v":3725:30:3725:33|Duplicate LOC attributes found on net
@W: CL259 :"C:\CPLD\intel\fenghuo_initial\BM_H13DSP_M\rtl\source\BM_H13DSP_M_TOP.v":3725:30:3725:33|Duplicate LOC attributes found on net
@W: CL259 :"C:\CPLD\intel\fenghuo_initial\BM_H13DSP_M\rtl\source\BM_H13DSP_M_TOP.v":111:21:111:24|Duplicate LOC attributes found on net
@W: CL259 :"C:\CPLD\intel\fenghuo_initial\BM_H13DSP_M\rtl\source\BM_H13DSP_M_TOP.v":3725:30:3725:33|Duplicate LOC attributes found on net
@W: CL259 :"C:\CPLD\intel\fenghuo_initial\BM_H13DSP_M\rtl\source\BM_H13DSP_M_TOP.v":3725:30:3725:33|Duplicate LOC attributes found on net
@W: CL259 :"C:\CPLD\intel\fenghuo_initial\BM_H13DSP_M\rtl\source\BM_H13DSP_M_TOP.v":3725:30:3725:33|Duplicate LOC attributes found on net
@W: CL259 :"C:\CPLD\intel\fenghuo_initial\BM_H13DSP_M\rtl\source\BM_H13DSP_M_TOP.v":111:21:111:24|Duplicate LOC attributes found on net
@W: CL259 :"C:\CPLD\intel\fenghuo_initial\BM_H13DSP_M\rtl\source\BM_H13DSP_M_TOP.v":3725:30:3725:33|Duplicate LOC attributes found on net
@W: CL259 :"C:\CPLD\intel\fenghuo_initial\BM_H13DSP_M\rtl\source\BM_H13DSP_M_TOP.v":3725:30:3725:33|Duplicate LOC attributes found on net
@W: CL259 :"C:\CPLD\intel\fenghuo_initial\BM_H13DSP_M\rtl\source\BM_H13DSP_M_TOP.v":3725:30:3725:33|Duplicate LOC attributes found on net
@W: CL259 :"C:\CPLD\intel\fenghuo_initial\BM_H13DSP_M\rtl\source\BM_H13DSP_M_TOP.v":3725:30:3725:33|Duplicate LOC attributes found on net
@W: CL259 :"C:\CPLD\intel\fenghuo_initial\BM_H13DSP_M\rtl\source\BM_H13DSP_M_TOP.v":3725:30:3725:33|Duplicate LOC attributes found on net
@W: CL259 :"C:\CPLD\intel\fenghuo_initial\BM_H13DSP_M\rtl\source\BM_H13DSP_M_TOP.v":3725:30:3725:33|Duplicate LOC attributes found on net
@W: CL259 :"C:\CPLD\intel\fenghuo_initial\BM_H13DSP_M\rtl\source\BM_H13DSP_M_TOP.v":3725:30:3725:33|Duplicate LOC attributes found on net
@W: CL259 :"C:\CPLD\intel\fenghuo_initial\BM_H13DSP_M\rtl\source\BM_H13DSP_M_TOP.v":1236:30:1236:33|Duplicate LOC attributes found on net
@A: CL291 :"C:\CPLD\intel\fenghuo_initial\BM_H13DSP_M\rtl\source\BM_H13DSP_M_TOP.v":3112:0:3112:5|Register r_board_id0_zt with asynchronous load is being synthesized in compatability mode. A synthesis/simulation mismatch is possible.
@A: CL291 :"C:\CPLD\intel\fenghuo_initial\BM_H13DSP_M\rtl\source\BM_H13DSP_M_TOP.v":3112:0:3112:5|Register r_board_id1_zt with asynchronous load is being synthesized in compatability mode. A synthesis/simulation mismatch is possible.
@A: CL291 :"C:\CPLD\intel\fenghuo_initial\BM_H13DSP_M\rtl\source\BM_H13DSP_M_TOP.v":3112:0:3112:5|Register r_board_id2_zt with asynchronous load is being synthesized in compatability mode. A synthesis/simulation mismatch is possible.
@A: CL291 :"C:\CPLD\intel\fenghuo_initial\BM_H13DSP_M\rtl\source\BM_H13DSP_M_TOP.v":3112:0:3112:5|Register r_board_id3_zt with asynchronous load is being synthesized in compatability mode. A synthesis/simulation mismatch is possible.
@A: CL291 :"C:\CPLD\intel\fenghuo_initial\BM_H13DSP_M\rtl\source\BM_H13DSP_M_TOP.v":3112:0:3112:5|Register r_board_id4_zt with asynchronous load is being synthesized in compatability mode. A synthesis/simulation mismatch is possible.
@A: CL291 :"C:\CPLD\intel\fenghuo_initial\BM_H13DSP_M\rtl\source\BM_H13DSP_M_TOP.v":3112:0:3112:5|Register r_board_id5_zt with asynchronous load is being synthesized in compatability mode. A synthesis/simulation mismatch is possible.
@A: CL291 :"C:\CPLD\intel\fenghuo_initial\BM_H13DSP_M\rtl\source\BM_H13DSP_M_TOP.v":3112:0:3112:5|Register r_board_id6_zt with asynchronous load is being synthesized in compatability mode. A synthesis/simulation mismatch is possible.
@A: CL291 :"C:\CPLD\intel\fenghuo_initial\BM_H13DSP_M\rtl\source\BM_H13DSP_M_TOP.v":3112:0:3112:5|Register r_board_id7_zt with asynchronous load is being synthesized in compatability mode. A synthesis/simulation mismatch is possible.
@A: CL291 :"C:\CPLD\intel\fenghuo_initial\BM_H13DSP_M\rtl\source\BM_H13DSP_M_TOP.v":3112:0:3112:5|Register r_mcio1_prsnt_n_zt with asynchronous load is being synthesized in compatability mode. A synthesis/simulation mismatch is possible.
@A: CL291 :"C:\CPLD\intel\fenghuo_initial\BM_H13DSP_M\rtl\source\BM_H13DSP_M_TOP.v":3112:0:3112:5|Register r_mcio3_prsnt_n_zt with asynchronous load is being synthesized in compatability mode. A synthesis/simulation mismatch is possible.
@A: CL291 :"C:\CPLD\intel\fenghuo_initial\BM_H13DSP_M\rtl\source\BM_H13DSP_M_TOP.v":3112:0:3112:5|Register r_mcio4_prsnt_n_zt with asynchronous load is being synthesized in compatability mode. A synthesis/simulation mismatch is possible.
@A: CL291 :"C:\CPLD\intel\fenghuo_initial\BM_H13DSP_M\rtl\source\BM_H13DSP_M_TOP.v":3112:0:3112:5|Register r_mcio6_prsnt_n_zt with asynchronous load is being synthesized in compatability mode. A synthesis/simulation mismatch is possible.
@A: CL291 :"C:\CPLD\intel\fenghuo_initial\BM_H13DSP_M\rtl\source\BM_H13DSP_M_TOP.v":3112:0:3112:5|Register r_mcio7_prsnt_n_zt with asynchronous load is being synthesized in compatability mode. A synthesis/simulation mismatch is possible.
@A: CL291 :"C:\CPLD\intel\fenghuo_initial\BM_H13DSP_M\rtl\source\BM_H13DSP_M_TOP.v":3112:0:3112:5|Register r_mcio8_prsnt_n_zt with asynchronous load is being synthesized in compatability mode. A synthesis/simulation mismatch is possible.
@A: CL291 :"C:\CPLD\intel\fenghuo_initial\BM_H13DSP_M\rtl\source\BM_H13DSP_M_TOP.v":3112:0:3112:5|Register r_mcio9_prsnt_n_zt with asynchronous load is being synthesized in compatability mode. A synthesis/simulation mismatch is possible.
@A: CL291 :"C:\CPLD\intel\fenghuo_initial\BM_H13DSP_M\rtl\source\BM_H13DSP_M_TOP.v":3112:0:3112:5|Register r_mcio10_prsnt_n_zt with asynchronous load is being synthesized in compatability mode. A synthesis/simulation mismatch is possible.
@A: CL291 :"C:\CPLD\intel\fenghuo_initial\BM_H13DSP_M\rtl\source\BM_H13DSP_M_TOP.v":3460:0:3460:5|Register r_board_id0_zt2 with asynchronous load is being synthesized in compatability mode. A synthesis/simulation mismatch is possible.
@A: CL291 :"C:\CPLD\intel\fenghuo_initial\BM_H13DSP_M\rtl\source\BM_H13DSP_M_TOP.v":3460:0:3460:5|Register r_board_id1_zt2 with asynchronous load is being synthesized in compatability mode. A synthesis/simulation mismatch is possible.
@A: CL291 :"C:\CPLD\intel\fenghuo_initial\BM_H13DSP_M\rtl\source\BM_H13DSP_M_TOP.v":3460:0:3460:5|Register r_board_id2_zt2 with asynchronous load is being synthesized in compatability mode. A synthesis/simulation mismatch is possible.
@A: CL291 :"C:\CPLD\intel\fenghuo_initial\BM_H13DSP_M\rtl\source\BM_H13DSP_M_TOP.v":3460:0:3460:5|Register r_board_id3_zt2 with asynchronous load is being synthesized in compatability mode. A synthesis/simulation mismatch is possible.
@A: CL291 :"C:\CPLD\intel\fenghuo_initial\BM_H13DSP_M\rtl\source\BM_H13DSP_M_TOP.v":3460:0:3460:5|Register r_board_id4_zt2 with asynchronous load is being synthesized in compatability mode. A synthesis/simulation mismatch is possible.
@A: CL291 :"C:\CPLD\intel\fenghuo_initial\BM_H13DSP_M\rtl\source\BM_H13DSP_M_TOP.v":3460:0:3460:5|Register r_board_id5_zt2 with asynchronous load is being synthesized in compatability mode. A synthesis/simulation mismatch is possible.
@A: CL291 :"C:\CPLD\intel\fenghuo_initial\BM_H13DSP_M\rtl\source\BM_H13DSP_M_TOP.v":3460:0:3460:5|Register r_board_id6_zt2 with asynchronous load is being synthesized in compatability mode. A synthesis/simulation mismatch is possible.
@A: CL291 :"C:\CPLD\intel\fenghuo_initial\BM_H13DSP_M\rtl\source\BM_H13DSP_M_TOP.v":3460:0:3460:5|Register r_board_id7_zt2 with asynchronous load is being synthesized in compatability mode. A synthesis/simulation mismatch is possible.
@A: CL291 :"C:\CPLD\intel\fenghuo_initial\BM_H13DSP_M\rtl\source\BM_H13DSP_M_TOP.v":3460:0:3460:5|Register r_mcio1_prsnt_n_zt2 with asynchronous load is being synthesized in compatability mode. A synthesis/simulation mismatch is possible.
@A: CL291 :"C:\CPLD\intel\fenghuo_initial\BM_H13DSP_M\rtl\source\BM_H13DSP_M_TOP.v":3460:0:3460:5|Register r_mcio3_prsnt_n_zt2 with asynchronous load is being synthesized in compatability mode. A synthesis/simulation mismatch is possible.
@A: CL291 :"C:\CPLD\intel\fenghuo_initial\BM_H13DSP_M\rtl\source\BM_H13DSP_M_TOP.v":3460:0:3460:5|Register r_mcio4_prsnt_n_zt2 with asynchronous load is being synthesized in compatability mode. A synthesis/simulation mismatch is possible.
@A: CL291 :"C:\CPLD\intel\fenghuo_initial\BM_H13DSP_M\rtl\source\BM_H13DSP_M_TOP.v":3460:0:3460:5|Register r_mcio6_prsnt_n_zt2 with asynchronous load is being synthesized in compatability mode. A synthesis/simulation mismatch is possible.
@A: CL291 :"C:\CPLD\intel\fenghuo_initial\BM_H13DSP_M\rtl\source\BM_H13DSP_M_TOP.v":3460:0:3460:5|Register r_mcio7_prsnt_n_zt2 with asynchronous load is being synthesized in compatability mode. A synthesis/simulation mismatch is possible.
@A: CL291 :"C:\CPLD\intel\fenghuo_initial\BM_H13DSP_M\rtl\source\BM_H13DSP_M_TOP.v":3460:0:3460:5|Register r_mcio8_prsnt_n_zt2 with asynchronous load is being synthesized in compatability mode. A synthesis/simulation mismatch is possible.
@A: CL291 :"C:\CPLD\intel\fenghuo_initial\BM_H13DSP_M\rtl\source\BM_H13DSP_M_TOP.v":3460:0:3460:5|Register r_mcio9_prsnt_n_zt2 with asynchronous load is being synthesized in compatability mode. A synthesis/simulation mismatch is possible.
@A: CL291 :"C:\CPLD\intel\fenghuo_initial\BM_H13DSP_M\rtl\source\BM_H13DSP_M_TOP.v":3460:0:3460:5|Register r_mcio10_prsnt_n_zt2 with asynchronous load is being synthesized in compatability mode. A synthesis/simulation mismatch is possible.
Finished optimization stage 1 on BM_H13DSP_M (CPU Time 0h:00m:00s, Memory Used current: 112MB peak: 113MB)
Running optimization stage 2 on BM_H13DSP_M .......
@W: CL279 :"C:\CPLD\intel\fenghuo_initial\BM_H13DSP_M\rtl\source\BM_H13DSP_M_TOP.v":3311:0:3311:5|Pruning register bits 7 to 3 of r_switch_mode[7:0]. If this is not the intended behavior, drive the inputs with valid values, or inputs from the top level.
@W: CL279 :"C:\CPLD\intel\fenghuo_initial\BM_H13DSP_M\rtl\source\BM_H13DSP_M_TOP.v":3660:0:3660:5|Pruning register bits 7 to 3 of r_switch2_mode[7:0]. If this is not the intended behavior, drive the inputs with valid values, or inputs from the top level.
@A: CL153 :"C:\CPLD\intel\fenghuo_initial\BM_H13DSP_M\rtl\source\BM_H13DSP_M_TOP.v":478:16:478:32|*Unassigned bits of r_power_seq_sm_fb[5:0] are referenced and tied to 0 -- simulation mismatch possible.
@W: CL156 :"C:\CPLD\intel\fenghuo_initial\BM_H13DSP_M\rtl\source\BM_H13DSP_M_TOP.v":479:8:479:16|*Input w_mux_sel to expression [instance] has undriven bits; assigning undriven bits to 0.  Simulation mismatch possible. Assign all bits of the input.
@W: CL156 :"C:\CPLD\intel\fenghuo_initial\BM_H13DSP_M\rtl\source\BM_H13DSP_M_TOP.v":2527:31:2527:56|*Input w_grp_b_p1_18_s5_fault_det to expression [instance] has undriven bits; assigning undriven bits to 0.  Simulation mismatch possible. Assign all bits of the input.
@W: CL156 :"C:\CPLD\intel\fenghuo_initial\BM_H13DSP_M\rtl\source\BM_H13DSP_M_TOP.v":2529:31:2529:56|*Input w_grp_b_p1_33_s5_fault_det to expression [instance] has undriven bits; assigning undriven bits to 0.  Simulation mismatch possible. Assign all bits of the input.
@W: CL156 :"C:\CPLD\intel\fenghuo_initial\BM_H13DSP_M\rtl\source\BM_H13DSP_M_TOP.v":504:16:504:35|*Input w_p1_mciop0a_slot_id[7:0] to expression [instance] has undriven bits; assigning undriven bits to 0.  Simulation mismatch possible. Assign all bits of the input.
@W: CL156 :"C:\CPLD\intel\fenghuo_initial\BM_H13DSP_M\rtl\source\BM_H13DSP_M_TOP.v":505:16:505:35|*Input w_p1_mciop0c_slot_id[7:0] to expression [instance] has undriven bits; assigning undriven bits to 0.  Simulation mismatch possible. Assign all bits of the input.
@W: CL156 :"C:\CPLD\intel\fenghuo_initial\BM_H13DSP_M\rtl\source\BM_H13DSP_M_TOP.v":506:16:506:35|*Input w_p1_mciop1a_slot_id[7:0] to expression [instance] has undriven bits; assigning undriven bits to 0.  Simulation mismatch possible. Assign all bits of the input.
@W: CL156 :"C:\CPLD\intel\fenghuo_initial\BM_H13DSP_M\rtl\source\BM_H13DSP_M_TOP.v":507:16:507:35|*Input w_p1_mciop1c_slot_id[7:0] to expression [instance] has undriven bits; assigning undriven bits to 0.  Simulation mismatch possible. Assign all bits of the input.
@W: CL156 :"C:\CPLD\intel\fenghuo_initial\BM_H13DSP_M\rtl\source\BM_H13DSP_M_TOP.v":508:16:508:35|*Input w_p1_mciop2a_slot_id[7:0] to expression [instance] has undriven bits; assigning undriven bits to 0.  Simulation mismatch possible. Assign all bits of the input.
@W: CL156 :"C:\CPLD\intel\fenghuo_initial\BM_H13DSP_M\rtl\source\BM_H13DSP_M_TOP.v":509:16:509:35|*Input w_p1_mciop2c_slot_id[7:0] to expression [instance] has undriven bits; assigning undriven bits to 0.  Simulation mismatch possible. Assign all bits of the input.
@W: CL156 :"C:\CPLD\intel\fenghuo_initial\BM_H13DSP_M\rtl\source\BM_H13DSP_M_TOP.v":504:16:504:35|*Input w_p1_mciop0a_slot_id[7:0] to expression [instance] has undriven bits; assigning undriven bits to 0.  Simulation mismatch possible. Assign all bits of the input.
@W: CL156 :"C:\CPLD\intel\fenghuo_initial\BM_H13DSP_M\rtl\source\BM_H13DSP_M_TOP.v":505:16:505:35|*Input w_p1_mciop0c_slot_id[7:0] to expression [instance] has undriven bits; assigning undriven bits to 0.  Simulation mismatch possible. Assign all bits of the input.
@W: CL156 :"C:\CPLD\intel\fenghuo_initial\BM_H13DSP_M\rtl\source\BM_H13DSP_M_TOP.v":506:16:506:35|*Input w_p1_mciop1a_slot_id[7:0] to expression [instance] has undriven bits; assigning undriven bits to 0.  Simulation mismatch possible. Assign all bits of the input.
@W: CL156 :"C:\CPLD\intel\fenghuo_initial\BM_H13DSP_M\rtl\source\BM_H13DSP_M_TOP.v":507:16:507:35|*Input w_p1_mciop1c_slot_id[7:0] to expression [instance] has undriven bits; assigning undriven bits to 0.  Simulation mismatch possible. Assign all bits of the input.
@W: CL156 :"C:\CPLD\intel\fenghuo_initial\BM_H13DSP_M\rtl\source\BM_H13DSP_M_TOP.v":508:16:508:35|*Input w_p1_mciop2a_slot_id[7:0] to expression [instance] has undriven bits; assigning undriven bits to 0.  Simulation mismatch possible. Assign all bits of the input.
@W: CL156 :"C:\CPLD\intel\fenghuo_initial\BM_H13DSP_M\rtl\source\BM_H13DSP_M_TOP.v":509:16:509:35|*Input w_p1_mciop2c_slot_id[7:0] to expression [instance] has undriven bits; assigning undriven bits to 0.  Simulation mismatch possible. Assign all bits of the input.
@W: CL156 :"C:\CPLD\intel\fenghuo_initial\BM_H13DSP_M\rtl\source\BM_H13DSP_M_TOP.v":438:16:438:29|*Input r_timeout_code[7:0] to expression [instance] has undriven bits; assigning undriven bits to 0.  Simulation mismatch possible. Assign all bits of the input.
@W: CL156 :"C:\CPLD\intel\fenghuo_initial\BM_H13DSP_M\rtl\source\BM_H13DSP_M_TOP.v":437:16:437:29|*Input r_pwrdrop_code[7:0] to expression [instance] has undriven bits; assigning undriven bits to 0.  Simulation mismatch possible. Assign all bits of the input.
@W: CL156 :"C:\CPLD\intel\fenghuo_initial\BM_H13DSP_M\rtl\source\BM_H13DSP_M_TOP.v":469:8:469:28|*Input w_p12v_stby_fault_det to expression [instance] has undriven bits; assigning undriven bits to 0.  Simulation mismatch possible. Assign all bits of the input.
@W: CL156 :"C:\CPLD\intel\fenghuo_initial\BM_H13DSP_M\rtl\source\BM_H13DSP_M_TOP.v":2529:31:2529:56|*Input w_grp_b_p1_33_s5_fault_det to expression [instance] has undriven bits; assigning undriven bits to 0.  Simulation mismatch possible. Assign all bits of the input.
@W: CL156 :"C:\CPLD\intel\fenghuo_initial\BM_H13DSP_M\rtl\source\BM_H13DSP_M_TOP.v":2527:31:2527:56|*Input w_grp_b_p1_18_s5_fault_det to expression [instance] has undriven bits; assigning undriven bits to 0.  Simulation mismatch possible. Assign all bits of the input.
@W: CL156 :"C:\CPLD\intel\fenghuo_initial\BM_H13DSP_M\rtl\source\BM_H13DSP_M_TOP.v":1193:32:1193:52|*Input cpu_module_p0_prsnt_n to expression [and] has undriven bits; assigning undriven bits to 0.  Simulation mismatch possible. Assign all bits of the input.
@W: CL156 :"C:\CPLD\intel\fenghuo_initial\BM_H13DSP_M\rtl\source\BM_H13DSP_M_TOP.v":1194:32:1194:52|*Input cpu_module_p1_prsnt_n to expression [and] has undriven bits; assigning undriven bits to 0.  Simulation mismatch possible. Assign all bits of the input.
@W: CL156 :"C:\CPLD\intel\fenghuo_initial\BM_H13DSP_M\rtl\source\BM_H13DSP_M_TOP.v":4259:52:4259:73|*Input r_p12v_moc_stby_en_neg to expression [or] has undriven bits; assigning undriven bits to 0.  Simulation mismatch possible. Assign all bits of the input.
Finished optimization stage 2 on BM_H13DSP_M (CPU Time 0h:00m:00s, Memory Used current: 111MB peak: 116MB)
Running optimization stage 2 on bmc_cpld_i2c_ram_16s .......
@A: CL153 :"C:\CPLD\intel\fenghuo_initial\BM_H13DSP_M\rtl\source\bmc_i2c\bmc_cpld_i2c_ram.v":585:10:585:19|*Unassigned bits of r_reg_008f[7:0] are referenced and tied to 0 -- simulation mismatch possible.
Finished optimization stage 2 on bmc_cpld_i2c_ram_16s (CPU Time 0h:00m:00s, Memory Used current: 117MB peak: 120MB)
Running optimization stage 2 on s2p_164 .......
@N: CL159 :"C:\CPLD\intel\fenghuo_initial\BM_H13DSP_M\rtl\source\74HC164\s2p_164.v":4:24:4:28|Input i_clk is unused.
Finished optimization stage 2 on s2p_164 (CPU Time 0h:00m:00s, Memory Used current: 117MB peak: 120MB)
Running optimization stage 2 on pvt_gpi_8s_0_7s_0s_3s .......
Finished optimization stage 2 on pvt_gpi_8s_0_7s_0s_3s (CPU Time 0h:00m:00s, Memory Used current: 117MB peak: 120MB)
Running optimization stage 2 on pvt_gpi_64s_63s_0s_6s_Z6 .......
Finished optimization stage 2 on pvt_gpi_64s_63s_0s_6s_Z6 (CPU Time 0h:00m:00s, Memory Used current: 118MB peak: 120MB)
Running optimization stage 2 on edge_delay_3s_0_0 .......
Finished optimization stage 2 on edge_delay_3s_0_0 (CPU Time 0h:00m:00s, Memory Used current: 118MB peak: 120MB)
Running optimization stage 2 on clear_nmi .......
Finished optimization stage 2 on clear_nmi (CPU Time 0h:00m:00s, Memory Used current: 118MB peak: 120MB)
Running optimization stage 2 on clear_cmos .......
Finished optimization stage 2 on clear_cmos (CPU Time 0h:00m:00s, Memory Used current: 118MB peak: 120MB)
Running optimization stage 2 on edge_delay_6s_0_0 .......
Finished optimization stage 2 on edge_delay_6s_0_0 (CPU Time 0h:00m:00s, Memory Used current: 118MB peak: 120MB)
Running optimization stage 2 on edge_delay_1s_0_0 .......
Finished optimization stage 2 on edge_delay_1s_0_0 (CPU Time 0h:00m:00s, Memory Used current: 118MB peak: 120MB)
Running optimization stage 2 on bios_cpld_i2c_ram_16s .......
Finished optimization stage 2 on bios_cpld_i2c_ram_16s (CPU Time 0h:00m:00s, Memory Used current: 118MB peak: 120MB)
Running optimization stage 2 on i2c_slave_bmc_16s .......
Finished optimization stage 2 on i2c_slave_bmc_16s (CPU Time 0h:00m:00s, Memory Used current: 115MB peak: 120MB)
Running optimization stage 2 on i2c_slave_basic0_3s_16s .......
@W: CL190 :"C:\CPLD\intel\fenghuo_initial\BM_H13DSP_M\rtl\source\bmc_i2c\i2c_slave_basic0.v":628:0:628:5|Optimizing register bit r_timeout_cnt[6] to a constant 0. To keep the instance, apply constraint syn_preserve=1 on the instance.
@W: CL190 :"C:\CPLD\intel\fenghuo_initial\BM_H13DSP_M\rtl\source\bmc_i2c\i2c_slave_basic0.v":628:0:628:5|Optimizing register bit r_timeout_cnt[7] to a constant 0. To keep the instance, apply constraint syn_preserve=1 on the instance.
@W: CL279 :"C:\CPLD\intel\fenghuo_initial\BM_H13DSP_M\rtl\source\bmc_i2c\i2c_slave_basic0.v":628:0:628:5|Pruning register bits 7 to 6 of r_timeout_cnt[7:0]. If this is not the intended behavior, drive the inputs with valid values, or inputs from the top level.
@N: CL201 :"C:\CPLD\intel\fenghuo_initial\BM_H13DSP_M\rtl\source\bmc_i2c\i2c_slave_basic0.v":279:0:279:5|Trying to extract state machine for register r_I2C_state.
Extracted state machine for register r_I2C_state
State machine has 20 reachable states with original encodings of:
   00000
   00001
   00010
   00011
   00100
   00101
   00110
   00111
   01000
   01001
   01010
   01011
   01100
   01101
   01110
   01111
   10000
   10001
   10010
   10011
Finished optimization stage 2 on i2c_slave_basic0_3s_16s (CPU Time 0h:00m:00s, Memory Used current: 115MB peak: 120MB)
Running optimization stage 2 on pch_cpld_espi_ram .......
@N: CL159 :"C:\CPLD\intel\fenghuo_initial\BM_H13DSP_M\rtl\source\ESPI_LINK\pch_cpld_espi_ram.v":6:12:6:21|Input i_clk_10ms is unused.
Finished optimization stage 2 on pch_cpld_espi_ram (CPU Time 0h:00m:00s, Memory Used current: 116MB peak: 120MB)
Running optimization stage 2 on pcie_dync_alloc .......
Finished optimization stage 2 on pcie_dync_alloc (CPU Time 0h:00m:00s, Memory Used current: 116MB peak: 120MB)
Running optimization stage 2 on espi_link .......
@W: CL190 :"C:\CPLD\intel\fenghuo_initial\BM_H13DSP_M\rtl\source\ESPI_LINK\espi_link.v":143:0:143:5|Optimizing register bit trans_cnt2[2] to a constant 0. To keep the instance, apply constraint syn_preserve=1 on the instance.
@W: CL190 :"C:\CPLD\intel\fenghuo_initial\BM_H13DSP_M\rtl\source\ESPI_LINK\espi_link.v":143:0:143:5|Optimizing register bit clk_cnt[3] to a constant 0. To keep the instance, apply constraint syn_preserve=1 on the instance.
@W: CL260 :"C:\CPLD\intel\fenghuo_initial\BM_H13DSP_M\rtl\source\ESPI_LINK\espi_link.v":143:0:143:5|Pruning register bit 3 of clk_cnt[3:0]. If this is not the intended behavior, drive the input with valid values, or an input from the top level.
@W: CL260 :"C:\CPLD\intel\fenghuo_initial\BM_H13DSP_M\rtl\source\ESPI_LINK\espi_link.v":143:0:143:5|Pruning register bit 2 of trans_cnt2[2:0]. If this is not the intended behavior, drive the input with valid values, or an input from the top level.
@N: CL201 :"C:\CPLD\intel\fenghuo_initial\BM_H13DSP_M\rtl\source\ESPI_LINK\espi_link.v":80:0:80:5|Trying to extract state machine for register current_state.
Extracted state machine for register current_state
State machine has 32 reachable states with original encodings of:
   00000000
   00000001
   00000010
   00000011
   00000100
   00000101
   00000110
   00000111
   00001000
   00001001
   00001010
   00001011
   00001100
   00001101
   00001110
   00001111
   00010000
   00010001
   00010010
   00010011
   00010100
   00010101
   00010110
   00010111
   00011000
   00011001
   00011010
   00011011
   00011100
   00011101
   00011110
   00011111
@W: CL190 :"C:\CPLD\intel\fenghuo_initial\BM_H13DSP_M\rtl\source\ESPI_LINK\espi_link.v":71:0:71:5|Optimizing register bit state_save[5] to a constant 0. To keep the instance, apply constraint syn_preserve=1 on the instance.
@W: CL190 :"C:\CPLD\intel\fenghuo_initial\BM_H13DSP_M\rtl\source\ESPI_LINK\espi_link.v":71:0:71:5|Optimizing register bit state_save[6] to a constant 0. To keep the instance, apply constraint syn_preserve=1 on the instance.
@W: CL190 :"C:\CPLD\intel\fenghuo_initial\BM_H13DSP_M\rtl\source\ESPI_LINK\espi_link.v":71:0:71:5|Optimizing register bit state_save[7] to a constant 0. To keep the instance, apply constraint syn_preserve=1 on the instance.
@W: CL279 :"C:\CPLD\intel\fenghuo_initial\BM_H13DSP_M\rtl\source\ESPI_LINK\espi_link.v":71:0:71:5|Pruning register bits 7 to 5 of state_save[63:0]. If this is not the intended behavior, drive the inputs with valid values, or inputs from the top level.
Finished optimization stage 2 on espi_link (CPU Time 0h:00m:00s, Memory Used current: 119MB peak: 162MB)
Running optimization stage 2 on UART_MASTER_Z5 .......
@N: CL201 :"C:\CPLD\intel\fenghuo_initial\BM_H13DSP_M\rtl\source\uart\mcio_uart_master.v":95:0:95:5|Trying to extract state machine for register curr_state.
Extracted state machine for register curr_state
State machine has 6 reachable states with original encodings of:
   000
   001
   010
   011
   100
   101
Finished optimization stage 2 on UART_MASTER_Z5 (CPU Time 0h:00m:00s, Memory Used current: 119MB peak: 162MB)
Running optimization stage 2 on error_code .......
Finished optimization stage 2 on error_code (CPU Time 0h:00m:00s, Memory Used current: 119MB peak: 162MB)
Running optimization stage 2 on dimm_fail_event .......
@W: CL246 :"C:\CPLD\intel\fenghuo_initial\BM_H13DSP_M\rtl\source\Power_Fault\dimm_fail_event.v":5:13:5:41|Input port bits 3 to 1 of i_dimm_pwrgd_fail_event_clr_n[3:0] are unused. Assign logic for all port bits or change the input port size.
Finished optimization stage 2 on dimm_fail_event (CPU Time 0h:00m:00s, Memory Used current: 119MB peak: 162MB)
Running optimization stage 2 on pwrseq_slave_Z4 .......
@W: CL156 :"C:\CPLD\intel\fenghuo_initial\BM_H13DSP_M\rtl\source\Pwr_seq\pwrseq_slave.v":583:26:583:44|*Input un1_any_non_recov_fault[35:0] to expression [ror] has undriven bits; assigning undriven bits to 0.  Simulation mismatch possible. Assign all bits of the input.
@W: CL156 :"C:\CPLD\intel\fenghuo_initial\BM_H13DSP_M\rtl\source\Pwr_seq\pwrseq_slave.v":584:26:584:48|*Input un1_fault_vec[37:0] to expression [ror] has undriven bits; assigning undriven bits to 0.  Simulation mismatch possible. Assign all bits of the input.
@N: CL159 :"C:\CPLD\intel\fenghuo_initial\BM_H13DSP_M\rtl\source\Pwr_seq\pwrseq_slave.v":88:20:88:25|Input t512us is unused.
@N: CL159 :"C:\CPLD\intel\fenghuo_initial\BM_H13DSP_M\rtl\source\Pwr_seq\pwrseq_slave.v":89:20:89:23|Input t1ms is unused.
@N: CL159 :"C:\CPLD\intel\fenghuo_initial\BM_H13DSP_M\rtl\source\Pwr_seq\pwrseq_slave.v":90:20:90:23|Input t2ms is unused.
@N: CL159 :"C:\CPLD\intel\fenghuo_initial\BM_H13DSP_M\rtl\source\Pwr_seq\pwrseq_slave.v":92:20:92:22|Input t1s is unused.
@N: CL159 :"C:\CPLD\intel\fenghuo_initial\BM_H13DSP_M\rtl\source\Pwr_seq\pwrseq_slave.v":97:20:97:38|Input dc_on_wait_complete is unused.
@N: CL159 :"C:\CPLD\intel\fenghuo_initial\BM_H13DSP_M\rtl\source\Pwr_seq\pwrseq_slave.v":98:20:98:41|Input rt_critical_fail_store is unused.
@N: CL159 :"C:\CPLD\intel\fenghuo_initial\BM_H13DSP_M\rtl\source\Pwr_seq\pwrseq_slave.v":118:20:118:31|Input p12v_stby_pg is unused.
@N: CL159 :"C:\CPLD\intel\fenghuo_initial\BM_H13DSP_M\rtl\source\Pwr_seq\pwrseq_slave.v":120:20:120:32|Input p12v_efuse_pg is unused.
@N: CL159 :"C:\CPLD\intel\fenghuo_initial\BM_H13DSP_M\rtl\source\Pwr_seq\pwrseq_slave.v":121:20:121:36|Input p12v_ssd_efuse_pg is unused.
@N: CL159 :"C:\CPLD\intel\fenghuo_initial\BM_H13DSP_M\rtl\source\Pwr_seq\pwrseq_slave.v":122:20:122:34|Input p12v_p0_dimm_pg is unused.
@N: CL159 :"C:\CPLD\intel\fenghuo_initial\BM_H13DSP_M\rtl\source\Pwr_seq\pwrseq_slave.v":123:20:123:34|Input p12v_p1_dimm_pg is unused.
@N: CL159 :"C:\CPLD\intel\fenghuo_initial\BM_H13DSP_M\rtl\source\Pwr_seq\pwrseq_slave.v":135:20:135:41|Input i_pwrgd_ocp0_nic_pwrgd is unused.
@N: CL159 :"C:\CPLD\intel\fenghuo_initial\BM_H13DSP_M\rtl\source\Pwr_seq\pwrseq_slave.v":196:36:196:46|Input i_cpu_pwrok is unused.
Finished optimization stage 2 on pwrseq_slave_Z4 (CPU Time 0h:00m:00s, Memory Used current: 119MB peak: 162MB)
Running optimization stage 2 on pwrseq_master .......
@N: CL201 :"C:\CPLD\intel\fenghuo_initial\BM_H13DSP_M\rtl\source\Pwr_seq\pwrseq_master.v":739:0:739:5|Trying to extract state machine for register state.
Extracted state machine for register state
State machine has 35 reachable states with original encodings of:
   000000
   000001
   000010
   000011
   000100
   000101
   000110
   000111
   001000
   001001
   010000
   010001
   010010
   010011
   010100
   010101
   010110
   010111
   011000
   011001
   100000
   100001
   100010
   100011
   100100
   100101
   100110
   100111
   101000
   101001
   110000
   110001
   110010
   110011
   110100
@W: CL247 :"C:\CPLD\intel\fenghuo_initial\BM_H13DSP_M\rtl\source\Pwr_seq\pwrseq_master.v":112:28:112:42|Input port bit 1 of pch_thermtrip_n[1:0] is unused

@N: CL159 :"C:\CPLD\intel\fenghuo_initial\BM_H13DSP_M\rtl\source\Pwr_seq\pwrseq_master.v":104:20:104:25|Input t512ms is unused.
@N: CL159 :"C:\CPLD\intel\fenghuo_initial\BM_H13DSP_M\rtl\source\Pwr_seq\pwrseq_master.v":105:20:105:27|Input t1s_tick is unused.
Finished optimization stage 2 on pwrseq_master (CPU Time 0h:00m:00s, Memory Used current: 119MB peak: 162MB)
Running optimization stage 2 on cpu_module .......
@N: CL159 :"C:\CPLD\intel\fenghuo_initial\BM_H13DSP_M\rtl\source\common\cpu_module.v":5:12:5:17|Input t512us is unused.
@N: CL159 :"C:\CPLD\intel\fenghuo_initial\BM_H13DSP_M\rtl\source\common\cpu_module.v":9:12:9:23|Input i_p0_rsmrset is unused.
@N: CL159 :"C:\CPLD\intel\fenghuo_initial\BM_H13DSP_M\rtl\source\common\cpu_module.v":10:12:10:23|Input i_p1_rsmrset is unused.
Finished optimization stage 2 on cpu_module (CPU Time 0h:00m:00s, Memory Used current: 119MB peak: 162MB)
Running optimization stage 2 on Signal_Latch_0_1_0_1 .......
Finished optimization stage 2 on Signal_Latch_0_1_0_1 (CPU Time 0h:00m:00s, Memory Used current: 119MB peak: 162MB)
Running optimization stage 2 on Edge_Detect_SL_0 .......
Finished optimization stage 2 on Edge_Detect_SL_0 (CPU Time 0h:00m:00s, Memory Used current: 119MB peak: 162MB)
Running optimization stage 2 on fault_detectB_chklive_1s .......
Finished optimization stage 2 on fault_detectB_chklive_1s (CPU Time 0h:00m:00s, Memory Used current: 119MB peak: 162MB)
Running optimization stage 2 on cpu_thermtrip .......
Finished optimization stage 2 on cpu_thermtrip (CPU Time 0h:00m:00s, Memory Used current: 119MB peak: 162MB)
Running optimization stage 2 on edge_delay_2s_0_0 .......
Finished optimization stage 2 on edge_delay_2s_0_0 (CPU Time 0h:00m:00s, Memory Used current: 119MB peak: 162MB)
Running optimization stage 2 on system_rst .......
Finished optimization stage 2 on system_rst (CPU Time 0h:00m:00s, Memory Used current: 119MB peak: 162MB)
Running optimization stage 2 on lowpass_filter_3_1_0_1_4_Z3 .......
Finished optimization stage 2 on lowpass_filter_3_1_0_1_4_Z3 (CPU Time 0h:00m:00s, Memory Used current: 119MB peak: 162MB)
Running optimization stage 2 on bmc_ctl_pwrbtn .......
@W: CL190 :"C:\CPLD\intel\fenghuo_initial\BM_H13DSP_M\rtl\source\Pwr_But_Ctrl\bmc_ctl_pwrbtn.v":238:0:238:5|Optimizing register bit r_pwrbtn_counter[10] to a constant 0. To keep the instance, apply constraint syn_preserve=1 on the instance.
@W: CL190 :"C:\CPLD\intel\fenghuo_initial\BM_H13DSP_M\rtl\source\Pwr_But_Ctrl\bmc_ctl_pwrbtn.v":238:0:238:5|Optimizing register bit r_pwrbtn_counter[11] to a constant 0. To keep the instance, apply constraint syn_preserve=1 on the instance.
@W: CL190 :"C:\CPLD\intel\fenghuo_initial\BM_H13DSP_M\rtl\source\Pwr_But_Ctrl\bmc_ctl_pwrbtn.v":82:0:82:5|Optimizing register bit r_lbtn_pwrdown_cnt[9] to a constant 0. To keep the instance, apply constraint syn_preserve=1 on the instance.
@W: CL190 :"C:\CPLD\intel\fenghuo_initial\BM_H13DSP_M\rtl\source\Pwr_But_Ctrl\bmc_ctl_pwrbtn.v":82:0:82:5|Optimizing register bit r_lbtn_pwrdown_cnt[10] to a constant 0. To keep the instance, apply constraint syn_preserve=1 on the instance.
@W: CL190 :"C:\CPLD\intel\fenghuo_initial\BM_H13DSP_M\rtl\source\Pwr_But_Ctrl\bmc_ctl_pwrbtn.v":82:0:82:5|Optimizing register bit r_lbtn_pwrdown_cnt[11] to a constant 0. To keep the instance, apply constraint syn_preserve=1 on the instance.
@W: CL279 :"C:\CPLD\intel\fenghuo_initial\BM_H13DSP_M\rtl\source\Pwr_But_Ctrl\bmc_ctl_pwrbtn.v":82:0:82:5|Pruning register bits 11 to 9 of r_lbtn_pwrdown_cnt[11:0]. If this is not the intended behavior, drive the inputs with valid values, or inputs from the top level.
@W: CL279 :"C:\CPLD\intel\fenghuo_initial\BM_H13DSP_M\rtl\source\Pwr_But_Ctrl\bmc_ctl_pwrbtn.v":238:0:238:5|Pruning register bits 11 to 10 of r_pwrbtn_counter[11:0]. If this is not the intended behavior, drive the inputs with valid values, or inputs from the top level.
Finished optimization stage 2 on bmc_ctl_pwrbtn (CPU Time 0h:00m:00s, Memory Used current: 119MB peak: 162MB)
Running optimization stage 2 on Pwr_But_Ctrl_4s .......
Finished optimization stage 2 on Pwr_But_Ctrl_4s (CPU Time 0h:00m:00s, Memory Used current: 119MB peak: 162MB)
Running optimization stage 2 on lowpass_filter_3s_1_0_1_4_Z2 .......
Finished optimization stage 2 on lowpass_filter_3s_1_0_1_4_Z2 (CPU Time 0h:00m:00s, Memory Used current: 119MB peak: 162MB)
Running optimization stage 2 on p2s_slave_96s_7s .......
Finished optimization stage 2 on p2s_slave_96s_7s (CPU Time 0h:00m:00s, Memory Used current: 119MB peak: 162MB)
Running optimization stage 2 on s2p_master_96s_8s .......
Finished optimization stage 2 on s2p_master_96s_8s (CPU Time 0h:00m:00s, Memory Used current: 119MB peak: 162MB)
Running optimization stage 2 on p2s_slave_200s_8s .......
Finished optimization stage 2 on p2s_slave_200s_8s (CPU Time 0h:00m:00s, Memory Used current: 119MB peak: 162MB)
Running optimization stage 2 on s2p_master_200s_9s .......
Finished optimization stage 2 on s2p_master_200s_9s (CPU Time 0h:00m:00s, Memory Used current: 119MB peak: 162MB)
Running optimization stage 2 on pvt_gpi_64s_63s_0s_7s_Z1 .......
@W: CL190 :"C:\CPLD\intel\fenghuo_initial\BM_H13DSP_M\rtl\source\74LV165\pvt_gpi.v":35:0:35:5|Optimizing register bit bit_idx_out[6] to a constant 0. To keep the instance, apply constraint syn_preserve=1 on the instance.
@W: CL260 :"C:\CPLD\intel\fenghuo_initial\BM_H13DSP_M\rtl\source\74LV165\pvt_gpi.v":35:0:35:5|Pruning register bit 6 of bit_idx_out[6:0]. If this is not the intended behavior, drive the input with valid values, or an input from the top level.
Finished optimization stage 2 on pvt_gpi_64s_63s_0s_7s_Z1 (CPU Time 0h:00m:00s, Memory Used current: 120MB peak: 162MB)
Running optimization stage 2 on Edge_Detect .......
Finished optimization stage 2 on Edge_Detect (CPU Time 0h:00m:00s, Memory Used current: 120MB peak: 162MB)
Running optimization stage 2 on PGM_DEBOUNCE_2s_2_4s_1 .......
Finished optimization stage 2 on PGM_DEBOUNCE_2s_2_4s_1 (CPU Time 0h:00m:00s, Memory Used current: 120MB peak: 162MB)
Running optimization stage 2 on PGM_DEBOUNCE_3s_3_8s_1 .......
Finished optimization stage 2 on PGM_DEBOUNCE_3s_3_8s_1 (CPU Time 0h:00m:00s, Memory Used current: 120MB peak: 162MB)
Running optimization stage 2 on PGM_DEBOUNCE_N_21s_3_8s_1 .......
Finished optimization stage 2 on PGM_DEBOUNCE_N_21s_3_8s_1 (CPU Time 0h:00m:00s, Memory Used current: 120MB peak: 162MB)
Running optimization stage 2 on PGM_DEBOUNCE_4s_2_4s_1 .......
Finished optimization stage 2 on PGM_DEBOUNCE_4s_2_4s_1 (CPU Time 0h:00m:00s, Memory Used current: 120MB peak: 162MB)
Running optimization stage 2 on SYNC_DATA_N_17s .......
Finished optimization stage 2 on SYNC_DATA_N_17s (CPU Time 0h:00m:00s, Memory Used current: 120MB peak: 162MB)
Running optimization stage 2 on PGM_DEBOUNCE_10s_2_4s_1 .......
Finished optimization stage 2 on PGM_DEBOUNCE_10s_2_4s_1 (CPU Time 0h:00m:00s, Memory Used current: 120MB peak: 162MB)
Running optimization stage 2 on PGM_DEBOUNCE_6s_2_4s_1 .......
Finished optimization stage 2 on PGM_DEBOUNCE_6s_2_4s_1 (CPU Time 0h:00m:00s, Memory Used current: 120MB peak: 162MB)
Running optimization stage 2 on PGM_DEBOUNCE_3s_2_4s_1 .......
Finished optimization stage 2 on PGM_DEBOUNCE_3s_2_4s_1 (CPU Time 0h:00m:00s, Memory Used current: 120MB peak: 162MB)
Running optimization stage 2 on I2C_UPDATE .......
Finished optimization stage 2 on I2C_UPDATE (CPU Time 0h:00m:00s, Memory Used current: 120MB peak: 162MB)
Running optimization stage 2 on EFB .......
Finished optimization stage 2 on EFB (CPU Time 0h:00m:00s, Memory Used current: 120MB peak: 162MB)
Running optimization stage 2 on BB .......
Finished optimization stage 2 on BB (CPU Time 0h:00m:00s, Memory Used current: 120MB peak: 162MB)
Running optimization stage 2 on VHI .......
Finished optimization stage 2 on VHI (CPU Time 0h:00m:00s, Memory Used current: 120MB peak: 162MB)
Running optimization stage 2 on OSCH .......
Finished optimization stage 2 on OSCH (CPU Time 0h:00m:00s, Memory Used current: 120MB peak: 162MB)
Running optimization stage 2 on ClkDivTree .......
Finished optimization stage 2 on ClkDivTree (CPU Time 0h:00m:00s, Memory Used current: 120MB peak: 162MB)
Running optimization stage 2 on ClkDiv_5s_19s .......
Finished optimization stage 2 on ClkDiv_5s_19s (CPU Time 0h:00m:00s, Memory Used current: 120MB peak: 162MB)
Running optimization stage 2 on ClkDiv_5s_24s .......
Finished optimization stage 2 on ClkDiv_5s_24s (CPU Time 0h:00m:00s, Memory Used current: 120MB peak: 162MB)
Running optimization stage 2 on ClkDiv_1s_1s .......
Finished optimization stage 2 on ClkDiv_1s_1s (CPU Time 0h:00m:00s, Memory Used current: 120MB peak: 162MB)
Running optimization stage 2 on ClkDiv_4s_9s .......
Finished optimization stage 2 on ClkDiv_4s_9s (CPU Time 0h:00m:00s, Memory Used current: 120MB peak: 162MB)
Running optimization stage 2 on ClkDiv_3s_4s .......
Finished optimization stage 2 on ClkDiv_3s_4s (CPU Time 0h:00m:00s, Memory Used current: 120MB peak: 162MB)
Running optimization stage 2 on ClkDiv_5s_9s .......
Finished optimization stage 2 on ClkDiv_5s_9s (CPU Time 0h:00m:00s, Memory Used current: 120MB peak: 162MB)
Running optimization stage 2 on ClkDiv_6s_49s .......
Finished optimization stage 2 on ClkDiv_6s_49s (CPU Time 0h:00m:00s, Memory Used current: 120MB peak: 162MB)
Running optimization stage 2 on timer_gen .......
Finished optimization stage 2 on timer_gen (CPU Time 0h:00m:00s, Memory Used current: 120MB peak: 162MB)
Running optimization stage 2 on pon_reset .......
Finished optimization stage 2 on pon_reset (CPU Time 0h:00m:00s, Memory Used current: 120MB peak: 162MB)
Running optimization stage 2 on pll_i25M_o50M_o25M .......
Finished optimization stage 2 on pll_i25M_o50M_o25M (CPU Time 0h:00m:00s, Memory Used current: 120MB peak: 162MB)
Running optimization stage 2 on EHXPLLJ .......
Finished optimization stage 2 on EHXPLLJ (CPU Time 0h:00m:00s, Memory Used current: 120MB peak: 162MB)
Running optimization stage 2 on VLO .......
Finished optimization stage 2 on VLO (CPU Time 0h:00m:00s, Memory Used current: 120MB peak: 162MB)

For a summary of runtime per design unit, please see file:
==========================================================
@L: C:\CPLD\intel\fenghuo_initial\BM_H13DSP_M\pro\impl1\synwork\layer0.duruntime



At c_ver Exit (Real Time elapsed 0h:00m:16s; CPU Time elapsed 0h:00m:15s; Memory used current: 120MB peak: 162MB)

Process took 0h:00m:16s realtime, 0h:00m:15s cputime

Process completed successfully.
# Thu Oct 23 14:10:37 2025

###########################################################]
###########################################################[

Copyright (C) 1994-2023 Synopsys, Inc.
This Synopsys software and all associated documentation are proprietary to Synopsys, Inc.
and may only be used pursuant to the terms and conditions of a written license agreement
with Synopsys, Inc. All other use, reproduction, modification, or distribution of the
Synopsys software or the associated documentation is strictly prohibited.
Tool: Synplify Pro (R)
Build: V-2023.09L-2
Install: C:\studyware\lattice_diamond_3_14\synpbase
OS: Windows 10 or later
Hostname: Z02665MJ

Implementation : impl1
Synopsys Synopsys Netlist Linker, Version comp202309synp1, Build 349R, Built Sep 17 2024 08:16:26, @

@N|Running in 64-bit mode
File D:\lscc\diamond\3.12\synpbase\bin64\syn_nfilter.exe changed - recompiling
File D:\Work_File\CPLD_code\CPLD_DB\34.CNIT-K AMD GPU Server V200R001B01\01.MB_M CPLD\V01\BM_H13DSP_M\pro\impl1\synwork\layer0.srs changed - recompiling

At syn_nfilter Exit (Real Time elapsed 0h:00m:00s; CPU Time elapsed 0h:00m:00s; Memory used current: 99MB peak: 99MB)

Process took 0h:00m:01s realtime, 0h:00m:01s cputime

Process completed successfully.
# Thu Oct 23 14:10:37 2025

###########################################################]

For a summary of runtime and memory usage for all design units, please see file:
==========================================================
@L: C:\CPLD\intel\fenghuo_initial\BM_H13DSP_M\pro\impl1\synwork\BM_H13DSP_M_impl1_comp.rt.csv

@END

At c_hdl Exit (Real Time elapsed 0h:00m:17s; CPU Time elapsed 0h:00m:16s; Memory used current: 22MB peak: 22MB)

Process took 0h:00m:17s realtime, 0h:00m:16s cputime

Process completed successfully.
# Thu Oct 23 14:10:37 2025

###########################################################]
###########################################################[

Copyright (C) 1994-2023 Synopsys, Inc.
This Synopsys software and all associated documentation are proprietary to Synopsys, Inc.
and may only be used pursuant to the terms and conditions of a written license agreement
with Synopsys, Inc. All other use, reproduction, modification, or distribution of the
Synopsys software or the associated documentation is strictly prohibited.
Tool: Synplify Pro (R)
Build: V-2023.09L-2
Install: C:\studyware\lattice_diamond_3_14\synpbase
OS: Windows 10 or later
Hostname: Z02665MJ

Implementation : impl1
Synopsys Synopsys Netlist Linker, Version comp202309synp1, Build 349R, Built Sep 17 2024 08:16:26, @

@N|Running in 64-bit mode
File D:\lscc\diamond\3.12\synpbase\bin64\syn_nfilter.exe changed - recompiling
File D:\Work_File\CPLD_code\CPLD_DB\34.CNIT-K AMD GPU Server V200R001B01\01.MB_M CPLD\V01\BM_H13DSP_M\pro\impl1\synwork\BM_H13DSP_M_impl1_comp.srs changed - recompiling

At syn_nfilter Exit (Real Time elapsed 0h:00m:00s; CPU Time elapsed 0h:00m:00s; Memory used current: 101MB peak: 102MB)

Process took 0h:00m:01s realtime, 0h:00m:01s cputime

Process completed successfully.
# Thu Oct 23 14:10:39 2025

###########################################################]
Premap Report

# Thu Oct 23 14:10:39 2025


Copyright (C) 1994-2023 Synopsys, Inc.
This Synopsys software and all associated documentation are proprietary to Synopsys, Inc.
and may only be used pursuant to the terms and conditions of a written license agreement
with Synopsys, Inc. All other use, reproduction, modification, or distribution of the
Synopsys software or the associated documentation is strictly prohibited.
Tool: Synplify Pro (R)
Build: V-2023.09L-2
Install: C:\studyware\lattice_diamond_3_14\synpbase
OS: Windows 10 or later
Hostname: Z02665MJ

Implementation : impl1
Synopsys Lattice Technology Pre-mapping, Version map202309lat, Build 191R, Built Sep 17 2024 10:38:50, @


Mapper Startup Complete (Real Time elapsed 0h:00m:00s; CPU Time elapsed 0h:00m:00s; Memory used current: 181MB peak: 181MB)


Done reading skeleton netlist (Real Time elapsed 0h:00m:00s; CPU Time elapsed 0h:00m:00s; Memory used current: 188MB peak: 197MB)

@A: MF827 |No constraint file specified.
@L: C:\CPLD\intel\fenghuo_initial\BM_H13DSP_M\pro\impl1\BM_H13DSP_M_impl1_scck.rpt 
See clock summary report "C:\CPLD\intel\fenghuo_initial\BM_H13DSP_M\pro\impl1\BM_H13DSP_M_impl1_scck.rpt"
@N: MF916 |Option synthesis_strategy=base is enabled. 
@N: MF248 |Running in 64-bit mode.
@N: MF666 |Clock conversion enabled. (Command "set_option -fix_gated_and_generated_clocks 1" in the project file.)

Design Input Complete (Real Time elapsed 0h:00m:00s; CPU Time elapsed 0h:00m:00s; Memory used current: 203MB peak: 203MB)


Mapper Initialization Complete (Real Time elapsed 0h:00m:00s; CPU Time elapsed 0h:00m:00s; Memory used current: 203MB peak: 204MB)


Start loading timing files (Real Time elapsed 0h:00m:00s; CPU Time elapsed 0h:00m:00s; Memory used current: 214MB peak: 214MB)


Finished loading timing files (Real Time elapsed 0h:00m:00s; CPU Time elapsed 0h:00m:00s; Memory used current: 214MB peak: 216MB)

NConnInternalConnection caching is on
@N: FX493 |Applying initial value "0" on instance r_Pwrbtn_long.
@W: FX474 |User-specified initial value defined for some sequential elements which can prevent optimum synthesis results from being achieved. 
@N: FX493 |Applying initial value "0" on instance r_Pwrbtn_short.
@W: BN132 :"c:\cpld\intel\fenghuo_initial\bm_h13dsp_m\rtl\source\pwr_seq\pwrseq_master.v":303:0:303:5|Removing sequential instance pwrseq_master_inst.pon_watchdog_timeout because it is equivalent to instance pwrseq_master_inst.grp_b_pwrok_timeout. To keep the instance, apply constraint syn_preserve=1 on the instance.
@W: BN132 :"c:\cpld\intel\fenghuo_initial\bm_h13dsp_m\rtl\source\pwr_seq\pwrseq_master.v":303:0:303:5|Removing sequential instance pwrseq_master_inst.rsmrst_release_timeout because it is equivalent to instance pwrseq_master_inst.grp_a_pwrok_timeout. To keep the instance, apply constraint syn_preserve=1 on the instance.
@W: BN132 :"c:\cpld\intel\fenghuo_initial\bm_h13dsp_m\rtl\source\pwr_seq\pwrseq_master.v":669:0:669:5|Removing sequential instance pwrseq_master_inst.rsmrst_release_fail_en because it is equivalent to instance pwrseq_master_inst.grp_a_critical_fail_en. To keep the instance, apply constraint syn_preserve=1 on the instance.
@W: BN132 :"c:\cpld\intel\fenghuo_initial\bm_h13dsp_m\rtl\source\pwr_seq\pwrseq_master.v":669:0:669:5|Removing sequential instance pwrseq_master_inst.pwron_critical_fail_en because it is equivalent to instance pwrseq_master_inst.grp_b_critical_fail_en. To keep the instance, apply constraint syn_preserve=1 on the instance.

Starting HSTDM IP insertion (Real Time elapsed 0h:00m:00s; CPU Time elapsed 0h:00m:00s; Memory used current: 270MB peak: 270MB)


Finished HSTDM IP insertion (Real Time elapsed 0h:00m:01s; CPU Time elapsed 0h:00m:01s; Memory used current: 270MB peak: 270MB)

@N: MO111 :"c:\cpld\intel\fenghuo_initial\bm_h13dsp_m\rtl\source\bm_h13dsp_m_top.v":437:16:437:29|Tristate driver r_pwrdrop_code[7] (in view: work.BM_H13DSP_M(verilog)) on net r_pwrdrop_code[7] (in view: work.BM_H13DSP_M(verilog)) has its enable tied to GND.
@N: MO111 :"c:\cpld\intel\fenghuo_initial\bm_h13dsp_m\rtl\source\bm_h13dsp_m_top.v":437:16:437:29|Tristate driver r_pwrdrop_code[6] (in view: work.BM_H13DSP_M(verilog)) on net r_pwrdrop_code[6] (in view: work.BM_H13DSP_M(verilog)) has its enable tied to GND.
@N: MO111 :"c:\cpld\intel\fenghuo_initial\bm_h13dsp_m\rtl\source\bm_h13dsp_m_top.v":437:16:437:29|Tristate driver r_pwrdrop_code[5] (in view: work.BM_H13DSP_M(verilog)) on net r_pwrdrop_code[5] (in view: work.BM_H13DSP_M(verilog)) has its enable tied to GND.
@N: MO111 :"c:\cpld\intel\fenghuo_initial\bm_h13dsp_m\rtl\source\bm_h13dsp_m_top.v":437:16:437:29|Tristate driver r_pwrdrop_code[4] (in view: work.BM_H13DSP_M(verilog)) on net r_pwrdrop_code[4] (in view: work.BM_H13DSP_M(verilog)) has its enable tied to GND.
@N: MO111 :"c:\cpld\intel\fenghuo_initial\bm_h13dsp_m\rtl\source\bm_h13dsp_m_top.v":437:16:437:29|Tristate driver r_pwrdrop_code[3] (in view: work.BM_H13DSP_M(verilog)) on net r_pwrdrop_code[3] (in view: work.BM_H13DSP_M(verilog)) has its enable tied to GND.
@N: MO111 :"c:\cpld\intel\fenghuo_initial\bm_h13dsp_m\rtl\source\bm_h13dsp_m_top.v":437:16:437:29|Tristate driver r_pwrdrop_code[2] (in view: work.BM_H13DSP_M(verilog)) on net r_pwrdrop_code[2] (in view: work.BM_H13DSP_M(verilog)) has its enable tied to GND.
@N: MO111 :"c:\cpld\intel\fenghuo_initial\bm_h13dsp_m\rtl\source\bm_h13dsp_m_top.v":437:16:437:29|Tristate driver r_pwrdrop_code[1] (in view: work.BM_H13DSP_M(verilog)) on net r_pwrdrop_code[1] (in view: work.BM_H13DSP_M(verilog)) has its enable tied to GND.
@N: MO111 :"c:\cpld\intel\fenghuo_initial\bm_h13dsp_m\rtl\source\bm_h13dsp_m_top.v":437:16:437:29|Tristate driver r_pwrdrop_code[0] (in view: work.BM_H13DSP_M(verilog)) on net r_pwrdrop_code[0] (in view: work.BM_H13DSP_M(verilog)) has its enable tied to GND.
@N: MO111 :"c:\cpld\intel\fenghuo_initial\bm_h13dsp_m\rtl\source\bm_h13dsp_m_top.v":438:16:438:29|Tristate driver r_timeout_code[7] (in view: work.BM_H13DSP_M(verilog)) on net r_timeout_code[7] (in view: work.BM_H13DSP_M(verilog)) has its enable tied to GND.
@N: MO111 :"c:\cpld\intel\fenghuo_initial\bm_h13dsp_m\rtl\source\bm_h13dsp_m_top.v":438:16:438:29|Tristate driver r_timeout_code[6] (in view: work.BM_H13DSP_M(verilog)) on net r_timeout_code[6] (in view: work.BM_H13DSP_M(verilog)) has its enable tied to GND.

Started DisTri Cleanup (Real Time elapsed 0h:00m:01s; CPU Time elapsed 0h:00m:01s; Memory used current: 270MB peak: 270MB)


Finished DisTri Cleanup (Real Time elapsed 0h:00m:01s; CPU Time elapsed 0h:00m:01s; Memory used current: 270MB peak: 271MB)

@N: BN115 :"c:\cpld\intel\fenghuo_initial\bm_h13dsp_m\rtl\source\pwr_but_ctrl\pwr_but_ctrl.v":69:1:69:17|Removing instance BMC_PwrBtn_Filter (in view: work.Pwr_But_Ctrl_4s(verilog)) because it does not drive other instances.
@N: BN115 :"c:\cpld\intel\fenghuo_initial\bm_h13dsp_m\rtl\source\pwr_but_ctrl\pwr_but_ctrl.v":82:1:82:14|Removing instance DBP_BTN_Filter (in view: work.Pwr_But_Ctrl_4s(verilog)) because it does not drive other instances.
@N: BN362 :"c:\cpld\intel\fenghuo_initial\bm_h13dsp_m\rtl\source\common\pon_reset.v":76:0:76:5|Removing sequential instance pon_reset_db_n (in view: work.pon_reset(verilog)) of type view:PrimLib.dffr(prim) because it does not drive other instances.
@N: BN362 :"c:\cpld\intel\fenghuo_initial\bm_h13dsp_m\rtl\source\common\pon_reset.v":61:0:61:5|Removing sequential instance pgd_aux_system_sasd (in view: work.pon_reset(verilog)) of type view:PrimLib.sdffr(prim) because it does not drive other instances.
@N: BN362 :"c:\cpld\intel\fenghuo_initial\bm_h13dsp_m\rtl\source\common\timer_gen_50mhz.v":46:2:46:7|Removing sequential instance t40ns (in view: work.timer_gen(verilog)) of type view:PrimLib.dffr(prim) because it does not drive other instances.
@N: BN362 :"c:\cpld\intel\fenghuo_initial\bm_h13dsp_m\rtl\source\common\timer_gen_50mhz.v":46:2:46:7|Removing sequential instance t160ns (in view: work.timer_gen(verilog)) of type view:PrimLib.dffr(prim) because it does not drive other instances.
@N: BN362 :"c:\cpld\intel\fenghuo_initial\bm_h13dsp_m\rtl\source\common\timer_gen_50mhz.v":86:0:86:5|Removing sequential instance t2us (in view: work.timer_gen(verilog)) of type view:PrimLib.dffr(prim) because it does not drive other instances.
@N: BN362 :"c:\cpld\intel\fenghuo_initial\bm_h13dsp_m\rtl\source\common\timer_gen_50mhz.v":86:0:86:5|Removing sequential instance t128us (in view: work.timer_gen(verilog)) of type view:PrimLib.dffr(prim) because it does not drive other instances.
@N: BN362 :"c:\cpld\intel\fenghuo_initial\bm_h13dsp_m\rtl\source\common\timer_gen_50mhz.v":86:0:86:5|Removing sequential instance t16ms (in view: work.timer_gen(verilog)) of type view:PrimLib.dffr(prim) because it does not drive other instances.
@N: BN362 :"c:\cpld\intel\fenghuo_initial\bm_h13dsp_m\rtl\source\pwr_but_ctrl\pwr_but_ctrl.v":158:0:158:5|Removing sequential instance r_Pwrbtn_short (in view: work.Pwr_But_Ctrl_4s(verilog)) of type view:PrimLib.dffre(prim) because it does not drive other instances.
@N: BN362 :"c:\cpld\intel\fenghuo_initial\bm_h13dsp_m\rtl\source\pwr_but_ctrl\pwr_but_ctrl.v":158:0:158:5|Removing sequential instance r_Pwrbtn_long (in view: work.Pwr_But_Ctrl_4s(verilog)) of type view:PrimLib.dffre(prim) because it does not drive other instances.
@N: BN362 :"c:\cpld\intel\fenghuo_initial\bm_h13dsp_m\rtl\source\pwr_but_ctrl\pwr_but_ctrl.v":195:0:195:5|Removing sequential instance r_power_state[1] (in view: work.Pwr_But_Ctrl_4s(verilog)) of type view:PrimLib.dffs(prim) because it does not drive other instances.
@N: BN362 :"c:\cpld\intel\fenghuo_initial\bm_h13dsp_m\rtl\source\pwr_but_ctrl\pwr_but_ctrl.v":254:0:254:5|Removing sequential instance r_pwr_btn_dly (in view: work.Pwr_But_Ctrl_4s(verilog)) of type view:PrimLib.dffse(prim) because it does not drive other instances.
@N: BN362 :"c:\cpld\intel\fenghuo_initial\bm_h13dsp_m\rtl\source\signal_latch\signal_latch.v":51:0:51:5|Removing sequential instance rAlert (in view: work.Signal_Latch_0_1_0_2(verilog)) of type view:PrimLib.dffr(prim) because it does not drive other instances.
@N: BN362 :"c:\cpld\intel\fenghuo_initial\bm_h13dsp_m\rtl\source\signal_latch\signal_latch.v":51:0:51:5|Removing sequential instance rAlert (in view: work.Signal_Latch_0_1_0_0(verilog)) of type view:PrimLib.dffr(prim) because it does not drive other instances.
@N: BN362 :"c:\cpld\intel\fenghuo_initial\bm_h13dsp_m\rtl\source\pwr_seq\pwrseq_master.v":530:0:530:5|Removing sequential instance cpld_latch_sys_off (in view: work.pwrseq_master(verilog)) of type view:PrimLib.dffr(prim) because it does not drive other instances.
@N: BN362 :"c:\cpld\intel\fenghuo_initial\bm_h13dsp_m\rtl\source\pwr_seq\pwrseq_slave.v":315:0:315:5|Removing sequential instance reg_pwrok[0] (in view: work.pwrseq_slave_Z4(verilog)) of type view:PrimLib.dffre(prim) because it does not drive other instances.
@N: BN362 :"c:\cpld\intel\fenghuo_initial\bm_h13dsp_m\rtl\source\uart\mcio_uart_master.v":252:0:252:5|Removing sequential instance error_flag (in view: work.UART_MASTER_Z5_1(verilog)) of type view:PrimLib.dffre(prim) because it does not drive other instances.
@N: BN362 :"c:\cpld\intel\fenghuo_initial\bm_h13dsp_m\rtl\source\uart\mcio_uart_master.v":252:0:252:5|Removing sequential instance error_flag (in view: work.UART_MASTER_Z5_0(verilog)) of type view:PrimLib.dffre(prim) because it does not drive other instances.
@N: BN362 :"c:\cpld\intel\fenghuo_initial\bm_h13dsp_m\rtl\source\bmc_i2c\bmc_cpld_i2c_ram.v":1761:0:1761:5|Removing sequential instance r_reg_0202[0] (in view: work.bmc_cpld_i2c_ram_16s(verilog)) of type view:PrimLib.dffse(prim) because it does not drive other instances.
@N: BN362 :"c:\cpld\intel\fenghuo_initial\bm_h13dsp_m\rtl\source\bmc_i2c\bmc_cpld_i2c_ram.v":1770:0:1770:5|Removing sequential instance r_reg_0203[0] (in view: work.bmc_cpld_i2c_ram_16s(verilog)) of type view:PrimLib.dffse(prim) because it does not drive other instances.
@N: BN115 :"c:\cpld\intel\fenghuo_initial\bm_h13dsp_m\rtl\source\common\clkdivtree.v":190:1:190:5|Removing instance m1SCE (in view: work.ClkDivTree(verilog)) because it does not drive other instances.
@N: BN362 :"c:\cpld\intel\fenghuo_initial\bm_h13dsp_m\rtl\source\common\cpu_module.v":68:0:68:5|Removing sequential instance r_p1_pwrok (in view: work.cpu_module(verilog)) of type view:PrimLib.dffs(prim) because it does not drive other instances.
@N: BN362 :"c:\cpld\intel\fenghuo_initial\bm_h13dsp_m\rtl\source\common\cpu_module.v":120:0:120:5|Removing sequential instance r_p1_prsnt_n (in view: work.cpu_module(verilog)) of type view:PrimLib.dffs(prim) because it does not drive other instances.
@N: BN362 :"c:\cpld\intel\fenghuo_initial\bm_h13dsp_m\rtl\source\common\pon_reset.v":61:0:61:5|Removing sequential instance pgd_aux_system_reg (in view: work.pon_reset(verilog)) of type view:PrimLib.sdffr(prim) because it does not drive other instances.
@N: BN362 :"c:\cpld\intel\fenghuo_initial\bm_h13dsp_m\rtl\source\common\clkdiv.v":83:0:83:5|Removing sequential instance rDivClk_q (in view: work.ClkDiv_3s_4s_0(verilog)) of type view:PrimLib.dffr(prim) because it does not drive other instances.
@N: BN115 :"c:\cpld\intel\fenghuo_initial\bm_h13dsp_m\rtl\source\common\clkdivtree.v":174:1:174:8|Removing instance m250mSCE (in view: work.ClkDivTree(verilog)) because it does not drive other instances.
@N: BN362 :"c:\cpld\intel\fenghuo_initial\bm_h13dsp_m\rtl\source\pwr_but_ctrl\pwr_but_ctrl.v":237:0:237:5|Removing sequential instance r_pwr_btn_state[1:0] (in view: work.Pwr_But_Ctrl_4s(verilog)) of type view:PrimLib.dffr(prim) because it does not drive other instances.
@N: BN362 :"c:\cpld\intel\fenghuo_initial\bm_h13dsp_m\rtl\source\common\edge_detect.v":59:0:59:5|Removing sequential instance r_signal_d (in view: work.Edge_Detect_3(verilog)) of type view:PrimLib.dffr(prim) because it does not drive other instances.
@N: BN362 :"c:\cpld\intel\fenghuo_initial\bm_h13dsp_m\rtl\source\common\clkdiv.v":83:0:83:5|Removing sequential instance rDivClk_q (in view: work.ClkDiv_5s_24s(verilog)) of type view:PrimLib.dffr(prim) because it does not drive other instances.
@N: BN115 :"c:\cpld\intel\fenghuo_initial\bm_h13dsp_m\rtl\source\common\clkdivtree.v":218:1:218:7|Removing instance m10mSCE (in view: work.ClkDivTree(verilog)) because it does not drive other instances.
@N: BN362 :"c:\cpld\intel\fenghuo_initial\bm_h13dsp_m\rtl\source\common\edge_detect.v":45:0:45:5|Removing sequential instance r_signal_b (in view: work.Edge_Detect_2(verilog)) of type view:PrimLib.dffs(prim) because it does not drive other instances.
@N: BN362 :"c:\cpld\intel\fenghuo_initial\bm_h13dsp_m\rtl\source\common\edge_detect.v":45:0:45:5|Removing sequential instance r_signal_b (in view: work.Edge_Detect_1(verilog)) of type view:PrimLib.dffs(prim) because it does not drive other instances.
@N: BN362 :"c:\cpld\intel\fenghuo_initial\bm_h13dsp_m\rtl\source\common\edge_detect.v":45:0:45:5|Removing sequential instance r_signal_b (in view: work.Edge_Detect_4(verilog)) of type view:PrimLib.dffs(prim) because it does not drive other instances.
@N: BN362 :"c:\cpld\intel\fenghuo_initial\bm_h13dsp_m\rtl\source\common\edge_detect.v":59:0:59:5|Removing sequential instance r_signal_c (in view: work.Edge_Detect_3(verilog)) of type view:PrimLib.dffr(prim) because it does not drive other instances.
@N: BN362 :"c:\cpld\intel\fenghuo_initial\bm_h13dsp_m\rtl\source\common\clkdiv.v":83:0:83:5|Removing sequential instance rDivClk_q (in view: work.ClkDiv_5s_9s_0(verilog)) of type view:PrimLib.dffr(prim) because it does not drive other instances.
@N: BN362 :"c:\cpld\intel\fenghuo_initial\bm_h13dsp_m\rtl\source\common\edge_detect.v":45:0:45:5|Removing sequential instance r_signal_a (in view: work.Edge_Detect_2(verilog)) of type view:PrimLib.dffs(prim) because it does not drive other instances.
@N: BN362 :"c:\cpld\intel\fenghuo_initial\bm_h13dsp_m\rtl\source\common\edge_detect.v":45:0:45:5|Removing sequential instance r_signal_a (in view: work.Edge_Detect_1(verilog)) of type view:PrimLib.dffs(prim) because it does not drive other instances.
@N: BN362 :"c:\cpld\intel\fenghuo_initial\bm_h13dsp_m\rtl\source\common\edge_detect.v":45:0:45:5|Removing sequential instance r_signal_a (in view: work.Edge_Detect_4(verilog)) of type view:PrimLib.dffs(prim) because it does not drive other instances.
@N: BN362 :"c:\cpld\intel\fenghuo_initial\bm_h13dsp_m\rtl\source\espi_link\espi_link.v":71:0:71:5|Removing sequential instance state_save[63:8] (in view: work.espi_link(verilog)) of type view:PrimLib.dffr(prim) because it does not drive other instances.
@N: BN362 :"c:\cpld\intel\fenghuo_initial\bm_h13dsp_m\rtl\source\espi_link\espi_link.v":71:0:71:5|Removing sequential instance state_save[4:0] (in view: work.espi_link(verilog)) of type view:PrimLib.dffr(prim) because it does not drive other instances.
@N: BN362 :"c:\cpld\intel\fenghuo_initial\bm_h13dsp_m\rtl\source\pwr_seq\pwrseq_slave.v":315:0:315:5|Removing sequential instance reg_power_supply_on (in view: work.pwrseq_slave_Z4(verilog)) of type view:PrimLib.dffre(prim) because it does not drive other instances.
@N: BN362 :"c:\cpld\intel\fenghuo_initial\bm_h13dsp_m\rtl\source\pwr_seq\pwrseq_slave.v":315:0:315:5|Removing sequential instance reached_sm_wait_powerok (in view: work.pwrseq_slave_Z4(verilog)) of type view:PrimLib.dffre(prim) because it does not drive other instances.
@N: BN362 :"c:\cpld\intel\fenghuo_initial\bm_h13dsp_m\rtl\source\pwr_seq\pwrseq_master.v":516:0:516:5|Removing sequential instance turn_on_wait (in view: work.pwrseq_master(verilog)) of type view:PrimLib.dffre(prim) because it does not drive other instances.
@N: BN362 :"c:\cpld\intel\fenghuo_initial\bm_h13dsp_m\rtl\source\pwr_seq\pwrseq_master.v":727:0:727:5|Removing sequential instance pgd_raw (in view: work.pwrseq_master(verilog)) of type view:PrimLib.dffr(prim) because it does not drive other instances.
@N: BN362 :"c:\cpld\intel\fenghuo_initial\bm_h13dsp_m\rtl\source\pwr_but_ctrl\pwr_but_ctrl.v":114:0:114:5|Removing sequential instance r_cnt_100ms[7:0] (in view: work.Pwr_But_Ctrl_4s(verilog)) of type view:PrimLib.dffr(prim) because it does not drive other instances.
@N: BN362 :"c:\cpld\intel\fenghuo_initial\bm_h13dsp_m\rtl\source\pwr_but_ctrl\pwr_but_ctrl.v":222:0:222:5|Removing sequential instance r_ac_init_cnt[12:0] (in view: work.Pwr_But_Ctrl_4s(verilog)) of type view:PrimLib.dffr(prim) because it does not drive other instances.
@N: BN362 :"c:\cpld\intel\fenghuo_initial\bm_h13dsp_m\rtl\source\pwr_but_ctrl\pwr_but_ctrl.v":158:0:158:5|Removing sequential instance r_cnt_pwr_btn[7:0] (in view: work.Pwr_But_Ctrl_4s(verilog)) of type view:PrimLib.dffr(prim) because it does not drive other instances.
@N: BN362 :"c:\cpld\intel\fenghuo_initial\bm_h13dsp_m\rtl\source\pwr_but_ctrl\pwr_but_ctrl.v":114:0:114:5|Removing sequential instance r_clk_100ms (in view: work.Pwr_But_Ctrl_4s(verilog)) of type view:PrimLib.dffr(prim) because it does not drive other instances.
@N: BN362 :"c:\cpld\intel\fenghuo_initial\bm_h13dsp_m\rtl\source\pwr_but_ctrl\pwr_but_ctrl.v":138:0:138:5|Removing sequential instance r_pwr_btn_dly2 (in view: work.Pwr_But_Ctrl_4s(verilog)) of type view:PrimLib.dffs(prim) because it does not drive other instances.
@N: BN362 :"c:\cpld\intel\fenghuo_initial\bm_h13dsp_m\rtl\source\pwr_but_ctrl\pwr_but_ctrl.v":138:0:138:5|Removing sequential instance r_pwr_btn_dly1 (in view: work.Pwr_But_Ctrl_4s(verilog)) of type view:PrimLib.dffs(prim) because it does not drive other instances.
@N: BN362 :"c:\cpld\intel\fenghuo_initial\bm_h13dsp_m\rtl\source\common\timer_gen_50mhz.v":132:0:132:5|Removing sequential instance clk_4hz (in view: work.timer_gen(verilog)) of type view:PrimLib.dffre(prim) because it does not drive other instances.
@N: BN362 :"c:\cpld\intel\fenghuo_initial\bm_h13dsp_m\rtl\source\common\timer_gen_50mhz.v":132:0:132:5|Removing sequential instance clk_1hz (in view: work.timer_gen(verilog)) of type view:PrimLib.dffre(prim) because it does not drive other instances.
@N: BN362 :"c:\cpld\intel\fenghuo_initial\bm_h13dsp_m\rtl\source\common\timer_gen_50mhz.v":86:0:86:5|Removing sequential instance t32us (in view: work.timer_gen(verilog)) of type view:PrimLib.dffr(prim) because it does not drive other instances.
@N: BN362 :"c:\cpld\intel\fenghuo_initial\bm_h13dsp_m\rtl\source\common\timer_gen_50mhz.v":191:0:191:5|Removing sequential instance clk_16m6_q2_count[1:0] (in view: work.timer_gen(verilog)) of type view:PrimLib.dffr(prim) because it does not drive other instances.
@N: BN362 :"c:\cpld\intel\fenghuo_initial\bm_h13dsp_m\rtl\source\common\timer_gen_50mhz.v":168:0:168:5|Removing sequential instance clk_16m6_q1_count[1:0] (in view: work.timer_gen(verilog)) of type view:PrimLib.dffr(prim) because it does not drive other instances.
@N: BN362 :"c:\cpld\intel\fenghuo_initial\bm_h13dsp_m\rtl\source\common\timer_gen_50mhz.v":36:2:36:7|Removing sequential instance cnt20ns[2:0] (in view: work.timer_gen(verilog)) of type view:PrimLib.dffr(prim) because it does not drive other instances.
@N: BN362 :"c:\cpld\intel\fenghuo_initial\bm_h13dsp_m\rtl\source\common\timer_gen_50mhz.v":46:2:46:7|Removing sequential instance t80ns (in view: work.timer_gen(verilog)) of type view:PrimLib.dffr(prim) because it does not drive other instances.
@N: BN362 :"c:\cpld\intel\fenghuo_initial\bm_h13dsp_m\rtl\source\common\timer_gen_50mhz.v":191:0:191:5|Removing sequential instance clk_16m6_q2 (in view: work.timer_gen(verilog)) of type view:PrimLib.dffre(prim) because it does not drive other instances.
@N: BN362 :"c:\cpld\intel\fenghuo_initial\bm_h13dsp_m\rtl\source\common\timer_gen_50mhz.v":168:0:168:5|Removing sequential instance clk_16m6_q1 (in view: work.timer_gen(verilog)) of type view:PrimLib.dffre(prim) because it does not drive other instances.
@N: BN362 :"c:\cpld\intel\fenghuo_initial\bm_h13dsp_m\rtl\source\common\timer_gen_50mhz.v":132:0:132:5|Removing sequential instance clk_16khz (in view: work.timer_gen(verilog)) of type view:PrimLib.dffre(prim) because it does not drive other instances.
@N: BN362 :"c:\cpld\intel\fenghuo_initial\bm_h13dsp_m\rtl\source\common\timer_gen_50mhz.v":132:0:132:5|Removing sequential instance clk_6m25 (in view: work.timer_gen(verilog)) of type view:PrimLib.dffre(prim) because it does not drive other instances.
Encoding state machine state[34:0] (in view: work.pwrseq_master(verilog))
original code -> new code
   000000 -> 00000000000000000000000000000000001
   000001 -> 00000000000000000000000000000000010
   000010 -> 00000000000000000000000000000000100
   000011 -> 00000000000000000000000000000001000
   000100 -> 00000000000000000000000000000010000
   000101 -> 00000000000000000000000000000100000
   000110 -> 00000000000000000000000000001000000
   000111 -> 00000000000000000000000000010000000
   001000 -> 00000000000000000000000000100000000
   001001 -> 00000000000000000000000001000000000
   010000 -> 00000000000000000000000010000000000
   010001 -> 00000000000000000000000100000000000
   010010 -> 00000000000000000000001000000000000
   010011 -> 00000000000000000000010000000000000
   010100 -> 00000000000000000000100000000000000
   010101 -> 00000000000000000001000000000000000
   010110 -> 00000000000000000010000000000000000
   010111 -> 00000000000000000100000000000000000
   011000 -> 00000000000000001000000000000000000
   011001 -> 00000000000000010000000000000000000
   100000 -> 00000000000000100000000000000000000
   100001 -> 00000000000001000000000000000000000
   100010 -> 00000000000010000000000000000000000
   100011 -> 00000000000100000000000000000000000
   100100 -> 00000000001000000000000000000000000
   100101 -> 00000000010000000000000000000000000
   100110 -> 00000000100000000000000000000000000
   100111 -> 00000001000000000000000000000000000
   101000 -> 00000010000000000000000000000000000
   101001 -> 00000100000000000000000000000000000
   110000 -> 00001000000000000000000000000000000
   110001 -> 00010000000000000000000000000000000
   110010 -> 00100000000000000000000000000000000
   110011 -> 01000000000000000000000000000000000
   110100 -> 10000000000000000000000000000000000
Encoding state machine curr_state[5:0] (in view: work.UART_MASTER_Z5_1(verilog))
original code -> new code
   000 -> 000001
   001 -> 000010
   010 -> 000100
   011 -> 001000
   100 -> 010000
   101 -> 100000
Encoding state machine curr_state[5:0] (in view: work.UART_MASTER_Z5_0(verilog))
original code -> new code
   000 -> 000001
   001 -> 000010
   010 -> 000100
   011 -> 001000
   100 -> 010000
   101 -> 100000
Encoding state machine current_state[31:0] (in view: work.espi_link(verilog))
original code -> new code
   00000000 -> 00000000000000000000000000000001
   00000001 -> 00000000000000000000000000000010
   00000010 -> 00000000000000000000000000000100
   00000011 -> 00000000000000000000000000001000
   00000100 -> 00000000000000000000000000010000
   00000101 -> 00000000000000000000000000100000
   00000110 -> 00000000000000000000000001000000
   00000111 -> 00000000000000000000000010000000
   00001000 -> 00000000000000000000000100000000
   00001001 -> 00000000000000000000001000000000
   00001010 -> 00000000000000000000010000000000
   00001011 -> 00000000000000000000100000000000
   00001100 -> 00000000000000000001000000000000
   00001101 -> 00000000000000000010000000000000
   00001110 -> 00000000000000000100000000000000
   00001111 -> 00000000000000001000000000000000
   00010000 -> 00000000000000010000000000000000
   00010001 -> 00000000000000100000000000000000
   00010010 -> 00000000000001000000000000000000
   00010011 -> 00000000000010000000000000000000
   00010100 -> 00000000000100000000000000000000
   00010101 -> 00000000001000000000000000000000
   00010110 -> 00000000010000000000000000000000
   00010111 -> 00000000100000000000000000000000
   00011000 -> 00000001000000000000000000000000
   00011001 -> 00000010000000000000000000000000
   00011010 -> 00000100000000000000000000000000
   00011011 -> 00001000000000000000000000000000
   00011100 -> 00010000000000000000000000000000
   00011101 -> 00100000000000000000000000000000
   00011110 -> 01000000000000000000000000000000
   00011111 -> 10000000000000000000000000000000
Encoding state machine r_I2C_state[19:0] (in view: work.i2c_slave_basic0_3s_16s_0(verilog))
original code -> new code
   00000 -> 00000000000000000001
   00001 -> 00000000000000000010
   00010 -> 00000000000000000100
   00011 -> 00000000000000001000
   00100 -> 00000000000000010000
   00101 -> 00000000000000100000
   00110 -> 00000000000001000000
   00111 -> 00000000000010000000
   01000 -> 00000000000100000000
   01001 -> 00000000001000000000
   01010 -> 00000000010000000000
   01011 -> 00000000100000000000
   01100 -> 00000001000000000000
   01101 -> 00000010000000000000
   01110 -> 00000100000000000000
   01111 -> 00001000000000000000
   10000 -> 00010000000000000000
   10001 -> 00100000000000000000
   10010 -> 01000000000000000000
   10011 -> 10000000000000000000
Encoding state machine r_I2C_state[19:0] (in view: work.i2c_slave_basic0_3s_16s_1(verilog))
original code -> new code
   00000 -> 00000000000000000001
   00001 -> 00000000000000000010
   00010 -> 00000000000000000100
   00011 -> 00000000000000001000
   00100 -> 00000000000000010000
   00101 -> 00000000000000100000
   00110 -> 00000000000001000000
   00111 -> 00000000000010000000
   01000 -> 00000000000100000000
   01001 -> 00000000001000000000
   01010 -> 00000000010000000000
   01011 -> 00000000100000000000
   01100 -> 00000001000000000000
   01101 -> 00000010000000000000
   01110 -> 00000100000000000000
   01111 -> 00001000000000000000
   10000 -> 00010000000000000000
   10001 -> 00100000000000000000
   10010 -> 01000000000000000000
   10011 -> 10000000000000000000

Starting clock optimization phase (Real Time elapsed 0h:00m:06s; CPU Time elapsed 0h:00m:06s; Memory used current: 326MB peak: 326MB)


mixed edge conversion for GCC is OFF
@W: BZ204 :"c:\cpld\intel\fenghuo_initial\bm_h13dsp_m\rtl\source\pll\pll_i25m_o50m_o25m.v":67:12:67:20|GCC unable to propagate clocks through gate pll_inst.PLLInst_0; all outputs will be treated as enables regardless of whether any inputs are clocks
@W: BZ240 :|GCC encountered Inferred Clock constraint on net GCC considers to be data pll_inst.CLKOP; this will likely lead to failure to convert
@W: BZ240 :|GCC encountered Inferred Clock constraint on net GCC considers to be data pll_inst.CLKOS; this will likely lead to failure to convert
@N: MF578 |Incompatible asynchronous control logic preventing generated clock conversion.
@W: BZ240 :|GCC encountered Inferred Clock constraint on net GCC considers to be data bmc_cpld_i2c_ram_u0.i2c_slave_bmc_u0.w_i2c_command_1; this will likely lead to failure to convert
@W: BZ240 :|GCC encountered Inferred Clock constraint on net GCC considers to be data timer_gen_inst.t1us; this will likely lead to failure to convert
@W: BZ240 :|GCC encountered Inferred Clock constraint on net GCC considers to be data s2p_164_u1.sclk; this will likely lead to failure to convert
@W: BZ240 :|GCC encountered Inferred Clock constraint on net GCC considers to be data mClkDivTree.m1mSCE.rDivClk_q; this will likely lead to failure to convert
@W: BZ240 :|GCC encountered Inferred Clock constraint on net GCC considers to be data bios_cpld_i2c_ram_u0.i2c_slave_bmc_u0.w_i2c_command_1; this will likely lead to failure to convert
@W: BZ240 :|GCC encountered Inferred Clock constraint on net GCC considers to be data o_P0_PWR_BTN_R_N; this will likely lead to failure to convert

Finished clock optimization phase (Real Time elapsed 0h:00m:06s; CPU Time elapsed 0h:00m:06s; Memory used current: 327MB peak: 327MB)

@W: BZ101 |Potential glitch can occur at the output of 19 instances  
@N: MT611 :|Automatically generated clock i2c_slave_bmc_16s_1|w_i2c_command_1_inferred_clock is not used and is being removed
@N: MT611 :|Automatically generated clock i2c_slave_bmc_16s_0|w_i2c_command_1_inferred_clock is not used and is being removed

Starting clock optimization report phase (Real Time elapsed 0h:00m:06s; CPU Time elapsed 0h:00m:06s; Memory used current: 327MB peak: 328MB)


Finished clock optimization report phase (Real Time elapsed 0h:00m:06s; CPU Time elapsed 0h:00m:06s; Memory used current: 327MB peak: 328MB)

@N: FX1184 |Applying syn_allowed_resources blockrams=240 on top level netlist BM_H13DSP_M 

Finished netlist restructuring (Real Time elapsed 0h:00m:06s; CPU Time elapsed 0h:00m:06s; Memory used current: 327MB peak: 328MB)



Clock Summary
******************

          Start                                           Requested     Requested     Clock                                                      Clock          Clock
Level     Clock                                           Frequency     Period        Type                                                       Group          Load 
---------------------------------------------------------------------------------------------------------------------------------------------------------------------
0 -       pll_i25M_o50M_o25M|CLKOP_inferred_clock         100.0 MHz     10.000        inferred                                                   (multiple)     2038 
1 .         ClkDiv_1s_1s|rDivClk_q_derived_clock          100.0 MHz     10.000        derived (from pll_i25M_o50M_o25M|CLKOP_inferred_clock)     (multiple)     9    
1 .         timer_gen|t1us_derived_clock                  100.0 MHz     10.000        derived (from pll_i25M_o50M_o25M|CLKOP_inferred_clock)     (multiple)     2    
2 ..          s2p_164|sclk_derived_clock                  100.0 MHz     10.000        derived (from timer_gen|t1us_derived_clock)                (multiple)     5    
                                                                                                                                                                     
0 -       pll_i25M_o50M_o25M|CLKOS_inferred_clock         100.0 MHz     10.000        inferred                                                   (multiple)     598  
                                                                                                                                                                     
0 -       BM_H13DSP_M|i_CPLD_ESPI_CLK                     100.0 MHz     10.000        inferred                                                   (multiple)     176  
                                                                                                                                                                     
0 -       BM_H13DSP_M|o_P0_PWR_BTN_R_N_inferred_clock     100.0 MHz     10.000        inferred                                                   (multiple)     0    
=====================================================================================================================================================================



Clock Load Summary
***********************

                                                Clock     Source                                      Clock Pin                                 Non-clock Pin                                         Non-clock Pin                          
Clock                                           Load      Pin                                         Seq Example                               Seq Example                                           Comb Example                           
---------------------------------------------------------------------------------------------------------------------------------------------------------------------------------------------------------------------------------------------
pll_i25M_o50M_o25M|CLKOP_inferred_clock         2038      pll_inst.PLLInst_0.CLKOP(EHXPLLJ)           r_p12v_discharge_r.C                      -                                                     -                                      
ClkDiv_1s_1s|rDivClk_q_derived_clock            9         mClkDivTree.m1mSCE.rDivClk_q.Q[0](dffr)     s2p_164_u1.r_old_data[0].C                mClkDivTree.m20mSCE.rDivClk_q.D[0]                    mClkDivTree.m20mSCE.rDivClk_d.I[1](and)
timer_gen|t1us_derived_clock                    2         timer_gen_inst.t1us.Q[0](dffr)              s2p_164_u1.o_sclk.C                       pwrseq_slave_inst.fault_save_en.E                     s2p_164_u1.un1_tick.I[0](inv)          
s2p_164|sclk_derived_clock                      5         s2p_164_u1.sclk.Q[0](dffr)                  s2p_164_u1.so.C                           -                                                     -                                      
                                                                                                                                                                                                                                             
pll_i25M_o50M_o25M|CLKOS_inferred_clock         598       pll_inst.PLLInst_0.CLKOS(EHXPLLJ)           bmc_cpld_i2c_ram_u0.r_reg_0006[7:0].C     -                                                     -                                      
                                                                                                                                                                                                                                             
BM_H13DSP_M|i_CPLD_ESPI_CLK                     176       i_CPLD_ESPI_CLK(port)                       bios_espi_link.data_byte_in[7:0].C        -                                                     bios_espi_link.un1_ESPI_CLK.I[0](inv)  
                                                                                                                                                                                                                                             
BM_H13DSP_M|o_P0_PWR_BTN_R_N_inferred_clock     0         o_P0_PWR_BTN_R_N.OUT(and)                   -                                         pwrseq_master_inst.Edge_Detect_U1.r_signal_c.D[0]     un1_w_pal_pwrbtn_n_r.I[0](inv)         
=============================================================================================================================================================================================================================================

@W: MT531 :"c:\cpld\intel\fenghuo_initial\bm_h13dsp_m\rtl\source\common\cpu_module.v":102:0:102:5|Found signal identified as System clock which controls 34 sequential elements including cpu_module_u1.r_p0_slp_s5_n.  Using this clock, which has no specified timing constraint, can prevent conversion of gated or generated clocks and can adversely impact design performance. 
@W: MT529 :"c:\cpld\intel\fenghuo_initial\bm_h13dsp_m\rtl\source\common\pon_reset.v":43:0:43:5|Found inferred clock pll_i25M_o50M_o25M|CLKOP_inferred_clock which controls 2038 sequential elements including pon_reset_inst.reset2_reg[2:0]. This clock has no specified timing constraint which may prevent conversion of gated or generated clocks and may adversely impact design performance. 
@W: MT529 :"c:\cpld\intel\fenghuo_initial\bm_h13dsp_m\rtl\source\espi_link\pcie_dync_alloc.v":16:0:16:5|Found inferred clock pll_i25M_o50M_o25M|CLKOS_inferred_clock which controls 598 sequential elements including bios_cpld_i2c_ram_u0.cpu0_ge3_alloc.o_pcie_date[3:0]. This clock has no specified timing constraint which may prevent conversion of gated or generated clocks and may adversely impact design performance. 
@W: MT529 :"c:\cpld\intel\fenghuo_initial\bm_h13dsp_m\rtl\source\espi_link\espi_link.v":80:0:80:5|Found inferred clock BM_H13DSP_M|i_CPLD_ESPI_CLK which controls 176 sequential elements including bios_espi_link.current_state[31]. This clock has no specified timing constraint which may prevent conversion of gated or generated clocks and may adversely impact design performance. 

ICG Latch Removal Summary:
Number of ICG latches removed: 0
Number of ICG latches not removed:	0


@S |Clock Optimization Summary



#### START OF PREMAP CLOCK OPTIMIZATION REPORT #####[

1 non-gated/non-generated clock tree(s) driving 176 clock pin(s) of sequential element(s)
9 gated/generated clock tree(s) driving 2687 clock pin(s) of sequential element(s)
0 instances converted, 2687 sequential instances remain driven by gated/generated clocks

==================================== Non-Gated/Non-Generated Clocks ====================================
Clock Tree ID     Driving Element     Drive Element Type     Fanout     Sample Instance                 
--------------------------------------------------------------------------------------------------------
@KP:ckid0_14      i_CPLD_ESPI_CLK     port                   176        bios_espi_link.current_state[31]
========================================================================================================
====================================================================================================== Gated/Generated Clocks ======================================================================================================
Clock Tree ID     Driving Element                                               Drive Element Type     Unconverted Fanout     Sample Instance                                             Explanation                               
------------------------------------------------------------------------------------------------------------------------------------------------------------------------------------------------------------------------------------
@KP:ckid0_1       pll_inst.PLLInst_0.CLKOP                                      EHXPLLJ                2038                   r_switch2_mode[2:0]                                         Clock source is invalid for GCC           
@KP:ckid0_4       pll_inst.PLLInst_0.CLKOS                                      EHXPLLJ                598                    bmc_cpld_i2c_ram_u0.r_i2c_data_in[7:0]                      Clock source is invalid for GCC           
@KP:ckid0_6       bmc_cpld_i2c_ram_u0.i2c_slave_bmc_u0.w_i2c_command_1.OUT      and                    16                     bmc_cpld_i2c_ram_u0.i2c_slave_bmc_u0.w_i2c_command[15]      Clock source is invalid for GCC           
@KP:ckid0_7       s2p_164_u1.sclk.Q[0]                                          dffr                   5                      s2p_164_u1.data_out_cnt[3:0]                                Derived clock on input (not legal for GCC)
@KP:ckid0_9       mClkDivTree.m1mSCE.rDivClk_q.Q[0]                             dffr                   9                      s2p_164_u1.r_data_chg_flag                                  Derived clock on input (not legal for GCC)
@KP:ckid0_11      timer_gen_inst.t1us.Q[0]                                      dffr                   2                      s2p_164_u1.sclk                                             Derived clock on input (not legal for GCC)
@KP:ckid0_13      bios_cpld_i2c_ram_u0.i2c_slave_bmc_u0.w_i2c_command_1.OUT     and                    16                     bios_cpld_i2c_ram_u0.i2c_slave_bmc_u0.w_i2c_command[15]     Clock source is invalid for GCC           
@KP:ckid0_15      pwrseq_master_inst.fault_clear_ns_i_a4_uclk.OUT               and                    1                      pwrseq_master_inst.cmu_fault_clear                          Clock source is invalid for GCC           
@KP:ckid0_16      o_P0_PWR_BTN_R_N_uclk.OUT                                     and                    2                      cpu_module_u1.r_p0_slp_s5_n                                 Clock source is invalid for GCC           
====================================================================================================================================================================================================================================


##### END OF CLOCK OPTIMIZATION REPORT ######


Summary of user generated gated clocks:
0 user generated gated/generated clock tree(s) driving 0 clock pin(s) of sequential element(s)

@N: FX1143 |Skipping assigning INTERNAL_VREF to iobanks, because the table of mapping from pin to iobank is not initialized.
Finished Pre Mapping Phase.

Starting constraint checker (Real Time elapsed 0h:00m:07s; CPU Time elapsed 0h:00m:07s; Memory used current: 323MB peak: 328MB)


Finished constraint checker preprocessing (Real Time elapsed 0h:00m:07s; CPU Time elapsed 0h:00m:07s; Memory used current: 326MB peak: 328MB)


Finished constraint checker (Real Time elapsed 0h:00m:07s; CPU Time elapsed 0h:00m:07s; Memory used current: 329MB peak: 329MB)

Pre-mapping successful!

At Mapper Exit (Real Time elapsed 0h:00m:07s; CPU Time elapsed 0h:00m:07s; Memory used current: 192MB peak: 330MB)

Process took 0h:00m:07s realtime, 0h:00m:07s cputime
# Thu Oct 23 14:10:47 2025

###########################################################]
Map & Optimize Report

# Thu Oct 23 14:10:48 2025


Copyright (C) 1994-2023 Synopsys, Inc.
This Synopsys software and all associated documentation are proprietary to Synopsys, Inc.
and may only be used pursuant to the terms and conditions of a written license agreement
with Synopsys, Inc. All other use, reproduction, modification, or distribution of the
Synopsys software or the associated documentation is strictly prohibited.
Tool: Synplify Pro (R)
Build: V-2023.09L-2
Install: C:\studyware\lattice_diamond_3_14\synpbase
OS: Windows 10 or later
Hostname: Z02665MJ

Implementation : impl1
Synopsys Lattice Technology Mapper, Version map202309lat, Build 191R, Built Sep 17 2024 10:38:50, @


Mapper Startup Complete (Real Time elapsed 0h:00m:00s; CPU Time elapsed 0h:00m:00s; Memory used current: 181MB peak: 181MB)

@N: MF916 |Option synthesis_strategy=base is enabled. 
@N: MF248 |Running in 64-bit mode.
@N: MF666 |Clock conversion enabled. (Command "set_option -fix_gated_and_generated_clocks 1" in the project file.)

Design Input Complete (Real Time elapsed 0h:00m:00s; CPU Time elapsed 0h:00m:00s; Memory used current: 183MB peak: 197MB)


Mapper Initialization Complete (Real Time elapsed 0h:00m:00s; CPU Time elapsed 0h:00m:00s; Memory used current: 183MB peak: 197MB)


Start loading timing files (Real Time elapsed 0h:00m:00s; CPU Time elapsed 0h:00m:00s; Memory used current: 197MB peak: 197MB)


Finished loading timing files (Real Time elapsed 0h:00m:00s; CPU Time elapsed 0h:00m:00s; Memory used current: 199MB peak: 201MB)



Starting Optimization and Mapping (Real Time elapsed 0h:00m:00s; CPU Time elapsed 0h:00m:00s; Memory used current: 262MB peak: 262MB)

@N: MO111 :"c:\cpld\intel\fenghuo_initial\bm_h13dsp_m\rtl\source\bm_h13dsp_m_top.v":3725:30:3725:33|Tristate driver o_UART_CPLD_TX_R (in view: work.BM_H13DSP_M(verilog)) on net o_UART_CPLD_TX_R (in view: work.BM_H13DSP_M(verilog)) has its enable tied to GND.
@N: MO111 :"c:\cpld\intel\fenghuo_initial\bm_h13dsp_m\rtl\source\bm_h13dsp_m_top.v":3725:30:3725:33|Tristate driver o_PAL_P3V3_STBY_EN_R (in view: work.BM_H13DSP_M(verilog)) on net o_PAL_P3V3_STBY_EN_R (in view: work.BM_H13DSP_M(verilog)) has its enable tied to GND.
@N: MO111 :"c:\cpld\intel\fenghuo_initial\bm_h13dsp_m\rtl\source\bm_h13dsp_m_top.v":3725:30:3725:33|Tristate driver o_P3V3_STBY_B_EN_R (in view: work.BM_H13DSP_M(verilog)) on net o_P3V3_STBY_B_EN_R (in view: work.BM_H13DSP_M(verilog)) has its enable tied to GND.
@N: MO111 :"c:\cpld\intel\fenghuo_initial\bm_h13dsp_m\rtl\source\bm_h13dsp_m_top.v":3725:30:3725:33|Tristate driver o_P1_PWR_BTN_R_N (in view: work.BM_H13DSP_M(verilog)) on net o_P1_PWR_BTN_R_N (in view: work.BM_H13DSP_M(verilog)) has its enable tied to GND.
@N: MO111 :"c:\cpld\intel\fenghuo_initial\bm_h13dsp_m\rtl\source\bm_h13dsp_m_top.v":3725:30:3725:33|Tristate driver o_P1_FORCE_SELFREFRESH_R (in view: work.BM_H13DSP_M(verilog)) on net o_P1_FORCE_SELFREFRESH_R (in view: work.BM_H13DSP_M(verilog)) has its enable tied to GND.
@N: MO111 :"c:\cpld\intel\fenghuo_initial\bm_h13dsp_m\rtl\source\bm_h13dsp_m_top.v":3725:30:3725:33|Tristate driver o_PAL_TPCM_BMC_DONE_R_N (in view: work.BM_H13DSP_M(verilog)) on net o_PAL_TPCM_BMC_DONE_R_N (in view: work.BM_H13DSP_M(verilog)) has its enable tied to GND.
@N: MO111 :"c:\cpld\intel\fenghuo_initial\bm_h13dsp_m\rtl\source\bm_h13dsp_m_top.v":3725:30:3725:33|Tristate driver o_PAL_TPCM_IRQ_R_L (in view: work.BM_H13DSP_M(verilog)) on net o_PAL_TPCM_IRQ_R_L (in view: work.BM_H13DSP_M(verilog)) has its enable tied to GND.
@N: MO111 :"c:\cpld\intel\fenghuo_initial\bm_h13dsp_m\rtl\source\bm_h13dsp_m_top.v":3725:30:3725:33|Tristate driver o_PAL_TPCM_BIOS_DONE_R_N (in view: work.BM_H13DSP_M(verilog)) on net o_PAL_TPCM_BIOS_DONE_R_N (in view: work.BM_H13DSP_M(verilog)) has its enable tied to GND.
@N: MO111 :"c:\cpld\intel\fenghuo_initial\bm_h13dsp_m\rtl\source\bm_h13dsp_m_top.v":3725:30:3725:33|Tristate driver o_P0_FORCE_SELFREFRESH_R (in view: work.BM_H13DSP_M(verilog)) on net o_P0_FORCE_SELFREFRESH_R (in view: work.BM_H13DSP_M(verilog)) has its enable tied to GND.
@N: MO111 :"c:\cpld\intel\fenghuo_initial\bm_h13dsp_m\rtl\source\bm_h13dsp_m_top.v":3725:30:3725:33|Tristate driver o_P0_WAFL_STRAP_SEL_R (in view: work.BM_H13DSP_M(verilog)) on net o_P0_WAFL_STRAP_SEL_R (in view: work.BM_H13DSP_M(verilog)) has its enable tied to GND.
@W: BN132 :"c:\cpld\intel\fenghuo_initial\bm_h13dsp_m\rtl\source\common\synclib.v":369:4:369:9|Removing sequential instance db_inst_amd_cpu_prsnt.mInst[2].nxt_s1[2] because it is equivalent to instance db_inst_amd_cpu_prsnt.mInst[1].nxt_s1[1]. To keep the instance, apply constraint syn_preserve=1 on the instance.
@W: BN132 :"c:\cpld\intel\fenghuo_initial\bm_h13dsp_m\rtl\source\common\synclib.v":369:4:369:9|Removing sequential instance db_inst_amd_cpu_prsnt.mInst[2].nxt[2] because it is equivalent to instance db_inst_amd_cpu_prsnt.mInst[1].nxt[1]. To keep the instance, apply constraint syn_preserve=1 on the instance.
@W: BN132 :"c:\cpld\intel\fenghuo_initial\bm_h13dsp_m\rtl\source\pwr_seq\pwrseq_master.v":653:0:653:5|Removing sequential instance pwrseq_master_inst.rsmrst_release_trans_en because it is equivalent to instance pwrseq_master_inst.grp_a_state_trans_en. To keep the instance, apply constraint syn_preserve=1 on the instance.
@W: BN132 :"c:\cpld\intel\fenghuo_initial\bm_h13dsp_m\rtl\source\pwr_seq\pwrseq_master.v":653:0:653:5|Removing sequential instance pwrseq_master_inst.pwrup_state_trans_en because it is equivalent to instance pwrseq_master_inst.grp_b_state_trans_en. To keep the instance, apply constraint syn_preserve=1 on the instance.
@W: BN132 :"c:\cpld\intel\fenghuo_initial\bm_h13dsp_m\rtl\source\power_fault\dimm_fail_event.v":51:0:51:5|Removing sequential instance cpu_dimm_fail_event.reg_dimm_pwrgd_fail_event[3] because it is equivalent to instance cpu_dimm_fail_event.reg_dimm_pwrgd_fail_event[2]. To keep the instance, apply constraint syn_preserve=1 on the instance.
@W: BN132 :"c:\cpld\intel\fenghuo_initial\bm_h13dsp_m\rtl\source\power_fault\dimm_fail_event.v":39:0:39:5|Removing sequential instance cpu_dimm_fail_event.reg_dimm_pwrgd_fail_event[2] because it is equivalent to instance cpu_dimm_fail_event.reg_dimm_pwrgd_fail_event[1]. To keep the instance, apply constraint syn_preserve=1 on the instance.
@W: BN132 :"c:\cpld\intel\fenghuo_initial\bm_h13dsp_m\rtl\source\power_fault\dimm_fail_event.v":27:0:27:5|Removing sequential instance cpu_dimm_fail_event.reg_dimm_pwrgd_fail_event[1] because it is equivalent to instance cpu_dimm_fail_event.reg_dimm_pwrgd_fail_event[0]. To keep the instance, apply constraint syn_preserve=1 on the instance.
@W: BN132 :"c:\cpld\intel\fenghuo_initial\bm_h13dsp_m\rtl\source\power_fault\fault_detectb_chklive.v":46:4:46:9|Removing sequential instance thermtrip_int._CPU_THERMTRIP_DETECT_BLOCK_[1].inst_cpu_thermtrip_fault_det._fault_detect_[0].chklive_en[0] because it is equivalent to instance thermtrip_int._CPU_THERMTRIP_DETECT_BLOCK_[0].inst_cpu_thermtrip_fault_det._fault_detect_[0].chklive_en[0]. To keep the instance, apply constraint syn_preserve=1 on the instance.
@N: BZ173 :"c:\cpld\intel\fenghuo_initial\bm_h13dsp_m\rtl\source\pwr_seq\pwrseq_master.v":776:2:776:5|ROM ready_for_recov_clr (in view: work.pwrseq_master(verilog)) mapped in logic.
@N: MO106 :"c:\cpld\intel\fenghuo_initial\bm_h13dsp_m\rtl\source\pwr_seq\pwrseq_master.v":776:2:776:5|Found ROM ready_for_recov_clr (in view: work.pwrseq_master(verilog)) with 35 words by 1 bit.
@N: BZ173 :"c:\cpld\intel\fenghuo_initial\bm_h13dsp_m\rtl\source\pwr_seq\pwrseq_master.v":776:2:776:5|ROM off_state (in view: work.pwrseq_master(verilog)) mapped in logic.
@N: MO106 :"c:\cpld\intel\fenghuo_initial\bm_h13dsp_m\rtl\source\pwr_seq\pwrseq_master.v":776:2:776:5|Found ROM off_state (in view: work.pwrseq_master(verilog)) with 35 words by 1 bit.
@N: BZ173 :"c:\cpld\intel\fenghuo_initial\bm_h13dsp_m\rtl\source\pwr_seq\pwrseq_master.v":776:2:776:5|ROM lim_recov_retry_clr (in view: work.pwrseq_master(verilog)) mapped in logic.
@N: MO106 :"c:\cpld\intel\fenghuo_initial\bm_h13dsp_m\rtl\source\pwr_seq\pwrseq_master.v":776:2:776:5|Found ROM lim_recov_retry_clr (in view: work.pwrseq_master(verilog)) with 35 words by 1 bit.
@W: BN161 :"c:\cpld\intel\fenghuo_initial\bm_h13dsp_m\rtl\source\uart\mcio_uart_master.v":25:7:25:17|Net ser_data has multiple drivers .
@W: BN161 :"c:\cpld\intel\fenghuo_initial\bm_h13dsp_m\rtl\source\uart\mcio_uart_master.v":25:7:25:17|Net ser_data has multiple drivers .
@N: BZ173 :"c:\cpld\intel\fenghuo_initial\bm_h13dsp_m\rtl\source\espi_link\espi_link.v":260:7:260:8|ROM next_state_4[7:3] (in view: work.espi_link(verilog)) mapped in logic.
@N: MO106 :"c:\cpld\intel\fenghuo_initial\bm_h13dsp_m\rtl\source\espi_link\espi_link.v":260:7:260:8|Found ROM next_state_4[7:3] (in view: work.espi_link(verilog)) with 9 words by 5 bits.
@W: BN161 :"c:\cpld\intel\fenghuo_initial\bm_h13dsp_m\rtl\source\espi_link\espi_link.v":1:7:1:15|Net ESPI_IO_OUT has multiple drivers .
@N: BZ173 :"c:\cpld\intel\fenghuo_initial\bm_h13dsp_m\rtl\source\espi_link\pcie_dync_alloc.v":24:1:24:4|ROM o_pcie_date_2[3:0] (in view: work.pcie_dync_alloc_19_9(verilog)) mapped in logic.
@N: BZ173 :"c:\cpld\intel\fenghuo_initial\bm_h13dsp_m\rtl\source\espi_link\pcie_dync_alloc.v":24:1:24:4|ROM o_pcie_date_2[3:0] (in view: work.pcie_dync_alloc_19_9(verilog)) mapped in logic.
@N: MO106 :"c:\cpld\intel\fenghuo_initial\bm_h13dsp_m\rtl\source\espi_link\pcie_dync_alloc.v":24:1:24:4|Found ROM o_pcie_date_2[3:0] (in view: work.pcie_dync_alloc_19_9(verilog)) with 11 words by 4 bits.
@N: BZ173 :"c:\cpld\intel\fenghuo_initial\bm_h13dsp_m\rtl\source\espi_link\pcie_dync_alloc.v":24:1:24:4|ROM o_pcie_date_2[3:0] (in view: work.pcie_dync_alloc_19_8(verilog)) mapped in logic.
@N: BZ173 :"c:\cpld\intel\fenghuo_initial\bm_h13dsp_m\rtl\source\espi_link\pcie_dync_alloc.v":24:1:24:4|ROM o_pcie_date_2[3:0] (in view: work.pcie_dync_alloc_19_8(verilog)) mapped in logic.
@N: MO106 :"c:\cpld\intel\fenghuo_initial\bm_h13dsp_m\rtl\source\espi_link\pcie_dync_alloc.v":24:1:24:4|Found ROM o_pcie_date_2[3:0] (in view: work.pcie_dync_alloc_19_8(verilog)) with 11 words by 4 bits.
@N: BZ173 :"c:\cpld\intel\fenghuo_initial\bm_h13dsp_m\rtl\source\espi_link\pcie_dync_alloc.v":24:1:24:4|ROM o_pcie_date_2[3:0] (in view: work.pcie_dync_alloc_19_7(verilog)) mapped in logic.
@N: BZ173 :"c:\cpld\intel\fenghuo_initial\bm_h13dsp_m\rtl\source\espi_link\pcie_dync_alloc.v":24:1:24:4|ROM o_pcie_date_2[3:0] (in view: work.pcie_dync_alloc_19_7(verilog)) mapped in logic.
@N: MO106 :"c:\cpld\intel\fenghuo_initial\bm_h13dsp_m\rtl\source\espi_link\pcie_dync_alloc.v":24:1:24:4|Found ROM o_pcie_date_2[3:0] (in view: work.pcie_dync_alloc_19_7(verilog)) with 11 words by 4 bits.
@N: BZ173 :"c:\cpld\intel\fenghuo_initial\bm_h13dsp_m\rtl\source\espi_link\pcie_dync_alloc.v":24:1:24:4|ROM o_pcie_date_2[3:0] (in view: work.pcie_dync_alloc_19_6(verilog)) mapped in logic.
@N: BZ173 :"c:\cpld\intel\fenghuo_initial\bm_h13dsp_m\rtl\source\espi_link\pcie_dync_alloc.v":24:1:24:4|ROM o_pcie_date_2[3:0] (in view: work.pcie_dync_alloc_19_6(verilog)) mapped in logic.
@N: MO106 :"c:\cpld\intel\fenghuo_initial\bm_h13dsp_m\rtl\source\espi_link\pcie_dync_alloc.v":24:1:24:4|Found ROM o_pcie_date_2[3:0] (in view: work.pcie_dync_alloc_19_6(verilog)) with 11 words by 4 bits.
@N: BZ173 :"c:\cpld\intel\fenghuo_initial\bm_h13dsp_m\rtl\source\espi_link\pcie_dync_alloc.v":24:1:24:4|ROM o_pcie_date_2[3:0] (in view: work.pcie_dync_alloc_19_5(verilog)) mapped in logic.
@N: BZ173 :"c:\cpld\intel\fenghuo_initial\bm_h13dsp_m\rtl\source\espi_link\pcie_dync_alloc.v":24:1:24:4|ROM o_pcie_date_2[3:0] (in view: work.pcie_dync_alloc_19_5(verilog)) mapped in logic.
@N: MO106 :"c:\cpld\intel\fenghuo_initial\bm_h13dsp_m\rtl\source\espi_link\pcie_dync_alloc.v":24:1:24:4|Found ROM o_pcie_date_2[3:0] (in view: work.pcie_dync_alloc_19_5(verilog)) with 11 words by 4 bits.
@N: BZ173 :"c:\cpld\intel\fenghuo_initial\bm_h13dsp_m\rtl\source\espi_link\pcie_dync_alloc.v":24:1:24:4|ROM o_pcie_date_2[3:0] (in view: work.pcie_dync_alloc_19_4(verilog)) mapped in logic.
@N: BZ173 :"c:\cpld\intel\fenghuo_initial\bm_h13dsp_m\rtl\source\espi_link\pcie_dync_alloc.v":24:1:24:4|ROM o_pcie_date_2[3:0] (in view: work.pcie_dync_alloc_19_4(verilog)) mapped in logic.
@N: MO106 :"c:\cpld\intel\fenghuo_initial\bm_h13dsp_m\rtl\source\espi_link\pcie_dync_alloc.v":24:1:24:4|Found ROM o_pcie_date_2[3:0] (in view: work.pcie_dync_alloc_19_4(verilog)) with 11 words by 4 bits.
@N: BZ173 :"c:\cpld\intel\fenghuo_initial\bm_h13dsp_m\rtl\source\espi_link\pcie_dync_alloc.v":24:1:24:4|ROM o_pcie_date_2[3:0] (in view: work.pcie_dync_alloc_19_3(verilog)) mapped in logic.
@N: BZ173 :"c:\cpld\intel\fenghuo_initial\bm_h13dsp_m\rtl\source\espi_link\pcie_dync_alloc.v":24:1:24:4|ROM o_pcie_date_2[3:0] (in view: work.pcie_dync_alloc_19_3(verilog)) mapped in logic.
@N: MO106 :"c:\cpld\intel\fenghuo_initial\bm_h13dsp_m\rtl\source\espi_link\pcie_dync_alloc.v":24:1:24:4|Found ROM o_pcie_date_2[3:0] (in view: work.pcie_dync_alloc_19_3(verilog)) with 11 words by 4 bits.
@N: BZ173 :"c:\cpld\intel\fenghuo_initial\bm_h13dsp_m\rtl\source\espi_link\pcie_dync_alloc.v":24:1:24:4|ROM o_pcie_date_2[3:0] (in view: work.pcie_dync_alloc_19_2(verilog)) mapped in logic.
@N: BZ173 :"c:\cpld\intel\fenghuo_initial\bm_h13dsp_m\rtl\source\espi_link\pcie_dync_alloc.v":24:1:24:4|ROM o_pcie_date_2[3:0] (in view: work.pcie_dync_alloc_19_2(verilog)) mapped in logic.
@N: MO106 :"c:\cpld\intel\fenghuo_initial\bm_h13dsp_m\rtl\source\espi_link\pcie_dync_alloc.v":24:1:24:4|Found ROM o_pcie_date_2[3:0] (in view: work.pcie_dync_alloc_19_2(verilog)) with 11 words by 4 bits.
@N: BZ173 :"c:\cpld\intel\fenghuo_initial\bm_h13dsp_m\rtl\source\espi_link\pcie_dync_alloc.v":24:1:24:4|ROM o_pcie_date_2[3:0] (in view: work.pcie_dync_alloc_19_1(verilog)) mapped in logic.
@N: BZ173 :"c:\cpld\intel\fenghuo_initial\bm_h13dsp_m\rtl\source\espi_link\pcie_dync_alloc.v":24:1:24:4|ROM o_pcie_date_2[3:0] (in view: work.pcie_dync_alloc_19_1(verilog)) mapped in logic.
@N: MO106 :"c:\cpld\intel\fenghuo_initial\bm_h13dsp_m\rtl\source\espi_link\pcie_dync_alloc.v":24:1:24:4|Found ROM o_pcie_date_2[3:0] (in view: work.pcie_dync_alloc_19_1(verilog)) with 11 words by 4 bits.
@N: BZ173 :"c:\cpld\intel\fenghuo_initial\bm_h13dsp_m\rtl\source\espi_link\pcie_dync_alloc.v":24:1:24:4|ROM o_pcie_date_2[3:0] (in view: work.pcie_dync_alloc_19_0(verilog)) mapped in logic.
@N: BZ173 :"c:\cpld\intel\fenghuo_initial\bm_h13dsp_m\rtl\source\espi_link\pcie_dync_alloc.v":24:1:24:4|ROM o_pcie_date_2[3:0] (in view: work.pcie_dync_alloc_19_0(verilog)) mapped in logic.
@N: MO106 :"c:\cpld\intel\fenghuo_initial\bm_h13dsp_m\rtl\source\espi_link\pcie_dync_alloc.v":24:1:24:4|Found ROM o_pcie_date_2[3:0] (in view: work.pcie_dync_alloc_19_0(verilog)) with 11 words by 4 bits.
@N: BZ173 :"c:\cpld\intel\fenghuo_initial\bm_h13dsp_m\rtl\source\espi_link\pcie_dync_alloc.v":24:1:24:4|ROM o_pcie_date_2[3:0] (in view: work.pcie_dync_alloc_9(verilog)) mapped in logic.
@N: BZ173 :"c:\cpld\intel\fenghuo_initial\bm_h13dsp_m\rtl\source\espi_link\pcie_dync_alloc.v":24:1:24:4|ROM o_pcie_date_2[3:0] (in view: work.pcie_dync_alloc_9(verilog)) mapped in logic.
@N: MO106 :"c:\cpld\intel\fenghuo_initial\bm_h13dsp_m\rtl\source\espi_link\pcie_dync_alloc.v":24:1:24:4|Found ROM o_pcie_date_2[3:0] (in view: work.pcie_dync_alloc_9(verilog)) with 11 words by 4 bits.
@N: BZ173 :"c:\cpld\intel\fenghuo_initial\bm_h13dsp_m\rtl\source\espi_link\pcie_dync_alloc.v":24:1:24:4|ROM o_pcie_date_2[3:0] (in view: work.pcie_dync_alloc_8(verilog)) mapped in logic.
@N: BZ173 :"c:\cpld\intel\fenghuo_initial\bm_h13dsp_m\rtl\source\espi_link\pcie_dync_alloc.v":24:1:24:4|ROM o_pcie_date_2[3:0] (in view: work.pcie_dync_alloc_8(verilog)) mapped in logic.
@N: MO106 :"c:\cpld\intel\fenghuo_initial\bm_h13dsp_m\rtl\source\espi_link\pcie_dync_alloc.v":24:1:24:4|Found ROM o_pcie_date_2[3:0] (in view: work.pcie_dync_alloc_8(verilog)) with 11 words by 4 bits.
@N: BZ173 :"c:\cpld\intel\fenghuo_initial\bm_h13dsp_m\rtl\source\espi_link\pcie_dync_alloc.v":24:1:24:4|ROM o_pcie_date_2[3:0] (in view: work.pcie_dync_alloc_7(verilog)) mapped in logic.
@N: BZ173 :"c:\cpld\intel\fenghuo_initial\bm_h13dsp_m\rtl\source\espi_link\pcie_dync_alloc.v":24:1:24:4|ROM o_pcie_date_2[3:0] (in view: work.pcie_dync_alloc_7(verilog)) mapped in logic.
@N: MO106 :"c:\cpld\intel\fenghuo_initial\bm_h13dsp_m\rtl\source\espi_link\pcie_dync_alloc.v":24:1:24:4|Found ROM o_pcie_date_2[3:0] (in view: work.pcie_dync_alloc_7(verilog)) with 11 words by 4 bits.
@N: BZ173 :"c:\cpld\intel\fenghuo_initial\bm_h13dsp_m\rtl\source\espi_link\pcie_dync_alloc.v":24:1:24:4|ROM o_pcie_date_2[3:0] (in view: work.pcie_dync_alloc_6(verilog)) mapped in logic.
@N: BZ173 :"c:\cpld\intel\fenghuo_initial\bm_h13dsp_m\rtl\source\espi_link\pcie_dync_alloc.v":24:1:24:4|ROM o_pcie_date_2[3:0] (in view: work.pcie_dync_alloc_6(verilog)) mapped in logic.
@N: MO106 :"c:\cpld\intel\fenghuo_initial\bm_h13dsp_m\rtl\source\espi_link\pcie_dync_alloc.v":24:1:24:4|Found ROM o_pcie_date_2[3:0] (in view: work.pcie_dync_alloc_6(verilog)) with 11 words by 4 bits.
@N: BZ173 :"c:\cpld\intel\fenghuo_initial\bm_h13dsp_m\rtl\source\espi_link\pcie_dync_alloc.v":24:1:24:4|ROM o_pcie_date_2[3:0] (in view: work.pcie_dync_alloc_5(verilog)) mapped in logic.
@N: BZ173 :"c:\cpld\intel\fenghuo_initial\bm_h13dsp_m\rtl\source\espi_link\pcie_dync_alloc.v":24:1:24:4|ROM o_pcie_date_2[3:0] (in view: work.pcie_dync_alloc_5(verilog)) mapped in logic.
@N: MO106 :"c:\cpld\intel\fenghuo_initial\bm_h13dsp_m\rtl\source\espi_link\pcie_dync_alloc.v":24:1:24:4|Found ROM o_pcie_date_2[3:0] (in view: work.pcie_dync_alloc_5(verilog)) with 11 words by 4 bits.
@N: BZ173 :"c:\cpld\intel\fenghuo_initial\bm_h13dsp_m\rtl\source\espi_link\pcie_dync_alloc.v":24:1:24:4|ROM o_pcie_date_2[3:0] (in view: work.pcie_dync_alloc_4(verilog)) mapped in logic.
@N: BZ173 :"c:\cpld\intel\fenghuo_initial\bm_h13dsp_m\rtl\source\espi_link\pcie_dync_alloc.v":24:1:24:4|ROM o_pcie_date_2[3:0] (in view: work.pcie_dync_alloc_4(verilog)) mapped in logic.
@N: MO106 :"c:\cpld\intel\fenghuo_initial\bm_h13dsp_m\rtl\source\espi_link\pcie_dync_alloc.v":24:1:24:4|Found ROM o_pcie_date_2[3:0] (in view: work.pcie_dync_alloc_4(verilog)) with 11 words by 4 bits.
@N: BZ173 :"c:\cpld\intel\fenghuo_initial\bm_h13dsp_m\rtl\source\espi_link\pcie_dync_alloc.v":24:1:24:4|ROM o_pcie_date_2[3:0] (in view: work.pcie_dync_alloc_3(verilog)) mapped in logic.
@N: BZ173 :"c:\cpld\intel\fenghuo_initial\bm_h13dsp_m\rtl\source\espi_link\pcie_dync_alloc.v":24:1:24:4|ROM o_pcie_date_2[3:0] (in view: work.pcie_dync_alloc_3(verilog)) mapped in logic.
@N: MO106 :"c:\cpld\intel\fenghuo_initial\bm_h13dsp_m\rtl\source\espi_link\pcie_dync_alloc.v":24:1:24:4|Found ROM o_pcie_date_2[3:0] (in view: work.pcie_dync_alloc_3(verilog)) with 11 words by 4 bits.
@N: BZ173 :"c:\cpld\intel\fenghuo_initial\bm_h13dsp_m\rtl\source\espi_link\pcie_dync_alloc.v":24:1:24:4|ROM o_pcie_date_2[3:0] (in view: work.pcie_dync_alloc_2(verilog)) mapped in logic.
@N: BZ173 :"c:\cpld\intel\fenghuo_initial\bm_h13dsp_m\rtl\source\espi_link\pcie_dync_alloc.v":24:1:24:4|ROM o_pcie_date_2[3:0] (in view: work.pcie_dync_alloc_2(verilog)) mapped in logic.
@N: MO106 :"c:\cpld\intel\fenghuo_initial\bm_h13dsp_m\rtl\source\espi_link\pcie_dync_alloc.v":24:1:24:4|Found ROM o_pcie_date_2[3:0] (in view: work.pcie_dync_alloc_2(verilog)) with 11 words by 4 bits.
@N: BZ173 :"c:\cpld\intel\fenghuo_initial\bm_h13dsp_m\rtl\source\espi_link\pcie_dync_alloc.v":24:1:24:4|ROM o_pcie_date_2[3:0] (in view: work.pcie_dync_alloc_1(verilog)) mapped in logic.
@N: BZ173 :"c:\cpld\intel\fenghuo_initial\bm_h13dsp_m\rtl\source\espi_link\pcie_dync_alloc.v":24:1:24:4|ROM o_pcie_date_2[3:0] (in view: work.pcie_dync_alloc_1(verilog)) mapped in logic.
@N: MO106 :"c:\cpld\intel\fenghuo_initial\bm_h13dsp_m\rtl\source\espi_link\pcie_dync_alloc.v":24:1:24:4|Found ROM o_pcie_date_2[3:0] (in view: work.pcie_dync_alloc_1(verilog)) with 11 words by 4 bits.
@N: BZ173 :"c:\cpld\intel\fenghuo_initial\bm_h13dsp_m\rtl\source\espi_link\pcie_dync_alloc.v":24:1:24:4|ROM o_pcie_date_2[3:0] (in view: work.pcie_dync_alloc_0(verilog)) mapped in logic.
@N: BZ173 :"c:\cpld\intel\fenghuo_initial\bm_h13dsp_m\rtl\source\espi_link\pcie_dync_alloc.v":24:1:24:4|ROM o_pcie_date_2[3:0] (in view: work.pcie_dync_alloc_0(verilog)) mapped in logic.
@N: MO106 :"c:\cpld\intel\fenghuo_initial\bm_h13dsp_m\rtl\source\espi_link\pcie_dync_alloc.v":24:1:24:4|Found ROM o_pcie_date_2[3:0] (in view: work.pcie_dync_alloc_0(verilog)) with 11 words by 4 bits.
@W: BN161 :"c:\cpld\intel\fenghuo_initial\bm_h13dsp_m\rtl\source\bmc_i2c\i2c_slave_basic0.v":8:7:8:22|Net io_sda has multiple drivers .
@W: BN161 :"c:\cpld\intel\fenghuo_initial\bm_h13dsp_m\rtl\source\bmc_i2c\i2c_slave_bmc.v":10:7:10:19|Net io_sda has multiple drivers .
@W: BN161 :"c:\cpld\intel\fenghuo_initial\bm_h13dsp_m\rtl\source\bios_i2c\bios_cpld_i2c_ram.v":1:7:1:23|Net io_sda has multiple drivers .
@W: BN161 :"c:\cpld\intel\fenghuo_initial\bm_h13dsp_m\rtl\source\bmc_i2c\i2c_slave_basic0.v":8:7:8:22|Net io_sda has multiple drivers .
@W: BN161 :"c:\cpld\intel\fenghuo_initial\bm_h13dsp_m\rtl\source\bmc_i2c\i2c_slave_bmc.v":10:7:10:19|Net io_sda has multiple drivers .
@W: BN161 :"c:\cpld\intel\fenghuo_initial\bm_h13dsp_m\rtl\source\bmc_i2c\bmc_cpld_i2c_ram.v":1:7:1:22|Net io_sda has multiple drivers .
@W: BN161 :"c:\cpld\intel\fenghuo_initial\bm_h13dsp_m\rtl\include\bm_h13dsp_m_va_port.v":21:8:21:18|Net o_CPLD_SGPIO1_CLK_R has multiple drivers .
@W: BN161 :"c:\cpld\intel\fenghuo_initial\bm_h13dsp_m\rtl\include\bm_h13dsp_m_va_port.v":21:8:21:18|Net o_CPLD_SGPIO1_LD_N_R has multiple drivers .
@W: BN161 :"c:\cpld\intel\fenghuo_initial\bm_h13dsp_m\rtl\include\bm_h13dsp_m_va_port.v":21:8:21:18|Net o_CPLD_SGPIO1_MOSI_R has multiple drivers .
@W: BN161 :"c:\cpld\intel\fenghuo_initial\bm_h13dsp_m\rtl\include\bm_h13dsp_m_va_port.v":21:8:21:18|Net io_I2C7_PAL_SDA has multiple drivers .
@W: BN161 :"c:\cpld\intel\fenghuo_initial\bm_h13dsp_m\rtl\include\bm_h13dsp_m_va_port.v":21:8:21:18|Net o_PAL_BMC_INT_N_R has multiple drivers .
@W: BN161 :"c:\cpld\intel\fenghuo_initial\bm_h13dsp_m\rtl\include\bm_h13dsp_m_va_port.v":21:8:21:18|Net o_CPLD_ESPI_D1 has multiple drivers .
@W: BN161 :"c:\cpld\intel\fenghuo_initial\bm_h13dsp_m\rtl\include\bm_h13dsp_m_va_port.v":21:8:21:18|Net o_CPLD_ESPI_D2 has multiple drivers .
@W: BN161 :"c:\cpld\intel\fenghuo_initial\bm_h13dsp_m\rtl\include\bm_h13dsp_m_va_port.v":21:8:21:18|Net o_CPLD_ESPI_D3 has multiple drivers .
@W: BN161 :"c:\cpld\intel\fenghuo_initial\bm_h13dsp_m\rtl\include\bm_h13dsp_m_va_port.v":21:8:21:18|Net o_CPLD_ESPI_ALERT_N has multiple drivers .
@W: BN161 :"c:\cpld\intel\fenghuo_initial\bm_h13dsp_m\rtl\include\bm_h13dsp_m_va_port.v":21:8:21:18|Net o_FAN_SPGIO_CLK has multiple drivers .
@W: BN161 :"c:\cpld\intel\fenghuo_initial\bm_h13dsp_m\rtl\include\bm_h13dsp_m_va_port.v":21:8:21:18|Net o_FAN_SPGIO_LD has multiple drivers .
@W: BN161 :"c:\cpld\intel\fenghuo_initial\bm_h13dsp_m\rtl\include\bm_h13dsp_m_va_port.v":21:8:21:18|Net o_FAN_SPGIO_DATAOUT has multiple drivers .
@W: BN161 :"c:\cpld\intel\fenghuo_initial\bm_h13dsp_m\rtl\include\bm_h13dsp_m_va_port.v":21:8:21:18|Net io_P0_MCIOP0A_PWR_EN_R has multiple drivers .
@W: BN161 :"c:\cpld\intel\fenghuo_initial\bm_h13dsp_m\rtl\include\bm_h13dsp_m_va_port.v":21:8:21:18|Net io_P0_MCIOP0C_PWR_EN_R has multiple drivers .
@W: BN161 :"c:\cpld\intel\fenghuo_initial\bm_h13dsp_m\rtl\include\bm_h13dsp_m_va_port.v":21:8:21:18|Net o_P0_MCIOP3A_CLK_R has multiple drivers .
@W: BN161 :"c:\cpld\intel\fenghuo_initial\bm_h13dsp_m\rtl\include\bm_h13dsp_m_va_port.v":21:8:21:18|Net o_P0_MCIOP3A_LD_R has multiple drivers .
@W: BN161 :"c:\cpld\intel\fenghuo_initial\bm_h13dsp_m\rtl\include\bm_h13dsp_m_va_port.v":21:8:21:18|Net o_SATA1_SCLOCK0_R has multiple drivers .
@W: BN161 :"c:\cpld\intel\fenghuo_initial\bm_h13dsp_m\rtl\include\bm_h13dsp_m_va_port.v":21:8:21:18|Net o_SATA1_SLOAD0_R has multiple drivers .
@W: BN161 :"c:\cpld\intel\fenghuo_initial\bm_h13dsp_m\rtl\include\bm_h13dsp_m_va_port.v":21:8:21:18|Net o_PD_SATA1_CONTROLLER0_R has multiple drivers .
@W: BN161 :"c:\cpld\intel\fenghuo_initial\bm_h13dsp_m\rtl\include\bm_h13dsp_m_va_port.v":21:8:21:18|Net o_P0_UART_RXD_0 has multiple drivers .
@W: BN161 :"c:\cpld\intel\fenghuo_initial\bm_h13dsp_m\rtl\include\bm_h13dsp_m_va_port.v":21:8:21:18|Net io_P0_CPLD_SDA has multiple drivers .
@W: BN161 :"c:\cpld\intel\fenghuo_initial\bm_h13dsp_m\rtl\include\bm_h13dsp_m_va_port.v":21:8:21:18|Net o_P0_SPI_CLK_STRAP has multiple drivers .
@W: BN161 :"c:\cpld\intel\fenghuo_initial\bm_h13dsp_m\rtl\include\bm_h13dsp_m_va_port.v":21:8:21:18|Net o_P0_SPI_T245_OE_N_R has multiple drivers .
@W: BN161 :"c:\cpld\intel\fenghuo_initial\bm_h13dsp_m\rtl\include\bm_h13dsp_m_va_port.v":21:8:21:18|Net o_P0_WAFL_STRAP_SEL_R has multiple drivers .
@W: BN161 :"c:\cpld\intel\fenghuo_initial\bm_h13dsp_m\rtl\include\bm_h13dsp_m_va_port.v":21:8:21:18|Net o_P0_PWR_BTN_R_N has multiple drivers .
@W: BN161 :"c:\cpld\intel\fenghuo_initial\bm_h13dsp_m\rtl\include\bm_h13dsp_m_va_port.v":21:8:21:18|Net o_P0_FORCE_SELFREFRESH_R has multiple drivers .
@W: BN161 :"c:\cpld\intel\fenghuo_initial\bm_h13dsp_m\rtl\include\bm_h13dsp_m_va_port.v":21:8:21:18|Net o_PAL_TPCM_BIOS_DONE_R_N has multiple drivers .
@W: BN161 :"c:\cpld\intel\fenghuo_initial\bm_h13dsp_m\rtl\include\bm_h13dsp_m_va_port.v":21:8:21:18|Net o_PAL_TPCM_IRQ_R_L has multiple drivers .
@W: BN161 :"c:\cpld\intel\fenghuo_initial\bm_h13dsp_m\rtl\include\bm_h13dsp_m_va_port.v":21:8:21:18|Net o_PAL_TPCM_BMC_DONE_R_N has multiple drivers .
@W: BN161 :"c:\cpld\intel\fenghuo_initial\bm_h13dsp_m\rtl\include\bm_h13dsp_m_va_port.v":21:8:21:18|Net o_P1_FORCE_SELFREFRESH_R has multiple drivers .
@W: BN161 :"c:\cpld\intel\fenghuo_initial\bm_h13dsp_m\rtl\include\bm_h13dsp_m_va_port.v":21:8:21:18|Net o_P1_PWR_BTN_R_N has multiple drivers .
@W: BN161 :"c:\cpld\intel\fenghuo_initial\bm_h13dsp_m\rtl\include\bm_h13dsp_m_va_port.v":21:8:21:18|Net o_P3V3_STBY_B_EN_R has multiple drivers .
@W: BN161 :"c:\cpld\intel\fenghuo_initial\bm_h13dsp_m\rtl\include\bm_h13dsp_m_va_port.v":21:8:21:18|Net o_PAL_P3V3_STBY_EN_R has multiple drivers .
@W: BN161 :"c:\cpld\intel\fenghuo_initial\bm_h13dsp_m\rtl\include\bm_h13dsp_m_va_port.v":21:8:21:18|Net o_UART_CPLD_TX_R has multiple drivers .
@W: BN161 :"c:\cpld\intel\fenghuo_initial\bm_h13dsp_m\rtl\include\bm_h13dsp_m_va_port.v":21:8:21:18|Net clk_50m has multiple drivers .
@W: BN161 :"c:\cpld\intel\fenghuo_initial\bm_h13dsp_m\rtl\include\bm_h13dsp_m_va_port.v":21:8:21:18|Net clk_25m has multiple drivers .
@W: BN132 :"c:\cpld\intel\fenghuo_initial\bm_h13dsp_m\rtl\source\common\pon_reset.v":43:0:43:5|Removing sequential instance pon_reset_inst.reset2_reg[2:0] because it is equivalent to instance pon_reset_inst.reset1_reg[2:0]. To keep the instance, apply constraint syn_preserve=1 on the instance.
@W: BN132 :"c:\cpld\intel\fenghuo_initial\bm_h13dsp_m\rtl\source\common\cpu_module.v":102:0:102:5|Removing sequential instance cpu_module_u1.r_p0_slp_s5_n because it is equivalent to instance cpu_module_u1.r_p0_slp_s3_n. To keep the instance, apply constraint syn_preserve=1 on the instance.
@W: BN132 :"c:\cpld\intel\fenghuo_initial\bm_h13dsp_m\rtl\source\bm_h13dsp_m_top.v":3399:15:3399:26|Removing user instance un1_pon_reset_n because it is equivalent to instance un1_pgd_aux_system. To keep the instance, apply constraint syn_preserve=1 on the instance.

Finished RTL optimizations (Real Time elapsed 0h:00m:01s; CPU Time elapsed 0h:00m:01s; Memory used current: 274MB peak: 274MB)

@N: BN362 :"c:\cpld\intel\fenghuo_initial\bm_h13dsp_m\rtl\source\common\synclib.v":113:0:113:5|Removing sequential instance sync_cpu_data_low.dout[14] (in view: work.BM_H13DSP_M(verilog)) of type view:PrimLib.dffr(prim) because it does not drive other instances.
@A: BN291 :"c:\cpld\intel\fenghuo_initial\bm_h13dsp_m\rtl\source\common\synclib.v":113:0:113:5|Boundary register sync_cpu_data_low.dout[14] (in view: work.BM_H13DSP_M(verilog)) is packed into a complex cell. To disable register packing, set syn_keep=1 on the net between the register and the complex cell. 
@N: BN362 :"c:\cpld\intel\fenghuo_initial\bm_h13dsp_m\rtl\source\common\synclib.v":113:0:113:5|Removing sequential instance sync_cpu_data_low.dout[13] (in view: work.BM_H13DSP_M(verilog)) of type view:PrimLib.dffr(prim) because it does not drive other instances.
@A: BN291 :"c:\cpld\intel\fenghuo_initial\bm_h13dsp_m\rtl\source\common\synclib.v":113:0:113:5|Boundary register sync_cpu_data_low.dout[13] (in view: work.BM_H13DSP_M(verilog)) is packed into a complex cell. To disable register packing, set syn_keep=1 on the net between the register and the complex cell. 
@N: BN362 :"c:\cpld\intel\fenghuo_initial\bm_h13dsp_m\rtl\source\common\synclib.v":113:0:113:5|Removing sequential instance sync_cpu_data_low.ff_s1[14] (in view: work.BM_H13DSP_M(verilog)) of type view:PrimLib.dffr(prim) because it does not drive other instances.
@A: BN291 :"c:\cpld\intel\fenghuo_initial\bm_h13dsp_m\rtl\source\common\synclib.v":113:0:113:5|Boundary register sync_cpu_data_low.ff_s1[14] (in view: work.BM_H13DSP_M(verilog)) is packed into a complex cell. To disable register packing, set syn_keep=1 on the net between the register and the complex cell. 
@N: BN362 :"c:\cpld\intel\fenghuo_initial\bm_h13dsp_m\rtl\source\common\synclib.v":113:0:113:5|Removing sequential instance sync_cpu_data_low.ff_s1[13] (in view: work.BM_H13DSP_M(verilog)) of type view:PrimLib.dffr(prim) because it does not drive other instances.
@A: BN291 :"c:\cpld\intel\fenghuo_initial\bm_h13dsp_m\rtl\source\common\synclib.v":113:0:113:5|Boundary register sync_cpu_data_low.ff_s1[13] (in view: work.BM_H13DSP_M(verilog)) is packed into a complex cell. To disable register packing, set syn_keep=1 on the net between the register and the complex cell. 
@W: BN161 :"c:\cpld\intel\fenghuo_initial\bm_h13dsp_m\rtl\include\bm_h13dsp_m_va_port.v":21:8:21:18|Net N_25 has multiple drivers .
@W: BN161 :"c:\cpld\intel\fenghuo_initial\bm_h13dsp_m\rtl\include\bm_h13dsp_m_va_port.v":21:8:21:18|Net N_75 has multiple drivers .
@W: BN161 :"c:\cpld\intel\fenghuo_initial\bm_h13dsp_m\rtl\include\bm_h13dsp_m_va_port.v":21:8:21:18|Net N_76 has multiple drivers .
@W: BN161 :"c:\cpld\intel\fenghuo_initial\bm_h13dsp_m\rtl\include\bm_h13dsp_m_va_port.v":21:8:21:18|Net N_77 has multiple drivers .
@W: BN161 :"c:\cpld\intel\fenghuo_initial\bm_h13dsp_m\rtl\include\bm_h13dsp_m_va_port.v":21:8:21:18|Net N_78 has multiple drivers .
@W: BN161 :"c:\cpld\intel\fenghuo_initial\bm_h13dsp_m\rtl\include\bm_h13dsp_m_va_port.v":21:8:21:18|Net N_79 has multiple drivers .
@W: BN161 :"c:\cpld\intel\fenghuo_initial\bm_h13dsp_m\rtl\include\bm_h13dsp_m_va_port.v":21:8:21:18|Net N_80 has multiple drivers .
@W: BN161 :"c:\cpld\intel\fenghuo_initial\bm_h13dsp_m\rtl\include\bm_h13dsp_m_va_port.v":21:8:21:18|Net N_81 has multiple drivers .
@W: BN161 :"c:\cpld\intel\fenghuo_initial\bm_h13dsp_m\rtl\include\bm_h13dsp_m_va_port.v":21:8:21:18|Net N_83 has multiple drivers .
@W: BN161 :"c:\cpld\intel\fenghuo_initial\bm_h13dsp_m\rtl\include\bm_h13dsp_m_va_port.v":21:8:21:18|Net N_84 has multiple drivers .
@W: BN161 :"c:\cpld\intel\fenghuo_initial\bm_h13dsp_m\rtl\include\bm_h13dsp_m_va_port.v":21:8:21:18|Net N_85 has multiple drivers .
@W: BN161 :"c:\cpld\intel\fenghuo_initial\bm_h13dsp_m\rtl\include\bm_h13dsp_m_va_port.v":21:8:21:18|Net N_86 has multiple drivers .
@W: BN161 :"c:\cpld\intel\fenghuo_initial\bm_h13dsp_m\rtl\include\bm_h13dsp_m_va_port.v":21:8:21:18|Net N_87 has multiple drivers .
@W: BN161 :"c:\cpld\intel\fenghuo_initial\bm_h13dsp_m\rtl\include\bm_h13dsp_m_va_port.v":21:8:21:18|Net N_88 has multiple drivers .
@W: BN161 :"c:\cpld\intel\fenghuo_initial\bm_h13dsp_m\rtl\include\bm_h13dsp_m_va_port.v":21:8:21:18|Net N_89 has multiple drivers .
@W: BN161 :"c:\cpld\intel\fenghuo_initial\bm_h13dsp_m\rtl\include\bm_h13dsp_m_va_port.v":21:8:21:18|Net N_90 has multiple drivers .
@W: BN161 :"c:\cpld\intel\fenghuo_initial\bm_h13dsp_m\rtl\include\bm_h13dsp_m_va_port.v":21:8:21:18|Net N_91 has multiple drivers .
@W: BN161 :"c:\cpld\intel\fenghuo_initial\bm_h13dsp_m\rtl\include\bm_h13dsp_m_va_port.v":21:8:21:18|Net N_92 has multiple drivers .
@W: BN161 :"c:\cpld\intel\fenghuo_initial\bm_h13dsp_m\rtl\include\bm_h13dsp_m_va_port.v":21:8:21:18|Net N_93 has multiple drivers .
@W: BN161 :"c:\cpld\intel\fenghuo_initial\bm_h13dsp_m\rtl\include\bm_h13dsp_m_va_port.v":21:8:21:18|Net N_94 has multiple drivers .
@W: BN161 :"c:\cpld\intel\fenghuo_initial\bm_h13dsp_m\rtl\include\bm_h13dsp_m_va_port.v":21:8:21:18|Net N_95 has multiple drivers .
@W: BN161 :"c:\cpld\intel\fenghuo_initial\bm_h13dsp_m\rtl\include\bm_h13dsp_m_va_port.v":21:8:21:18|Net N_96 has multiple drivers .
@W: BN161 :"c:\cpld\intel\fenghuo_initial\bm_h13dsp_m\rtl\include\bm_h13dsp_m_va_port.v":21:8:21:18|Net N_97 has multiple drivers .
@W: BN161 :"c:\cpld\intel\fenghuo_initial\bm_h13dsp_m\rtl\include\bm_h13dsp_m_va_port.v":21:8:21:18|Net N_98 has multiple drivers .
@W: BN161 :"c:\cpld\intel\fenghuo_initial\bm_h13dsp_m\rtl\include\bm_h13dsp_m_va_port.v":21:8:21:18|Net N_99 has multiple drivers .
@W: BN161 :"c:\cpld\intel\fenghuo_initial\bm_h13dsp_m\rtl\include\bm_h13dsp_m_va_port.v":21:8:21:18|Net N_100 has multiple drivers .
@W: BN161 :"c:\cpld\intel\fenghuo_initial\bm_h13dsp_m\rtl\include\bm_h13dsp_m_va_port.v":21:8:21:18|Net N_101 has multiple drivers .
@W: BN161 :"c:\cpld\intel\fenghuo_initial\bm_h13dsp_m\rtl\include\bm_h13dsp_m_va_port.v":21:8:21:18|Net N_102 has multiple drivers .
@W: BN161 :"c:\cpld\intel\fenghuo_initial\bm_h13dsp_m\rtl\include\bm_h13dsp_m_va_port.v":21:8:21:18|Net N_103 has multiple drivers .
@W: BN161 :"c:\cpld\intel\fenghuo_initial\bm_h13dsp_m\rtl\include\bm_h13dsp_m_va_port.v":21:8:21:18|Net N_104 has multiple drivers .
@W: BN161 :"c:\cpld\intel\fenghuo_initial\bm_h13dsp_m\rtl\include\bm_h13dsp_m_va_port.v":21:8:21:18|Net N_105 has multiple drivers .
@W: BN161 :"c:\cpld\intel\fenghuo_initial\bm_h13dsp_m\rtl\include\bm_h13dsp_m_va_port.v":21:8:21:18|Net N_106 has multiple drivers .
@W: BN161 :"c:\cpld\intel\fenghuo_initial\bm_h13dsp_m\rtl\include\bm_h13dsp_m_va_port.v":21:8:21:18|Net N_107 has multiple drivers .
@W: BN161 :"c:\cpld\intel\fenghuo_initial\bm_h13dsp_m\rtl\include\bm_h13dsp_m_va_port.v":21:8:21:18|Net N_108 has multiple drivers .
@W: BN161 :"c:\cpld\intel\fenghuo_initial\bm_h13dsp_m\rtl\include\bm_h13dsp_m_va_port.v":21:8:21:18|Net N_109 has multiple drivers .
@W: BN161 :"c:\cpld\intel\fenghuo_initial\bm_h13dsp_m\rtl\include\bm_h13dsp_m_va_port.v":21:8:21:18|Net N_110 has multiple drivers .
@W: BN161 :"c:\cpld\intel\fenghuo_initial\bm_h13dsp_m\rtl\include\bm_h13dsp_m_va_port.v":21:8:21:18|Net N_111 has multiple drivers .
@W: BN161 :"c:\cpld\intel\fenghuo_initial\bm_h13dsp_m\rtl\include\bm_h13dsp_m_va_port.v":21:8:21:18|Net N_112 has multiple drivers .
@W: BN161 :"c:\cpld\intel\fenghuo_initial\bm_h13dsp_m\rtl\include\bm_h13dsp_m_va_port.v":21:8:21:18|Net N_113 has multiple drivers .
@W: BN161 :"c:\cpld\intel\fenghuo_initial\bm_h13dsp_m\rtl\include\bm_h13dsp_m_va_port.v":21:8:21:18|Net N_114 has multiple drivers .
@W: BN161 :"c:\cpld\intel\fenghuo_initial\bm_h13dsp_m\rtl\include\bm_h13dsp_m_va_port.v":21:8:21:18|Net N_115 has multiple drivers .
@W: BN161 :"c:\cpld\intel\fenghuo_initial\bm_h13dsp_m\rtl\include\bm_h13dsp_m_va_port.v":21:8:21:18|Net N_116 has multiple drivers .
@W: BN161 :"c:\cpld\intel\fenghuo_initial\bm_h13dsp_m\rtl\include\bm_h13dsp_m_va_port.v":21:8:21:18|Net N_117 has multiple drivers .
@W: BN161 :"c:\cpld\intel\fenghuo_initial\bm_h13dsp_m\rtl\include\bm_h13dsp_m_va_port.v":21:8:21:18|Net N_118 has multiple drivers .
@W: BN161 :"c:\cpld\intel\fenghuo_initial\bm_h13dsp_m\rtl\include\bm_h13dsp_m_va_port.v":21:8:21:18|Net N_119 has multiple drivers .
@W: BN161 :"c:\cpld\intel\fenghuo_initial\bm_h13dsp_m\rtl\include\bm_h13dsp_m_va_port.v":21:8:21:18|Net N_120 has multiple drivers .
@W: BN161 :"c:\cpld\intel\fenghuo_initial\bm_h13dsp_m\rtl\include\bm_h13dsp_m_va_port.v":21:8:21:18|Net N_121 has multiple drivers .
@W: BN161 :"c:\cpld\intel\fenghuo_initial\bm_h13dsp_m\rtl\include\bm_h13dsp_m_va_port.v":21:8:21:18|Net N_122 has multiple drivers .
@W: BN161 :"c:\cpld\intel\fenghuo_initial\bm_h13dsp_m\rtl\include\bm_h13dsp_m_va_port.v":21:8:21:18|Net N_123 has multiple drivers .
@W: BN161 :"c:\cpld\intel\fenghuo_initial\bm_h13dsp_m\rtl\include\bm_h13dsp_m_va_port.v":21:8:21:18|Net N_124 has multiple drivers .
@W: BN161 :"c:\cpld\intel\fenghuo_initial\bm_h13dsp_m\rtl\include\bm_h13dsp_m_va_port.v":21:8:21:18|Net N_125 has multiple drivers .
@W: BN161 :"c:\cpld\intel\fenghuo_initial\bm_h13dsp_m\rtl\include\bm_h13dsp_m_va_port.v":21:8:21:18|Net N_126 has multiple drivers .
@W: BN161 :"c:\cpld\intel\fenghuo_initial\bm_h13dsp_m\rtl\include\bm_h13dsp_m_va_port.v":21:8:21:18|Net N_127 has multiple drivers .
@W: BN161 :"c:\cpld\intel\fenghuo_initial\bm_h13dsp_m\rtl\include\bm_h13dsp_m_va_port.v":21:8:21:18|Net N_128 has multiple drivers .
@W: BN161 :"c:\cpld\intel\fenghuo_initial\bm_h13dsp_m\rtl\include\bm_h13dsp_m_va_port.v":21:8:21:18|Net N_129 has multiple drivers .

Only the first 100 messages of id 'BN161' are reported. To see all messages use 'report_messages -log C:\CPLD\intel\fenghuo_initial\BM_H13DSP_M\pro\impl1\synlog\BM_H13DSP_M_impl1_fpga_mapper.srr -id BN161' in the Tcl shell. To see all messages in future runs, use the command 'message_override -limit {BN161} -count unlimited' in the Tcl shell.
@N: MO231 :"c:\cpld\intel\fenghuo_initial\bm_h13dsp_m\rtl\source\common\timer_gen_50mhz.v":70:0:70:5|Found counter in view:work.timer_gen(verilog) instance usec_tmr[4:0] 
@N: MO231 :"c:\cpld\intel\fenghuo_initial\bm_h13dsp_m\rtl\source\common\timer_gen_50mhz.v":70:0:70:5|Found counter in view:work.timer_gen(verilog) instance sec_tmr[14:0] 
@N: BN362 :"c:\cpld\intel\fenghuo_initial\bm_h13dsp_m\rtl\source\74lv165\pvt_gpi.v":25:0:25:5|Removing sequential instance par_data[36] (in view: work.pvt_gpi_64s_63s_0s_7s_Z1(verilog)) because it does not drive other instances.
@A: BN291 :"c:\cpld\intel\fenghuo_initial\bm_h13dsp_m\rtl\source\74lv165\pvt_gpi.v":25:0:25:5|Boundary register par_data[36] (in view: work.pvt_gpi_64s_63s_0s_7s_Z1(verilog)) is packed into a complex cell. To disable register packing, set syn_keep=1 on the net between the register and the complex cell. 
@N: BN362 :"c:\cpld\intel\fenghuo_initial\bm_h13dsp_m\rtl\source\74lv165\pvt_gpi.v":25:0:25:5|Removing sequential instance par_data[35] (in view: work.pvt_gpi_64s_63s_0s_7s_Z1(verilog)) because it does not drive other instances.
@A: BN291 :"c:\cpld\intel\fenghuo_initial\bm_h13dsp_m\rtl\source\74lv165\pvt_gpi.v":25:0:25:5|Boundary register par_data[35] (in view: work.pvt_gpi_64s_63s_0s_7s_Z1(verilog)) is packed into a complex cell. To disable register packing, set syn_keep=1 on the net between the register and the complex cell. 
@N: BN362 :"c:\cpld\intel\fenghuo_initial\bm_h13dsp_m\rtl\source\74lv165\pvt_gpi.v":25:0:25:5|Removing sequential instance par_data[34] (in view: work.pvt_gpi_64s_63s_0s_7s_Z1(verilog)) because it does not drive other instances.
@A: BN291 :"c:\cpld\intel\fenghuo_initial\bm_h13dsp_m\rtl\source\74lv165\pvt_gpi.v":25:0:25:5|Boundary register par_data[34] (in view: work.pvt_gpi_64s_63s_0s_7s_Z1(verilog)) is packed into a complex cell. To disable register packing, set syn_keep=1 on the net between the register and the complex cell. 
@N: BN362 :"c:\cpld\intel\fenghuo_initial\bm_h13dsp_m\rtl\source\74lv165\pvt_gpi.v":25:0:25:5|Removing sequential instance par_data[33] (in view: work.pvt_gpi_64s_63s_0s_7s_Z1(verilog)) because it does not drive other instances.
@A: BN291 :"c:\cpld\intel\fenghuo_initial\bm_h13dsp_m\rtl\source\74lv165\pvt_gpi.v":25:0:25:5|Boundary register par_data[33] (in view: work.pvt_gpi_64s_63s_0s_7s_Z1(verilog)) is packed into a complex cell. To disable register packing, set syn_keep=1 on the net between the register and the complex cell. 
@N: BN362 :"c:\cpld\intel\fenghuo_initial\bm_h13dsp_m\rtl\source\74lv165\pvt_gpi.v":25:0:25:5|Removing sequential instance par_data[32] (in view: work.pvt_gpi_64s_63s_0s_7s_Z1(verilog)) because it does not drive other instances.
@A: BN291 :"c:\cpld\intel\fenghuo_initial\bm_h13dsp_m\rtl\source\74lv165\pvt_gpi.v":25:0:25:5|Boundary register par_data[32] (in view: work.pvt_gpi_64s_63s_0s_7s_Z1(verilog)) is packed into a complex cell. To disable register packing, set syn_keep=1 on the net between the register and the complex cell. 
@N: BN362 :"c:\cpld\intel\fenghuo_initial\bm_h13dsp_m\rtl\source\74lv165\pvt_gpi.v":25:0:25:5|Removing sequential instance par_data[31] (in view: work.pvt_gpi_64s_63s_0s_7s_Z1(verilog)) because it does not drive other instances.
@A: BN291 :"c:\cpld\intel\fenghuo_initial\bm_h13dsp_m\rtl\source\74lv165\pvt_gpi.v":25:0:25:5|Boundary register par_data[31] (in view: work.pvt_gpi_64s_63s_0s_7s_Z1(verilog)) is packed into a complex cell. To disable register packing, set syn_keep=1 on the net between the register and the complex cell. 
@N: BN362 :"c:\cpld\intel\fenghuo_initial\bm_h13dsp_m\rtl\source\74lv165\pvt_gpi.v":25:0:25:5|Removing sequential instance par_data[30] (in view: work.pvt_gpi_64s_63s_0s_7s_Z1(verilog)) because it does not drive other instances.
@A: BN291 :"c:\cpld\intel\fenghuo_initial\bm_h13dsp_m\rtl\source\74lv165\pvt_gpi.v":25:0:25:5|Boundary register par_data[30] (in view: work.pvt_gpi_64s_63s_0s_7s_Z1(verilog)) is packed into a complex cell. To disable register packing, set syn_keep=1 on the net between the register and the complex cell. 
@N: BN362 :"c:\cpld\intel\fenghuo_initial\bm_h13dsp_m\rtl\source\74lv165\pvt_gpi.v":25:0:25:5|Removing sequential instance par_data[29] (in view: work.pvt_gpi_64s_63s_0s_7s_Z1(verilog)) because it does not drive other instances.
@A: BN291 :"c:\cpld\intel\fenghuo_initial\bm_h13dsp_m\rtl\source\74lv165\pvt_gpi.v":25:0:25:5|Boundary register par_data[29] (in view: work.pvt_gpi_64s_63s_0s_7s_Z1(verilog)) is packed into a complex cell. To disable register packing, set syn_keep=1 on the net between the register and the complex cell. 
@N: BN362 :"c:\cpld\intel\fenghuo_initial\bm_h13dsp_m\rtl\source\74lv165\pvt_gpi.v":25:0:25:5|Removing sequential instance par_data[28] (in view: work.pvt_gpi_64s_63s_0s_7s_Z1(verilog)) because it does not drive other instances.
@A: BN291 :"c:\cpld\intel\fenghuo_initial\bm_h13dsp_m\rtl\source\74lv165\pvt_gpi.v":25:0:25:5|Boundary register par_data[28] (in view: work.pvt_gpi_64s_63s_0s_7s_Z1(verilog)) is packed into a complex cell. To disable register packing, set syn_keep=1 on the net between the register and the complex cell. 
@N: BN362 :"c:\cpld\intel\fenghuo_initial\bm_h13dsp_m\rtl\source\74lv165\pvt_gpi.v":25:0:25:5|Removing sequential instance par_data[26] (in view: work.pvt_gpi_64s_63s_0s_7s_Z1(verilog)) because it does not drive other instances.
@A: BN291 :"c:\cpld\intel\fenghuo_initial\bm_h13dsp_m\rtl\source\74lv165\pvt_gpi.v":25:0:25:5|Boundary register par_data[26] (in view: work.pvt_gpi_64s_63s_0s_7s_Z1(verilog)) is packed into a complex cell. To disable register packing, set syn_keep=1 on the net between the register and the complex cell. 
@N: BN362 :"c:\cpld\intel\fenghuo_initial\bm_h13dsp_m\rtl\source\74lv165\pvt_gpi.v":25:0:25:5|Removing sequential instance par_data[25] (in view: work.pvt_gpi_64s_63s_0s_7s_Z1(verilog)) because it does not drive other instances.
@A: BN291 :"c:\cpld\intel\fenghuo_initial\bm_h13dsp_m\rtl\source\74lv165\pvt_gpi.v":25:0:25:5|Boundary register par_data[25] (in view: work.pvt_gpi_64s_63s_0s_7s_Z1(verilog)) is packed into a complex cell. To disable register packing, set syn_keep=1 on the net between the register and the complex cell. 
@N: BN362 :"c:\cpld\intel\fenghuo_initial\bm_h13dsp_m\rtl\source\74lv165\pvt_gpi.v":25:0:25:5|Removing sequential instance par_data[24] (in view: work.pvt_gpi_64s_63s_0s_7s_Z1(verilog)) because it does not drive other instances.
@A: BN291 :"c:\cpld\intel\fenghuo_initial\bm_h13dsp_m\rtl\source\74lv165\pvt_gpi.v":25:0:25:5|Boundary register par_data[24] (in view: work.pvt_gpi_64s_63s_0s_7s_Z1(verilog)) is packed into a complex cell. To disable register packing, set syn_keep=1 on the net between the register and the complex cell. 
@N: BN362 :"c:\cpld\intel\fenghuo_initial\bm_h13dsp_m\rtl\source\74lv165\pvt_gpi.v":25:0:25:5|Removing sequential instance par_data[23] (in view: work.pvt_gpi_64s_63s_0s_7s_Z1(verilog)) because it does not drive other instances.
@A: BN291 :"c:\cpld\intel\fenghuo_initial\bm_h13dsp_m\rtl\source\74lv165\pvt_gpi.v":25:0:25:5|Boundary register par_data[23] (in view: work.pvt_gpi_64s_63s_0s_7s_Z1(verilog)) is packed into a complex cell. To disable register packing, set syn_keep=1 on the net between the register and the complex cell. 
@N: BN362 :"c:\cpld\intel\fenghuo_initial\bm_h13dsp_m\rtl\source\74lv165\pvt_gpi.v":25:0:25:5|Removing sequential instance par_data[21] (in view: work.pvt_gpi_64s_63s_0s_7s_Z1(verilog)) because it does not drive other instances.
@A: BN291 :"c:\cpld\intel\fenghuo_initial\bm_h13dsp_m\rtl\source\74lv165\pvt_gpi.v":25:0:25:5|Boundary register par_data[21] (in view: work.pvt_gpi_64s_63s_0s_7s_Z1(verilog)) is packed into a complex cell. To disable register packing, set syn_keep=1 on the net between the register and the complex cell. 
@N: BN362 :"c:\cpld\intel\fenghuo_initial\bm_h13dsp_m\rtl\source\74lv165\pvt_gpi.v":25:0:25:5|Removing sequential instance par_data[20] (in view: work.pvt_gpi_64s_63s_0s_7s_Z1(verilog)) because it does not drive other instances.
@A: BN291 :"c:\cpld\intel\fenghuo_initial\bm_h13dsp_m\rtl\source\74lv165\pvt_gpi.v":25:0:25:5|Boundary register par_data[20] (in view: work.pvt_gpi_64s_63s_0s_7s_Z1(verilog)) is packed into a complex cell. To disable register packing, set syn_keep=1 on the net between the register and the complex cell. 
@N: BN362 :"c:\cpld\intel\fenghuo_initial\bm_h13dsp_m\rtl\source\74lv165\pvt_gpi.v":25:0:25:5|Removing sequential instance par_data[19] (in view: work.pvt_gpi_64s_63s_0s_7s_Z1(verilog)) because it does not drive other instances.
@A: BN291 :"c:\cpld\intel\fenghuo_initial\bm_h13dsp_m\rtl\source\74lv165\pvt_gpi.v":25:0:25:5|Boundary register par_data[19] (in view: work.pvt_gpi_64s_63s_0s_7s_Z1(verilog)) is packed into a complex cell. To disable register packing, set syn_keep=1 on the net between the register and the complex cell. 
@N: BN362 :"c:\cpld\intel\fenghuo_initial\bm_h13dsp_m\rtl\source\74lv165\pvt_gpi.v":25:0:25:5|Removing sequential instance par_data[18] (in view: work.pvt_gpi_64s_63s_0s_7s_Z1(verilog)) because it does not drive other instances.
@A: BN291 :"c:\cpld\intel\fenghuo_initial\bm_h13dsp_m\rtl\source\74lv165\pvt_gpi.v":25:0:25:5|Boundary register par_data[18] (in view: work.pvt_gpi_64s_63s_0s_7s_Z1(verilog)) is packed into a complex cell. To disable register packing, set syn_keep=1 on the net between the register and the complex cell. 
@N: BN362 :"c:\cpld\intel\fenghuo_initial\bm_h13dsp_m\rtl\source\74lv165\pvt_gpi.v":25:0:25:5|Removing sequential instance par_data[17] (in view: work.pvt_gpi_64s_63s_0s_7s_Z1(verilog)) because it does not drive other instances.
@A: BN291 :"c:\cpld\intel\fenghuo_initial\bm_h13dsp_m\rtl\source\74lv165\pvt_gpi.v":25:0:25:5|Boundary register par_data[17] (in view: work.pvt_gpi_64s_63s_0s_7s_Z1(verilog)) is packed into a complex cell. To disable register packing, set syn_keep=1 on the net between the register and the complex cell. 
@N: BN362 :"c:\cpld\intel\fenghuo_initial\bm_h13dsp_m\rtl\source\74lv165\pvt_gpi.v":25:0:25:5|Removing sequential instance par_data[16] (in view: work.pvt_gpi_64s_63s_0s_7s_Z1(verilog)) because it does not drive other instances.
@A: BN291 :"c:\cpld\intel\fenghuo_initial\bm_h13dsp_m\rtl\source\74lv165\pvt_gpi.v":25:0:25:5|Boundary register par_data[16] (in view: work.pvt_gpi_64s_63s_0s_7s_Z1(verilog)) is packed into a complex cell. To disable register packing, set syn_keep=1 on the net between the register and the complex cell. 
@N: BN362 :"c:\cpld\intel\fenghuo_initial\bm_h13dsp_m\rtl\source\74lv165\pvt_gpi.v":25:0:25:5|Removing sequential instance par_data[11] (in view: work.pvt_gpi_64s_63s_0s_7s_Z1(verilog)) because it does not drive other instances.
@A: BN291 :"c:\cpld\intel\fenghuo_initial\bm_h13dsp_m\rtl\source\74lv165\pvt_gpi.v":25:0:25:5|Boundary register par_data[11] (in view: work.pvt_gpi_64s_63s_0s_7s_Z1(verilog)) is packed into a complex cell. To disable register packing, set syn_keep=1 on the net between the register and the complex cell. 
@N: BN362 :"c:\cpld\intel\fenghuo_initial\bm_h13dsp_m\rtl\source\74lv165\pvt_gpi.v":25:0:25:5|Removing sequential instance par_data[7] (in view: work.pvt_gpi_64s_63s_0s_7s_Z1(verilog)) because it does not drive other instances.
@A: BN291 :"c:\cpld\intel\fenghuo_initial\bm_h13dsp_m\rtl\source\74lv165\pvt_gpi.v":25:0:25:5|Boundary register par_data[7] (in view: work.pvt_gpi_64s_63s_0s_7s_Z1(verilog)) is packed into a complex cell. To disable register packing, set syn_keep=1 on the net between the register and the complex cell. 
@N: BN362 :"c:\cpld\intel\fenghuo_initial\bm_h13dsp_m\rtl\source\74lv165\pvt_gpi.v":25:0:25:5|Removing sequential instance par_data[6] (in view: work.pvt_gpi_64s_63s_0s_7s_Z1(verilog)) because it does not drive other instances.
@A: BN291 :"c:\cpld\intel\fenghuo_initial\bm_h13dsp_m\rtl\source\74lv165\pvt_gpi.v":25:0:25:5|Boundary register par_data[6] (in view: work.pvt_gpi_64s_63s_0s_7s_Z1(verilog)) is packed into a complex cell. To disable register packing, set syn_keep=1 on the net between the register and the complex cell. 
@N: BN362 :"c:\cpld\intel\fenghuo_initial\bm_h13dsp_m\rtl\source\74lv165\pvt_gpi.v":25:0:25:5|Removing sequential instance par_data[5] (in view: work.pvt_gpi_64s_63s_0s_7s_Z1(verilog)) because it does not drive other instances.
@A: BN291 :"c:\cpld\intel\fenghuo_initial\bm_h13dsp_m\rtl\source\74lv165\pvt_gpi.v":25:0:25:5|Boundary register par_data[5] (in view: work.pvt_gpi_64s_63s_0s_7s_Z1(verilog)) is packed into a complex cell. To disable register packing, set syn_keep=1 on the net between the register and the complex cell. 
@N: BN362 :"c:\cpld\intel\fenghuo_initial\bm_h13dsp_m\rtl\source\74lv165\pvt_gpi.v":25:0:25:5|Removing sequential instance par_data[4] (in view: work.pvt_gpi_64s_63s_0s_7s_Z1(verilog)) because it does not drive other instances.
@A: BN291 :"c:\cpld\intel\fenghuo_initial\bm_h13dsp_m\rtl\source\74lv165\pvt_gpi.v":25:0:25:5|Boundary register par_data[4] (in view: work.pvt_gpi_64s_63s_0s_7s_Z1(verilog)) is packed into a complex cell. To disable register packing, set syn_keep=1 on the net between the register and the complex cell. 
@N: BN362 :"c:\cpld\intel\fenghuo_initial\bm_h13dsp_m\rtl\source\74lv165\pvt_gpi.v":25:0:25:5|Removing sequential instance par_data[2] (in view: work.pvt_gpi_64s_63s_0s_7s_Z1(verilog)) because it does not drive other instances.
@A: BN291 :"c:\cpld\intel\fenghuo_initial\bm_h13dsp_m\rtl\source\74lv165\pvt_gpi.v":25:0:25:5|Boundary register par_data[2] (in view: work.pvt_gpi_64s_63s_0s_7s_Z1(verilog)) is packed into a complex cell. To disable register packing, set syn_keep=1 on the net between the register and the complex cell. 
@N: BN362 :"c:\cpld\intel\fenghuo_initial\bm_h13dsp_m\rtl\source\74lv165\pvt_gpi.v":25:0:25:5|Removing sequential instance par_data[1] (in view: work.pvt_gpi_64s_63s_0s_7s_Z1(verilog)) because it does not drive other instances.
@A: BN291 :"c:\cpld\intel\fenghuo_initial\bm_h13dsp_m\rtl\source\74lv165\pvt_gpi.v":25:0:25:5|Boundary register par_data[1] (in view: work.pvt_gpi_64s_63s_0s_7s_Z1(verilog)) is packed into a complex cell. To disable register packing, set syn_keep=1 on the net between the register and the complex cell. 
@N: MO231 :"c:\cpld\intel\fenghuo_initial\bm_h13dsp_m\rtl\source\74lv165\pvt_gpi.v":35:0:35:5|Found counter in view:work.pvt_gpi_64s_63s_0s_7s_Z1(verilog) instance bit_idx_out_1[5:0] 
@N: BN362 :"c:\cpld\intel\fenghuo_initial\bm_h13dsp_m\rtl\source\sgpio_master\s2p_master.v":110:2:110:7|Removing sequential instance po_r[195] (in view: work.s2p_master_200s_9s(verilog)) because it does not drive other instances.
@N: BN362 :"c:\cpld\intel\fenghuo_initial\bm_h13dsp_m\rtl\source\sgpio_master\s2p_master.v":110:2:110:7|Removing sequential instance po_r[194] (in view: work.s2p_master_200s_9s(verilog)) because it does not drive other instances.
@N: BN362 :"c:\cpld\intel\fenghuo_initial\bm_h13dsp_m\rtl\source\sgpio_master\s2p_master.v":110:2:110:7|Removing sequential instance po_r[193] (in view: work.s2p_master_200s_9s(verilog)) because it does not drive other instances.
@N: BN362 :"c:\cpld\intel\fenghuo_initial\bm_h13dsp_m\rtl\source\sgpio_master\s2p_master.v":110:2:110:7|Removing sequential instance po_r[192] (in view: work.s2p_master_200s_9s(verilog)) because it does not drive other instances.
@N: BN362 :"c:\cpld\intel\fenghuo_initial\bm_h13dsp_m\rtl\source\sgpio_master\s2p_master.v":110:2:110:7|Removing sequential instance po_r[191] (in view: work.s2p_master_200s_9s(verilog)) because it does not drive other instances.
@N: BN362 :"c:\cpld\intel\fenghuo_initial\bm_h13dsp_m\rtl\source\sgpio_master\s2p_master.v":110:2:110:7|Removing sequential instance po_r[190] (in view: work.s2p_master_200s_9s(verilog)) because it does not drive other instances.
@N: BN362 :"c:\cpld\intel\fenghuo_initial\bm_h13dsp_m\rtl\source\sgpio_master\s2p_master.v":110:2:110:7|Removing sequential instance po_r[189] (in view: work.s2p_master_200s_9s(verilog)) because it does not drive other instances.
@N: BN362 :"c:\cpld\intel\fenghuo_initial\bm_h13dsp_m\rtl\source\sgpio_master\s2p_master.v":110:2:110:7|Removing sequential instance po_r[188] (in view: work.s2p_master_200s_9s(verilog)) because it does not drive other instances.
@N: BN362 :"c:\cpld\intel\fenghuo_initial\bm_h13dsp_m\rtl\source\sgpio_master\s2p_master.v":110:2:110:7|Removing sequential instance po_r[187] (in view: work.s2p_master_200s_9s(verilog)) because it does not drive other instances.
@N: BN362 :"c:\cpld\intel\fenghuo_initial\bm_h13dsp_m\rtl\source\sgpio_master\s2p_master.v":110:2:110:7|Removing sequential instance po_r[186] (in view: work.s2p_master_200s_9s(verilog)) because it does not drive other instances.
@N: BN362 :"c:\cpld\intel\fenghuo_initial\bm_h13dsp_m\rtl\source\sgpio_master\s2p_master.v":110:2:110:7|Removing sequential instance po_r[185] (in view: work.s2p_master_200s_9s(verilog)) because it does not drive other instances.
@N: BN362 :"c:\cpld\intel\fenghuo_initial\bm_h13dsp_m\rtl\source\sgpio_master\s2p_master.v":110:2:110:7|Removing sequential instance po_r[184] (in view: work.s2p_master_200s_9s(verilog)) because it does not drive other instances.
@N: BN362 :"c:\cpld\intel\fenghuo_initial\bm_h13dsp_m\rtl\source\sgpio_master\s2p_master.v":110:2:110:7|Removing sequential instance po_r[183] (in view: work.s2p_master_200s_9s(verilog)) because it does not drive other instances.
@N: BN362 :"c:\cpld\intel\fenghuo_initial\bm_h13dsp_m\rtl\source\sgpio_master\s2p_master.v":110:2:110:7|Removing sequential instance po_r[182] (in view: work.s2p_master_200s_9s(verilog)) because it does not drive other instances.
@N: BN362 :"c:\cpld\intel\fenghuo_initial\bm_h13dsp_m\rtl\source\sgpio_master\s2p_master.v":110:2:110:7|Removing sequential instance po_r[181] (in view: work.s2p_master_200s_9s(verilog)) because it does not drive other instances.
@N: BN362 :"c:\cpld\intel\fenghuo_initial\bm_h13dsp_m\rtl\source\sgpio_master\s2p_master.v":110:2:110:7|Removing sequential instance po_r[180] (in view: work.s2p_master_200s_9s(verilog)) because it does not drive other instances.
@N: BN362 :"c:\cpld\intel\fenghuo_initial\bm_h13dsp_m\rtl\source\sgpio_master\s2p_master.v":110:2:110:7|Removing sequential instance po_r[179] (in view: work.s2p_master_200s_9s(verilog)) because it does not drive other instances.
@N: BN362 :"c:\cpld\intel\fenghuo_initial\bm_h13dsp_m\rtl\source\sgpio_master\s2p_master.v":110:2:110:7|Removing sequential instance po_r[178] (in view: work.s2p_master_200s_9s(verilog)) because it does not drive other instances.
@N: BN362 :"c:\cpld\intel\fenghuo_initial\bm_h13dsp_m\rtl\source\sgpio_master\s2p_master.v":110:2:110:7|Removing sequential instance po_r[177] (in view: work.s2p_master_200s_9s(verilog)) because it does not drive other instances.
@N: BN362 :"c:\cpld\intel\fenghuo_initial\bm_h13dsp_m\rtl\source\sgpio_master\s2p_master.v":118:2:118:7|Removing sequential instance po[195] (in view: work.s2p_master_200s_9s(verilog)) because it does not drive other instances.
@N: BN362 :"c:\cpld\intel\fenghuo_initial\bm_h13dsp_m\rtl\source\sgpio_master\s2p_master.v":118:2:118:7|Removing sequential instance po[194] (in view: work.s2p_master_200s_9s(verilog)) because it does not drive other instances.
@N: BN362 :"c:\cpld\intel\fenghuo_initial\bm_h13dsp_m\rtl\source\sgpio_master\s2p_master.v":118:2:118:7|Removing sequential instance po[193] (in view: work.s2p_master_200s_9s(verilog)) because it does not drive other instances.
@N: BN362 :"c:\cpld\intel\fenghuo_initial\bm_h13dsp_m\rtl\source\sgpio_master\s2p_master.v":118:2:118:7|Removing sequential instance po[192] (in view: work.s2p_master_200s_9s(verilog)) because it does not drive other instances.
@N: BN362 :"c:\cpld\intel\fenghuo_initial\bm_h13dsp_m\rtl\source\sgpio_master\s2p_master.v":118:2:118:7|Removing sequential instance po[191] (in view: work.s2p_master_200s_9s(verilog)) because it does not drive other instances.
@N: BN362 :"c:\cpld\intel\fenghuo_initial\bm_h13dsp_m\rtl\source\sgpio_master\s2p_master.v":118:2:118:7|Removing sequential instance po[190] (in view: work.s2p_master_200s_9s(verilog)) because it does not drive other instances.
@N: BN362 :"c:\cpld\intel\fenghuo_initial\bm_h13dsp_m\rtl\source\sgpio_master\s2p_master.v":118:2:118:7|Removing sequential instance po[189] (in view: work.s2p_master_200s_9s(verilog)) because it does not drive other instances.
@N: BN362 :"c:\cpld\intel\fenghuo_initial\bm_h13dsp_m\rtl\source\sgpio_master\s2p_master.v":118:2:118:7|Removing sequential instance po[188] (in view: work.s2p_master_200s_9s(verilog)) because it does not drive other instances.
@N: BN362 :"c:\cpld\intel\fenghuo_initial\bm_h13dsp_m\rtl\source\sgpio_master\s2p_master.v":118:2:118:7|Removing sequential instance po[187] (in view: work.s2p_master_200s_9s(verilog)) because it does not drive other instances.
@N: BN362 :"c:\cpld\intel\fenghuo_initial\bm_h13dsp_m\rtl\source\sgpio_master\s2p_master.v":118:2:118:7|Removing sequential instance po[186] (in view: work.s2p_master_200s_9s(verilog)) because it does not drive other instances.
@N: BN362 :"c:\cpld\intel\fenghuo_initial\bm_h13dsp_m\rtl\source\sgpio_master\s2p_master.v":118:2:118:7|Removing sequential instance po[185] (in view: work.s2p_master_200s_9s(verilog)) because it does not drive other instances.
@N: BN362 :"c:\cpld\intel\fenghuo_initial\bm_h13dsp_m\rtl\source\sgpio_master\s2p_master.v":118:2:118:7|Removing sequential instance po[184] (in view: work.s2p_master_200s_9s(verilog)) because it does not drive other instances.
@N: BN362 :"c:\cpld\intel\fenghuo_initial\bm_h13dsp_m\rtl\source\sgpio_master\s2p_master.v":118:2:118:7|Removing sequential instance po[183] (in view: work.s2p_master_200s_9s(verilog)) because it does not drive other instances.
@N: BN362 :"c:\cpld\intel\fenghuo_initial\bm_h13dsp_m\rtl\source\sgpio_master\s2p_master.v":118:2:118:7|Removing sequential instance po[182] (in view: work.s2p_master_200s_9s(verilog)) because it does not drive other instances.
@N: BN362 :"c:\cpld\intel\fenghuo_initial\bm_h13dsp_m\rtl\source\sgpio_master\s2p_master.v":118:2:118:7|Removing sequential instance po[181] (in view: work.s2p_master_200s_9s(verilog)) because it does not drive other instances.
@N: BN362 :"c:\cpld\intel\fenghuo_initial\bm_h13dsp_m\rtl\source\sgpio_master\s2p_master.v":118:2:118:7|Removing sequential instance po[180] (in view: work.s2p_master_200s_9s(verilog)) because it does not drive other instances.
@N: BN362 :"c:\cpld\intel\fenghuo_initial\bm_h13dsp_m\rtl\source\sgpio_master\s2p_master.v":118:2:118:7|Removing sequential instance po[179] (in view: work.s2p_master_200s_9s(verilog)) because it does not drive other instances.
@N: BN362 :"c:\cpld\intel\fenghuo_initial\bm_h13dsp_m\rtl\source\sgpio_master\s2p_master.v":118:2:118:7|Removing sequential instance po[178] (in view: work.s2p_master_200s_9s(verilog)) because it does not drive other instances.
@N: BN362 :"c:\cpld\intel\fenghuo_initial\bm_h13dsp_m\rtl\source\sgpio_master\s2p_master.v":118:2:118:7|Removing sequential instance po[177] (in view: work.s2p_master_200s_9s(verilog)) because it does not drive other instances.
@N: MO231 :"c:\cpld\intel\fenghuo_initial\bm_h13dsp_m\rtl\source\sgpio_master\p2s_slave.v":66:0:66:5|Found counter in view:work.p2s_slave_200s_8s(verilog) instance cnt[7:0] 
@N: BN362 :"c:\cpld\intel\fenghuo_initial\bm_h13dsp_m\rtl\source\sgpio_master\s2p_master.v":110:2:110:7|Removing sequential instance po_r[91] (in view: work.s2p_master_96s_8s(verilog)) because it does not drive other instances.
@N: BN362 :"c:\cpld\intel\fenghuo_initial\bm_h13dsp_m\rtl\source\sgpio_master\s2p_master.v":110:2:110:7|Removing sequential instance po_r[90] (in view: work.s2p_master_96s_8s(verilog)) because it does not drive other instances.
@N: BN362 :"c:\cpld\intel\fenghuo_initial\bm_h13dsp_m\rtl\source\sgpio_master\s2p_master.v":110:2:110:7|Removing sequential instance po_r[89] (in view: work.s2p_master_96s_8s(verilog)) because it does not drive other instances.
@N: BN362 :"c:\cpld\intel\fenghuo_initial\bm_h13dsp_m\rtl\source\sgpio_master\s2p_master.v":110:2:110:7|Removing sequential instance po_r[88] (in view: work.s2p_master_96s_8s(verilog)) because it does not drive other instances.
@N: BN362 :"c:\cpld\intel\fenghuo_initial\bm_h13dsp_m\rtl\source\sgpio_master\s2p_master.v":110:2:110:7|Removing sequential instance po_r[87] (in view: work.s2p_master_96s_8s(verilog)) because it does not drive other instances.
@N: BN362 :"c:\cpld\intel\fenghuo_initial\bm_h13dsp_m\rtl\source\sgpio_master\s2p_master.v":110:2:110:7|Removing sequential instance po_r[86] (in view: work.s2p_master_96s_8s(verilog)) because it does not drive other instances.
@N: BN362 :"c:\cpld\intel\fenghuo_initial\bm_h13dsp_m\rtl\source\sgpio_master\s2p_master.v":110:2:110:7|Removing sequential instance po_r[85] (in view: work.s2p_master_96s_8s(verilog)) because it does not drive other instances.
@N: BN362 :"c:\cpld\intel\fenghuo_initial\bm_h13dsp_m\rtl\source\sgpio_master\s2p_master.v":110:2:110:7|Removing sequential instance po_r[84] (in view: work.s2p_master_96s_8s(verilog)) because it does not drive other instances.
@N: BN362 :"c:\cpld\intel\fenghuo_initial\bm_h13dsp_m\rtl\source\sgpio_master\s2p_master.v":110:2:110:7|Removing sequential instance po_r[83] (in view: work.s2p_master_96s_8s(verilog)) because it does not drive other instances.
@N: BN362 :"c:\cpld\intel\fenghuo_initial\bm_h13dsp_m\rtl\source\sgpio_master\s2p_master.v":110:2:110:7|Removing sequential instance po_r[82] (in view: work.s2p_master_96s_8s(verilog)) because it does not drive other instances.
@N: BN362 :"c:\cpld\intel\fenghuo_initial\bm_h13dsp_m\rtl\source\sgpio_master\s2p_master.v":110:2:110:7|Removing sequential instance po_r[81] (in view: work.s2p_master_96s_8s(verilog)) because it does not drive other instances.
@N: BN362 :"c:\cpld\intel\fenghuo_initial\bm_h13dsp_m\rtl\source\sgpio_master\s2p_master.v":110:2:110:7|Removing sequential instance po_r[80] (in view: work.s2p_master_96s_8s(verilog)) because it does not drive other instances.
@N: BN362 :"c:\cpld\intel\fenghuo_initial\bm_h13dsp_m\rtl\source\sgpio_master\s2p_master.v":110:2:110:7|Removing sequential instance po_r[79] (in view: work.s2p_master_96s_8s(verilog)) because it does not drive other instances.
@N: BN362 :"c:\cpld\intel\fenghuo_initial\bm_h13dsp_m\rtl\source\sgpio_master\s2p_master.v":110:2:110:7|Removing sequential instance po_r[78] (in view: work.s2p_master_96s_8s(verilog)) because it does not drive other instances.
@N: BN362 :"c:\cpld\intel\fenghuo_initial\bm_h13dsp_m\rtl\source\sgpio_master\s2p_master.v":110:2:110:7|Removing sequential instance po_r[77] (in view: work.s2p_master_96s_8s(verilog)) because it does not drive other instances.
@N: BN362 :"c:\cpld\intel\fenghuo_initial\bm_h13dsp_m\rtl\source\sgpio_master\s2p_master.v":110:2:110:7|Removing sequential instance po_r[76] (in view: work.s2p_master_96s_8s(verilog)) because it does not drive other instances.
@N: BN362 :"c:\cpld\intel\fenghuo_initial\bm_h13dsp_m\rtl\source\sgpio_master\s2p_master.v":110:2:110:7|Removing sequential instance po_r[75] (in view: work.s2p_master_96s_8s(verilog)) because it does not drive other instances.
@N: BN362 :"c:\cpld\intel\fenghuo_initial\bm_h13dsp_m\rtl\source\sgpio_master\s2p_master.v":110:2:110:7|Removing sequential instance po_r[74] (in view: work.s2p_master_96s_8s(verilog)) because it does not drive other instances.
@N: BN362 :"c:\cpld\intel\fenghuo_initial\bm_h13dsp_m\rtl\source\sgpio_master\s2p_master.v":110:2:110:7|Removing sequential instance po_r[73] (in view: work.s2p_master_96s_8s(verilog)) because it does not drive other instances.
@N: BN362 :"c:\cpld\intel\fenghuo_initial\bm_h13dsp_m\rtl\source\sgpio_master\s2p_master.v":110:2:110:7|Removing sequential instance po_r[72] (in view: work.s2p_master_96s_8s(verilog)) because it does not drive other instances.
@N: BN362 :"c:\cpld\intel\fenghuo_initial\bm_h13dsp_m\rtl\source\sgpio_master\s2p_master.v":110:2:110:7|Removing sequential instance po_r[71] (in view: work.s2p_master_96s_8s(verilog)) because it does not drive other instances.
@N: BN362 :"c:\cpld\intel\fenghuo_initial\bm_h13dsp_m\rtl\source\sgpio_master\s2p_master.v":110:2:110:7|Removing sequential instance po_r[70] (in view: work.s2p_master_96s_8s(verilog)) because it does not drive other instances.
@N: BN362 :"c:\cpld\intel\fenghuo_initial\bm_h13dsp_m\rtl\source\sgpio_master\s2p_master.v":110:2:110:7|Removing sequential instance po_r[69] (in view: work.s2p_master_96s_8s(verilog)) because it does not drive other instances.
@N: BN362 :"c:\cpld\intel\fenghuo_initial\bm_h13dsp_m\rtl\source\sgpio_master\s2p_master.v":110:2:110:7|Removing sequential instance po_r[68] (in view: work.s2p_master_96s_8s(verilog)) because it does not drive other instances.
@N: BN362 :"c:\cpld\intel\fenghuo_initial\bm_h13dsp_m\rtl\source\sgpio_master\s2p_master.v":110:2:110:7|Removing sequential instance po_r[67] (in view: work.s2p_master_96s_8s(verilog)) because it does not drive other instances.
@N: BN362 :"c:\cpld\intel\fenghuo_initial\bm_h13dsp_m\rtl\source\sgpio_master\s2p_master.v":110:2:110:7|Removing sequential instance po_r[66] (in view: work.s2p_master_96s_8s(verilog)) because it does not drive other instances.
@N: BN362 :"c:\cpld\intel\fenghuo_initial\bm_h13dsp_m\rtl\source\sgpio_master\s2p_master.v":110:2:110:7|Removing sequential instance po_r[65] (in view: work.s2p_master_96s_8s(verilog)) because it does not drive other instances.
@N: BN362 :"c:\cpld\intel\fenghuo_initial\bm_h13dsp_m\rtl\source\sgpio_master\s2p_master.v":110:2:110:7|Removing sequential instance po_r[64] (in view: work.s2p_master_96s_8s(verilog)) because it does not drive other instances.
@N: BN362 :"c:\cpld\intel\fenghuo_initial\bm_h13dsp_m\rtl\source\sgpio_master\s2p_master.v":110:2:110:7|Removing sequential instance po_r[63] (in view: work.s2p_master_96s_8s(verilog)) because it does not drive other instances.
@N: BN362 :"c:\cpld\intel\fenghuo_initial\bm_h13dsp_m\rtl\source\sgpio_master\s2p_master.v":110:2:110:7|Removing sequential instance po_r[62] (in view: work.s2p_master_96s_8s(verilog)) because it does not drive other instances.
@N: BN362 :"c:\cpld\intel\fenghuo_initial\bm_h13dsp_m\rtl\source\sgpio_master\s2p_master.v":110:2:110:7|Removing sequential instance po_r[61] (in view: work.s2p_master_96s_8s(verilog)) because it does not drive other instances.
@N: BN362 :"c:\cpld\intel\fenghuo_initial\bm_h13dsp_m\rtl\source\sgpio_master\s2p_master.v":110:2:110:7|Removing sequential instance po_r[60] (in view: work.s2p_master_96s_8s(verilog)) because it does not drive other instances.

Only the first 100 messages of id 'BN362' are reported. To see all messages use 'report_messages -log C:\CPLD\intel\fenghuo_initial\BM_H13DSP_M\pro\impl1\synlog\BM_H13DSP_M_impl1_fpga_mapper.srr -id BN362' in the Tcl shell. To see all messages in future runs, use the command 'message_override -limit {BN362} -count unlimited' in the Tcl shell.
@N: MO231 :"c:\cpld\intel\fenghuo_initial\bm_h13dsp_m\rtl\source\sgpio_master\p2s_slave.v":66:0:66:5|Found counter in view:work.p2s_slave_96s_7s(verilog) instance cnt[6:0] 
@N: MO231 :"c:\cpld\intel\fenghuo_initial\bm_h13dsp_m\rtl\source\common\system_rst.v":42:0:42:5|Found counter in view:work.system_rst(verilog) instance r_bmc_ctl_sys_rst_cnt[5:0] 
@N: MO231 :"c:\cpld\intel\fenghuo_initial\bm_h13dsp_m\rtl\source\pwr_seq\pwrseq_master.v":292:0:292:5|Found counter in view:work.pwrseq_master(verilog) instance wdt_counter[9:0] 
@N: MF179 :"c:\cpld\intel\fenghuo_initial\bm_h13dsp_m\rtl\source\pwr_seq\pwrseq_master.v":289:26:289:59|Found 6 by 6 bit equality operator ('==') un1_wdt_counter_clr (in view: work.pwrseq_master(verilog))
@A: BN291 :"c:\cpld\intel\fenghuo_initial\bm_h13dsp_m\rtl\source\uart\mcio_uart_master.v":252:0:252:5|Boundary register par_data_out[15] (in view: work.UART_MASTER_Z5_1(verilog)) is packed into a complex cell. To disable register packing, set syn_keep=1 on the net between the register and the complex cell. 
@A: BN291 :"c:\cpld\intel\fenghuo_initial\bm_h13dsp_m\rtl\source\uart\mcio_uart_master.v":252:0:252:5|Boundary register par_data_out[14] (in view: work.UART_MASTER_Z5_1(verilog)) is packed into a complex cell. To disable register packing, set syn_keep=1 on the net between the register and the complex cell. 
@A: BN291 :"c:\cpld\intel\fenghuo_initial\bm_h13dsp_m\rtl\source\uart\mcio_uart_master.v":252:0:252:5|Boundary register par_data_out[13] (in view: work.UART_MASTER_Z5_1(verilog)) is packed into a complex cell. To disable register packing, set syn_keep=1 on the net between the register and the complex cell. 
@A: BN291 :"c:\cpld\intel\fenghuo_initial\bm_h13dsp_m\rtl\source\uart\mcio_uart_master.v":252:0:252:5|Boundary register par_data_out[12] (in view: work.UART_MASTER_Z5_1(verilog)) is packed into a complex cell. To disable register packing, set syn_keep=1 on the net between the register and the complex cell. 
@A: BN291 :"c:\cpld\intel\fenghuo_initial\bm_h13dsp_m\rtl\source\uart\mcio_uart_master.v":252:0:252:5|Boundary register par_data_out[11] (in view: work.UART_MASTER_Z5_1(verilog)) is packed into a complex cell. To disable register packing, set syn_keep=1 on the net between the register and the complex cell. 
@A: BN291 :"c:\cpld\intel\fenghuo_initial\bm_h13dsp_m\rtl\source\uart\mcio_uart_master.v":252:0:252:5|Boundary register par_data_out[10] (in view: work.UART_MASTER_Z5_1(verilog)) is packed into a complex cell. To disable register packing, set syn_keep=1 on the net between the register and the complex cell. 
@A: BN291 :"c:\cpld\intel\fenghuo_initial\bm_h13dsp_m\rtl\source\uart\mcio_uart_master.v":252:0:252:5|Boundary register par_data_out[9] (in view: work.UART_MASTER_Z5_1(verilog)) is packed into a complex cell. To disable register packing, set syn_keep=1 on the net between the register and the complex cell. 
@A: BN291 :"c:\cpld\intel\fenghuo_initial\bm_h13dsp_m\rtl\source\uart\mcio_uart_master.v":252:0:252:5|Boundary register par_data_out[8] (in view: work.UART_MASTER_Z5_1(verilog)) is packed into a complex cell. To disable register packing, set syn_keep=1 on the net between the register and the complex cell. 
@N: MO231 :"c:\cpld\intel\fenghuo_initial\bm_h13dsp_m\rtl\source\uart\mcio_uart_master.v":201:0:201:5|Found counter in view:work.UART_MASTER_Z5_1(verilog) instance data_count[4:0] 
@N: MO231 :"c:\cpld\intel\fenghuo_initial\bm_h13dsp_m\rtl\source\uart\mcio_uart_master.v":189:0:189:5|Found counter in view:work.UART_MASTER_Z5_1(verilog) instance bps_count_bit[5:0] 
@A: BN291 :"c:\cpld\intel\fenghuo_initial\bm_h13dsp_m\rtl\source\uart\mcio_uart_master.v":252:0:252:5|Boundary register par_data_out[15] (in view: work.UART_MASTER_Z5_0(verilog)) is packed into a complex cell. To disable register packing, set syn_keep=1 on the net between the register and the complex cell. 
@A: BN291 :"c:\cpld\intel\fenghuo_initial\bm_h13dsp_m\rtl\source\uart\mcio_uart_master.v":252:0:252:5|Boundary register par_data_out[14] (in view: work.UART_MASTER_Z5_0(verilog)) is packed into a complex cell. To disable register packing, set syn_keep=1 on the net between the register and the complex cell. 
@A: BN291 :"c:\cpld\intel\fenghuo_initial\bm_h13dsp_m\rtl\source\uart\mcio_uart_master.v":252:0:252:5|Boundary register par_data_out[13] (in view: work.UART_MASTER_Z5_0(verilog)) is packed into a complex cell. To disable register packing, set syn_keep=1 on the net between the register and the complex cell. 
@A: BN291 :"c:\cpld\intel\fenghuo_initial\bm_h13dsp_m\rtl\source\uart\mcio_uart_master.v":252:0:252:5|Boundary register par_data_out[12] (in view: work.UART_MASTER_Z5_0(verilog)) is packed into a complex cell. To disable register packing, set syn_keep=1 on the net between the register and the complex cell. 
@A: BN291 :"c:\cpld\intel\fenghuo_initial\bm_h13dsp_m\rtl\source\uart\mcio_uart_master.v":252:0:252:5|Boundary register par_data_out[11] (in view: work.UART_MASTER_Z5_0(verilog)) is packed into a complex cell. To disable register packing, set syn_keep=1 on the net between the register and the complex cell. 
@A: BN291 :"c:\cpld\intel\fenghuo_initial\bm_h13dsp_m\rtl\source\uart\mcio_uart_master.v":252:0:252:5|Boundary register par_data_out[10] (in view: work.UART_MASTER_Z5_0(verilog)) is packed into a complex cell. To disable register packing, set syn_keep=1 on the net between the register and the complex cell. 
@A: BN291 :"c:\cpld\intel\fenghuo_initial\bm_h13dsp_m\rtl\source\uart\mcio_uart_master.v":252:0:252:5|Boundary register par_data_out[9] (in view: work.UART_MASTER_Z5_0(verilog)) is packed into a complex cell. To disable register packing, set syn_keep=1 on the net between the register and the complex cell. 
@A: BN291 :"c:\cpld\intel\fenghuo_initial\bm_h13dsp_m\rtl\source\uart\mcio_uart_master.v":252:0:252:5|Boundary register par_data_out[8] (in view: work.UART_MASTER_Z5_0(verilog)) is packed into a complex cell. To disable register packing, set syn_keep=1 on the net between the register and the complex cell. 
@N: MO231 :"c:\cpld\intel\fenghuo_initial\bm_h13dsp_m\rtl\source\uart\mcio_uart_master.v":201:0:201:5|Found counter in view:work.UART_MASTER_Z5_0(verilog) instance data_count[4:0] 
@N: MO231 :"c:\cpld\intel\fenghuo_initial\bm_h13dsp_m\rtl\source\uart\mcio_uart_master.v":189:0:189:5|Found counter in view:work.UART_MASTER_Z5_0(verilog) instance bps_count_bit[5:0] 
@W: BN132 :"c:\cpld\intel\fenghuo_initial\bm_h13dsp_m\rtl\source\espi_link\espi_link.v":122:0:122:5|Removing instance bios_espi_link.io_data_out[15] because it is equivalent to instance bios_espi_link.io_data_out[14]. To keep the instance, apply constraint syn_preserve=1 on the instance.
@W: BN132 :"c:\cpld\intel\fenghuo_initial\bm_h13dsp_m\rtl\source\espi_link\espi_link.v":122:0:122:5|Removing instance bios_espi_link.io_data_out[14] because it is equivalent to instance bios_espi_link.io_data_out[13]. To keep the instance, apply constraint syn_preserve=1 on the instance.
@W: BN132 :"c:\cpld\intel\fenghuo_initial\bm_h13dsp_m\rtl\source\espi_link\espi_link.v":122:0:122:5|Removing instance bios_espi_link.io_data_out[13] because it is equivalent to instance bios_espi_link.io_data_out[11]. To keep the instance, apply constraint syn_preserve=1 on the instance.
@W: BN132 :"c:\cpld\intel\fenghuo_initial\bm_h13dsp_m\rtl\source\espi_link\espi_link.v":122:0:122:5|Removing instance bios_espi_link.io_data_out[11] because it is equivalent to instance bios_espi_link.io_data_out[10]. To keep the instance, apply constraint syn_preserve=1 on the instance.
@W: BN132 :"c:\cpld\intel\fenghuo_initial\bm_h13dsp_m\rtl\source\espi_link\espi_link.v":122:0:122:5|Removing instance bios_espi_link.io_data_out[9] because it is equivalent to instance bios_espi_link.io_data_out[10]. To keep the instance, apply constraint syn_preserve=1 on the instance.
@W: BN132 :"c:\cpld\intel\fenghuo_initial\bm_h13dsp_m\rtl\source\espi_link\espi_link.v":122:0:122:5|Removing instance bios_espi_link.io_data_out[8] because it is equivalent to instance bios_espi_link.io_data_out[10]. To keep the instance, apply constraint syn_preserve=1 on the instance.
@N: MO231 :"c:\cpld\intel\fenghuo_initial\bm_h13dsp_m\rtl\source\espi_link\espi_link.v":143:0:143:5|Found counter in view:work.espi_link(verilog) instance trans_cnt6[3:0] 
@N: MF179 :"c:\cpld\intel\fenghuo_initial\bm_h13dsp_m\rtl\source\espi_link\espi_link.v":191:5:191:46|Found 9 by 9 bit equality operator ('==') vwire_rd_trans_en8 (in view: work.espi_link(verilog))
@W: BN132 :"c:\cpld\intel\fenghuo_initial\bm_h13dsp_m\rtl\source\espi_link\espi_link.v":122:0:122:5|Removing instance bios_espi_link.io_data_out[18] because it is equivalent to instance bios_espi_link.io_data_out[17]. To keep the instance, apply constraint syn_preserve=1 on the instance.
@W: BN132 :"c:\cpld\intel\fenghuo_initial\bm_h13dsp_m\rtl\source\espi_link\espi_link.v":122:0:122:5|Removing instance bios_espi_link.io_data_out[23] because it is equivalent to instance bios_espi_link.io_data_out[19]. To keep the instance, apply constraint syn_preserve=1 on the instance.
@W: BN132 :"c:\cpld\intel\fenghuo_initial\bm_h13dsp_m\rtl\source\espi_link\espi_link.v":122:0:122:5|Removing instance bios_espi_link.io_data_out[22] because it is equivalent to instance bios_espi_link.io_data_out[21]. To keep the instance, apply constraint syn_preserve=1 on the instance.
@W: BN132 :"c:\cpld\intel\fenghuo_initial\bm_h13dsp_m\rtl\source\espi_link\espi_link.v":122:0:122:5|Removing instance bios_espi_link.io_data_out[31] because it is equivalent to instance bios_espi_link.io_data_out[27]. To keep the instance, apply constraint syn_preserve=1 on the instance.
@W: BN132 :"c:\cpld\intel\fenghuo_initial\bm_h13dsp_m\rtl\source\espi_link\espi_link.v":122:0:122:5|Removing instance bios_espi_link.io_data_out[30] because it is equivalent to instance bios_espi_link.io_data_out[29]. To keep the instance, apply constraint syn_preserve=1 on the instance.
@N: MO231 :"c:\cpld\intel\fenghuo_initial\bm_h13dsp_m\rtl\source\bmc_i2c\i2c_slave_bmc.v":113:0:113:5|Found counter in view:work.i2c_slave_bmc_16s_0(verilog) instance r_write_byte_cnt[15:0] 
@N: MO231 :"c:\cpld\intel\fenghuo_initial\bm_h13dsp_m\rtl\source\bmc_i2c\i2c_slave_bmc.v":103:0:103:5|Found counter in view:work.i2c_slave_bmc_16s_0(verilog) instance r_read_byte_cnt[15:0] 
@N: MO231 :"c:\cpld\intel\fenghuo_initial\bm_h13dsp_m\rtl\source\bmc_i2c\i2c_slave_basic0.v":628:0:628:5|Found counter in view:work.i2c_slave_basic0_3s_16s_0(verilog) instance r_timeout_cnt[5:0] 
@N: MO231 :"c:\cpld\intel\fenghuo_initial\bm_h13dsp_m\rtl\source\common\edge_delay.v":52:0:52:5|Found counter in view:work.edge_delay_6s_0_0_2(verilog) instance timer_cnt[5:0] 
@N: MO231 :"c:\cpld\intel\fenghuo_initial\bm_h13dsp_m\rtl\source\common\edge_delay.v":52:0:52:5|Found counter in view:work.edge_delay_6s_0_0_1(verilog) instance timer_cnt[5:0] 
@N: MO231 :"c:\cpld\intel\fenghuo_initial\bm_h13dsp_m\rtl\source\common\edge_delay.v":52:0:52:5|Found counter in view:work.edge_delay_6s_0_0_0(verilog) instance timer_cnt[5:0] 
@A: BN291 :"c:\cpld\intel\fenghuo_initial\bm_h13dsp_m\rtl\source\74lv165\pvt_gpi.v":25:0:25:5|Boundary register par_data[63] (in view: work.pvt_gpi_64s_63s_0s_6s_Z6_1(verilog)) is packed into a complex cell. To disable register packing, set syn_keep=1 on the net between the register and the complex cell. 
@A: BN291 :"c:\cpld\intel\fenghuo_initial\bm_h13dsp_m\rtl\source\74lv165\pvt_gpi.v":25:0:25:5|Boundary register par_data[62] (in view: work.pvt_gpi_64s_63s_0s_6s_Z6_1(verilog)) is packed into a complex cell. To disable register packing, set syn_keep=1 on the net between the register and the complex cell. 
@A: BN291 :"c:\cpld\intel\fenghuo_initial\bm_h13dsp_m\rtl\source\74lv165\pvt_gpi.v":25:0:25:5|Boundary register par_data[61] (in view: work.pvt_gpi_64s_63s_0s_6s_Z6_1(verilog)) is packed into a complex cell. To disable register packing, set syn_keep=1 on the net between the register and the complex cell. 
@A: BN291 :"c:\cpld\intel\fenghuo_initial\bm_h13dsp_m\rtl\source\74lv165\pvt_gpi.v":25:0:25:5|Boundary register par_data[60] (in view: work.pvt_gpi_64s_63s_0s_6s_Z6_1(verilog)) is packed into a complex cell. To disable register packing, set syn_keep=1 on the net between the register and the complex cell. 
@A: BN291 :"c:\cpld\intel\fenghuo_initial\bm_h13dsp_m\rtl\source\74lv165\pvt_gpi.v":25:0:25:5|Boundary register par_data[59] (in view: work.pvt_gpi_64s_63s_0s_6s_Z6_1(verilog)) is packed into a complex cell. To disable register packing, set syn_keep=1 on the net between the register and the complex cell. 
@A: BN291 :"c:\cpld\intel\fenghuo_initial\bm_h13dsp_m\rtl\source\74lv165\pvt_gpi.v":25:0:25:5|Boundary register par_data[58] (in view: work.pvt_gpi_64s_63s_0s_6s_Z6_1(verilog)) is packed into a complex cell. To disable register packing, set syn_keep=1 on the net between the register and the complex cell. 
@A: BN291 :"c:\cpld\intel\fenghuo_initial\bm_h13dsp_m\rtl\source\74lv165\pvt_gpi.v":25:0:25:5|Boundary register par_data[57] (in view: work.pvt_gpi_64s_63s_0s_6s_Z6_1(verilog)) is packed into a complex cell. To disable register packing, set syn_keep=1 on the net between the register and the complex cell. 
@A: BN291 :"c:\cpld\intel\fenghuo_initial\bm_h13dsp_m\rtl\source\74lv165\pvt_gpi.v":25:0:25:5|Boundary register par_data[56] (in view: work.pvt_gpi_64s_63s_0s_6s_Z6_1(verilog)) is packed into a complex cell. To disable register packing, set syn_keep=1 on the net between the register and the complex cell. 
@A: BN291 :"c:\cpld\intel\fenghuo_initial\bm_h13dsp_m\rtl\source\74lv165\pvt_gpi.v":25:0:25:5|Boundary register par_data[55] (in view: work.pvt_gpi_64s_63s_0s_6s_Z6_1(verilog)) is packed into a complex cell. To disable register packing, set syn_keep=1 on the net between the register and the complex cell. 
@A: BN291 :"c:\cpld\intel\fenghuo_initial\bm_h13dsp_m\rtl\source\74lv165\pvt_gpi.v":25:0:25:5|Boundary register par_data[54] (in view: work.pvt_gpi_64s_63s_0s_6s_Z6_1(verilog)) is packed into a complex cell. To disable register packing, set syn_keep=1 on the net between the register and the complex cell. 
@A: BN291 :"c:\cpld\intel\fenghuo_initial\bm_h13dsp_m\rtl\source\74lv165\pvt_gpi.v":25:0:25:5|Boundary register par_data[53] (in view: work.pvt_gpi_64s_63s_0s_6s_Z6_1(verilog)) is packed into a complex cell. To disable register packing, set syn_keep=1 on the net between the register and the complex cell. 
@A: BN291 :"c:\cpld\intel\fenghuo_initial\bm_h13dsp_m\rtl\source\74lv165\pvt_gpi.v":25:0:25:5|Boundary register par_data[52] (in view: work.pvt_gpi_64s_63s_0s_6s_Z6_1(verilog)) is packed into a complex cell. To disable register packing, set syn_keep=1 on the net between the register and the complex cell. 
@A: BN291 :"c:\cpld\intel\fenghuo_initial\bm_h13dsp_m\rtl\source\74lv165\pvt_gpi.v":25:0:25:5|Boundary register par_data[51] (in view: work.pvt_gpi_64s_63s_0s_6s_Z6_1(verilog)) is packed into a complex cell. To disable register packing, set syn_keep=1 on the net between the register and the complex cell. 
@A: BN291 :"c:\cpld\intel\fenghuo_initial\bm_h13dsp_m\rtl\source\74lv165\pvt_gpi.v":25:0:25:5|Boundary register par_data[50] (in view: work.pvt_gpi_64s_63s_0s_6s_Z6_1(verilog)) is packed into a complex cell. To disable register packing, set syn_keep=1 on the net between the register and the complex cell. 
@A: BN291 :"c:\cpld\intel\fenghuo_initial\bm_h13dsp_m\rtl\source\74lv165\pvt_gpi.v":25:0:25:5|Boundary register par_data[49] (in view: work.pvt_gpi_64s_63s_0s_6s_Z6_1(verilog)) is packed into a complex cell. To disable register packing, set syn_keep=1 on the net between the register and the complex cell. 
@A: BN291 :"c:\cpld\intel\fenghuo_initial\bm_h13dsp_m\rtl\source\74lv165\pvt_gpi.v":25:0:25:5|Boundary register par_data[48] (in view: work.pvt_gpi_64s_63s_0s_6s_Z6_1(verilog)) is packed into a complex cell. To disable register packing, set syn_keep=1 on the net between the register and the complex cell. 
@A: BN291 :"c:\cpld\intel\fenghuo_initial\bm_h13dsp_m\rtl\source\74lv165\pvt_gpi.v":25:0:25:5|Boundary register par_data[47] (in view: work.pvt_gpi_64s_63s_0s_6s_Z6_1(verilog)) is packed into a complex cell. To disable register packing, set syn_keep=1 on the net between the register and the complex cell. 
@A: BN291 :"c:\cpld\intel\fenghuo_initial\bm_h13dsp_m\rtl\source\74lv165\pvt_gpi.v":25:0:25:5|Boundary register par_data[46] (in view: work.pvt_gpi_64s_63s_0s_6s_Z6_1(verilog)) is packed into a complex cell. To disable register packing, set syn_keep=1 on the net between the register and the complex cell. 
@A: BN291 :"c:\cpld\intel\fenghuo_initial\bm_h13dsp_m\rtl\source\74lv165\pvt_gpi.v":25:0:25:5|Boundary register par_data[45] (in view: work.pvt_gpi_64s_63s_0s_6s_Z6_1(verilog)) is packed into a complex cell. To disable register packing, set syn_keep=1 on the net between the register and the complex cell. 
@A: BN291 :"c:\cpld\intel\fenghuo_initial\bm_h13dsp_m\rtl\source\74lv165\pvt_gpi.v":25:0:25:5|Boundary register par_data[44] (in view: work.pvt_gpi_64s_63s_0s_6s_Z6_1(verilog)) is packed into a complex cell. To disable register packing, set syn_keep=1 on the net between the register and the complex cell. 
@A: BN291 :"c:\cpld\intel\fenghuo_initial\bm_h13dsp_m\rtl\source\74lv165\pvt_gpi.v":25:0:25:5|Boundary register par_data[43] (in view: work.pvt_gpi_64s_63s_0s_6s_Z6_1(verilog)) is packed into a complex cell. To disable register packing, set syn_keep=1 on the net between the register and the complex cell. 
@A: BN291 :"c:\cpld\intel\fenghuo_initial\bm_h13dsp_m\rtl\source\74lv165\pvt_gpi.v":25:0:25:5|Boundary register par_data[41] (in view: work.pvt_gpi_64s_63s_0s_6s_Z6_1(verilog)) is packed into a complex cell. To disable register packing, set syn_keep=1 on the net between the register and the complex cell. 
@A: BN291 :"c:\cpld\intel\fenghuo_initial\bm_h13dsp_m\rtl\source\74lv165\pvt_gpi.v":25:0:25:5|Boundary register par_data[38] (in view: work.pvt_gpi_64s_63s_0s_6s_Z6_1(verilog)) is packed into a complex cell. To disable register packing, set syn_keep=1 on the net between the register and the complex cell. 
@A: BN291 :"c:\cpld\intel\fenghuo_initial\bm_h13dsp_m\rtl\source\74lv165\pvt_gpi.v":25:0:25:5|Boundary register par_data[32] (in view: work.pvt_gpi_64s_63s_0s_6s_Z6_1(verilog)) is packed into a complex cell. To disable register packing, set syn_keep=1 on the net between the register and the complex cell. 
@A: BN291 :"c:\cpld\intel\fenghuo_initial\bm_h13dsp_m\rtl\source\74lv165\pvt_gpi.v":25:0:25:5|Boundary register par_data[31] (in view: work.pvt_gpi_64s_63s_0s_6s_Z6_1(verilog)) is packed into a complex cell. To disable register packing, set syn_keep=1 on the net between the register and the complex cell. 
@A: BN291 :"c:\cpld\intel\fenghuo_initial\bm_h13dsp_m\rtl\source\74lv165\pvt_gpi.v":25:0:25:5|Boundary register par_data[30] (in view: work.pvt_gpi_64s_63s_0s_6s_Z6_1(verilog)) is packed into a complex cell. To disable register packing, set syn_keep=1 on the net between the register and the complex cell. 
@A: BN291 :"c:\cpld\intel\fenghuo_initial\bm_h13dsp_m\rtl\source\74lv165\pvt_gpi.v":25:0:25:5|Boundary register par_data[29] (in view: work.pvt_gpi_64s_63s_0s_6s_Z6_1(verilog)) is packed into a complex cell. To disable register packing, set syn_keep=1 on the net between the register and the complex cell. 
@A: BN291 :"c:\cpld\intel\fenghuo_initial\bm_h13dsp_m\rtl\source\74lv165\pvt_gpi.v":25:0:25:5|Boundary register par_data[28] (in view: work.pvt_gpi_64s_63s_0s_6s_Z6_1(verilog)) is packed into a complex cell. To disable register packing, set syn_keep=1 on the net between the register and the complex cell. 
@A: BN291 :"c:\cpld\intel\fenghuo_initial\bm_h13dsp_m\rtl\source\74lv165\pvt_gpi.v":25:0:25:5|Boundary register par_data[27] (in view: work.pvt_gpi_64s_63s_0s_6s_Z6_1(verilog)) is packed into a complex cell. To disable register packing, set syn_keep=1 on the net between the register and the complex cell. 
@A: BN291 :"c:\cpld\intel\fenghuo_initial\bm_h13dsp_m\rtl\source\74lv165\pvt_gpi.v":25:0:25:5|Boundary register par_data[26] (in view: work.pvt_gpi_64s_63s_0s_6s_Z6_1(verilog)) is packed into a complex cell. To disable register packing, set syn_keep=1 on the net between the register and the complex cell. 
@A: BN291 :"c:\cpld\intel\fenghuo_initial\bm_h13dsp_m\rtl\source\74lv165\pvt_gpi.v":25:0:25:5|Boundary register par_data[25] (in view: work.pvt_gpi_64s_63s_0s_6s_Z6_1(verilog)) is packed into a complex cell. To disable register packing, set syn_keep=1 on the net between the register and the complex cell. 
@A: BN291 :"c:\cpld\intel\fenghuo_initial\bm_h13dsp_m\rtl\source\74lv165\pvt_gpi.v":25:0:25:5|Boundary register par_data[24] (in view: work.pvt_gpi_64s_63s_0s_6s_Z6_1(verilog)) is packed into a complex cell. To disable register packing, set syn_keep=1 on the net between the register and the complex cell. 
@A: BN291 :"c:\cpld\intel\fenghuo_initial\bm_h13dsp_m\rtl\source\74lv165\pvt_gpi.v":25:0:25:5|Boundary register par_data[15] (in view: work.pvt_gpi_64s_63s_0s_6s_Z6_1(verilog)) is packed into a complex cell. To disable register packing, set syn_keep=1 on the net between the register and the complex cell. 
@A: BN291 :"c:\cpld\intel\fenghuo_initial\bm_h13dsp_m\rtl\source\74lv165\pvt_gpi.v":25:0:25:5|Boundary register par_data[14] (in view: work.pvt_gpi_64s_63s_0s_6s_Z6_1(verilog)) is packed into a complex cell. To disable register packing, set syn_keep=1 on the net between the register and the complex cell. 
@A: BN291 :"c:\cpld\intel\fenghuo_initial\bm_h13dsp_m\rtl\source\74lv165\pvt_gpi.v":25:0:25:5|Boundary register par_data[13] (in view: work.pvt_gpi_64s_63s_0s_6s_Z6_1(verilog)) is packed into a complex cell. To disable register packing, set syn_keep=1 on the net between the register and the complex cell. 
@A: BN291 :"c:\cpld\intel\fenghuo_initial\bm_h13dsp_m\rtl\source\74lv165\pvt_gpi.v":25:0:25:5|Boundary register par_data[12] (in view: work.pvt_gpi_64s_63s_0s_6s_Z6_1(verilog)) is packed into a complex cell. To disable register packing, set syn_keep=1 on the net between the register and the complex cell. 
@A: BN291 :"c:\cpld\intel\fenghuo_initial\bm_h13dsp_m\rtl\source\74lv165\pvt_gpi.v":25:0:25:5|Boundary register par_data[11] (in view: work.pvt_gpi_64s_63s_0s_6s_Z6_1(verilog)) is packed into a complex cell. To disable register packing, set syn_keep=1 on the net between the register and the complex cell. 
@A: BN291 :"c:\cpld\intel\fenghuo_initial\bm_h13dsp_m\rtl\source\74lv165\pvt_gpi.v":25:0:25:5|Boundary register par_data[10] (in view: work.pvt_gpi_64s_63s_0s_6s_Z6_1(verilog)) is packed into a complex cell. To disable register packing, set syn_keep=1 on the net between the register and the complex cell. 
@A: BN291 :"c:\cpld\intel\fenghuo_initial\bm_h13dsp_m\rtl\source\74lv165\pvt_gpi.v":25:0:25:5|Boundary register par_data[9] (in view: work.pvt_gpi_64s_63s_0s_6s_Z6_1(verilog)) is packed into a complex cell. To disable register packing, set syn_keep=1 on the net between the register and the complex cell. 
@A: BN291 :"c:\cpld\intel\fenghuo_initial\bm_h13dsp_m\rtl\source\74lv165\pvt_gpi.v":25:0:25:5|Boundary register par_data[8] (in view: work.pvt_gpi_64s_63s_0s_6s_Z6_1(verilog)) is packed into a complex cell. To disable register packing, set syn_keep=1 on the net between the register and the complex cell. 
@A: BN291 :"c:\cpld\intel\fenghuo_initial\bm_h13dsp_m\rtl\source\74lv165\pvt_gpi.v":25:0:25:5|Boundary register par_data[7] (in view: work.pvt_gpi_64s_63s_0s_6s_Z6_1(verilog)) is packed into a complex cell. To disable register packing, set syn_keep=1 on the net between the register and the complex cell. 
@A: BN291 :"c:\cpld\intel\fenghuo_initial\bm_h13dsp_m\rtl\source\74lv165\pvt_gpi.v":25:0:25:5|Boundary register par_data[6] (in view: work.pvt_gpi_64s_63s_0s_6s_Z6_1(verilog)) is packed into a complex cell. To disable register packing, set syn_keep=1 on the net between the register and the complex cell. 
@A: BN291 :"c:\cpld\intel\fenghuo_initial\bm_h13dsp_m\rtl\source\74lv165\pvt_gpi.v":25:0:25:5|Boundary register par_data[5] (in view: work.pvt_gpi_64s_63s_0s_6s_Z6_1(verilog)) is packed into a complex cell. To disable register packing, set syn_keep=1 on the net between the register and the complex cell. 
@A: BN291 :"c:\cpld\intel\fenghuo_initial\bm_h13dsp_m\rtl\source\74lv165\pvt_gpi.v":25:0:25:5|Boundary register par_data[4] (in view: work.pvt_gpi_64s_63s_0s_6s_Z6_1(verilog)) is packed into a complex cell. To disable register packing, set syn_keep=1 on the net between the register and the complex cell. 
@A: BN291 :"c:\cpld\intel\fenghuo_initial\bm_h13dsp_m\rtl\source\74lv165\pvt_gpi.v":25:0:25:5|Boundary register par_data[2] (in view: work.pvt_gpi_64s_63s_0s_6s_Z6_1(verilog)) is packed into a complex cell. To disable register packing, set syn_keep=1 on the net between the register and the complex cell. 
@A: BN291 :"c:\cpld\intel\fenghuo_initial\bm_h13dsp_m\rtl\source\74lv165\pvt_gpi.v":25:0:25:5|Boundary register par_data[1] (in view: work.pvt_gpi_64s_63s_0s_6s_Z6_1(verilog)) is packed into a complex cell. To disable register packing, set syn_keep=1 on the net between the register and the complex cell. 
@A: BN291 :"c:\cpld\intel\fenghuo_initial\bm_h13dsp_m\rtl\source\74lv165\pvt_gpi.v":25:0:25:5|Boundary register par_data[0] (in view: work.pvt_gpi_64s_63s_0s_6s_Z6_1(verilog)) is packed into a complex cell. To disable register packing, set syn_keep=1 on the net between the register and the complex cell. 
@N: MO231 :"c:\cpld\intel\fenghuo_initial\bm_h13dsp_m\rtl\source\74lv165\pvt_gpi.v":35:0:35:5|Found counter in view:work.pvt_gpi_64s_63s_0s_6s_Z6_1(verilog) instance bit_idx_out[5:0] 
@A: BN291 :"c:\cpld\intel\fenghuo_initial\bm_h13dsp_m\rtl\source\74lv165\pvt_gpi.v":25:0:25:5|Boundary register par_data[7] (in view: work.pvt_gpi_8s_0_7s_0s_3s(verilog)) is packed into a complex cell. To disable register packing, set syn_keep=1 on the net between the register and the complex cell. 
@A: BN291 :"c:\cpld\intel\fenghuo_initial\bm_h13dsp_m\rtl\source\74lv165\pvt_gpi.v":25:0:25:5|Boundary register par_data[6] (in view: work.pvt_gpi_8s_0_7s_0s_3s(verilog)) is packed into a complex cell. To disable register packing, set syn_keep=1 on the net between the register and the complex cell. 
@A: BN291 :"c:\cpld\intel\fenghuo_initial\bm_h13dsp_m\rtl\source\74lv165\pvt_gpi.v":25:0:25:5|Boundary register par_data[5] (in view: work.pvt_gpi_8s_0_7s_0s_3s(verilog)) is packed into a complex cell. To disable register packing, set syn_keep=1 on the net between the register and the complex cell. 
@A: BN291 :"c:\cpld\intel\fenghuo_initial\bm_h13dsp_m\rtl\source\74lv165\pvt_gpi.v":25:0:25:5|Boundary register par_data[4] (in view: work.pvt_gpi_8s_0_7s_0s_3s(verilog)) is packed into a complex cell. To disable register packing, set syn_keep=1 on the net between the register and the complex cell. 
@A: BN291 :"c:\cpld\intel\fenghuo_initial\bm_h13dsp_m\rtl\source\74lv165\pvt_gpi.v":25:0:25:5|Boundary register par_data[3] (in view: work.pvt_gpi_8s_0_7s_0s_3s(verilog)) is packed into a complex cell. To disable register packing, set syn_keep=1 on the net between the register and the complex cell. 
@A: BN291 :"c:\cpld\intel\fenghuo_initial\bm_h13dsp_m\rtl\source\74lv165\pvt_gpi.v":25:0:25:5|Boundary register par_data[2] (in view: work.pvt_gpi_8s_0_7s_0s_3s(verilog)) is packed into a complex cell. To disable register packing, set syn_keep=1 on the net between the register and the complex cell. 
@A: BN291 :"c:\cpld\intel\fenghuo_initial\bm_h13dsp_m\rtl\source\74lv165\pvt_gpi.v":25:0:25:5|Boundary register par_data[0] (in view: work.pvt_gpi_8s_0_7s_0s_3s(verilog)) is packed into a complex cell. To disable register packing, set syn_keep=1 on the net between the register and the complex cell. 
@N: MF179 :"c:\cpld\intel\fenghuo_initial\bm_h13dsp_m\rtl\source\74hc164\s2p_164.v":29:9:29:25|Found 8 by 8 bit equality operator ('==') r_data_chg_flag6 (in view: work.s2p_164(verilog))

Only the first 100 messages of id 'BN291' are reported. To see all messages use 'report_messages -log C:\CPLD\intel\fenghuo_initial\BM_H13DSP_M\pro\impl1\synlog\BM_H13DSP_M_impl1_fpga_mapper.srr -id BN291' in the Tcl shell. To see all messages in future runs, use the command 'message_override -limit {BN291} -count unlimited' in the Tcl shell.
@N: MO231 :"c:\cpld\intel\fenghuo_initial\bm_h13dsp_m\rtl\source\74lv165\pvt_gpi.v":35:0:35:5|Found counter in view:work.pvt_gpi_64s_63s_0s_6s_Z6_0(verilog) instance bit_idx_out[5:0] 
@N: MO231 :"c:\cpld\intel\fenghuo_initial\bm_h13dsp_m\rtl\source\bmc_i2c\i2c_slave_bmc.v":113:0:113:5|Found counter in view:work.i2c_slave_bmc_16s_1(verilog) instance r_write_byte_cnt[15:0] 
@N: MO231 :"c:\cpld\intel\fenghuo_initial\bm_h13dsp_m\rtl\source\bmc_i2c\i2c_slave_bmc.v":103:0:103:5|Found counter in view:work.i2c_slave_bmc_16s_1(verilog) instance r_read_byte_cnt[15:0] 
@N: MO231 :"c:\cpld\intel\fenghuo_initial\bm_h13dsp_m\rtl\source\bmc_i2c\i2c_slave_basic0.v":628:0:628:5|Found counter in view:work.i2c_slave_basic0_3s_16s_1(verilog) instance r_timeout_cnt[5:0] 
@N: MO231 :"c:\cpld\intel\fenghuo_initial\bm_h13dsp_m\rtl\source\pwr_but_ctrl\bmc_ctl_pwrbtn.v":82:0:82:5|Found counter in view:work.bmc_ctl_pwrbtn(verilog) instance r_lbtn_pwrdown_cnt[8:0] 
@N: MO231 :"c:\cpld\intel\fenghuo_initial\bm_h13dsp_m\rtl\source\pwr_but_ctrl\bmc_ctl_pwrbtn.v":238:0:238:5|Found counter in view:work.bmc_ctl_pwrbtn(verilog) instance r_pwrbtn_counter[9:0] 
@N: MO231 :"c:\cpld\intel\fenghuo_initial\bm_h13dsp_m\rtl\source\pwr_but_ctrl\bmc_ctl_pwrbtn.v":110:0:110:5|Found counter in view:work.bmc_ctl_pwrbtn(verilog) instance r_sbtn_pwrdown_cnt[5:0] 
@N: MO231 :"c:\cpld\intel\fenghuo_initial\bm_h13dsp_m\rtl\source\pwr_but_ctrl\bmc_ctl_pwrbtn.v":55:0:55:5|Found counter in view:work.bmc_ctl_pwrbtn(verilog) instance r_sbtn_pwron_cnt[5:0] 

Starting factoring (Real Time elapsed 0h:00m:05s; CPU Time elapsed 0h:00m:04s; Memory used current: 292MB peak: 292MB)

@W: BN132 :"c:\cpld\intel\fenghuo_initial\bm_h13dsp_m\rtl\source\espi_link\espi_link.v":80:0:80:5|Removing instance bios_espi_link.current_state[31] because it is equivalent to instance bios_espi_link.current_state[14]. To keep the instance, apply constraint syn_preserve=1 on the instance.
@W: BN132 :"c:\cpld\intel\fenghuo_initial\bm_h13dsp_m\rtl\source\espi_link\espi_link.v":80:0:80:5|Removing instance bios_espi_link.current_state[26] because it is equivalent to instance bios_espi_link.current_state[14]. To keep the instance, apply constraint syn_preserve=1 on the instance.
@W: BN132 :"c:\cpld\intel\fenghuo_initial\bm_h13dsp_m\rtl\source\espi_link\espi_link.v":80:0:80:5|Removing instance bios_espi_link.current_state[25] because it is equivalent to instance bios_espi_link.current_state[14]. To keep the instance, apply constraint syn_preserve=1 on the instance.

Finished factoring (Real Time elapsed 0h:00m:08s; CPU Time elapsed 0h:00m:08s; Memory used current: 330MB peak: 330MB)


Available hyper_sources - for debug and ip models
	None Found

NConnInternalConnection caching is on
@W: BN132 :"c:\cpld\intel\fenghuo_initial\bm_h13dsp_m\rtl\source\bmc_i2c\i2c_slave_basic0.v":612:0:612:5|Removing instance bios_cpld_i2c_ram_u0.i2c_slave_bmc_u0.i2c_slave_basic0_u0.r_1ms_clk_0 because it is equivalent to instance bmc_cpld_i2c_ram_u0.i2c_slave_bmc_u0.i2c_slave_basic0_u0.r_1ms_clk_0. To keep the instance, apply constraint syn_preserve=1 on the instance.
@W: BN132 :"c:\cpld\intel\fenghuo_initial\bm_h13dsp_m\rtl\source\bmc_i2c\i2c_slave_basic0.v":612:0:612:5|Removing instance bmc_cpld_i2c_ram_u0.i2c_slave_bmc_u0.i2c_slave_basic0_u0.r_1ms_clk_1 because it is equivalent to instance bios_cpld_i2c_ram_u0.i2c_slave_bmc_u0.i2c_slave_basic0_u0.r_1ms_clk_1. To keep the instance, apply constraint syn_preserve=1 on the instance.

Finished generic timing optimizations - Pass 1 (Real Time elapsed 0h:00m:12s; CPU Time elapsed 0h:00m:11s; Memory used current: 323MB peak: 345MB)


Starting Early Timing Optimization (Real Time elapsed 0h:00m:14s; CPU Time elapsed 0h:00m:13s; Memory used current: 324MB peak: 345MB)


Finished Early Timing Optimization (Real Time elapsed 0h:00m:23s; CPU Time elapsed 0h:00m:22s; Memory used current: 352MB peak: 352MB)


Finished generic timing optimizations - Pass 2 (Real Time elapsed 0h:00m:24s; CPU Time elapsed 0h:00m:23s; Memory used current: 352MB peak: 352MB)


Finished preparing to map (Real Time elapsed 0h:00m:26s; CPU Time elapsed 0h:00m:25s; Memory used current: 353MB peak: 353MB)


Finished technology mapping (Real Time elapsed 0h:00m:29s; CPU Time elapsed 0h:00m:28s; Memory used current: 379MB peak: 404MB)

Pass		 CPU time		Worst Slack		Luts / Registers
------------------------------------------------------------
   1		0h:00m:28s		    -2.41ns		3571 /      2397
   2		0h:00m:29s		    -2.41ns		3553 /      2397
   3		0h:00m:29s		    -2.80ns		3549 /      2397
   4		0h:00m:29s		    -2.41ns		3549 /      2397
   5		0h:00m:29s		    -2.41ns		3550 /      2397
   6		0h:00m:29s		    -2.41ns		3550 /      2397
@N: FX271 :"c:\cpld\intel\fenghuo_initial\bm_h13dsp_m\rtl\source\espi_link\espi_link.v":89:0:89:5|Replicating instance bios_espi_link.io_addr[10] (in view: work.BM_H13DSP_M(verilog)) with 12 loads 1 time to improve timing.
@N: FX271 :"c:\cpld\intel\fenghuo_initial\bm_h13dsp_m\rtl\source\espi_link\espi_link.v":89:0:89:5|Replicating instance bios_espi_link.io_addr[11] (in view: work.BM_H13DSP_M(verilog)) with 12 loads 1 time to improve timing.
@N: FX271 :"c:\cpld\intel\fenghuo_initial\bm_h13dsp_m\rtl\source\espi_link\espi_link.v":89:0:89:5|Replicating instance bios_espi_link.io_addr[12] (in view: work.BM_H13DSP_M(verilog)) with 12 loads 1 time to improve timing.
@N: FX271 :"c:\cpld\intel\fenghuo_initial\bm_h13dsp_m\rtl\source\espi_link\espi_link.v":89:0:89:5|Replicating instance bios_espi_link.io_addr[13] (in view: work.BM_H13DSP_M(verilog)) with 9 loads 1 time to improve timing.
@N: FX271 :"c:\cpld\intel\fenghuo_initial\bm_h13dsp_m\rtl\source\espi_link\espi_link.v":80:0:80:5|Replicating instance bios_espi_link.current_state[9] (in view: work.BM_H13DSP_M(verilog)) with 30 loads 2 times to improve timing.
@N: FX271 :"c:\cpld\intel\fenghuo_initial\bm_h13dsp_m\rtl\source\espi_link\espi_link.v":528:0:528:5|Replicating instance bios_espi_link.get_config_en (in view: work.BM_H13DSP_M(verilog)) with 24 loads 2 times to improve timing.
@N: FX271 :"c:\cpld\intel\fenghuo_initial\bm_h13dsp_m\rtl\source\espi_link\espi_link.v":528:0:528:5|Replicating instance bios_espi_link.set_config_en (in view: work.BM_H13DSP_M(verilog)) with 10 loads 1 time to improve timing.
@N: FX271 :"c:\cpld\intel\fenghuo_initial\bm_h13dsp_m\rtl\source\espi_link\espi_link.v":528:0:528:5|Replicating instance bios_espi_link.put_iord_short_en (in view: work.BM_H13DSP_M(verilog)) with 9 loads 1 time to improve timing.
@N: FX271 :"c:\cpld\intel\fenghuo_initial\bm_h13dsp_m\rtl\source\espi_link\espi_link.v":528:0:528:5|Replicating instance bios_espi_link.put_iowr_short_en (in view: work.BM_H13DSP_M(verilog)) with 7 loads 1 time to improve timing.
@N: FX271 :"c:\cpld\intel\fenghuo_initial\bm_h13dsp_m\rtl\source\espi_link\espi_link.v":528:0:528:5|Replicating instance bios_espi_link.get_status_en (in view: work.BM_H13DSP_M(verilog)) with 5 loads 1 time to improve timing.
@N: FX271 :"c:\cpld\intel\fenghuo_initial\bm_h13dsp_m\rtl\source\espi_link\espi_link.v":528:0:528:5|Replicating instance bios_espi_link.put_oob_en (in view: work.BM_H13DSP_M(verilog)) with 7 loads 1 time to improve timing.
@N: FX271 :"c:\cpld\intel\fenghuo_initial\bm_h13dsp_m\rtl\source\espi_link\espi_link.v":89:0:89:5|Replicating instance bios_espi_link.io_addr[7] (in view: work.BM_H13DSP_M(verilog)) with 14 loads 2 times to improve timing.
@N: FX271 :"c:\cpld\intel\fenghuo_initial\bm_h13dsp_m\rtl\source\espi_link\espi_link.v":89:0:89:5|Replicating instance bios_espi_link.io_addr[0] (in view: work.BM_H13DSP_M(verilog)) with 13 loads 1 time to improve timing.
@N: FX271 :"c:\cpld\intel\fenghuo_initial\bm_h13dsp_m\rtl\source\espi_link\espi_link.v":89:0:89:5|Replicating instance bios_espi_link.io_addr[2] (in view: work.BM_H13DSP_M(verilog)) with 14 loads 1 time to improve timing.
@N: FX271 :"c:\cpld\intel\fenghuo_initial\bm_h13dsp_m\rtl\source\espi_link\espi_link.v":89:0:89:5|Replicating instance bios_espi_link.io_addr[9] (in view: work.BM_H13DSP_M(verilog)) with 13 loads 1 time to improve timing.
@N: FX271 :"c:\cpld\intel\fenghuo_initial\bm_h13dsp_m\rtl\source\espi_link\espi_link.v":89:0:89:5|Replicating instance bios_espi_link.io_addr[8] (in view: work.BM_H13DSP_M(verilog)) with 13 loads 1 time to improve timing.
@N: FX271 :"c:\cpld\intel\fenghuo_initial\bm_h13dsp_m\rtl\source\espi_link\espi_link.v":89:0:89:5|Replicating instance bios_espi_link.io_addr[5] (in view: work.BM_H13DSP_M(verilog)) with 14 loads 1 time to improve timing.
@N: FX271 :"c:\cpld\intel\fenghuo_initial\bm_h13dsp_m\rtl\source\espi_link\espi_link.v":89:0:89:5|Replicating instance bios_espi_link.io_addr[3] (in view: work.BM_H13DSP_M(verilog)) with 14 loads 1 time to improve timing.
@N: FX271 :"c:\cpld\intel\fenghuo_initial\bm_h13dsp_m\rtl\source\espi_link\espi_link.v":89:0:89:5|Replicating instance bios_espi_link.io_addr[1] (in view: work.BM_H13DSP_M(verilog)) with 13 loads 1 time to improve timing.
@N: FX271 :"c:\cpld\intel\fenghuo_initial\bm_h13dsp_m\rtl\source\espi_link\espi_link.v":89:0:89:5|Replicating instance bios_espi_link.io_addr[4] (in view: work.BM_H13DSP_M(verilog)) with 13 loads 1 time to improve timing.
@N: FX271 :"c:\cpld\intel\fenghuo_initial\bm_h13dsp_m\rtl\source\espi_link\espi_link.v":89:0:89:5|Replicating instance bios_espi_link.io_addr[6] (in view: work.BM_H13DSP_M(verilog)) with 11 loads 2 times to improve timing.
@N: FX271 :"c:\cpld\intel\fenghuo_initial\bm_h13dsp_m\rtl\source\espi_link\espi_link.v":89:0:89:5|Replicating instance bios_espi_link.io_addr[14] (in view: work.BM_H13DSP_M(verilog)) with 9 loads 1 time to improve timing.
@N: FX271 :"c:\cpld\intel\fenghuo_initial\bm_h13dsp_m\rtl\source\espi_link\espi_link.v":89:0:89:5|Replicating instance bios_espi_link.io_addr[15] (in view: work.BM_H13DSP_M(verilog)) with 9 loads 1 time to improve timing.
@N: FX271 :"c:\cpld\intel\fenghuo_initial\bm_h13dsp_m\rtl\source\espi_link\espi_link.v":143:0:143:5|Replicating instance bios_espi_link.st_trans_en (in view: work.BM_H13DSP_M(verilog)) with 43 loads 2 times to improve timing.
@N: FX271 :"c:\cpld\intel\fenghuo_initial\bm_h13dsp_m\rtl\source\espi_link\espi_link.v":80:0:80:5|Replicating instance bios_espi_link.current_state[16] (in view: work.BM_H13DSP_M(verilog)) with 18 loads 2 times to improve timing.
@N: FX271 :"c:\cpld\intel\fenghuo_initial\bm_h13dsp_m\rtl\source\espi_link\espi_link.v":80:0:80:5|Replicating instance bios_espi_link.current_state[29] (in view: work.BM_H13DSP_M(verilog)) with 17 loads 1 time to improve timing.
Timing driven replication report
Added 32 Registers via timing driven replication
Added 5 LUTs via timing driven replication

   7		0h:00m:32s		    -2.03ns		3646 /      2429
   8		0h:00m:32s		    -1.95ns		3649 /      2429
   9		0h:00m:32s		    -1.90ns		3651 /      2429
  10		0h:00m:32s		    -1.88ns		3652 /      2429
  11		0h:00m:32s		    -1.82ns		3654 /      2429
  12		0h:00m:32s		    -1.82ns		3655 /      2429
  13		0h:00m:32s		    -1.92ns		3656 /      2429
  14		0h:00m:33s		    -1.57ns		3656 /      2429
  15		0h:00m:33s		    -1.78ns		3658 /      2429
  16		0h:00m:33s		    -1.38ns		3659 /      2429
  17		0h:00m:33s		    -1.71ns		3660 /      2429
  18		0h:00m:33s		    -1.36ns		3664 /      2429
  19		0h:00m:33s		    -1.44ns		3668 /      2429
  20		0h:00m:33s		    -1.30ns		3667 /      2429
@N: FX271 :"c:\cpld\intel\fenghuo_initial\bm_h13dsp_m\rtl\source\espi_link\espi_link.v":80:0:80:5|Replicating instance bios_espi_link.current_state[13] (in view: work.BM_H13DSP_M(verilog)) with 18 loads 2 times to improve timing.
@N: FX271 :"c:\cpld\intel\fenghuo_initial\bm_h13dsp_m\rtl\source\espi_link\espi_link.v":80:0:80:5|Replicating instance bios_espi_link.current_state[7] (in view: work.BM_H13DSP_M(verilog)) with 30 loads 2 times to improve timing.
@N: FX271 :"c:\cpld\intel\fenghuo_initial\bm_h13dsp_m\rtl\source\espi_link\espi_link.v":143:0:143:5|Replicating instance bios_espi_link.data_trans_en (in view: work.BM_H13DSP_M(verilog)) with 20 loads 1 time to improve timing.
Added 5 Registers via timing driven replication
Added 5 LUTs via timing driven replication

  21		0h:00m:33s		    -1.30ns		3669 /      2434
  22		0h:00m:33s		    -1.36ns		3676 /      2434
  23		0h:00m:33s		    -1.22ns		3677 /      2434
  24		0h:00m:33s		    -0.95ns		3683 /      2434
  25		0h:00m:33s		    -1.55ns		3682 /      2434
  26		0h:00m:33s		    -1.37ns		3684 /      2434
  27		0h:00m:34s		    -1.55ns		3687 /      2434

Finished technology timing optimizations and critical path resynthesis (Real Time elapsed 0h:00m:36s; CPU Time elapsed 0h:00m:34s; Memory used current: 380MB peak: 404MB)

@N: FX164 |The option to pack registers in the IOB has not been specified. Please set syn_useioff attribute.  

Finished restoring hierarchy (Real Time elapsed 0h:00m:38s; CPU Time elapsed 0h:00m:36s; Memory used current: 381MB peak: 404MB)


Starting CDBProcessSetClockGroups... (Real Time elapsed 0h:00m:38s; CPU Time elapsed 0h:00m:37s; Memory used current: 381MB peak: 404MB)


Finished with CDBProcessSetClockGroups (Real Time elapsed 0h:00m:38s; CPU Time elapsed 0h:00m:37s; Memory used current: 381MB peak: 404MB)


Start Writing Netlists (Real Time elapsed 0h:00m:38s; CPU Time elapsed 0h:00m:37s; Memory used current: 296MB peak: 404MB)

Writing Analyst data base C:\CPLD\intel\fenghuo_initial\BM_H13DSP_M\pro\impl1\synwork\BM_H13DSP_M_impl1_m.srm

Finished Writing Netlist Databases (Real Time elapsed 0h:00m:39s; CPU Time elapsed 0h:00m:38s; Memory used current: 365MB peak: 404MB)

Writing EDIF Netlist and constraint files
@N: FX1056 |Writing EDF file: C:\CPLD\intel\fenghuo_initial\BM_H13DSP_M\pro\impl1\BM_H13DSP_M_impl1.edi
@N: BW106 |Synplicity Constraint File capacitance units using default value of 1pF 
@W: BW150 :|Clock i2c_slave_bmc_16s_1|w_i2c_command_1_inferred_clock in set_clock_groups command cannot be found and will not be forward annotated
@W: BW150 :|Clock i2c_slave_bmc_16s_0|w_i2c_command_1_inferred_clock in set_clock_groups command cannot be found and will not be forward annotated

Finished Writing EDIF Netlist and constraint files (Real Time elapsed 0h:00m:41s; CPU Time elapsed 0h:00m:39s; Memory used current: 376MB peak: 404MB)


Finished Writing Netlists (Real Time elapsed 0h:00m:41s; CPU Time elapsed 0h:00m:39s; Memory used current: 376MB peak: 404MB)


Start final timing analysis (Real Time elapsed 0h:00m:41s; CPU Time elapsed 0h:00m:40s; Memory used current: 366MB peak: 404MB)

@W: MT246 :"c:\cpld\intel\fenghuo_initial\bm_h13dsp_m\rtl\source\iic_update\i2c_update.v":92:8:92:16|Blackbox EFB is missing a user supplied timing model. This may have a negative effect on timing analysis and optimizations (Quality of Results)
@W: MT246 :"c:\cpld\intel\fenghuo_initial\bm_h13dsp_m\rtl\source\pll\pll_i25m_o50m_o25m.v":67:12:67:20|Blackbox EHXPLLJ is missing a user supplied timing model. This may have a negative effect on timing analysis and optimizations (Quality of Results)
@W: MT420 |Found inferred clock pll_i25M_o50M_o25M|CLKOP_inferred_clock with period 10.00ns. Please declare a user-defined clock on net pll_inst.clk_50m.
@W: MT420 |Found inferred clock pll_i25M_o50M_o25M|CLKOS_inferred_clock with period 10.00ns. Please declare a user-defined clock on net pll_inst.clk_25m.
@W: MT420 |Found inferred clock BM_H13DSP_M|i_CPLD_ESPI_CLK with period 10.00ns. Please declare a user-defined clock on port i_CPLD_ESPI_CLK.
@N: MT615 |Found clock timer_gen|t1us_derived_clock with period 10.00ns 
@N: MT615 |Found clock ClkDiv_1s_1s|rDivClk_q_derived_clock with period 10.00ns 
@N: MT615 |Found clock s2p_164|sclk_derived_clock with period 10.00ns 
@W: MT420 |Found inferred clock BM_H13DSP_M|o_P0_PWR_BTN_R_N_inferred_clock with period 10.00ns. Please declare a user-defined clock on net o_P0_PWR_BTN_R_N_c.


##### START OF TIMING REPORT #####[
# Timing report written on Thu Oct 23 14:11:30 2025
#


Top view:               BM_H13DSP_M
Requested Frequency:    100.0 MHz
Wire load mode:         top
Paths requested:        5
Constraint File(s):    
@N: MT320 |This timing report is an estimate of place and route data. For final timing results, use the FPGA vendor place and route report.

@N: MT322 |Clock constraints include only register-to-register paths associated with each individual clock.



Performance Summary
*******************


Worst slack in design: -3.153

                                                Requested     Estimated     Requested     Estimated                Clock                                                      Clock          
Starting Clock                                  Frequency     Frequency     Period        Period        Slack      Type                                                       Group          
---------------------------------------------------------------------------------------------------------------------------------------------------------------------------------------------
BM_H13DSP_M|i_CPLD_ESPI_CLK                     100.0 MHz     61.3 MHz      10.000        16.305        -3.153     inferred                                                   (multiple)     
BM_H13DSP_M|o_P0_PWR_BTN_R_N_inferred_clock     100.0 MHz     NA            10.000        NA            NA         inferred                                                   (multiple)     
ClkDiv_1s_1s|rDivClk_q_derived_clock            100.0 MHz     367.0 MHz     10.000        2.725         7.275      derived (from pll_i25M_o50M_o25M|CLKOP_inferred_clock)     (multiple)     
pll_i25M_o50M_o25M|CLKOP_inferred_clock         100.0 MHz     109.8 MHz     10.000        9.105         0.895      inferred                                                   (multiple)     
pll_i25M_o50M_o25M|CLKOS_inferred_clock         100.0 MHz     101.2 MHz     10.000        9.877         0.123      inferred                                                   (multiple)     
s2p_164|sclk_derived_clock                      100.0 MHz     363.8 MHz     10.000        2.749         7.251      derived (from timer_gen|t1us_derived_clock)                (multiple)     
timer_gen|t1us_derived_clock                    100.0 MHz     363.8 MHz     10.000        2.749         13.123     derived (from pll_i25M_o50M_o25M|CLKOP_inferred_clock)     (multiple)     
System                                          100.0 MHz     373.6 MHz     10.000        2.676         7.324      system                                                     system_clkgroup
=============================================================================================================================================================================================
Estimated period and frequency reported as NA means no slack depends directly on the clock waveform





Clock Relationships
*******************

Clocks                                                                            |    rise  to  rise    |    fall  to  fall   |    rise  to  fall    |    fall  to  rise 
--------------------------------------------------------------------------------------------------------------------------------------------------------------------------
Starting                                 Ending                                   |  constraint  slack   |  constraint  slack  |  constraint  slack   |  constraint  slack
--------------------------------------------------------------------------------------------------------------------------------------------------------------------------
System                                   System                                   |  10.000      7.324   |  No paths    -      |  No paths    -       |  No paths    -    
System                                   pll_i25M_o50M_o25M|CLKOP_inferred_clock  |  10.000      0.940   |  No paths    -      |  No paths    -       |  No paths    -    
System                                   pll_i25M_o50M_o25M|CLKOS_inferred_clock  |  10.000      -0.219  |  No paths    -      |  No paths    -       |  No paths    -    
System                                   ClkDiv_1s_1s|rDivClk_q_derived_clock     |  10.000      4.670   |  No paths    -      |  No paths    -       |  No paths    -    
pll_i25M_o50M_o25M|CLKOP_inferred_clock  pll_i25M_o50M_o25M|CLKOP_inferred_clock  |  10.000      0.895   |  No paths    -      |  No paths    -       |  No paths    -    
pll_i25M_o50M_o25M|CLKOP_inferred_clock  pll_i25M_o50M_o25M|CLKOS_inferred_clock  |  Diff grp    -       |  No paths    -      |  No paths    -       |  No paths    -    
pll_i25M_o50M_o25M|CLKOP_inferred_clock  BM_H13DSP_M|i_CPLD_ESPI_CLK              |  No paths    -       |  No paths    -      |  Diff grp    -       |  No paths    -    
pll_i25M_o50M_o25M|CLKOS_inferred_clock  System                                   |  10.000      8.923   |  No paths    -      |  No paths    -       |  No paths    -    
pll_i25M_o50M_o25M|CLKOS_inferred_clock  pll_i25M_o50M_o25M|CLKOP_inferred_clock  |  Diff grp    -       |  No paths    -      |  No paths    -       |  No paths    -    
pll_i25M_o50M_o25M|CLKOS_inferred_clock  pll_i25M_o50M_o25M|CLKOS_inferred_clock  |  10.000      0.123   |  No paths    -      |  No paths    -       |  No paths    -    
pll_i25M_o50M_o25M|CLKOS_inferred_clock  ClkDiv_1s_1s|rDivClk_q_derived_clock     |  Diff grp    -       |  No paths    -      |  No paths    -       |  No paths    -    
pll_i25M_o50M_o25M|CLKOS_inferred_clock  s2p_164|sclk_derived_clock               |  Diff grp    -       |  No paths    -      |  No paths    -       |  No paths    -    
BM_H13DSP_M|i_CPLD_ESPI_CLK              pll_i25M_o50M_o25M|CLKOP_inferred_clock  |  Diff grp    -       |  No paths    -      |  No paths    -       |  No paths    -    
BM_H13DSP_M|i_CPLD_ESPI_CLK              BM_H13DSP_M|i_CPLD_ESPI_CLK              |  10.000      0.523   |  10.000      3.104  |  5.000       -3.153  |  No paths    -    
timer_gen|t1us_derived_clock             timer_gen|t1us_derived_clock             |  10.000      18.268  |  No paths    -      |  5.000       13.123  |  No paths    -    
ClkDiv_1s_1s|rDivClk_q_derived_clock     timer_gen|t1us_derived_clock             |  10.000      7.275   |  No paths    -      |  No paths    -       |  No paths    -    
ClkDiv_1s_1s|rDivClk_q_derived_clock     ClkDiv_1s_1s|rDivClk_q_derived_clock     |  10.000      14.670  |  No paths    -      |  No paths    -       |  No paths    -    
ClkDiv_1s_1s|rDivClk_q_derived_clock     s2p_164|sclk_derived_clock               |  10.000      8.292   |  No paths    -      |  No paths    -       |  No paths    -    
s2p_164|sclk_derived_clock               timer_gen|t1us_derived_clock             |  10.000      7.251   |  No paths    -      |  No paths    -       |  No paths    -    
s2p_164|sclk_derived_clock               s2p_164|sclk_derived_clock               |  10.000      17.203  |  No paths    -      |  No paths    -       |  No paths    -    
==========================================================================================================================================================================
 Note: 'No paths' indicates there are no paths in the design for that pair of clock edges.
       'Diff grp' indicates that paths exist but the starting clock and ending clock are in different clock groups.



Interface Information 
*********************

No IO constraint found



====================================
Detailed Report for Clock: BM_H13DSP_M|i_CPLD_ESPI_CLK
====================================



Starting Points with Worst Slack
********************************

                                      Starting                                                                   Arrival           
Instance                              Reference                       Type        Pin     Net                    Time        Slack 
                                      Clock                                                                                        
-----------------------------------------------------------------------------------------------------------------------------------
bios_espi_link.get_config_en_rep1     BM_H13DSP_M|i_CPLD_ESPI_CLK     FD1P3DX     Q       get_config_en_rep1     1.244       -3.153
bios_espi_link.io_addr_7_rep1         BM_H13DSP_M|i_CPLD_ESPI_CLK     FD1P3DX     Q       io_addr_7_rep1         1.148       -3.057
bios_espi_link.io_addr_6_rep1         BM_H13DSP_M|i_CPLD_ESPI_CLK     FD1P3DX     Q       io_addr_6_rep1         1.148       -3.041
bios_espi_link.io_addr_fast[1]        BM_H13DSP_M|i_CPLD_ESPI_CLK     FD1P3DX     Q       io_addr_fast[1]        1.148       -3.041
bios_espi_link.io_addr_fast[3]        BM_H13DSP_M|i_CPLD_ESPI_CLK     FD1P3DX     Q       io_addr_fast[3]        1.148       -3.041
bios_espi_link.io_addr_fast[4]        BM_H13DSP_M|i_CPLD_ESPI_CLK     FD1P3DX     Q       io_addr_fast[4]        1.148       -3.041
bios_espi_link.io_addr_fast[5]        BM_H13DSP_M|i_CPLD_ESPI_CLK     FD1P3DX     Q       io_addr_fast[5]        1.148       -3.041
bios_espi_link.io_addr_fast[8]        BM_H13DSP_M|i_CPLD_ESPI_CLK     FD1P3DX     Q       io_addr_fast[8]        1.148       -3.041
bios_espi_link.io_addr_fast[9]        BM_H13DSP_M|i_CPLD_ESPI_CLK     FD1P3DX     Q       io_addr_fast[9]        1.148       -3.041
bios_espi_link.io_addr_fast[10]       BM_H13DSP_M|i_CPLD_ESPI_CLK     FD1P3DX     Q       io_addr_fast[10]       1.148       -3.041
===================================================================================================================================


Ending Points with Worst Slack
******************************

                                      Starting                                                                                   Required           
Instance                              Reference                       Type         Pin     Net                                   Time         Slack 
                                      Clock                                                                                                         
----------------------------------------------------------------------------------------------------------------------------------------------------
bios_espi_link.data_byte_out[4]       BM_H13DSP_M|i_CPLD_ESPI_CLK     FD1S3BX      D       data_byte_out_6[4]                    5.089        -3.153
bios_espi_link.data_byte_out[3]       BM_H13DSP_M|i_CPLD_ESPI_CLK     FD1S3BX      D       data_byte_out_6[3]                    5.089        -3.041
bios_espi_link_data_byte_outio[7]     BM_H13DSP_M|i_CPLD_ESPI_CLK     OFS1P3BX     D       bios_espi_link.data_byte_out_6[7]     4.894        -2.458
bios_espi_link.data_byte_out[5]       BM_H13DSP_M|i_CPLD_ESPI_CLK     FD1S3BX      D       data_byte_out_6[5]                    5.089        -2.432
bios_espi_link.data_byte_out[6]       BM_H13DSP_M|i_CPLD_ESPI_CLK     FD1S3BX      D       data_byte_out_6[6]                    5.089        -2.432
bios_espi_link.io_data_out[25]        BM_H13DSP_M|i_CPLD_ESPI_CLK     FD1P3BX      D       io_data_out_5[25]                     5.089        -2.200
bios_espi_link.io_data_out[27]        BM_H13DSP_M|i_CPLD_ESPI_CLK     FD1P3BX      D       io_data_out_5[27]                     5.089        -2.200
bios_espi_link.io_data_out[28]        BM_H13DSP_M|i_CPLD_ESPI_CLK     FD1P3BX      D       io_data_out_5[28]                     5.089        -2.200
bios_espi_link.io_data_out[29]        BM_H13DSP_M|i_CPLD_ESPI_CLK     FD1P3BX      D       io_data_out_5[29]                     5.089        -2.200
bios_espi_link.data_byte_out[0]       BM_H13DSP_M|i_CPLD_ESPI_CLK     FD1S3BX      D       data_byte_out_6_iv_i[0]               5.089        -2.144
====================================================================================================================================================



Worst Path Information
***********************


Path information for path number 1: 
      Requested Period:                      5.000
    - Setup time:                            -0.089
    + Clock delay at ending point:           0.000 (ideal)
    = Required time:                         5.089

    - Propagation time:                      8.241
    - Clock delay at starting point:         0.000 (ideal)
    = Slack (critical) :                     -3.153

    Number of logic level(s):                7
    Starting point:                          bios_espi_link.get_config_en_rep1 / Q
    Ending point:                            bios_espi_link.data_byte_out[4] / D
    The start point is clocked by            BM_H13DSP_M|i_CPLD_ESPI_CLK [rising] (rise=0.000 fall=5.000 period=10.000) on pin CK
    The end   point is clocked by            BM_H13DSP_M|i_CPLD_ESPI_CLK [falling] (rise=0.000 fall=5.000 period=10.000) on pin CK

Instance / Net                                                 Pin      Pin               Arrival     No. of    
Name                                              Type         Name     Dir     Delay     Time        Fan Out(s)
----------------------------------------------------------------------------------------------------------------
bios_espi_link.get_config_en_rep1                 FD1P3DX      Q        Out     1.244     1.244 r     -         
get_config_en_rep1                                Net          -        -       -         -           12        
bios_espi_link.io_addr_7_rep1_RNIDLNV6            ORCALUT4     A        In      0.000     1.244 r     -         
bios_espi_link.io_addr_7_rep1_RNIDLNV6            ORCALUT4     Z        Out     1.017     2.261 r     -         
g0_0_7                                            Net          -        -       -         -           1         
bios_espi_link.io_addr_RNI6AKDT[15]               ORCALUT4     B        In      0.000     2.261 r     -         
bios_espi_link.io_addr_RNI6AKDT[15]               ORCALUT4     Z        Out     1.017     3.277 r     -         
g0_0_12                                           Net          -        -       -         -           1         
bios_espi_link.io_addr_RNIA82LJ2[1]               ORCALUT4     D        In      0.000     3.277 r     -         
bios_espi_link.io_addr_RNIA82LJ2[1]               ORCALUT4     Z        Out     1.089     4.366 r     -         
un1_send_start_0_sqmuxa_4_12_0                    Net          -        -       -         -           2         
bios_espi_link.vwire_wr_trans_en_RNIVOEOS5        ORCALUT4     B        In      0.000     4.366 r     -         
bios_espi_link.vwire_wr_trans_en_RNIVOEOS5        ORCALUT4     Z        Out     1.017     5.383 f     -         
g0_1_2                                            Net          -        -       -         -           1         
bios_espi_link.current_state_9_rep1_RNIR9KFME     ORCALUT4     D        In      0.000     5.383 f     -         
bios_espi_link.current_state_9_rep1_RNIR9KFME     ORCALUT4     Z        Out     1.225     6.608 r     -         
un1_send_start_0_sqmuxa_4_12                      Net          -        -       -         -           5         
bios_espi_link.data_byte_out_6_iv_N_6L11          ORCALUT4     D        In      0.000     6.608 r     -         
bios_espi_link.data_byte_out_6_iv_N_6L11          ORCALUT4     Z        Out     1.017     7.625 f     -         
data_byte_out_6_iv_N_6L11                         Net          -        -       -         -           1         
bios_espi_link.data_byte_out_6_iv[4]              ORCALUT4     D        In      0.000     7.625 f     -         
bios_espi_link.data_byte_out_6_iv[4]              ORCALUT4     Z        Out     0.617     8.241 f     -         
data_byte_out_6[4]                                Net          -        -       -         -           1         
bios_espi_link.data_byte_out[4]                   FD1S3BX      D        In      0.000     8.241 f     -         
================================================================================================================


Path information for path number 2: 
      Requested Period:                      5.000
    - Setup time:                            -0.089
    + Clock delay at ending point:           0.000 (ideal)
    = Required time:                         5.089

    - Propagation time:                      8.145
    - Clock delay at starting point:         0.000 (ideal)
    = Slack (non-critical) :                 -3.057

    Number of logic level(s):                7
    Starting point:                          bios_espi_link.io_addr_7_rep1 / Q
    Ending point:                            bios_espi_link.data_byte_out[4] / D
    The start point is clocked by            BM_H13DSP_M|i_CPLD_ESPI_CLK [rising] (rise=0.000 fall=5.000 period=10.000) on pin CK
    The end   point is clocked by            BM_H13DSP_M|i_CPLD_ESPI_CLK [falling] (rise=0.000 fall=5.000 period=10.000) on pin CK

Instance / Net                                                 Pin      Pin               Arrival     No. of    
Name                                              Type         Name     Dir     Delay     Time        Fan Out(s)
----------------------------------------------------------------------------------------------------------------
bios_espi_link.io_addr_7_rep1                     FD1P3DX      Q        Out     1.148     1.148 r     -         
io_addr_7_rep1                                    Net          -        -       -         -           4         
bios_espi_link.io_addr_7_rep1_RNIDLNV6            ORCALUT4     B        In      0.000     1.148 r     -         
bios_espi_link.io_addr_7_rep1_RNIDLNV6            ORCALUT4     Z        Out     1.017     2.165 f     -         
g0_0_7                                            Net          -        -       -         -           1         
bios_espi_link.io_addr_RNI6AKDT[15]               ORCALUT4     B        In      0.000     2.165 f     -         
bios_espi_link.io_addr_RNI6AKDT[15]               ORCALUT4     Z        Out     1.017     3.181 f     -         
g0_0_12                                           Net          -        -       -         -           1         
bios_espi_link.io_addr_RNIA82LJ2[1]               ORCALUT4     D        In      0.000     3.181 f     -         
bios_espi_link.io_addr_RNIA82LJ2[1]               ORCALUT4     Z        Out     1.089     4.270 f     -         
un1_send_start_0_sqmuxa_4_12_0                    Net          -        -       -         -           2         
bios_espi_link.vwire_wr_trans_en_RNIVOEOS5        ORCALUT4     B        In      0.000     4.270 f     -         
bios_espi_link.vwire_wr_trans_en_RNIVOEOS5        ORCALUT4     Z        Out     1.017     5.287 r     -         
g0_1_2                                            Net          -        -       -         -           1         
bios_espi_link.current_state_9_rep1_RNIR9KFME     ORCALUT4     D        In      0.000     5.287 r     -         
bios_espi_link.current_state_9_rep1_RNIR9KFME     ORCALUT4     Z        Out     1.225     6.512 f     -         
un1_send_start_0_sqmuxa_4_12                      Net          -        -       -         -           5         
bios_espi_link.data_byte_out_6_iv_N_6L11          ORCALUT4     D        In      0.000     6.512 f     -         
bios_espi_link.data_byte_out_6_iv_N_6L11          ORCALUT4     Z        Out     1.017     7.529 r     -         
data_byte_out_6_iv_N_6L11                         Net          -        -       -         -           1         
bios_espi_link.data_byte_out_6_iv[4]              ORCALUT4     D        In      0.000     7.529 r     -         
bios_espi_link.data_byte_out_6_iv[4]              ORCALUT4     Z        Out     0.617     8.145 r     -         
data_byte_out_6[4]                                Net          -        -       -         -           1         
bios_espi_link.data_byte_out[4]                   FD1S3BX      D        In      0.000     8.145 r     -         
================================================================================================================


Path information for path number 3: 
      Requested Period:                      5.000
    - Setup time:                            -0.089
    + Clock delay at ending point:           0.000 (ideal)
    = Required time:                         5.089

    - Propagation time:                      8.129
    - Clock delay at starting point:         0.000 (ideal)
    = Slack (non-critical) :                 -3.041

    Number of logic level(s):                7
    Starting point:                          bios_espi_link.io_addr_6_rep1 / Q
    Ending point:                            bios_espi_link.data_byte_out[3] / D
    The start point is clocked by            BM_H13DSP_M|i_CPLD_ESPI_CLK [rising] (rise=0.000 fall=5.000 period=10.000) on pin CK
    The end   point is clocked by            BM_H13DSP_M|i_CPLD_ESPI_CLK [falling] (rise=0.000 fall=5.000 period=10.000) on pin CK

Instance / Net                                                  Pin      Pin               Arrival     No. of    
Name                                               Type         Name     Dir     Delay     Time        Fan Out(s)
-----------------------------------------------------------------------------------------------------------------
bios_espi_link.io_addr_6_rep1                      FD1P3DX      Q        Out     1.148     1.148 r     -         
io_addr_6_rep1                                     Net          -        -       -         -           4         
bios_espi_link.io_addr_fast_RNITNJOP[1]            ORCALUT4     A        In      0.000     1.148 r     -         
bios_espi_link.io_addr_fast_RNITNJOP[1]            ORCALUT4     Z        Out     1.017     2.165 f     -         
io_addr_fast_RNITNJOP[1]                           Net          -        -       -         -           1         
bios_espi_link.io_addr_7_rep1_RNI7KTPO1            ORCALUT4     C        In      0.000     2.165 f     -         
bios_espi_link.io_addr_7_rep1_RNI7KTPO1            ORCALUT4     Z        Out     1.017     3.181 f     -         
io_addr_7_rep1_RNI7KTPO1                           Net          -        -       -         -           1         
bios_espi_link.io_data_out_buff234_8_RNIGH40Q2     ORCALUT4     C        In      0.000     3.181 f     -         
bios_espi_link.io_data_out_buff234_8_RNIGH40Q2     ORCALUT4     Z        Out     1.281     4.462 f     -         
io_data_out_buff_4_sqmuxa                          Net          -        -       -         -           11        
bios_espi_link.data_byte_out_RNO_14[3]             ORCALUT4     C        In      0.000     4.462 f     -         
bios_espi_link.data_byte_out_RNO_14[3]             ORCALUT4     Z        Out     1.017     5.479 r     -         
data_byte_out_RNO_14[3]                            Net          -        -       -         -           1         
bios_espi_link.data_byte_out_RNO_8[3]              ORCALUT4     C        In      0.000     5.479 r     -         
bios_espi_link.data_byte_out_RNO_8[3]              ORCALUT4     Z        Out     1.017     6.496 r     -         
data_byte_out_RNO_8[3]                             Net          -        -       -         -           1         
bios_espi_link.data_byte_out_RNO_2[3]              ORCALUT4     B        In      0.000     6.496 r     -         
bios_espi_link.data_byte_out_RNO_2[3]              ORCALUT4     Z        Out     1.017     7.513 f     -         
data_byte_out_RNO_2[3]                             Net          -        -       -         -           1         
bios_espi_link.data_byte_out_RNO[3]                ORCALUT4     C        In      0.000     7.513 f     -         
bios_espi_link.data_byte_out_RNO[3]                ORCALUT4     Z        Out     0.617     8.129 f     -         
data_byte_out_6[3]                                 Net          -        -       -         -           1         
bios_espi_link.data_byte_out[3]                    FD1S3BX      D        In      0.000     8.129 f     -         
=================================================================================================================


Path information for path number 4: 
      Requested Period:                      5.000
    - Setup time:                            -0.089
    + Clock delay at ending point:           0.000 (ideal)
    = Required time:                         5.089

    - Propagation time:                      8.129
    - Clock delay at starting point:         0.000 (ideal)
    = Slack (non-critical) :                 -3.041

    Number of logic level(s):                7
    Starting point:                          bios_espi_link.io_addr_fast[1] / Q
    Ending point:                            bios_espi_link.data_byte_out[3] / D
    The start point is clocked by            BM_H13DSP_M|i_CPLD_ESPI_CLK [rising] (rise=0.000 fall=5.000 period=10.000) on pin CK
    The end   point is clocked by            BM_H13DSP_M|i_CPLD_ESPI_CLK [falling] (rise=0.000 fall=5.000 period=10.000) on pin CK

Instance / Net                                                  Pin      Pin               Arrival     No. of    
Name                                               Type         Name     Dir     Delay     Time        Fan Out(s)
-----------------------------------------------------------------------------------------------------------------
bios_espi_link.io_addr_fast[1]                     FD1P3DX      Q        Out     1.148     1.148 r     -         
io_addr_fast[1]                                    Net          -        -       -         -           4         
bios_espi_link.io_addr_fast_RNITNJOP[1]            ORCALUT4     B        In      0.000     1.148 r     -         
bios_espi_link.io_addr_fast_RNITNJOP[1]            ORCALUT4     Z        Out     1.017     2.165 f     -         
io_addr_fast_RNITNJOP[1]                           Net          -        -       -         -           1         
bios_espi_link.io_addr_7_rep1_RNI7KTPO1            ORCALUT4     C        In      0.000     2.165 f     -         
bios_espi_link.io_addr_7_rep1_RNI7KTPO1            ORCALUT4     Z        Out     1.017     3.181 f     -         
io_addr_7_rep1_RNI7KTPO1                           Net          -        -       -         -           1         
bios_espi_link.io_data_out_buff234_8_RNIGH40Q2     ORCALUT4     C        In      0.000     3.181 f     -         
bios_espi_link.io_data_out_buff234_8_RNIGH40Q2     ORCALUT4     Z        Out     1.281     4.462 f     -         
io_data_out_buff_4_sqmuxa                          Net          -        -       -         -           11        
bios_espi_link.data_byte_out_RNO_14[3]             ORCALUT4     C        In      0.000     4.462 f     -         
bios_espi_link.data_byte_out_RNO_14[3]             ORCALUT4     Z        Out     1.017     5.479 r     -         
data_byte_out_RNO_14[3]                            Net          -        -       -         -           1         
bios_espi_link.data_byte_out_RNO_8[3]              ORCALUT4     C        In      0.000     5.479 r     -         
bios_espi_link.data_byte_out_RNO_8[3]              ORCALUT4     Z        Out     1.017     6.496 r     -         
data_byte_out_RNO_8[3]                             Net          -        -       -         -           1         
bios_espi_link.data_byte_out_RNO_2[3]              ORCALUT4     B        In      0.000     6.496 r     -         
bios_espi_link.data_byte_out_RNO_2[3]              ORCALUT4     Z        Out     1.017     7.513 f     -         
data_byte_out_RNO_2[3]                             Net          -        -       -         -           1         
bios_espi_link.data_byte_out_RNO[3]                ORCALUT4     C        In      0.000     7.513 f     -         
bios_espi_link.data_byte_out_RNO[3]                ORCALUT4     Z        Out     0.617     8.129 f     -         
data_byte_out_6[3]                                 Net          -        -       -         -           1         
bios_espi_link.data_byte_out[3]                    FD1S3BX      D        In      0.000     8.129 f     -         
=================================================================================================================


Path information for path number 5: 
      Requested Period:                      5.000
    - Setup time:                            -0.089
    + Clock delay at ending point:           0.000 (ideal)
    = Required time:                         5.089

    - Propagation time:                      8.129
    - Clock delay at starting point:         0.000 (ideal)
    = Slack (non-critical) :                 -3.041

    Number of logic level(s):                7
    Starting point:                          bios_espi_link.io_addr_fast[3] / Q
    Ending point:                            bios_espi_link.data_byte_out[3] / D
    The start point is clocked by            BM_H13DSP_M|i_CPLD_ESPI_CLK [rising] (rise=0.000 fall=5.000 period=10.000) on pin CK
    The end   point is clocked by            BM_H13DSP_M|i_CPLD_ESPI_CLK [falling] (rise=0.000 fall=5.000 period=10.000) on pin CK

Instance / Net                                                  Pin      Pin               Arrival     No. of    
Name                                               Type         Name     Dir     Delay     Time        Fan Out(s)
-----------------------------------------------------------------------------------------------------------------
bios_espi_link.io_addr_fast[3]                     FD1P3DX      Q        Out     1.148     1.148 r     -         
io_addr_fast[3]                                    Net          -        -       -         -           4         
bios_espi_link.io_addr_fast_RNI121MN[10]           ORCALUT4     A        In      0.000     1.148 r     -         
bios_espi_link.io_addr_fast_RNI121MN[10]           ORCALUT4     Z        Out     1.017     2.165 r     -         
io_addr_fast_RNI121MN[10]                          Net          -        -       -         -           1         
bios_espi_link.io_addr_7_rep1_RNI7KTPO1            ORCALUT4     D        In      0.000     2.165 r     -         
bios_espi_link.io_addr_7_rep1_RNI7KTPO1            ORCALUT4     Z        Out     1.017     3.181 r     -         
io_addr_7_rep1_RNI7KTPO1                           Net          -        -       -         -           1         
bios_espi_link.io_data_out_buff234_8_RNIGH40Q2     ORCALUT4     C        In      0.000     3.181 r     -         
bios_espi_link.io_data_out_buff234_8_RNIGH40Q2     ORCALUT4     Z        Out     1.281     4.462 r     -         
io_data_out_buff_4_sqmuxa                          Net          -        -       -         -           11        
bios_espi_link.data_byte_out_RNO_14[3]             ORCALUT4     C        In      0.000     4.462 r     -         
bios_espi_link.data_byte_out_RNO_14[3]             ORCALUT4     Z        Out     1.017     5.479 f     -         
data_byte_out_RNO_14[3]                            Net          -        -       -         -           1         
bios_espi_link.data_byte_out_RNO_8[3]              ORCALUT4     C        In      0.000     5.479 f     -         
bios_espi_link.data_byte_out_RNO_8[3]              ORCALUT4     Z        Out     1.017     6.496 f     -         
data_byte_out_RNO_8[3]                             Net          -        -       -         -           1         
bios_espi_link.data_byte_out_RNO_2[3]              ORCALUT4     B        In      0.000     6.496 f     -         
bios_espi_link.data_byte_out_RNO_2[3]              ORCALUT4     Z        Out     1.017     7.513 r     -         
data_byte_out_RNO_2[3]                             Net          -        -       -         -           1         
bios_espi_link.data_byte_out_RNO[3]                ORCALUT4     C        In      0.000     7.513 r     -         
bios_espi_link.data_byte_out_RNO[3]                ORCALUT4     Z        Out     0.617     8.129 r     -         
data_byte_out_6[3]                                 Net          -        -       -         -           1         
bios_espi_link.data_byte_out[3]                    FD1S3BX      D        In      0.000     8.129 r     -         
=================================================================================================================




====================================
Detailed Report for Clock: ClkDiv_1s_1s|rDivClk_q_derived_clock
====================================



Starting Points with Worst Slack
********************************

                                  Starting                                                                         Arrival           
Instance                          Reference                                Type        Pin     Net                 Time        Slack 
                                  Clock                                                                                              
-------------------------------------------------------------------------------------------------------------------------------------
s2p_164_u1.r_data_chg_flag        ClkDiv_1s_1s|rDivClk_q_derived_clock     FD1S3BX     Q       r_data_chg_flag     1.180       7.275 
s2p_164_u1.r_old_data_0_.II_0     ClkDiv_1s_1s|rDivClk_q_derived_clock     FD1S3DX     Q       o1_6                0.972       14.669
s2p_164_u1.r_old_data_0_.II_1     ClkDiv_1s_1s|rDivClk_q_derived_clock     FD1S3BX     Q       o2_6                0.972       14.669
s2p_164_u1.r_old_data_1_.II_0     ClkDiv_1s_1s|rDivClk_q_derived_clock     FD1S3DX     Q       o1_5                0.972       14.669
s2p_164_u1.r_old_data_1_.II_1     ClkDiv_1s_1s|rDivClk_q_derived_clock     FD1S3BX     Q       o2_5                0.972       14.669
s2p_164_u1.r_old_data_2_.II_0     ClkDiv_1s_1s|rDivClk_q_derived_clock     FD1S3DX     Q       o1_4                0.972       14.812
s2p_164_u1.r_old_data_2_.II_1     ClkDiv_1s_1s|rDivClk_q_derived_clock     FD1S3BX     Q       o2_4                0.972       14.812
s2p_164_u1.r_old_data_3_.II_0     ClkDiv_1s_1s|rDivClk_q_derived_clock     FD1S3DX     Q       o1_3                0.972       14.812
s2p_164_u1.r_old_data_3_.II_1     ClkDiv_1s_1s|rDivClk_q_derived_clock     FD1S3BX     Q       o2_3                0.972       14.812
s2p_164_u1.r_old_data_4_.II_0     ClkDiv_1s_1s|rDivClk_q_derived_clock     FD1S3DX     Q       o1_2                0.972       14.812
=====================================================================================================================================


Ending Points with Worst Slack
******************************

                               Starting                                                                                        Required           
Instance                       Reference                                Type        Pin     Net                                Time         Slack 
                               Clock                                                                                                              
--------------------------------------------------------------------------------------------------------------------------------------------------
s2p_164_u1.sclk                ClkDiv_1s_1s|rDivClk_q_derived_clock     FD1S3DX     D       sclk_3_0                           10.089       7.275 
s2p_164_u1.data_out_cnt[0]     ClkDiv_1s_1s|rDivClk_q_derived_clock     FD1S3DX     D       data_out_cnt_3[0]                  10.089       8.292 
s2p_164_u1.data_out_cnt[1]     ClkDiv_1s_1s|rDivClk_q_derived_clock     FD1S3DX     D       data_out_cnt_3[1]                  10.089       8.292 
s2p_164_u1.data_out_cnt[2]     ClkDiv_1s_1s|rDivClk_q_derived_clock     FD1S3DX     D       data_out_cnt_3[2]                  10.089       8.292 
s2p_164_u1.data_out_cnt[3]     ClkDiv_1s_1s|rDivClk_q_derived_clock     FD1S3DX     D       data_out_cnt_3[3]                  10.089       8.292 
s2p_164_u1.r_data_chg_flag     ClkDiv_1s_1s|rDivClk_q_derived_clock     FD1S3BX     D       r_data_chg_flag6_0_data_tmp[3]     19.894       14.669
==================================================================================================================================================



Worst Path Information
***********************


Path information for path number 1: 
      Requested Period:                      10.000
    - Setup time:                            -0.089
    + Clock delay at ending point:           0.000 (ideal)
    = Required time:                         10.089

    - Propagation time:                      2.813
    - Clock delay at starting point:         0.000 (ideal)
    = Slack (non-critical) :                 7.275

    Number of logic level(s):                2
    Starting point:                          s2p_164_u1.r_data_chg_flag / Q
    Ending point:                            s2p_164_u1.sclk / D
    The start point is clocked by            ClkDiv_1s_1s|rDivClk_q_derived_clock [rising] (rise=0.000 fall=5.000 period=10.000) on pin CK
    The end   point is clocked by            timer_gen|t1us_derived_clock [rising] (rise=0.000 fall=5.000 period=10.000) on pin CK

Instance / Net                              Pin      Pin               Arrival     No. of    
Name                           Type         Name     Dir     Delay     Time        Fan Out(s)
---------------------------------------------------------------------------------------------
s2p_164_u1.r_data_chg_flag     FD1S3BX      Q        Out     1.180     1.180 r     -         
r_data_chg_flag                Net          -        -       -         -           5         
s2p_164_u1.sclk7_0_2           ORCALUT4     B        In      0.000     1.180 r     -         
s2p_164_u1.sclk7_0_2           ORCALUT4     Z        Out     1.017     2.197 f     -         
sclk7_0_2                      Net          -        -       -         -           1         
s2p_164_u1.sclk_RNO            ORCALUT4     B        In      0.000     2.197 f     -         
s2p_164_u1.sclk_RNO            ORCALUT4     Z        Out     0.617     2.813 r     -         
sclk_3_0                       Net          -        -       -         -           1         
s2p_164_u1.sclk                FD1S3DX      D        In      0.000     2.813 r     -         
=============================================================================================




====================================
Detailed Report for Clock: pll_i25M_o50M_o25M|CLKOP_inferred_clock
====================================



Starting Points with Worst Slack
********************************

                                 Starting                                                                              Arrival          
Instance                         Reference                                   Type        Pin     Net                   Time        Slack
                                 Clock                                                                                                  
----------------------------------------------------------------------------------------------------------------------------------------
pwrseq_master_inst.state[27]     pll_i25M_o50M_o25M|CLKOP_inferred_clock     FD1P3DX     Q       state[27]             1.148       0.895
pwrseq_master_inst.state[22]     pll_i25M_o50M_o25M|CLKOP_inferred_clock     FD1P3DX     Q       state[22]             1.108       0.935
pwrseq_master_inst.state[23]     pll_i25M_o50M_o25M|CLKOP_inferred_clock     FD1P3DX     Q       state[23]             1.108       0.935
pwrseq_master_inst.state[26]     pll_i25M_o50M_o25M|CLKOP_inferred_clock     FD1P3DX     Q       state[26]             1.108       0.935
r_board_id4_zt.II_0              pll_i25M_o50M_o25M|CLKOP_inferred_clock     FD1S3DX     Q       r_board_id4_zt.o1     0.972       0.940
r_board_id4_zt.II_1              pll_i25M_o50M_o25M|CLKOP_inferred_clock     FD1S3BX     Q       r_board_id4_zt.o2     0.972       0.940
pwrseq_master_inst.state[17]     pll_i25M_o50M_o25M|CLKOP_inferred_clock     FD1P3DX     Q       state[17]             1.180       0.967
pwrseq_master_inst.state[16]     pll_i25M_o50M_o25M|CLKOP_inferred_clock     FD1P3DX     Q       state[16]             1.148       0.999
pwrseq_master_inst.state[18]     pll_i25M_o50M_o25M|CLKOP_inferred_clock     FD1P3DX     Q       state[18]             1.180       0.999
pwrseq_master_inst.state[19]     pll_i25M_o50M_o25M|CLKOP_inferred_clock     FD1P3DX     Q       state[19]             1.180       0.999
========================================================================================================================================


Ending Points with Worst Slack
******************************

                                                 Starting                                                                                       Required          
Instance                                         Reference                                   Type        Pin     Net                            Time         Slack
                                                 Clock                                                                                                            
------------------------------------------------------------------------------------------------------------------------------------------------------------------
pwrseq_master_inst.dispg_watchdog_timeout        pll_i25M_o50M_o25M|CLKOP_inferred_clock     FD1P3DX     SP      dispg_watchdog_timeout_RNO     9.528        0.895
pwrseq_master_inst.grp_a_pwrok_timeout           pll_i25M_o50M_o25M|CLKOP_inferred_clock     FD1P3DX     SP      un1_N_5_1_i                    9.528        0.895
pwrseq_master_inst.grp_b_pwrok_timeout           pll_i25M_o50M_o25M|CLKOP_inferred_clock     FD1P3DX     SP      un1_N_5_0_i                    9.528        0.895
pwrseq_master_inst.pon_65ms_watchdog_timeout     pll_i25M_o50M_o25M|CLKOP_inferred_clock     FD1P3DX     SP      un1_N_5_3_i                    9.528        0.895
pwrseq_master_inst.psu_watchdog_timeout          pll_i25M_o50M_o25M|CLKOP_inferred_clock     FD1P3DX     SP      N_38                           9.528        0.895
r_switch_mode[2]                                 pll_i25M_o50M_o25M|CLKOP_inferred_clock     FD1P3BX     D       N_389                          9.894        0.940
pwrseq_master_inst.pdn_watchdog_timeout          pll_i25M_o50M_o25M|CLKOP_inferred_clock     FD1P3DX     SP      un1_N_5_2_i                    9.528        0.999
pwrseq_master_inst.efuse_watchdog_timeout        pll_i25M_o50M_o25M|CLKOP_inferred_clock     FD1P3DX     SP      un1_wdt_counter9_5_i_0         9.528        1.175
pwrseq_master_inst.wdt_counter[0]                pll_i25M_o50M_o25M|CLKOP_inferred_clock     FD1P3DX     SP      wdt_countere                   9.528        1.252
pwrseq_master_inst.wdt_counter[1]                pll_i25M_o50M_o25M|CLKOP_inferred_clock     FD1P3DX     SP      wdt_countere                   9.528        1.252
==================================================================================================================================================================



Worst Path Information
***********************


Path information for path number 1: 
      Requested Period:                      10.000
    - Setup time:                            0.472
    + Clock delay at ending point:           0.000 (ideal)
    = Required time:                         9.528

    - Propagation time:                      8.633
    - Clock delay at starting point:         0.000 (ideal)
    = Slack (non-critical) :                 0.895

    Number of logic level(s):                7
    Starting point:                          pwrseq_master_inst.state[27] / Q
    Ending point:                            pwrseq_master_inst.dispg_watchdog_timeout / SP
    The start point is clocked by            pll_i25M_o50M_o25M|CLKOP_inferred_clock [rising] (rise=0.000 fall=5.000 period=10.000) on pin CK
    The end   point is clocked by            pll_i25M_o50M_o25M|CLKOP_inferred_clock [rising] (rise=0.000 fall=5.000 period=10.000) on pin CK

Instance / Net                                                           Pin      Pin               Arrival     No. of    
Name                                                        Type         Name     Dir     Delay     Time        Fan Out(s)
--------------------------------------------------------------------------------------------------------------------------
pwrseq_master_inst.state[27]                                FD1P3DX      Q        Out     1.148     1.148 r     -         
state[27]                                                   Net          -        -       -         -           4         
pwrseq_master_inst.state_RNIUKT4A[22]                       ORCALUT4     D        In      0.000     1.148 r     -         
pwrseq_master_inst.state_RNIUKT4A[22]                       ORCALUT4     Z        Out     1.017     2.165 f     -         
N_406_i_0_i_a2_0_1                                          Net          -        -       -         -           1         
pwrseq_master_inst.state_RNIBFE7F[32]                       ORCALUT4     A        In      0.000     2.165 f     -         
pwrseq_master_inst.state_RNIBFE7F[32]                       ORCALUT4     Z        Out     1.193     3.357 f     -         
N_1134                                                      Net          -        -       -         -           4         
pwrseq_master_inst.lim_recov_retry_count8_0_o4_RNICP3CM     ORCALUT4     B        In      0.000     3.357 f     -         
pwrseq_master_inst.lim_recov_retry_count8_0_o4_RNICP3CM     ORCALUT4     Z        Out     1.153     4.510 f     -         
N_1141                                                      Net          -        -       -         -           3         
pwrseq_master_inst.ready_for_recov8_0_o2                    ORCALUT4     C        In      0.000     4.510 f     -         
pwrseq_master_inst.ready_for_recov8_0_o2                    ORCALUT4     Z        Out     1.193     5.703 f     -         
N_1149                                                      Net          -        -       -         -           4         
pwrseq_master_inst.off_state.m7_0_o2                        ORCALUT4     A        In      0.000     5.703 f     -         
pwrseq_master_inst.off_state.m7_0_o2                        ORCALUT4     Z        Out     1.297     7.000 r     -         
off_state                                                   Net          -        -       -         -           13        
pwrseq_master_inst.dispg_watchdog_timeout_RNO_0             ORCALUT4     C        In      0.000     7.000 r     -         
pwrseq_master_inst.dispg_watchdog_timeout_RNO_0             ORCALUT4     Z        Out     1.017     8.017 r     -         
un1_m2_i_1                                                  Net          -        -       -         -           1         
pwrseq_master_inst.dispg_watchdog_timeout_RNO               ORCALUT4     B        In      0.000     8.017 r     -         
pwrseq_master_inst.dispg_watchdog_timeout_RNO               ORCALUT4     Z        Out     0.617     8.633 f     -         
dispg_watchdog_timeout_RNO                                  Net          -        -       -         -           1         
pwrseq_master_inst.dispg_watchdog_timeout                   FD1P3DX      SP       In      0.000     8.633 f     -         
==========================================================================================================================




====================================
Detailed Report for Clock: pll_i25M_o50M_o25M|CLKOS_inferred_clock
====================================



Starting Points with Worst Slack
********************************

                                                              Starting                                                                                Arrival          
Instance                                                      Reference                                   Type        Pin     Net                     Time        Slack
                                                              Clock                                                                                                    
-----------------------------------------------------------------------------------------------------------------------------------------------------------------------
bmc_cpld_i2c_ram_u0.i2c_slave_bmc_u0.r_i2c_command[3]         pll_i25M_o50M_o25M|CLKOS_inferred_clock     FD1S3BX     Q       w_i2c_command_0[3]      1.365       0.123
bmc_cpld_i2c_ram_u0.i2c_slave_bmc_u0.r_i2c_command[10]        pll_i25M_o50M_o25M|CLKOS_inferred_clock     FD1S3BX     Q       w_i2c_command_0[10]     1.204       0.284
bmc_cpld_i2c_ram_u0.i2c_slave_bmc_u0.r_i2c_command[12]        pll_i25M_o50M_o25M|CLKOS_inferred_clock     FD1S3BX     Q       w_i2c_command_0[12]     1.204       0.284
bmc_cpld_i2c_ram_u0.i2c_slave_bmc_u0.r_i2c_command[13]        pll_i25M_o50M_o25M|CLKOS_inferred_clock     FD1S3BX     Q       w_i2c_command_0[13]     1.204       0.284
bmc_cpld_i2c_ram_u0.i2c_slave_bmc_u0.r_i2c_command[0]         pll_i25M_o50M_o25M|CLKOS_inferred_clock     FD1S3BX     Q       w_i2c_command[0]        1.446       0.286
bmc_cpld_i2c_ram_u0.i2c_slave_bmc_u0.r_i2c_command[8]         pll_i25M_o50M_o25M|CLKOS_inferred_clock     FD1S3BX     Q       w_i2c_command_0[8]      1.312       0.288
bmc_cpld_i2c_ram_u0.i2c_slave_bmc_u0.r_i2c_command[9]         pll_i25M_o50M_o25M|CLKOS_inferred_clock     FD1S3BX     Q       w_i2c_command_0[9]      1.312       0.288
bmc_cpld_i2c_ram_u0.i2c_slave_bmc_u0.r_i2c_command[1]         pll_i25M_o50M_o25M|CLKOS_inferred_clock     FD1S3BX     Q       w_i2c_command[1]        1.416       0.316
bios_cpld_i2c_ram_u0.i2c_slave_bmc_u0.r_write_byte_cnt[4]     pll_i25M_o50M_o25M|CLKOS_inferred_clock     FD1P3DX     Q       r_write_byte_cnt[4]     1.148       0.345
bios_cpld_i2c_ram_u0.i2c_slave_bmc_u0.r_write_byte_cnt[5]     pll_i25M_o50M_o25M|CLKOS_inferred_clock     FD1P3DX     Q       r_write_byte_cnt[5]     1.148       0.345
=======================================================================================================================================================================


Ending Points with Worst Slack
******************************

                                                            Starting                                                                                         Required          
Instance                                                    Reference                                   Type        Pin     Net                              Time         Slack
                                                            Clock                                                                                                              
-------------------------------------------------------------------------------------------------------------------------------------------------------------------------------
bmc_cpld_i2c_ram_u0.r_i2c_data_in[3]                        pll_i25M_o50M_o25M|CLKOS_inferred_clock     FD1S3DX     D       r_i2c_data_in_94[3]              9.894        0.123
bmc_cpld_i2c_ram_u0.r_i2c_data_in[2]                        pll_i25M_o50M_o25M|CLKOS_inferred_clock     FD1S3DX     D       r_i2c_data_in_94[2]              9.894        0.155
bmc_cpld_i2c_ram_u0.r_i2c_data_in[4]                        pll_i25M_o50M_o25M|CLKOS_inferred_clock     FD1S3DX     D       r_i2c_data_in_94[4]              9.894        0.155
bmc_cpld_i2c_ram_u0.r_i2c_data_in[5]                        pll_i25M_o50M_o25M|CLKOS_inferred_clock     FD1S3DX     D       r_i2c_data_in_94[5]              9.894        0.155
bmc_cpld_i2c_ram_u0.r_i2c_data_in[1]                        pll_i25M_o50M_o25M|CLKOS_inferred_clock     FD1S3DX     D       r_i2c_data_in_94[1]              9.894        0.286
bmc_cpld_i2c_ram_u0.r_i2c_data_in[0]                        pll_i25M_o50M_o25M|CLKOS_inferred_clock     FD1S3DX     D       r_i2c_data_in_94[0]              9.894        0.331
bios_cpld_i2c_ram_u0.i2c_slave_bmc_u0.r_i2c_command[15]     pll_i25M_o50M_o25M|CLKOS_inferred_clock     FD1S3BX     D       un1_r_i2c_command_temp_1[15]     9.894        0.345
bmc_cpld_i2c_ram_u0.r_i2c_data_in[7]                        pll_i25M_o50M_o25M|CLKOS_inferred_clock     FD1S3DX     D       r_i2c_data_in_94[7]              9.894        0.350
bios_cpld_i2c_ram_u0.i2c_slave_bmc_u0.r_i2c_command[13]     pll_i25M_o50M_o25M|CLKOS_inferred_clock     FD1S3BX     D       un1_r_i2c_command_temp_1[13]     9.894        0.488
bios_cpld_i2c_ram_u0.i2c_slave_bmc_u0.r_i2c_command[14]     pll_i25M_o50M_o25M|CLKOS_inferred_clock     FD1S3BX     D       un1_r_i2c_command_temp_1[14]     9.894        0.488
===============================================================================================================================================================================



Worst Path Information
***********************


Path information for path number 1: 
      Requested Period:                      10.000
    - Setup time:                            0.106
    + Clock delay at ending point:           0.000 (ideal)
    = Required time:                         9.894

    - Propagation time:                      9.771
    - Clock delay at starting point:         0.000 (ideal)
    = Slack (non-critical) :                 0.123

    Number of logic level(s):                8
    Starting point:                          bmc_cpld_i2c_ram_u0.i2c_slave_bmc_u0.r_i2c_command[3] / Q
    Ending point:                            bmc_cpld_i2c_ram_u0.r_i2c_data_in[3] / D
    The start point is clocked by            pll_i25M_o50M_o25M|CLKOS_inferred_clock [rising] (rise=0.000 fall=5.000 period=10.000) on pin CK
    The end   point is clocked by            pll_i25M_o50M_o25M|CLKOS_inferred_clock [rising] (rise=0.000 fall=5.000 period=10.000) on pin CK

Instance / Net                                                                                                         Pin      Pin               Arrival     No. of    
Name                                                                                                      Type         Name     Dir     Delay     Time        Fan Out(s)
------------------------------------------------------------------------------------------------------------------------------------------------------------------------
bmc_cpld_i2c_ram_u0.i2c_slave_bmc_u0.r_i2c_command[3]                                                     FD1S3BX      Q        Out     1.365     1.365 r     -         
w_i2c_command_0[3]                                                                                        Net          -        -       -         -           57        
bmc_cpld_i2c_ram_u0.i2c_slave_bmc_u0.i2c_slave_basic0_u0.r_i2c_data_in_94_0_o2_29_o2_1_0[1]               ORCALUT4     A        In      0.000     1.365 r     -         
bmc_cpld_i2c_ram_u0.i2c_slave_bmc_u0.i2c_slave_basic0_u0.r_i2c_data_in_94_0_o2_29_o2_1_0[1]               ORCALUT4     Z        Out     1.265     2.629 r     -         
r_i2c_data_in_94_0_o2_29_o2_1_0[1]                                                                        Net          -        -       -         -           8         
bmc_cpld_i2c_ram_u0.i2c_slave_bmc_u0.i2c_slave_basic0_u0.r_i2c_data_in_94_0_o2_29_o2_1_0_RNIMJUNI[1]      ORCALUT4     A        In      0.000     2.629 r     -         
bmc_cpld_i2c_ram_u0.i2c_slave_bmc_u0.i2c_slave_basic0_u0.r_i2c_data_in_94_0_o2_29_o2_1_0_RNIMJUNI[1]      ORCALUT4     Z        Out     1.329     3.958 r     -         
N_786                                                                                                     Net          -        -       -         -           21        
bmc_cpld_i2c_ram_u0.i2c_slave_bmc_u0.i2c_slave_basic0_u0.r_i2c_data_in_94_0_o2_29_o2_1_0_RNI4SF1U1[1]     ORCALUT4     B        In      0.000     3.958 r     -         
bmc_cpld_i2c_ram_u0.i2c_slave_bmc_u0.i2c_slave_basic0_u0.r_i2c_data_in_94_0_o2_29_o2_1_0_RNI4SF1U1[1]     ORCALUT4     Z        Out     1.089     5.047 f     -         
N_2442                                                                                                    Net          -        -       -         -           2         
bmc_cpld_i2c_ram_u0.i2c_slave_bmc_u0.i2c_slave_basic0_u0.r_i2c_data_in_94_0_o2_29_a2_34[1]                ORCALUT4     B        In      0.000     5.047 f     -         
bmc_cpld_i2c_ram_u0.i2c_slave_bmc_u0.i2c_slave_basic0_u0.r_i2c_data_in_94_0_o2_29_a2_34[1]                ORCALUT4     Z        Out     1.225     6.272 f     -         
N_2451                                                                                                    Net          -        -       -         -           5         
bmc_cpld_i2c_ram_u0.i2c_slave_bmc_u0.i2c_slave_basic0_u0.r_i2c_data_in_94_0_o2_28_a2_3[3]                 ORCALUT4     A        In      0.000     6.272 f     -         
bmc_cpld_i2c_ram_u0.i2c_slave_bmc_u0.i2c_slave_basic0_u0.r_i2c_data_in_94_0_o2_28_a2_3[3]                 ORCALUT4     Z        Out     1.017     7.289 f     -         
N_2757                                                                                                    Net          -        -       -         -           1         
bmc_cpld_i2c_ram_u0.i2c_slave_bmc_u0.i2c_slave_basic0_u0.r_i2c_data_in_94_0_o2_28_o3_16[3]                ORCALUT4     A        In      0.000     7.289 f     -         
bmc_cpld_i2c_ram_u0.i2c_slave_bmc_u0.i2c_slave_basic0_u0.r_i2c_data_in_94_0_o2_28_o3_16[3]                ORCALUT4     Z        Out     1.017     8.305 f     -         
r_i2c_data_in_94_0_o2_28_o3_16[3]                                                                         Net          -        -       -         -           1         
bmc_cpld_i2c_ram_u0.i2c_slave_bmc_u0.i2c_slave_basic0_u0.r_i2c_data_in_94_0_o2_28_o3_1[3]                 ORCALUT4     C        In      0.000     8.305 f     -         
bmc_cpld_i2c_ram_u0.i2c_slave_bmc_u0.i2c_slave_basic0_u0.r_i2c_data_in_94_0_o2_28_o3_1[3]                 ORCALUT4     Z        Out     1.017     9.322 r     -         
r_i2c_data_in_94_0_o2_28_o3_1[3]                                                                          Net          -        -       -         -           1         
bmc_cpld_i2c_ram_u0.i2c_slave_bmc_u0.i2c_slave_basic0_u0.r_i2c_data_in_94_0_o2_28_o3[3]                   ORCALUT4     A        In      0.000     9.322 r     -         
bmc_cpld_i2c_ram_u0.i2c_slave_bmc_u0.i2c_slave_basic0_u0.r_i2c_data_in_94_0_o2_28_o3[3]                   ORCALUT4     Z        Out     0.449     9.771 f     -         
r_i2c_data_in_94[3]                                                                                       Net          -        -       -         -           1         
bmc_cpld_i2c_ram_u0.r_i2c_data_in[3]                                                                      FD1S3DX      D        In      0.000     9.771 f     -         
========================================================================================================================================================================




====================================
Detailed Report for Clock: s2p_164|sclk_derived_clock
====================================



Starting Points with Worst Slack
********************************

                               Starting                                                               Arrival          
Instance                       Reference                      Type        Pin     Net                 Time        Slack
                               Clock                                                                                   
-----------------------------------------------------------------------------------------------------------------------
s2p_164_u1.data_out_cnt[2]     s2p_164|sclk_derived_clock     FD1S3DX     Q       so18_i[2]           1.204       7.251
s2p_164_u1.data_out_cnt[3]     s2p_164|sclk_derived_clock     FD1S3DX     Q       data_out_cnt[3]     1.188       7.267
s2p_164_u1.data_out_cnt[0]     s2p_164|sclk_derived_clock     FD1S3DX     Q       CO0                 1.180       8.292
s2p_164_u1.data_out_cnt[1]     s2p_164|sclk_derived_clock     FD1S3DX     Q       so18_i[1]           1.180       8.292
=======================================================================================================================


Ending Points with Worst Slack
******************************

                               Starting                                                                             Required           
Instance                       Reference                      Type         Pin     Net                              Time         Slack 
                               Clock                                                                                                   
---------------------------------------------------------------------------------------------------------------------------------------
s2p_164_u1.sclk                s2p_164|sclk_derived_clock     FD1S3DX      D       sclk_3_0                         10.089       7.251 
s2p_164_u1.data_out_cnt[2]     s2p_164|sclk_derived_clock     FD1S3DX      D       data_out_cnt_3[2]                20.089       17.203
s2p_164_u1.data_out_cnt[3]     s2p_164|sclk_derived_clock     FD1S3DX      D       data_out_cnt_3[3]                20.089       17.203
s2p_164_u1_soio                s2p_164|sclk_derived_clock     OFS1P3BX     D       s2p_164_u1.so_2                  19.894       17.442
s2p_164_u1.data_out_cnt[0]     s2p_164|sclk_derived_clock     FD1S3DX      D       data_out_cnt_3[0]                20.089       18.284
s2p_164_u1.data_out_cnt[1]     s2p_164|sclk_derived_clock     FD1S3DX      D       data_out_cnt_3[1]                20.089       18.284
s2p_164_u1_soio                s2p_164|sclk_derived_clock     OFS1P3BX     SP      s2p_164_u1.data_out_cnt_i[3]     19.528       18.341
=======================================================================================================================================



Worst Path Information
***********************


Path information for path number 1: 
      Requested Period:                      10.000
    - Setup time:                            -0.089
    + Clock delay at ending point:           0.000 (ideal)
    = Required time:                         10.089

    - Propagation time:                      2.837
    - Clock delay at starting point:         0.000 (ideal)
    = Slack (non-critical) :                 7.251

    Number of logic level(s):                2
    Starting point:                          s2p_164_u1.data_out_cnt[2] / Q
    Ending point:                            s2p_164_u1.sclk / D
    The start point is clocked by            s2p_164|sclk_derived_clock [rising] (rise=0.000 fall=5.000 period=10.000) on pin CK
    The end   point is clocked by            timer_gen|t1us_derived_clock [rising] (rise=0.000 fall=5.000 period=10.000) on pin CK

Instance / Net                              Pin      Pin               Arrival     No. of    
Name                           Type         Name     Dir     Delay     Time        Fan Out(s)
---------------------------------------------------------------------------------------------
s2p_164_u1.data_out_cnt[2]     FD1S3DX      Q        Out     1.204     1.204 r     -         
so18_i[2]                      Net          -        -       -         -           7         
s2p_164_u1.sclk7_0_2           ORCALUT4     C        In      0.000     1.204 r     -         
s2p_164_u1.sclk7_0_2           ORCALUT4     Z        Out     1.017     2.221 f     -         
sclk7_0_2                      Net          -        -       -         -           1         
s2p_164_u1.sclk_RNO            ORCALUT4     B        In      0.000     2.221 f     -         
s2p_164_u1.sclk_RNO            ORCALUT4     Z        Out     0.617     2.837 r     -         
sclk_3_0                       Net          -        -       -         -           1         
s2p_164_u1.sclk                FD1S3DX      D        In      0.000     2.837 r     -         
=============================================================================================




====================================
Detailed Report for Clock: timer_gen|t1us_derived_clock
====================================



Starting Points with Worst Slack
********************************

                    Starting                                                        Arrival           
Instance            Reference                        Type        Pin     Net        Time        Slack 
                    Clock                                                                             
------------------------------------------------------------------------------------------------------
s2p_164_u1.sclk     timer_gen|t1us_derived_clock     FD1S3DX     Q       sclk_i     1.204       13.123
======================================================================================================


Ending Points with Worst Slack
******************************

                        Starting                                                                      Required           
Instance                Reference                        Type         Pin     Net                     Time         Slack 
                        Clock                                                                                            
-------------------------------------------------------------------------------------------------------------------------
s2p_164_u1_o_sclkio     timer_gen|t1us_derived_clock     OFS1P3BX     D       s2p_164_u1.sclk_i_i     14.894       13.123
s2p_164_u1.sclk         timer_gen|t1us_derived_clock     FD1S3DX      D       sclk_3_0                20.089       18.268
=========================================================================================================================



Worst Path Information
***********************


Path information for path number 1: 
      Requested Period:                      15.000
    - Setup time:                            0.106
    + Clock delay at ending point:           0.000 (ideal)
    = Required time:                         14.894

    - Propagation time:                      1.772
    - Clock delay at starting point:         0.000 (ideal)
    = Slack (non-critical) :                 13.123

    Number of logic level(s):                1
    Starting point:                          s2p_164_u1.sclk / Q
    Ending point:                            s2p_164_u1_o_sclkio / D
    The start point is clocked by            timer_gen|t1us_derived_clock [rising] (rise=0.000 fall=5.000 period=10.000) on pin CK
    The end   point is clocked by            timer_gen|t1us_derived_clock [falling] (rise=0.000 fall=5.000 period=10.000) on pin SCLK
    -Timing constraint applied as multi cycle path with factor 2 (from c:timer_gen|t1us_derived_clock to c:timer_gen|t1us_derived_clock)

Instance / Net                            Pin      Pin               Arrival     No. of    
Name                         Type         Name     Dir     Delay     Time        Fan Out(s)
-------------------------------------------------------------------------------------------
s2p_164_u1.sclk              FD1S3DX      Q        Out     1.204     1.204 r     -         
sclk_i                       Net          -        -       -         -           7         
s2p_164_u1.sclk_RNIFFLU5     INV          A        In      0.000     1.204 r     -         
s2p_164_u1.sclk_RNIFFLU5     INV          Z        Out     0.568     1.772 f     -         
sclk_i_i                     Net          -        -       -         -           1         
s2p_164_u1_o_sclkio          OFS1P3BX     D        In      0.000     1.772 f     -         
===========================================================================================




====================================
Detailed Report for Clock: System
====================================



Starting Points with Worst Slack
********************************

                                                          Starting                                                 Arrival           
Instance                                                  Reference     Type        Pin     Net                    Time        Slack 
                                                          Clock                                                                      
-------------------------------------------------------------------------------------------------------------------------------------
r_board_id4_zt.res_lat                                    System        FD1S1D      Q       r_board_id4_zt.o3      0.972       -0.219
r_board_id2_zt.res_lat                                    System        FD1S1D      Q       r_board_id2_zt.o3      1.044       0.686 
r_board_id1_zt.res_lat                                    System        FD1S1D      Q       r_board_id1_zt.o3      0.972       0.798 
r_board_id3_zt.res_lat                                    System        FD1S1D      Q       r_board_id3_zt.o3      0.972       0.798 
r_board_id5_zt.res_lat                                    System        FD1S1D      Q       r_board_id5_zt.o3      1.044       0.862 
bmc_cpld_i2c_ram_u0.i2c_slave_bmc_u0.w_i2c_command[1]     System        FD1S1AY     Q       w_i2c_command_0[1]     1.108       1.320 
r_board_id2_zt2.res_lat                                   System        FD1S1D      Q       r_board_id2_zt2.o3     0.972       1.390 
bmc_cpld_i2c_ram_u0.i2c_slave_bmc_u0.w_i2c_command[2]     System        FD1S1AY     Q       w_i2c_command_0[2]     1.044       1.527 
bmc_cpld_i2c_ram_u0.i2c_slave_bmc_u0.w_i2c_command[3]     System        FD1S1AY     Q       w_i2c_command[3]       1.044       1.527 
bmc_cpld_i2c_ram_u0.i2c_slave_bmc_u0.w_i2c_command[4]     System        FD1S1AY     Q       w_i2c_command[4]       1.044       1.670 
=====================================================================================================================================


Ending Points with Worst Slack
******************************

                                                            Starting                                                           Required           
Instance                                                    Reference     Type        Pin     Net                              Time         Slack 
                                                            Clock                                                                                 
--------------------------------------------------------------------------------------------------------------------------------------------------
bmc_cpld_i2c_ram_u0.r_i2c_data_in[2]                        System        FD1S3DX     D       r_i2c_data_in_94[2]              9.894        -0.219
r_switch_mode[2]                                            System        FD1P3BX     D       N_389                            9.894        0.940 
bmc_cpld_i2c_ram_u0.i2c_slave_bmc_u0.r_i2c_command[15]      System        FD1S3BX     D       un1_r_i2c_command_temp_1[15]     10.089       1.320 
bmc_cpld_i2c_ram_u0.r_i2c_data_in[3]                        System        FD1S3DX     D       r_i2c_data_in_94[3]              9.894        1.390 
bmc_cpld_i2c_ram_u0.i2c_slave_bmc_u0.r_i2c_command[13]      System        FD1S3BX     D       un1_r_i2c_command_temp_1[13]     10.089       1.463 
bmc_cpld_i2c_ram_u0.i2c_slave_bmc_u0.r_i2c_command[14]      System        FD1S3BX     D       un1_r_i2c_command_temp_1[14]     10.089       1.463 
bmc_cpld_i2c_ram_u0.i2c_slave_bmc_u0.r_i2c_command[11]      System        FD1S3BX     D       un1_r_i2c_command_temp_1[11]     10.089       1.606 
bmc_cpld_i2c_ram_u0.i2c_slave_bmc_u0.r_i2c_command[12]      System        FD1S3BX     D       un1_r_i2c_command_temp_1[12]     10.089       1.606 
bios_cpld_i2c_ram_u0.i2c_slave_bmc_u0.r_i2c_command[15]     System        FD1S3BX     D       un1_r_i2c_command_temp_1[15]     9.894        1.743 
bmc_cpld_i2c_ram_u0.i2c_slave_bmc_u0.r_i2c_command[9]       System        FD1S3BX     D       un1_r_i2c_command_temp_1[9]      10.089       1.749 
==================================================================================================================================================



Worst Path Information
***********************


Path information for path number 1: 
      Requested Period:                      10.000
    - Setup time:                            0.106
    + Clock delay at ending point:           0.000 (ideal)
    = Required time:                         9.894

    - Propagation time:                      10.113
    - Clock delay at starting point:         0.000 (ideal)
    - Estimated clock delay at start point:  -0.000
    = Slack (non-critical) :                 -0.219

    Number of logic level(s):                10
    Starting point:                          r_board_id4_zt.res_lat / Q
    Ending point:                            bmc_cpld_i2c_ram_u0.r_i2c_data_in[2] / D
    The start point is clocked by            System [rising] on pin CK
    The end   point is clocked by            pll_i25M_o50M_o25M|CLKOS_inferred_clock [rising] (rise=0.000 fall=5.000 period=10.000) on pin CK

Instance / Net                                                                                                Pin      Pin               Arrival      No. of    
Name                                                                                             Type         Name     Dir     Delay     Time         Fan Out(s)
----------------------------------------------------------------------------------------------------------------------------------------------------------------
r_board_id4_zt.res_lat                                                                           FD1S1D       Q        Out     0.972     0.972 r      -         
r_board_id4_zt.o3                                                                                Net          -        -       -         -            1         
r_board_id4_zt.II_0_RNI9DDQ9                                                                     ORCALUT4     C        In      0.000     0.972 r      -         
r_board_id4_zt.II_0_RNI9DDQ9                                                                     ORCALUT4     Z        Out     1.153     2.125 r      -         
r_board_id4_zt                                                                                   Net          -        -       -         -            3         
inst_mcpld_to_scpld_p2s.un5_w_u3_nc7_sw_6_RNO                                                    ORCALUT4     A        In      0.000     2.125 r      -         
inst_mcpld_to_scpld_p2s.un5_w_u3_nc7_sw_6_RNO                                                    ORCALUT4     Z        Out     1.017     3.141 f      -         
un5_w_u3_nc7_sw_6_1                                                                              Net          -        -       -         -            1         
inst_mcpld_to_scpld_p2s.un5_w_u3_nc7_sw_6                                                        ORCALUT4     A        In      0.000     3.141 f      -         
inst_mcpld_to_scpld_p2s.un5_w_u3_nc7_sw_6                                                        ORCALUT4     Z        Out     1.089     4.230 f      -         
un5_w_u3_nc7_sw_6                                                                                Net          -        -       -         -            2         
inst_mcpld_to_scpld_p2s.un5_w_u3_nc7_sw                                                          ORCALUT4     D        In      0.000     4.230 f      -         
inst_mcpld_to_scpld_p2s.un5_w_u3_nc7_sw                                                          ORCALUT4     Z        Out     1.153     5.383 f      -         
un5_w_u3_nc7_sw                                                                                  Net          -        -       -         -            3         
bmc_cpld_i2c_ram_u0.i2c_slave_bmc_u0.i2c_slave_basic0_u0.r_i2c_data_in_94_49_i_m2_i_m2_bm[2]     ORCALUT4     B        In      0.000     5.383 f      -         
bmc_cpld_i2c_ram_u0.i2c_slave_bmc_u0.i2c_slave_basic0_u0.r_i2c_data_in_94_49_i_m2_i_m2_bm[2]     ORCALUT4     Z        Out     1.017     6.400 r      -         
r_i2c_data_in_94_49_i_m2_i_m2_bm[2]                                                              Net          -        -       -         -            1         
bmc_cpld_i2c_ram_u0.i2c_slave_bmc_u0.i2c_slave_basic0_u0.r_i2c_data_in_94_49_i_m2_i_m2[2]        PFUMX        ALUT     In      0.000     6.400 r      -         
bmc_cpld_i2c_ram_u0.i2c_slave_bmc_u0.i2c_slave_basic0_u0.r_i2c_data_in_94_49_i_m2_i_m2[2]        PFUMX        Z        Out     0.214     6.614 r      -         
N_1063                                                                                           Net          -        -       -         -            1         
bmc_cpld_i2c_ram_u0.i2c_slave_bmc_u0.i2c_slave_basic0_u0.r_i2c_data_in_94_0_o2_0_a2_25_0[2]      ORCALUT4     A        In      0.000     6.614 r      -         
bmc_cpld_i2c_ram_u0.i2c_slave_bmc_u0.i2c_slave_basic0_u0.r_i2c_data_in_94_0_o2_0_a2_25_0[2]      ORCALUT4     Z        Out     1.017     7.631 r      -         
r_i2c_data_in_94_0_o2_0_a2_25_0[2]                                                               Net          -        -       -         -            1         
bmc_cpld_i2c_ram_u0.i2c_slave_bmc_u0.i2c_slave_basic0_u0.r_i2c_data_in_94_0_o2_0_o3_15[2]        ORCALUT4     B        In      0.000     7.631 r      -         
bmc_cpld_i2c_ram_u0.i2c_slave_bmc_u0.i2c_slave_basic0_u0.r_i2c_data_in_94_0_o2_0_o3_15[2]        ORCALUT4     Z        Out     1.017     8.648 r      -         
r_i2c_data_in_94_0_o2_0_o3_15[2]                                                                 Net          -        -       -         -            1         
bmc_cpld_i2c_ram_u0.i2c_slave_bmc_u0.i2c_slave_basic0_u0.r_i2c_data_in_94_0_o2_0_o3_26[2]        ORCALUT4     B        In      0.000     8.648 r      -         
bmc_cpld_i2c_ram_u0.i2c_slave_bmc_u0.i2c_slave_basic0_u0.r_i2c_data_in_94_0_o2_0_o3_26[2]        ORCALUT4     Z        Out     1.017     9.664 r      -         
r_i2c_data_in_94_0_o2_0_o3_26[2]                                                                 Net          -        -       -         -            1         
bmc_cpld_i2c_ram_u0.i2c_slave_bmc_u0.i2c_slave_basic0_u0.r_i2c_data_in_94_0_o2_0_o3[2]           ORCALUT4     D        In      0.000     9.664 r      -         
bmc_cpld_i2c_ram_u0.i2c_slave_bmc_u0.i2c_slave_basic0_u0.r_i2c_data_in_94_0_o2_0_o3[2]           ORCALUT4     Z        Out     0.449     10.113 r     -         
r_i2c_data_in_94[2]                                                                              Net          -        -       -         -            1         
bmc_cpld_i2c_ram_u0.r_i2c_data_in[2]                                                             FD1S3DX      D        In      0.000     10.113 r     -         
================================================================================================================================================================


Path information for path number 2: 
      Requested Period:                      10.000
    - Setup time:                            0.106
    + Clock delay at ending point:           0.000 (ideal)
    = Required time:                         9.894

    - Propagation time:                      9.208
    - Clock delay at starting point:         0.000 (ideal)
    - Estimated clock delay at start point:  -0.000
    = Slack (non-critical) :                 0.686

    Number of logic level(s):                9
    Starting point:                          r_board_id2_zt.res_lat / Q
    Ending point:                            bmc_cpld_i2c_ram_u0.r_i2c_data_in[2] / D
    The start point is clocked by            System [rising] on pin CK
    The end   point is clocked by            pll_i25M_o50M_o25M|CLKOS_inferred_clock [rising] (rise=0.000 fall=5.000 period=10.000) on pin CK

Instance / Net                                                                                                Pin      Pin               Arrival     No. of    
Name                                                                                             Type         Name     Dir     Delay     Time        Fan Out(s)
---------------------------------------------------------------------------------------------------------------------------------------------------------------
r_board_id2_zt.res_lat                                                                           FD1S1D       Q        Out     1.044     1.044 r     -         
r_board_id2_zt.o3                                                                                Net          -        -       -         -           2         
r_board_id2_zt.II_0_RNI3ND9C                                                                     ORCALUT4     C        In      0.000     1.044 r     -         
r_board_id2_zt.II_0_RNI3ND9C                                                                     ORCALUT4     Z        Out     1.193     2.237 r     -         
r_board_id2_zt                                                                                   Net          -        -       -         -           4         
inst_mcpld_to_scpld_p2s.un5_w_u3_nc7_sw_6                                                        ORCALUT4     B        In      0.000     2.237 r     -         
inst_mcpld_to_scpld_p2s.un5_w_u3_nc7_sw_6                                                        ORCALUT4     Z        Out     1.089     3.325 r     -         
un5_w_u3_nc7_sw_6                                                                                Net          -        -       -         -           2         
inst_mcpld_to_scpld_p2s.un5_w_u3_nc7_sw                                                          ORCALUT4     D        In      0.000     3.325 r     -         
inst_mcpld_to_scpld_p2s.un5_w_u3_nc7_sw                                                          ORCALUT4     Z        Out     1.153     4.478 r     -         
un5_w_u3_nc7_sw                                                                                  Net          -        -       -         -           3         
bmc_cpld_i2c_ram_u0.i2c_slave_bmc_u0.i2c_slave_basic0_u0.r_i2c_data_in_94_49_i_m2_i_m2_bm[2]     ORCALUT4     B        In      0.000     4.478 r     -         
bmc_cpld_i2c_ram_u0.i2c_slave_bmc_u0.i2c_slave_basic0_u0.r_i2c_data_in_94_49_i_m2_i_m2_bm[2]     ORCALUT4     Z        Out     1.017     5.495 f     -         
r_i2c_data_in_94_49_i_m2_i_m2_bm[2]                                                              Net          -        -       -         -           1         
bmc_cpld_i2c_ram_u0.i2c_slave_bmc_u0.i2c_slave_basic0_u0.r_i2c_data_in_94_49_i_m2_i_m2[2]        PFUMX        ALUT     In      0.000     5.495 f     -         
bmc_cpld_i2c_ram_u0.i2c_slave_bmc_u0.i2c_slave_basic0_u0.r_i2c_data_in_94_49_i_m2_i_m2[2]        PFUMX        Z        Out     0.214     5.709 f     -         
N_1063                                                                                           Net          -        -       -         -           1         
bmc_cpld_i2c_ram_u0.i2c_slave_bmc_u0.i2c_slave_basic0_u0.r_i2c_data_in_94_0_o2_0_a2_25_0[2]      ORCALUT4     A        In      0.000     5.709 f     -         
bmc_cpld_i2c_ram_u0.i2c_slave_bmc_u0.i2c_slave_basic0_u0.r_i2c_data_in_94_0_o2_0_a2_25_0[2]      ORCALUT4     Z        Out     1.017     6.726 f     -         
r_i2c_data_in_94_0_o2_0_a2_25_0[2]                                                               Net          -        -       -         -           1         
bmc_cpld_i2c_ram_u0.i2c_slave_bmc_u0.i2c_slave_basic0_u0.r_i2c_data_in_94_0_o2_0_o3_15[2]        ORCALUT4     B        In      0.000     6.726 f     -         
bmc_cpld_i2c_ram_u0.i2c_slave_bmc_u0.i2c_slave_basic0_u0.r_i2c_data_in_94_0_o2_0_o3_15[2]        ORCALUT4     Z        Out     1.017     7.743 f     -         
r_i2c_data_in_94_0_o2_0_o3_15[2]                                                                 Net          -        -       -         -           1         
bmc_cpld_i2c_ram_u0.i2c_slave_bmc_u0.i2c_slave_basic0_u0.r_i2c_data_in_94_0_o2_0_o3_26[2]        ORCALUT4     B        In      0.000     7.743 f     -         
bmc_cpld_i2c_ram_u0.i2c_slave_bmc_u0.i2c_slave_basic0_u0.r_i2c_data_in_94_0_o2_0_o3_26[2]        ORCALUT4     Z        Out     1.017     8.760 f     -         
r_i2c_data_in_94_0_o2_0_o3_26[2]                                                                 Net          -        -       -         -           1         
bmc_cpld_i2c_ram_u0.i2c_slave_bmc_u0.i2c_slave_basic0_u0.r_i2c_data_in_94_0_o2_0_o3[2]           ORCALUT4     D        In      0.000     8.760 f     -         
bmc_cpld_i2c_ram_u0.i2c_slave_bmc_u0.i2c_slave_basic0_u0.r_i2c_data_in_94_0_o2_0_o3[2]           ORCALUT4     Z        Out     0.449     9.208 f     -         
r_i2c_data_in_94[2]                                                                              Net          -        -       -         -           1         
bmc_cpld_i2c_ram_u0.r_i2c_data_in[2]                                                             FD1S3DX      D        In      0.000     9.208 f     -         
===============================================================================================================================================================


Path information for path number 3: 
      Requested Period:                      10.000
    - Setup time:                            0.106
    + Clock delay at ending point:           0.000 (ideal)
    = Required time:                         9.894

    - Propagation time:                      9.096
    - Clock delay at starting point:         0.000 (ideal)
    - Estimated clock delay at start point:  -0.000
    = Slack (non-critical) :                 0.798

    Number of logic level(s):                9
    Starting point:                          r_board_id1_zt.res_lat / Q
    Ending point:                            bmc_cpld_i2c_ram_u0.r_i2c_data_in[2] / D
    The start point is clocked by            System [rising] on pin CK
    The end   point is clocked by            pll_i25M_o50M_o25M|CLKOS_inferred_clock [rising] (rise=0.000 fall=5.000 period=10.000) on pin CK

Instance / Net                                                                                                Pin      Pin               Arrival     No. of    
Name                                                                                             Type         Name     Dir     Delay     Time        Fan Out(s)
---------------------------------------------------------------------------------------------------------------------------------------------------------------
r_board_id1_zt.res_lat                                                                           FD1S1D       Q        Out     0.972     0.972 r     -         
r_board_id1_zt.o3                                                                                Net          -        -       -         -           1         
r_board_id1_zt.II_0_RNI0STGD                                                                     ORCALUT4     C        In      0.000     0.972 r     -         
r_board_id1_zt.II_0_RNI0STGD                                                                     ORCALUT4     Z        Out     1.153     2.125 r     -         
r_board_id1_zt                                                                                   Net          -        -       -         -           3         
inst_mcpld_to_scpld_p2s.r_zt_board_prsnt_n8_4                                                    ORCALUT4     A        In      0.000     2.125 r     -         
inst_mcpld_to_scpld_p2s.r_zt_board_prsnt_n8_4                                                    ORCALUT4     Z        Out     1.089     3.213 f     -         
un5_w_u3_nc7_sw_2                                                                                Net          -        -       -         -           2         
inst_mcpld_to_scpld_p2s.un5_w_u3_nc7_sw                                                          ORCALUT4     C        In      0.000     3.213 f     -         
inst_mcpld_to_scpld_p2s.un5_w_u3_nc7_sw                                                          ORCALUT4     Z        Out     1.153     4.366 f     -         
un5_w_u3_nc7_sw                                                                                  Net          -        -       -         -           3         
bmc_cpld_i2c_ram_u0.i2c_slave_bmc_u0.i2c_slave_basic0_u0.r_i2c_data_in_94_49_i_m2_i_m2_bm[2]     ORCALUT4     B        In      0.000     4.366 f     -         
bmc_cpld_i2c_ram_u0.i2c_slave_bmc_u0.i2c_slave_basic0_u0.r_i2c_data_in_94_49_i_m2_i_m2_bm[2]     ORCALUT4     Z        Out     1.017     5.383 r     -         
r_i2c_data_in_94_49_i_m2_i_m2_bm[2]                                                              Net          -        -       -         -           1         
bmc_cpld_i2c_ram_u0.i2c_slave_bmc_u0.i2c_slave_basic0_u0.r_i2c_data_in_94_49_i_m2_i_m2[2]        PFUMX        ALUT     In      0.000     5.383 r     -         
bmc_cpld_i2c_ram_u0.i2c_slave_bmc_u0.i2c_slave_basic0_u0.r_i2c_data_in_94_49_i_m2_i_m2[2]        PFUMX        Z        Out     0.214     5.597 r     -         
N_1063                                                                                           Net          -        -       -         -           1         
bmc_cpld_i2c_ram_u0.i2c_slave_bmc_u0.i2c_slave_basic0_u0.r_i2c_data_in_94_0_o2_0_a2_25_0[2]      ORCALUT4     A        In      0.000     5.597 r     -         
bmc_cpld_i2c_ram_u0.i2c_slave_bmc_u0.i2c_slave_basic0_u0.r_i2c_data_in_94_0_o2_0_a2_25_0[2]      ORCALUT4     Z        Out     1.017     6.614 r     -         
r_i2c_data_in_94_0_o2_0_a2_25_0[2]                                                               Net          -        -       -         -           1         
bmc_cpld_i2c_ram_u0.i2c_slave_bmc_u0.i2c_slave_basic0_u0.r_i2c_data_in_94_0_o2_0_o3_15[2]        ORCALUT4     B        In      0.000     6.614 r     -         
bmc_cpld_i2c_ram_u0.i2c_slave_bmc_u0.i2c_slave_basic0_u0.r_i2c_data_in_94_0_o2_0_o3_15[2]        ORCALUT4     Z        Out     1.017     7.631 r     -         
r_i2c_data_in_94_0_o2_0_o3_15[2]                                                                 Net          -        -       -         -           1         
bmc_cpld_i2c_ram_u0.i2c_slave_bmc_u0.i2c_slave_basic0_u0.r_i2c_data_in_94_0_o2_0_o3_26[2]        ORCALUT4     B        In      0.000     7.631 r     -         
bmc_cpld_i2c_ram_u0.i2c_slave_bmc_u0.i2c_slave_basic0_u0.r_i2c_data_in_94_0_o2_0_o3_26[2]        ORCALUT4     Z        Out     1.017     8.648 r     -         
r_i2c_data_in_94_0_o2_0_o3_26[2]                                                                 Net          -        -       -         -           1         
bmc_cpld_i2c_ram_u0.i2c_slave_bmc_u0.i2c_slave_basic0_u0.r_i2c_data_in_94_0_o2_0_o3[2]           ORCALUT4     D        In      0.000     8.648 r     -         
bmc_cpld_i2c_ram_u0.i2c_slave_bmc_u0.i2c_slave_basic0_u0.r_i2c_data_in_94_0_o2_0_o3[2]           ORCALUT4     Z        Out     0.449     9.096 r     -         
r_i2c_data_in_94[2]                                                                              Net          -        -       -         -           1         
bmc_cpld_i2c_ram_u0.r_i2c_data_in[2]                                                             FD1S3DX      D        In      0.000     9.096 r     -         
===============================================================================================================================================================


Path information for path number 4: 
      Requested Period:                      10.000
    - Setup time:                            0.106
    + Clock delay at ending point:           0.000 (ideal)
    = Required time:                         9.894

    - Propagation time:                      9.096
    - Clock delay at starting point:         0.000 (ideal)
    - Estimated clock delay at start point:  -0.000
    = Slack (non-critical) :                 0.798

    Number of logic level(s):                9
    Starting point:                          r_board_id3_zt.res_lat / Q
    Ending point:                            bmc_cpld_i2c_ram_u0.r_i2c_data_in[2] / D
    The start point is clocked by            System [rising] on pin CK
    The end   point is clocked by            pll_i25M_o50M_o25M|CLKOS_inferred_clock [rising] (rise=0.000 fall=5.000 period=10.000) on pin CK

Instance / Net                                                                                                Pin      Pin               Arrival     No. of    
Name                                                                                             Type         Name     Dir     Delay     Time        Fan Out(s)
---------------------------------------------------------------------------------------------------------------------------------------------------------------
r_board_id3_zt.res_lat                                                                           FD1S1D       Q        Out     0.972     0.972 r     -         
r_board_id3_zt.o3                                                                                Net          -        -       -         -           1         
r_board_id3_zt.II_0_RNI6IT1B                                                                     ORCALUT4     C        In      0.000     0.972 r     -         
r_board_id3_zt.II_0_RNI6IT1B                                                                     ORCALUT4     Z        Out     1.153     2.125 r     -         
r_board_id3_zt                                                                                   Net          -        -       -         -           3         
inst_mcpld_to_scpld_p2s.un5_w_u3_nc7_sw_6                                                        ORCALUT4     C        In      0.000     2.125 r     -         
inst_mcpld_to_scpld_p2s.un5_w_u3_nc7_sw_6                                                        ORCALUT4     Z        Out     1.089     3.213 r     -         
un5_w_u3_nc7_sw_6                                                                                Net          -        -       -         -           2         
inst_mcpld_to_scpld_p2s.un5_w_u3_nc7_sw                                                          ORCALUT4     D        In      0.000     3.213 r     -         
inst_mcpld_to_scpld_p2s.un5_w_u3_nc7_sw                                                          ORCALUT4     Z        Out     1.153     4.366 r     -         
un5_w_u3_nc7_sw                                                                                  Net          -        -       -         -           3         
bmc_cpld_i2c_ram_u0.i2c_slave_bmc_u0.i2c_slave_basic0_u0.r_i2c_data_in_94_49_i_m2_i_m2_bm[2]     ORCALUT4     B        In      0.000     4.366 r     -         
bmc_cpld_i2c_ram_u0.i2c_slave_bmc_u0.i2c_slave_basic0_u0.r_i2c_data_in_94_49_i_m2_i_m2_bm[2]     ORCALUT4     Z        Out     1.017     5.383 f     -         
r_i2c_data_in_94_49_i_m2_i_m2_bm[2]                                                              Net          -        -       -         -           1         
bmc_cpld_i2c_ram_u0.i2c_slave_bmc_u0.i2c_slave_basic0_u0.r_i2c_data_in_94_49_i_m2_i_m2[2]        PFUMX        ALUT     In      0.000     5.383 f     -         
bmc_cpld_i2c_ram_u0.i2c_slave_bmc_u0.i2c_slave_basic0_u0.r_i2c_data_in_94_49_i_m2_i_m2[2]        PFUMX        Z        Out     0.214     5.597 f     -         
N_1063                                                                                           Net          -        -       -         -           1         
bmc_cpld_i2c_ram_u0.i2c_slave_bmc_u0.i2c_slave_basic0_u0.r_i2c_data_in_94_0_o2_0_a2_25_0[2]      ORCALUT4     A        In      0.000     5.597 f     -         
bmc_cpld_i2c_ram_u0.i2c_slave_bmc_u0.i2c_slave_basic0_u0.r_i2c_data_in_94_0_o2_0_a2_25_0[2]      ORCALUT4     Z        Out     1.017     6.614 f     -         
r_i2c_data_in_94_0_o2_0_a2_25_0[2]                                                               Net          -        -       -         -           1         
bmc_cpld_i2c_ram_u0.i2c_slave_bmc_u0.i2c_slave_basic0_u0.r_i2c_data_in_94_0_o2_0_o3_15[2]        ORCALUT4     B        In      0.000     6.614 f     -         
bmc_cpld_i2c_ram_u0.i2c_slave_bmc_u0.i2c_slave_basic0_u0.r_i2c_data_in_94_0_o2_0_o3_15[2]        ORCALUT4     Z        Out     1.017     7.631 f     -         
r_i2c_data_in_94_0_o2_0_o3_15[2]                                                                 Net          -        -       -         -           1         
bmc_cpld_i2c_ram_u0.i2c_slave_bmc_u0.i2c_slave_basic0_u0.r_i2c_data_in_94_0_o2_0_o3_26[2]        ORCALUT4     B        In      0.000     7.631 f     -         
bmc_cpld_i2c_ram_u0.i2c_slave_bmc_u0.i2c_slave_basic0_u0.r_i2c_data_in_94_0_o2_0_o3_26[2]        ORCALUT4     Z        Out     1.017     8.648 f     -         
r_i2c_data_in_94_0_o2_0_o3_26[2]                                                                 Net          -        -       -         -           1         
bmc_cpld_i2c_ram_u0.i2c_slave_bmc_u0.i2c_slave_basic0_u0.r_i2c_data_in_94_0_o2_0_o3[2]           ORCALUT4     D        In      0.000     8.648 f     -         
bmc_cpld_i2c_ram_u0.i2c_slave_bmc_u0.i2c_slave_basic0_u0.r_i2c_data_in_94_0_o2_0_o3[2]           ORCALUT4     Z        Out     0.449     9.096 f     -         
r_i2c_data_in_94[2]                                                                              Net          -        -       -         -           1         
bmc_cpld_i2c_ram_u0.r_i2c_data_in[2]                                                             FD1S3DX      D        In      0.000     9.096 f     -         
===============================================================================================================================================================


Path information for path number 5: 
      Requested Period:                      10.000
    - Setup time:                            0.106
    + Clock delay at ending point:           0.000 (ideal)
    = Required time:                         9.894

    - Propagation time:                      9.032
    - Clock delay at starting point:         0.000 (ideal)
    - Estimated clock delay at start point:  -0.000
    = Slack (non-critical) :                 0.862

    Number of logic level(s):                9
    Starting point:                          r_board_id5_zt.res_lat / Q
    Ending point:                            bmc_cpld_i2c_ram_u0.r_i2c_data_in[2] / D
    The start point is clocked by            System [rising] on pin CK
    The end   point is clocked by            pll_i25M_o50M_o25M|CLKOS_inferred_clock [rising] (rise=0.000 fall=5.000 period=10.000) on pin CK

Instance / Net                                                                                                Pin      Pin               Arrival     No. of    
Name                                                                                             Type         Name     Dir     Delay     Time        Fan Out(s)
---------------------------------------------------------------------------------------------------------------------------------------------------------------
r_board_id5_zt.res_lat                                                                           FD1S1D       Q        Out     1.044     1.044 r     -         
r_board_id5_zt.o3                                                                                Net          -        -       -         -           2         
inst_mcpld_to_scpld_p2s.un5_w_u3_nc7_sw_6_RNO                                                    ORCALUT4     B        In      0.000     1.044 r     -         
inst_mcpld_to_scpld_p2s.un5_w_u3_nc7_sw_6_RNO                                                    ORCALUT4     Z        Out     1.017     2.061 r     -         
un5_w_u3_nc7_sw_6_1                                                                              Net          -        -       -         -           1         
inst_mcpld_to_scpld_p2s.un5_w_u3_nc7_sw_6                                                        ORCALUT4     A        In      0.000     2.061 r     -         
inst_mcpld_to_scpld_p2s.un5_w_u3_nc7_sw_6                                                        ORCALUT4     Z        Out     1.089     3.149 r     -         
un5_w_u3_nc7_sw_6                                                                                Net          -        -       -         -           2         
inst_mcpld_to_scpld_p2s.un5_w_u3_nc7_sw                                                          ORCALUT4     D        In      0.000     3.149 r     -         
inst_mcpld_to_scpld_p2s.un5_w_u3_nc7_sw                                                          ORCALUT4     Z        Out     1.153     4.302 r     -         
un5_w_u3_nc7_sw                                                                                  Net          -        -       -         -           3         
bmc_cpld_i2c_ram_u0.i2c_slave_bmc_u0.i2c_slave_basic0_u0.r_i2c_data_in_94_49_i_m2_i_m2_bm[2]     ORCALUT4     B        In      0.000     4.302 r     -         
bmc_cpld_i2c_ram_u0.i2c_slave_bmc_u0.i2c_slave_basic0_u0.r_i2c_data_in_94_49_i_m2_i_m2_bm[2]     ORCALUT4     Z        Out     1.017     5.319 f     -         
r_i2c_data_in_94_49_i_m2_i_m2_bm[2]                                                              Net          -        -       -         -           1         
bmc_cpld_i2c_ram_u0.i2c_slave_bmc_u0.i2c_slave_basic0_u0.r_i2c_data_in_94_49_i_m2_i_m2[2]        PFUMX        ALUT     In      0.000     5.319 f     -         
bmc_cpld_i2c_ram_u0.i2c_slave_bmc_u0.i2c_slave_basic0_u0.r_i2c_data_in_94_49_i_m2_i_m2[2]        PFUMX        Z        Out     0.214     5.533 f     -         
N_1063                                                                                           Net          -        -       -         -           1         
bmc_cpld_i2c_ram_u0.i2c_slave_bmc_u0.i2c_slave_basic0_u0.r_i2c_data_in_94_0_o2_0_a2_25_0[2]      ORCALUT4     A        In      0.000     5.533 f     -         
bmc_cpld_i2c_ram_u0.i2c_slave_bmc_u0.i2c_slave_basic0_u0.r_i2c_data_in_94_0_o2_0_a2_25_0[2]      ORCALUT4     Z        Out     1.017     6.550 f     -         
r_i2c_data_in_94_0_o2_0_a2_25_0[2]                                                               Net          -        -       -         -           1         
bmc_cpld_i2c_ram_u0.i2c_slave_bmc_u0.i2c_slave_basic0_u0.r_i2c_data_in_94_0_o2_0_o3_15[2]        ORCALUT4     B        In      0.000     6.550 f     -         
bmc_cpld_i2c_ram_u0.i2c_slave_bmc_u0.i2c_slave_basic0_u0.r_i2c_data_in_94_0_o2_0_o3_15[2]        ORCALUT4     Z        Out     1.017     7.567 f     -         
r_i2c_data_in_94_0_o2_0_o3_15[2]                                                                 Net          -        -       -         -           1         
bmc_cpld_i2c_ram_u0.i2c_slave_bmc_u0.i2c_slave_basic0_u0.r_i2c_data_in_94_0_o2_0_o3_26[2]        ORCALUT4     B        In      0.000     7.567 f     -         
bmc_cpld_i2c_ram_u0.i2c_slave_bmc_u0.i2c_slave_basic0_u0.r_i2c_data_in_94_0_o2_0_o3_26[2]        ORCALUT4     Z        Out     1.017     8.584 f     -         
r_i2c_data_in_94_0_o2_0_o3_26[2]                                                                 Net          -        -       -         -           1         
bmc_cpld_i2c_ram_u0.i2c_slave_bmc_u0.i2c_slave_basic0_u0.r_i2c_data_in_94_0_o2_0_o3[2]           ORCALUT4     D        In      0.000     8.584 f     -         
bmc_cpld_i2c_ram_u0.i2c_slave_bmc_u0.i2c_slave_basic0_u0.r_i2c_data_in_94_0_o2_0_o3[2]           ORCALUT4     Z        Out     0.449     9.032 f     -         
r_i2c_data_in_94[2]                                                                              Net          -        -       -         -           1         
bmc_cpld_i2c_ram_u0.r_i2c_data_in[2]                                                             FD1S3DX      D        In      0.000     9.032 f     -         
===============================================================================================================================================================



##### END OF TIMING REPORT #####]

Timing exceptions that could not be applied

Finished final timing analysis (Real Time elapsed 0h:00m:42s; CPU Time elapsed 0h:00m:40s; Memory used current: 368MB peak: 404MB)


Finished timing report (Real Time elapsed 0h:00m:42s; CPU Time elapsed 0h:00m:40s; Memory used current: 368MB peak: 404MB)

---------------------------------------
Resource Usage Report
Part: lcmxo3lf_6900c-5

Register bits: 2518 of 54912 (5%)
Latch bits:      84
PIC Latch:       0
I/O cells:       302


Details:
BB:             6
CCU2D:          196
EFB:            1
EHXPLLJ:        1
FD1P3AX:        54
FD1P3BX:        223
FD1P3DX:        1299
FD1S1AY:        32
FD1S1D:         52
FD1S3AX:        4
FD1S3BX:        261
FD1S3DX:        601
GSR:            1
IB:             143
IFS1P3BX:       23
IFS1P3DX:       48
INV:            41
L6MUX21:        35
OB:             124
OBZ:            29
OFS1P3BX:       4
OFS1P3DX:       1
ORCALUT4:       3711
OSCH:           1
PFUMX:          181
PUR:            1
VHI:            128
VLO:            128
Mapper successful!

At Mapper Exit (Real Time elapsed 0h:00m:42s; CPU Time elapsed 0h:00m:41s; Memory used current: 159MB peak: 404MB)

Process took 0h:00m:42s realtime, 0h:00m:41s cputime
# Thu Oct 23 14:11:31 2025

###########################################################]


Synthesis exit by 0.

edif2ngd  -l "MachXO3LF" -d LCMXO3LF-6900C -path "C:/CPLD/intel/fenghuo_initial/BM_H13DSP_M/pro/impl1" -path "C:/CPLD/intel/fenghuo_initial/BM_H13DSP_M/pro"   "C:/CPLD/intel/fenghuo_initial/BM_H13DSP_M/pro/impl1/BM_H13DSP_M_impl1.edi" "BM_H13DSP_M_impl1.ngo"   
edif2ngd:  version Diamond (64-bit) 3.14.0.75.2

Copyright (c) 1991-1994 by NeoCAD Inc. All rights reserved.
Copyright (c) 1995 AT&T Corp.   All rights reserved.
Copyright (c) 1995-2001 Lucent Technologies Inc.  All rights reserved.
Copyright (c) 2001 Agere Systems   All rights reserved.
Copyright (c) 2002-2024 Lattice Semiconductor Corporation,  All rights reserved.
    <postMsg mid="1121028" type="Warning" dynamic="1" navigation="0" arg0="DLY_LEN"  />
    <postMsg mid="1121028" type="Warning" dynamic="1" navigation="0" arg0="TOTAL_STAGES"  />
    <postMsg mid="1121028" type="Warning" dynamic="1" navigation="0" arg0="DLY_LEN"  />
    <postMsg mid="1121028" type="Warning" dynamic="1" navigation="0" arg0="TOTAL_STAGES"  />
    <postMsg mid="1121028" type="Warning" dynamic="1" navigation="0" arg0="TOTAL_STAGES"  />
    <postMsg mid="1121028" type="Warning" dynamic="1" navigation="0" arg0="DLY_LEN"  />
    <postMsg mid="1121028" type="Warning" dynamic="1" navigation="0" arg0="DLY_LEN"  />
    <postMsg mid="1121028" type="Warning" dynamic="1" navigation="0" arg0="DELAY_MODE"  />
    <postMsg mid="1121028" type="Warning" dynamic="1" navigation="0" arg0="DEF_OUTPUT"  />
    <postMsg mid="1121028" type="Warning" dynamic="1" navigation="0" arg0="CNTR_NBITS"  />
    <postMsg mid="1121028" type="Warning" dynamic="1" navigation="0" arg0="DELAY_MODE"  />
    <postMsg mid="1121028" type="Warning" dynamic="1" navigation="0" arg0="DEF_OUTPUT"  />
    <postMsg mid="1121028" type="Warning" dynamic="1" navigation="0" arg0="CNTR_NBITS"  />
    <postMsg mid="1121028" type="Warning" dynamic="1" navigation="0" arg0="TOTAL_STAGES"  />
    <postMsg mid="1121028" type="Warning" dynamic="1" navigation="0" arg0="DLY_LEN"  />
    <postMsg mid="1121028" type="Warning" dynamic="1" navigation="0" arg0="DLY_LEN"  />
    <postMsg mid="1121028" type="Warning" dynamic="1" navigation="0" arg0="NUMBER_OF_VRM"  />
    <postMsg mid="1121028" type="Warning" dynamic="1" navigation="0" arg0="DELAY_MODE"  />
    <postMsg mid="1121028" type="Warning" dynamic="1" navigation="0" arg0="DEF_OUTPUT"  />
    <postMsg mid="1121028" type="Warning" dynamic="1" navigation="0" arg0="CNTR_NBITS"  />
    <postMsg mid="1121028" type="Warning" dynamic="1" navigation="0" arg0="NUMBER_OF_VRM"  />
    <postMsg mid="1121028" type="Warning" dynamic="1" navigation="0" arg0="DELAY_MODE"  />
    <postMsg mid="1121028" type="Warning" dynamic="1" navigation="0" arg0="DEF_OUTPUT"  />
    <postMsg mid="1121028" type="Warning" dynamic="1" navigation="0" arg0="CNTR_NBITS"  />
    <postMsg mid="1121028" type="Warning" dynamic="1" navigation="0" arg0="NUMBER_OF_VRM"  />
    <postMsg mid="1121028" type="Warning" dynamic="1" navigation="0" arg0="DELAY_MODE"  />
    <postMsg mid="1121028" type="Warning" dynamic="1" navigation="0" arg0="DEF_OUTPUT"  />
    <postMsg mid="1121028" type="Warning" dynamic="1" navigation="0" arg0="CNTR_NBITS"  />
    <postMsg mid="1121028" type="Warning" dynamic="1" navigation="0" arg0="NUMBER_OF_VRM"  />
    <postMsg mid="1121028" type="Warning" dynamic="1" navigation="0" arg0="DELAY_MODE"  />
    <postMsg mid="1121028" type="Warning" dynamic="1" navigation="0" arg0="DEF_OUTPUT"  />
    <postMsg mid="1121028" type="Warning" dynamic="1" navigation="0" arg0="CNTR_NBITS"  />
    <postMsg mid="1121028" type="Warning" dynamic="1" navigation="0" arg0="NUMBER_OF_VRM"  />
    <postMsg mid="1121028" type="Warning" dynamic="1" navigation="0" arg0="DELAY_MODE"  />
    <postMsg mid="1121028" type="Warning" dynamic="1" navigation="0" arg0="DEF_OUTPUT"  />
    <postMsg mid="1121028" type="Warning" dynamic="1" navigation="0" arg0="CNTR_NBITS"  />
    <postMsg mid="1121028" type="Warning" dynamic="1" navigation="0" arg0="NUMBER_OF_VRM"  />
    <postMsg mid="1121028" type="Warning" dynamic="1" navigation="0" arg0="DELAY_MODE"  />
    <postMsg mid="1121028" type="Warning" dynamic="1" navigation="0" arg0="DEF_OUTPUT"  />
    <postMsg mid="1121028" type="Warning" dynamic="1" navigation="0" arg0="CNTR_NBITS"  />
    <postMsg mid="1121028" type="Warning" dynamic="1" navigation="0" arg0="NUMBER_OF_VRM"  />
    <postMsg mid="1121028" type="Warning" dynamic="1" navigation="0" arg0="DELAY_MODE"  />
    <postMsg mid="1121028" type="Warning" dynamic="1" navigation="0" arg0="DEF_OUTPUT"  />
    <postMsg mid="1121028" type="Warning" dynamic="1" navigation="0" arg0="CNTR_NBITS"  />
    <postMsg mid="1121028" type="Warning" dynamic="1" navigation="0" arg0="NUMBER_OF_VRM"  />
    <postMsg mid="1121028" type="Warning" dynamic="1" navigation="0" arg0="DELAY_MODE"  />
    <postMsg mid="1121028" type="Warning" dynamic="1" navigation="0" arg0="DEF_OUTPUT"  />
    <postMsg mid="1121028" type="Warning" dynamic="1" navigation="0" arg0="CNTR_NBITS"  />
    <postMsg mid="1121028" type="Warning" dynamic="1" navigation="0" arg0="NUMBER_OF_VRM"  />
    <postMsg mid="1121028" type="Warning" dynamic="1" navigation="0" arg0="DELAY_MODE"  />
    <postMsg mid="1121028" type="Warning" dynamic="1" navigation="0" arg0="DEF_OUTPUT"  />
    <postMsg mid="1121028" type="Warning" dynamic="1" navigation="0" arg0="CNTR_NBITS"  />
    <postMsg mid="1121028" type="Warning" dynamic="1" navigation="0" arg0="NUMBER_OF_VRM"  />
    <postMsg mid="1121028" type="Warning" dynamic="1" navigation="0" arg0="DELAY_MODE"  />
    <postMsg mid="1121028" type="Warning" dynamic="1" navigation="0" arg0="DEF_OUTPUT"  />
    <postMsg mid="1121028" type="Warning" dynamic="1" navigation="0" arg0="CNTR_NBITS"  />
    <postMsg mid="1121028" type="Warning" dynamic="1" navigation="0" arg0="NUMBER_OF_VRM"  />
    <postMsg mid="1121028" type="Warning" dynamic="1" navigation="0" arg0="DELAY_MODE"  />
    <postMsg mid="1121028" type="Warning" dynamic="1" navigation="0" arg0="DEF_OUTPUT"  />
    <postMsg mid="1121028" type="Warning" dynamic="1" navigation="0" arg0="CNTR_NBITS"  />
    <postMsg mid="1121028" type="Warning" dynamic="1" navigation="0" arg0="NUMBER_OF_VRM"  />
    <postMsg mid="1121028" type="Warning" dynamic="1" navigation="0" arg0="DELAY_MODE"  />
    <postMsg mid="1121028" type="Warning" dynamic="1" navigation="0" arg0="DEF_OUTPUT"  />
    <postMsg mid="1121028" type="Warning" dynamic="1" navigation="0" arg0="CNTR_NBITS"  />
    <postMsg mid="1121028" type="Warning" dynamic="1" navigation="0" arg0="NUMBER_OF_VRM"  />
    <postMsg mid="1121028" type="Warning" dynamic="1" navigation="0" arg0="DELAY_MODE"  />
    <postMsg mid="1121028" type="Warning" dynamic="1" navigation="0" arg0="DEF_OUTPUT"  />
    <postMsg mid="1121028" type="Warning" dynamic="1" navigation="0" arg0="CNTR_NBITS"  />
    <postMsg mid="1121028" type="Warning" dynamic="1" navigation="0" arg0="NUMBER_OF_VRM"  />
    <postMsg mid="1121028" type="Warning" dynamic="1" navigation="0" arg0="DELAY_MODE"  />
    <postMsg mid="1121028" type="Warning" dynamic="1" navigation="0" arg0="DEF_OUTPUT"  />
    <postMsg mid="1121028" type="Warning" dynamic="1" navigation="0" arg0="CNTR_NBITS"  />
    <postMsg mid="1121028" type="Warning" dynamic="1" navigation="0" arg0="NUMBER_OF_VRM"  />
    <postMsg mid="1121028" type="Warning" dynamic="1" navigation="0" arg0="DELAY_MODE"  />
    <postMsg mid="1121028" type="Warning" dynamic="1" navigation="0" arg0="DEF_OUTPUT"  />
    <postMsg mid="1121028" type="Warning" dynamic="1" navigation="0" arg0="CNTR_NBITS"  />
    <postMsg mid="1121028" type="Warning" dynamic="1" navigation="0" arg0="NUMBER_OF_VRM"  />
    <postMsg mid="1121028" type="Warning" dynamic="1" navigation="0" arg0="DELAY_MODE"  />
    <postMsg mid="1121028" type="Warning" dynamic="1" navigation="0" arg0="DEF_OUTPUT"  />
    <postMsg mid="1121028" type="Warning" dynamic="1" navigation="0" arg0="CNTR_NBITS"  />
    <postMsg mid="1121028" type="Warning" dynamic="1" navigation="0" arg0="NUMBER_OF_VRM"  />
    <postMsg mid="1121028" type="Warning" dynamic="1" navigation="0" arg0="DELAY_MODE"  />
    <postMsg mid="1121028" type="Warning" dynamic="1" navigation="0" arg0="DEF_OUTPUT"  />
    <postMsg mid="1121028" type="Warning" dynamic="1" navigation="0" arg0="CNTR_NBITS"  />
    <postMsg mid="1121028" type="Warning" dynamic="1" navigation="0" arg0="DELAY_MODE"  />
    <postMsg mid="1121028" type="Warning" dynamic="1" navigation="0" arg0="DEF_OUTPUT"  />
    <postMsg mid="1121028" type="Warning" dynamic="1" navigation="0" arg0="CNTR_NBITS"  />
    <postMsg mid="1121028" type="Warning" dynamic="1" navigation="0" arg0="NUMBER_OF_VRM"  />
    <postMsg mid="1121028" type="Warning" dynamic="1" navigation="0" arg0="NUMBER_OF_VRM"  />
    <postMsg mid="1121028" type="Warning" dynamic="1" navigation="0" arg0="TOTAL_STAGES"  />
    <postMsg mid="1121028" type="Warning" dynamic="1" navigation="0" arg0="TOTAL_STAGES"  />
    <postMsg mid="1121028" type="Warning" dynamic="1" navigation="0" arg0="MAX_DIV_CNT"  />
    <postMsg mid="1121028" type="Warning" dynamic="1" navigation="0" arg0="MAX_DIV_BITS"  />
    <postMsg mid="1121028" type="Warning" dynamic="1" navigation="0" arg0="MAX_DIV_CNT"  />
    <postMsg mid="1121028" type="Warning" dynamic="1" navigation="0" arg0="MAX_DIV_BITS"  />
    <postMsg mid="1121028" type="Warning" dynamic="1" navigation="0" arg0="MAX_DIV_CNT"  />
    <postMsg mid="1121028" type="Warning" dynamic="1" navigation="0" arg0="MAX_DIV_BITS"  />
    <postMsg mid="1121028" type="Warning" dynamic="1" navigation="0" arg0="MAX_DIV_CNT"  />
    <postMsg mid="1121028" type="Warning" dynamic="1" navigation="0" arg0="MAX_DIV_BITS"  />
    <postMsg mid="1121028" type="Warning" dynamic="1" navigation="0" arg0="MAX_DIV_CNT"  />
    <postMsg mid="1121028" type="Warning" dynamic="1" navigation="0" arg0="MAX_DIV_BITS"  />
    <postMsg mid="1121028" type="Warning" dynamic="1" navigation="0" arg0="MAX_DIV_CNT"  />
    <postMsg mid="1121028" type="Warning" dynamic="1" navigation="0" arg0="MAX_DIV_BITS"  />
    <postMsg mid="1121028" type="Warning" dynamic="1" navigation="0" arg0="DLY_LEN"  />
    <postMsg mid="1121028" type="Warning" dynamic="1" navigation="0" arg0="DLY_LEN"  />
    <postMsg mid="1121028" type="Warning" dynamic="1" navigation="0" arg0="NUMBER_OF_COUNTER_BITS"  />
    <postMsg mid="1121028" type="Warning" dynamic="1" navigation="0" arg0="SEGMENT_MIN"  />
    <postMsg mid="1121028" type="Warning" dynamic="1" navigation="0" arg0="SEGMENT_MAX"  />
    <postMsg mid="1121028" type="Warning" dynamic="1" navigation="0" arg0="DEFAULT_STATE"  />
    <postMsg mid="1121028" type="Warning" dynamic="1" navigation="0" arg0="TOTAL_BIT_COUNT"  />
    <postMsg mid="1121028" type="Warning" dynamic="1" navigation="0" arg0="NUMBER_OF_COUNTER_BITS"  />
    <postMsg mid="1121028" type="Warning" dynamic="1" navigation="0" arg0="SEGMENT_MIN"  />
    <postMsg mid="1121028" type="Warning" dynamic="1" navigation="0" arg0="SEGMENT_MAX"  />
    <postMsg mid="1121028" type="Warning" dynamic="1" navigation="0" arg0="DEFAULT_STATE"  />
    <postMsg mid="1121028" type="Warning" dynamic="1" navigation="0" arg0="TOTAL_BIT_COUNT"  />
    <postMsg mid="1121028" type="Warning" dynamic="1" navigation="0" arg0="NUMBER_OF_COUNTER_BITS"  />
    <postMsg mid="1121028" type="Warning" dynamic="1" navigation="0" arg0="SEGMENT_MIN"  />
    <postMsg mid="1121028" type="Warning" dynamic="1" navigation="0" arg0="SEGMENT_MAX"  />
    <postMsg mid="1121028" type="Warning" dynamic="1" navigation="0" arg0="DEFAULT_STATE"  />
    <postMsg mid="1121028" type="Warning" dynamic="1" navigation="0" arg0="TOTAL_BIT_COUNT"  />
    <postMsg mid="1121028" type="Warning" dynamic="1" navigation="0" arg0="DELAY_MODE"  />
    <postMsg mid="1121028" type="Warning" dynamic="1" navigation="0" arg0="DEF_OUTPUT"  />
    <postMsg mid="1121028" type="Warning" dynamic="1" navigation="0" arg0="CNTR_NBITS"  />
    <postMsg mid="1121028" type="Warning" dynamic="1" navigation="0" arg0="DELAY_MODE"  />
    <postMsg mid="1121028" type="Warning" dynamic="1" navigation="0" arg0="DEF_OUTPUT"  />
    <postMsg mid="1121028" type="Warning" dynamic="1" navigation="0" arg0="CNTR_NBITS"  />
    <postMsg mid="1121028" type="Warning" dynamic="1" navigation="0" arg0="CNTR_NBITS"  />
    <postMsg mid="1121028" type="Warning" dynamic="1" navigation="0" arg0="CNTR_NBITS"  />
    <postMsg mid="1121028" type="Warning" dynamic="1" navigation="0" arg0="DELAY_MODE"  />
    <postMsg mid="1121028" type="Warning" dynamic="1" navigation="0" arg0="DEF_OUTPUT"  />
    <postMsg mid="1121028" type="Warning" dynamic="1" navigation="0" arg0="CNTR_NBITS"  />
    <postMsg mid="1121028" type="Warning" dynamic="1" navigation="0" arg0="DELAY_MODE"  />
    <postMsg mid="1121028" type="Warning" dynamic="1" navigation="0" arg0="DEF_OUTPUT"  />
    <postMsg mid="1121028" type="Warning" dynamic="1" navigation="0" arg0="CNTR_NBITS"  />
    <postMsg mid="1121028" type="Warning" dynamic="1" navigation="0" arg0="DELAY_MODE"  />
    <postMsg mid="1121028" type="Warning" dynamic="1" navigation="0" arg0="DEF_OUTPUT"  />
    <postMsg mid="1121028" type="Warning" dynamic="1" navigation="0" arg0="CNTR_NBITS"  />
    <postMsg mid="1121028" type="Warning" dynamic="1" navigation="0" arg0="DELAY_MODE"  />
    <postMsg mid="1121028" type="Warning" dynamic="1" navigation="0" arg0="DEF_OUTPUT"  />
    <postMsg mid="1121028" type="Warning" dynamic="1" navigation="0" arg0="CNTR_NBITS"  />
    <postMsg mid="1121028" type="Warning" dynamic="1" navigation="0" arg0="DLY_LEN"  />
    <postMsg mid="1121028" type="Warning" dynamic="1" navigation="0" arg0="DLY_LEN"  />
    <postMsg mid="1121028" type="Warning" dynamic="1" navigation="0" arg0="START_COUNT_NUM"  />
    <postMsg mid="1121028" type="Warning" dynamic="1" navigation="0" arg0="BPS_COUNT_NUM"  />
    <postMsg mid="1121028" type="Warning" dynamic="1" navigation="0" arg0="NBIT_OUT"  />
    <postMsg mid="1121028" type="Warning" dynamic="1" navigation="0" arg0="NBIT_IN"  />
    <postMsg mid="1121028" type="Warning" dynamic="1" navigation="0" arg0="START_COUNT_NUM"  />
    <postMsg mid="1121028" type="Warning" dynamic="1" navigation="0" arg0="BPS_COUNT_NUM"  />
    <postMsg mid="1121028" type="Warning" dynamic="1" navigation="0" arg0="NBIT_OUT"  />
    <postMsg mid="1121028" type="Warning" dynamic="1" navigation="0" arg0="NBIT_IN"  />
    <postMsg mid="1121028" type="Warning" dynamic="1" navigation="0" arg0="NUMBER_OF_VRM"  />
    <postMsg mid="1121028" type="Warning" dynamic="1" navigation="0" arg0="DELAY_MODE"  />
    <postMsg mid="1121028" type="Warning" dynamic="1" navigation="0" arg0="DEF_OUTPUT"  />
    <postMsg mid="1121028" type="Warning" dynamic="1" navigation="0" arg0="CNTR_NBITS"  />
    <postMsg mid="1121028" type="Warning" dynamic="1" navigation="0" arg0="CNTR_NBITS"  />
    <postMsg mid="1121028" type="Warning" dynamic="1" navigation="0" arg0="NUMBER_OF_VRM"  />
    <postMsg mid="1121028" type="Warning" dynamic="1" navigation="0" arg0="CNTR_NBITS"  />
    <postMsg mid="1121028" type="Warning" dynamic="1" navigation="0" arg0="NUMBER_OF_VRM"  />
    <postMsg mid="1121028" type="Warning" dynamic="1" navigation="0" arg0="CNTR_NBITS"  />
    <postMsg mid="1121028" type="Warning" dynamic="1" navigation="0" arg0="NUMBER_OF_VRM"  />
    <postMsg mid="1121028" type="Warning" dynamic="1" navigation="0" arg0="CNTR_NBITS"  />
    <postMsg mid="1121028" type="Warning" dynamic="1" navigation="0" arg0="NUMBER_OF_VRM"  />
    <postMsg mid="1121028" type="Warning" dynamic="1" navigation="0" arg0="CNTR_NBITS"  />
    <postMsg mid="1121028" type="Warning" dynamic="1" navigation="0" arg0="NUMBER_OF_VRM"  />
    <postMsg mid="1121028" type="Warning" dynamic="1" navigation="0" arg0="CNTR_NBITS"  />
    <postMsg mid="1121028" type="Warning" dynamic="1" navigation="0" arg0="NUMBER_OF_VRM"  />
    <postMsg mid="1121028" type="Warning" dynamic="1" navigation="0" arg0="CNTR_NBITS"  />
    <postMsg mid="1121028" type="Warning" dynamic="1" navigation="0" arg0="NUMBER_OF_VRM"  />
    <postMsg mid="1121028" type="Warning" dynamic="1" navigation="0" arg0="CNTR_NBITS"  />
    <postMsg mid="1121028" type="Warning" dynamic="1" navigation="0" arg0="NUMBER_OF_VRM"  />
    <postMsg mid="1121028" type="Warning" dynamic="1" navigation="0" arg0="CNTR_NBITS"  />
    <postMsg mid="1121028" type="Warning" dynamic="1" navigation="0" arg0="NUMBER_OF_VRM"  />
    <postMsg mid="1121028" type="Warning" dynamic="1" navigation="0" arg0="CNTR_NBITS"  />
    <postMsg mid="1121028" type="Warning" dynamic="1" navigation="0" arg0="NUMBER_OF_VRM"  />
    <postMsg mid="1121028" type="Warning" dynamic="1" navigation="0" arg0="CNTR_NBITS"  />
    <postMsg mid="1121028" type="Warning" dynamic="1" navigation="0" arg0="NUMBER_OF_VRM"  />
    <postMsg mid="1121028" type="Warning" dynamic="1" navigation="0" arg0="CNTR_NBITS"  />
    <postMsg mid="1121028" type="Warning" dynamic="1" navigation="0" arg0="NUMBER_OF_VRM"  />
    <postMsg mid="1121028" type="Warning" dynamic="1" navigation="0" arg0="CNTR_NBITS"  />
    <postMsg mid="1121028" type="Warning" dynamic="1" navigation="0" arg0="NUMBER_OF_VRM"  />
    <postMsg mid="1121028" type="Warning" dynamic="1" navigation="0" arg0="CNTR_NBITS"  />
    <postMsg mid="1121028" type="Warning" dynamic="1" navigation="0" arg0="NUMBER_OF_VRM"  />
    <postMsg mid="1121028" type="Warning" dynamic="1" navigation="0" arg0="CNTR_NBITS"  />
    <postMsg mid="1121028" type="Warning" dynamic="1" navigation="0" arg0="NUMBER_OF_VRM"  />
    <postMsg mid="1121028" type="Warning" dynamic="1" navigation="0" arg0="CNTR_NBITS"  />
    <postMsg mid="1121028" type="Warning" dynamic="1" navigation="0" arg0="NUMBER_OF_VRM"  />
    <postMsg mid="1121028" type="Warning" dynamic="1" navigation="0" arg0="CNTR_NBITS"  />
    <postMsg mid="1121028" type="Warning" dynamic="1" navigation="0" arg0="NUMBER_OF_VRM"  />
    <postMsg mid="1121028" type="Warning" dynamic="1" navigation="0" arg0="NON_RECOV_FAULT_MASK"  />
    <postMsg mid="1121028" type="Warning" dynamic="1" navigation="0" arg0="LIM_RECOV_FAULT_MASK"  />
    <postMsg mid="1121028" type="Warning" dynamic="1" navigation="0" arg0="RECOV_FAULT_MASK"  />
    <postMsg mid="1121028" type="Warning" dynamic="1" navigation="0" arg0="FAULT_VEC_SIZE"  />
    <postMsg mid="1121028" type="Warning" dynamic="1" navigation="0" arg0="NUM_MEZZ"  />
    <postMsg mid="1121028" type="Warning" dynamic="1" navigation="0" arg0="NUM_RISER"  />
    <postMsg mid="1121028" type="Warning" dynamic="1" navigation="0" arg0="NUM_M2_BP"  />
    <postMsg mid="1121028" type="Warning" dynamic="1" navigation="0" arg0="NUM_HD_BP"  />
    <postMsg mid="1121028" type="Warning" dynamic="1" navigation="0" arg0="NUM_SAS"  />
    <postMsg mid="1121028" type="Warning" dynamic="1" navigation="0" arg0="NUM_S5DEV"  />
    <postMsg mid="1121028" type="Warning" dynamic="1" navigation="0" arg0="NUM_OPT_AUX"  />
    <postMsg mid="1121028" type="Warning" dynamic="1" navigation="0" arg0="NUM_CPU"  />
    <postMsg mid="1121028" type="Warning" dynamic="1" navigation="0" arg0="BOUND_SYS_PWROK"  />
    <postMsg mid="1121028" type="Warning" dynamic="1" navigation="0" arg0="S5DEV_STUCKON_FAULT_CHK"  />
    <postMsg mid="1121028" type="Warning" dynamic="1" navigation="0" arg0="SHARED_P5V_STBY_HPMOS"  />
    <postMsg mid="1121028" type="Warning" dynamic="1" navigation="0" arg0="CNTR_NBITS"  />
    <postMsg mid="1121028" type="Warning" dynamic="1" navigation="0" arg0="DISPG_WATCHDOG_TIMEOUT_VAL"  />
    <postMsg mid="1121028" type="Warning" dynamic="1" navigation="0" arg0="RSMRST_REALSE_TIMEOUT_VAL"  />
    <postMsg mid="1121028" type="Warning" dynamic="1" navigation="0" arg0="S5_DEVICES_ON_WAIT_COMPLETE_FAULT_VAL"  />
    <postMsg mid="1121028" type="Warning" dynamic="1" navigation="0" arg0="S5_DEVICES_ON_WAIT_COMPLETE_NOFLT_VAL"  />
    <postMsg mid="1121028" type="Warning" dynamic="1" navigation="0" arg0="PO_ON_WAIT_COMPLETE_VAL"  />
    <postMsg mid="1121028" type="Warning" dynamic="1" navigation="0" arg0="PF_ON_WAIT_COMPLETE_VAL"  />
    <postMsg mid="1121028" type="Warning" dynamic="1" navigation="0" arg0="DC_ON_WAIT_COMPLETE_FAULT_VAL"  />
    <postMsg mid="1121028" type="Warning" dynamic="1" navigation="0" arg0="DC_ON_WAIT_COMPLETE_NOFLT_VAL"  />
    <postMsg mid="1121028" type="Warning" dynamic="1" navigation="0" arg0="PON_65MS_WATCHDOG_TIMEOUT_VAL"  />
    <postMsg mid="1121028" type="Warning" dynamic="1" navigation="0" arg0="DISABLE_3V3_TIMEOUT_FAULT_VAL"  />
    <postMsg mid="1121028" type="Warning" dynamic="1" navigation="0" arg0="DISABLE_3V3_TIMEOUT_VAL"  />
    <postMsg mid="1121028" type="Warning" dynamic="1" navigation="0" arg0="DISABLE_INTEL_VCCIN_TIMEOUT_FAULT_VAL"  />
    <postMsg mid="1121028" type="Warning" dynamic="1" navigation="0" arg0="DISABLE_INTEL_VCCIN_TIMEOUT_VAL"  />
    <postMsg mid="1121028" type="Warning" dynamic="1" navigation="0" arg0="PDN_WATCHDOG_TIMEOUT_FAULT_VAL"  />
    <postMsg mid="1121028" type="Warning" dynamic="1" navigation="0" arg0="PDN_WATCHDOG_TIMEOUT_VAL"  />
    <postMsg mid="1121028" type="Warning" dynamic="1" navigation="0" arg0="VCORE_WATCHDOG_TIMEOUT_VAL"  />
    <postMsg mid="1121028" type="Warning" dynamic="1" navigation="0" arg0="EFUSE_WATCHDOG_TIMEOUT_VAL"  />
    <postMsg mid="1121028" type="Warning" dynamic="1" navigation="0" arg0="PSU_WATCHDOG_TIMEOUT_VAL"  />
    <postMsg mid="1121028" type="Warning" dynamic="1" navigation="0" arg0="PON_WATCHDOG_TIMEOUT_VAL"  />
    <postMsg mid="1121028" type="Warning" dynamic="1" navigation="0" arg0="GRP_B_PWROK_TIMEOUT_VAL"  />
    <postMsg mid="1121028" type="Warning" dynamic="1" navigation="0" arg0="GRP_A_PWROK_TIMEOUT_VAL"  />
    <postMsg mid="1121028" type="Warning" dynamic="1" navigation="0" arg0="WDT_NBITS"  />
    <postMsg mid="1121028" type="Warning" dynamic="1" navigation="0" arg0="LIM_RECOV_MAX_RETRY_ATTEMPT"  />
    <postMsg mid="1121028" type="Warning" dynamic="1" navigation="0" arg0="POWER_JUDGE"  />
    <postMsg mid="1121028" type="Warning" dynamic="1" navigation="0" arg0="LATCH"  />
    <postMsg mid="1121028" type="Warning" dynamic="1" navigation="0" arg0="EDGE"  />
    <postMsg mid="1121028" type="Warning" dynamic="1" navigation="0" arg0="POWER_JUDGE"  />
    <postMsg mid="1121028" type="Warning" dynamic="1" navigation="0" arg0="LATCH"  />
    <postMsg mid="1121028" type="Warning" dynamic="1" navigation="0" arg0="EDGE"  />
    <postMsg mid="1121028" type="Warning" dynamic="1" navigation="0" arg0="NUMBER_OF_VRM"  />
    <postMsg mid="1121028" type="Warning" dynamic="1" navigation="0" arg0="NUMBER_OF_VRM"  />
    <postMsg mid="1121028" type="Warning" dynamic="1" navigation="0" arg0="NUM_CPU"  />
    <postMsg mid="1121028" type="Warning" dynamic="1" navigation="0" arg0="DELAY_MODE"  />
    <postMsg mid="1121028" type="Warning" dynamic="1" navigation="0" arg0="DEF_OUTPUT"  />
    <postMsg mid="1121028" type="Warning" dynamic="1" navigation="0" arg0="CNTR_NBITS"  />
    <postMsg mid="1121028" type="Warning" dynamic="1" navigation="0" arg0="TOTAL_STAGES"  />
    <postMsg mid="1121028" type="Warning" dynamic="1" navigation="0" arg0="TOTAL_STAGES"  />
    <postMsg mid="1121028" type="Warning" dynamic="1" navigation="0" arg0="PWRBTN_LONG"  />
    <postMsg mid="1121028" type="Warning" dynamic="1" navigation="0" arg0="NBIT"  />
    <postMsg mid="1121028" type="Warning" dynamic="1" navigation="0" arg0="NBIT"  />
    <postMsg mid="1121028" type="Warning" dynamic="1" navigation="0" arg0="NBIT"  />
    <postMsg mid="1121028" type="Warning" dynamic="1" navigation="0" arg0="NBIT"  />
    <postMsg mid="1121028" type="Warning" dynamic="1" navigation="0" arg0="NUMBER_OF_COUNTER_BITS"  />
    <postMsg mid="1121028" type="Warning" dynamic="1" navigation="0" arg0="SEGMENT_MIN"  />
    <postMsg mid="1121028" type="Warning" dynamic="1" navigation="0" arg0="SEGMENT_MAX"  />
    <postMsg mid="1121028" type="Warning" dynamic="1" navigation="0" arg0="DEFAULT_STATE"  />
    <postMsg mid="1121028" type="Warning" dynamic="1" navigation="0" arg0="TOTAL_BIT_COUNT"  />
    <postMsg mid="1121028" type="Warning" dynamic="1" navigation="0" arg0="NDELAY"  />
    <postMsg mid="1121028" type="Warning" dynamic="1" navigation="0" arg0="NBITS"  />
    <postMsg mid="1121028" type="Warning" dynamic="1" navigation="0" arg0="SIGCNT"  />
    <postMsg mid="1121028" type="Warning" dynamic="1" navigation="0" arg0="NDELAY"  />
    <postMsg mid="1121028" type="Warning" dynamic="1" navigation="0" arg0="NBITS"  />
    <postMsg mid="1121028" type="Warning" dynamic="1" navigation="0" arg0="SIGCNT"  />
    <postMsg mid="1121028" type="Warning" dynamic="1" navigation="0" arg0="NDELAY"  />
    <postMsg mid="1121028" type="Warning" dynamic="1" navigation="0" arg0="NBITS"  />
    <postMsg mid="1121028" type="Warning" dynamic="1" navigation="0" arg0="SIGCNT"  />
    <postMsg mid="1121028" type="Warning" dynamic="1" navigation="0" arg0="NDELAY"  />
    <postMsg mid="1121028" type="Warning" dynamic="1" navigation="0" arg0="NBITS"  />
    <postMsg mid="1121028" type="Warning" dynamic="1" navigation="0" arg0="SIGCNT"  />
    <postMsg mid="1121028" type="Warning" dynamic="1" navigation="0" arg0="SIGCNT"  />
    <postMsg mid="1121028" type="Warning" dynamic="1" navigation="0" arg0="NDELAY"  />
    <postMsg mid="1121028" type="Warning" dynamic="1" navigation="0" arg0="NBITS"  />
    <postMsg mid="1121028" type="Warning" dynamic="1" navigation="0" arg0="SIGCNT"  />
    <postMsg mid="1121028" type="Warning" dynamic="1" navigation="0" arg0="NDELAY"  />
    <postMsg mid="1121028" type="Warning" dynamic="1" navigation="0" arg0="NBITS"  />
    <postMsg mid="1121028" type="Warning" dynamic="1" navigation="0" arg0="SIGCNT"  />
    <postMsg mid="1121028" type="Warning" dynamic="1" navigation="0" arg0="NDELAY"  />
    <postMsg mid="1121028" type="Warning" dynamic="1" navigation="0" arg0="NBITS"  />
    <postMsg mid="1121028" type="Warning" dynamic="1" navigation="0" arg0="SIGCNT"  />
    <postMsg mid="1121028" type="Warning" dynamic="1" navigation="0" arg0="MAX_DIV_BITS"  />
    <postMsg mid="1121028" type="Warning" dynamic="1" navigation="0" arg0="MAX_DIV_CNT"  />
    <postMsg mid="1121028" type="Warning" dynamic="1" navigation="0" arg0="MAX_DIV_BITS"  />
    <postMsg mid="1121028" type="Warning" dynamic="1" navigation="0" arg0="MAX_DIV_CNT"  />
    <postMsg mid="1121028" type="Warning" dynamic="1" navigation="0" arg0="MAX_DIV_BITS"  />
    <postMsg mid="1121028" type="Warning" dynamic="1" navigation="0" arg0="MAX_DIV_CNT"  />
    <postMsg mid="1121028" type="Warning" dynamic="1" navigation="0" arg0="MAX_DIV_BITS"  />
    <postMsg mid="1121028" type="Warning" dynamic="1" navigation="0" arg0="MAX_DIV_CNT"  />
    <postMsg mid="1121028" type="Warning" dynamic="1" navigation="0" arg0="MAX_DIV_BITS"  />
    <postMsg mid="1121028" type="Warning" dynamic="1" navigation="0" arg0="MAX_DIV_CNT"  />
    <postMsg mid="1121028" type="Warning" dynamic="1" navigation="0" arg0="MAX_DIV_BITS"  />
    <postMsg mid="1121028" type="Warning" dynamic="1" navigation="0" arg0="MAX_DIV_CNT"  />
    <postMsg mid="1121028" type="Warning" dynamic="1" navigation="0" arg0="SIGCNT"  />
    <postMsg mid="1121028" type="Warning" dynamic="1" navigation="0" arg0="NBITS"  />
    <postMsg mid="1121028" type="Warning" dynamic="1" navigation="0" arg0="SIGCNT"  />
    <postMsg mid="1121028" type="Warning" dynamic="1" navigation="0" arg0="NBITS"  />
    <postMsg mid="1121028" type="Warning" dynamic="1" navigation="0" arg0="SIGCNT"  />
    <postMsg mid="1121028" type="Warning" dynamic="1" navigation="0" arg0="NBITS"  />
    <postMsg mid="1121028" type="Warning" dynamic="1" navigation="0" arg0="SIGCNT"  />
    <postMsg mid="1121028" type="Warning" dynamic="1" navigation="0" arg0="SIGCNT"  />
    <postMsg mid="1121028" type="Warning" dynamic="1" navigation="0" arg0="NBITS"  />
    <postMsg mid="1121028" type="Warning" dynamic="1" navigation="0" arg0="SIGCNT"  />
    <postMsg mid="1121028" type="Warning" dynamic="1" navigation="0" arg0="NBITS"  />
    <postMsg mid="1121028" type="Warning" dynamic="1" navigation="0" arg0="SIGCNT"  />
    <postMsg mid="1121028" type="Warning" dynamic="1" navigation="0" arg0="NBITS"  />
    <postMsg mid="1121028" type="Warning" dynamic="1" navigation="0" arg0="SIGCNT"  />
    <postMsg mid="1121028" type="Warning" dynamic="1" navigation="0" arg0="NBITS"  />
    <postMsg mid="1121028" type="Warning" dynamic="1" navigation="0" arg0="TOTAL_BIT_COUNT"  />
    <postMsg mid="1121028" type="Warning" dynamic="1" navigation="0" arg0="DEFAULT_STATE"  />
    <postMsg mid="1121028" type="Warning" dynamic="1" navigation="0" arg0="NUMBER_OF_COUNTER_BITS"  />
    <postMsg mid="1121028" type="Warning" dynamic="1" navigation="0" arg0="NBIT"  />
    <postMsg mid="1121028" type="Warning" dynamic="1" navigation="0" arg0="NBIT"  />
    <postMsg mid="1121028" type="Warning" dynamic="1" navigation="0" arg0="NBIT"  />
    <postMsg mid="1121028" type="Warning" dynamic="1" navigation="0" arg0="NBIT"  />
    <postMsg mid="1121028" type="Warning" dynamic="1" navigation="0" arg0="PWRBTN_LONG"  />
    <postMsg mid="1121028" type="Warning" dynamic="1" navigation="0" arg0="CNTR_NBITS"  />
    <postMsg mid="1121028" type="Warning" dynamic="1" navigation="0" arg0="DELAY_MODE"  />
    <postMsg mid="1121028" type="Warning" dynamic="1" navigation="0" arg0="EDGE"  />
    <postMsg mid="1121028" type="Warning" dynamic="1" navigation="0" arg0="LATCH"  />
    <postMsg mid="1121028" type="Warning" dynamic="1" navigation="0" arg0="POWER_JUDGE"  />
    <postMsg mid="1121028" type="Warning" dynamic="1" navigation="0" arg0="EDGE"  />
    <postMsg mid="1121028" type="Warning" dynamic="1" navigation="0" arg0="LATCH"  />
    <postMsg mid="1121028" type="Warning" dynamic="1" navigation="0" arg0="POWER_JUDGE"  />
    <postMsg mid="1121028" type="Warning" dynamic="1" navigation="0" arg0="SHARED_P5V_STBY_HPMOS"  />
    <postMsg mid="1121028" type="Warning" dynamic="1" navigation="0" arg0="S5DEV_STUCKON_FAULT_CHK"  />
    <postMsg mid="1121028" type="Warning" dynamic="1" navigation="0" arg0="NUM_CPU"  />
    <postMsg mid="1121028" type="Warning" dynamic="1" navigation="0" arg0="NUM_OPT_AUX"  />
    <postMsg mid="1121028" type="Warning" dynamic="1" navigation="0" arg0="CNTR_NBITS"  />
    <postMsg mid="1121028" type="Warning" dynamic="1" navigation="0" arg0="NUMBER_OF_VRM"  />
    <postMsg mid="1121028" type="Warning" dynamic="1" navigation="0" arg0="NBIT_IN"  />
    <postMsg mid="1121028" type="Warning" dynamic="1" navigation="0" arg0="NBIT_OUT"  />
    <postMsg mid="1121028" type="Warning" dynamic="1" navigation="0" arg0="BPS_COUNT_NUM"  />
    <postMsg mid="1121028" type="Warning" dynamic="1" navigation="0" arg0="START_COUNT_NUM"  />
    <postMsg mid="1121028" type="Warning" dynamic="1" navigation="0" arg0="NBIT_IN"  />
    <postMsg mid="1121028" type="Warning" dynamic="1" navigation="0" arg0="NBIT_OUT"  />
    <postMsg mid="1121028" type="Warning" dynamic="1" navigation="0" arg0="BPS_COUNT_NUM"  />
    <postMsg mid="1121028" type="Warning" dynamic="1" navigation="0" arg0="START_COUNT_NUM"  />
    <postMsg mid="1121028" type="Warning" dynamic="1" navigation="0" arg0="DLY_LEN"  />
    <postMsg mid="1121028" type="Warning" dynamic="1" navigation="0" arg0="CNTR_NBITS"  />
    <postMsg mid="1121028" type="Warning" dynamic="1" navigation="0" arg0="DELAY_MODE"  />
    <postMsg mid="1121028" type="Warning" dynamic="1" navigation="0" arg0="CNTR_NBITS"  />
    <postMsg mid="1121028" type="Warning" dynamic="1" navigation="0" arg0="DELAY_MODE"  />
    <postMsg mid="1121028" type="Warning" dynamic="1" navigation="0" arg0="CNTR_NBITS"  />
    <postMsg mid="1121028" type="Warning" dynamic="1" navigation="0" arg0="DELAY_MODE"  />
    <postMsg mid="1121028" type="Warning" dynamic="1" navigation="0" arg0="CNTR_NBITS"  />
    <postMsg mid="1121028" type="Warning" dynamic="1" navigation="0" arg0="DELAY_MODE"  />
    <postMsg mid="1121028" type="Warning" dynamic="1" navigation="0" arg0="CNTR_NBITS"  />
    <postMsg mid="1121028" type="Warning" dynamic="1" navigation="0" arg0="DELAY_MODE"  />
    <postMsg mid="1121028" type="Warning" dynamic="1" navigation="0" arg0="CNTR_NBITS"  />
    <postMsg mid="1121028" type="Warning" dynamic="1" navigation="0" arg0="DELAY_MODE"  />
    <postMsg mid="1121028" type="Warning" dynamic="1" navigation="0" arg0="TOTAL_BIT_COUNT"  />
    <postMsg mid="1121028" type="Warning" dynamic="1" navigation="0" arg0="DEFAULT_STATE"  />
    <postMsg mid="1121028" type="Warning" dynamic="1" navigation="0" arg0="NUMBER_OF_COUNTER_BITS"  />
    <postMsg mid="1121028" type="Warning" dynamic="1" navigation="0" arg0="TOTAL_BIT_COUNT"  />
    <postMsg mid="1121028" type="Warning" dynamic="1" navigation="0" arg0="DEFAULT_STATE"  />
    <postMsg mid="1121028" type="Warning" dynamic="1" navigation="0" arg0="NUMBER_OF_COUNTER_BITS"  />
    <postMsg mid="1121028" type="Warning" dynamic="1" navigation="0" arg0="TOTAL_BIT_COUNT"  />
    <postMsg mid="1121028" type="Warning" dynamic="1" navigation="0" arg0="DEFAULT_STATE"  />
    <postMsg mid="1121028" type="Warning" dynamic="1" navigation="0" arg0="NUMBER_OF_COUNTER_BITS"  />
    <postMsg mid="1121028" type="Warning" dynamic="1" navigation="0" arg0="DLY_LEN"  />
Writing the design to BM_H13DSP_M_impl1.ngo...

Total CPU Time: 1 secs  
Total REAL Time: 0 secs  
Peak Memory Usage: 36 MB


ngdbuild  -a "MachXO3LF" -d LCMXO3LF-6900C  -p "C:/studyware/lattice_diamond_3_14/ispfpga/xo3c00f/data"  -p "C:/CPLD/intel/fenghuo_initial/BM_H13DSP_M/pro/impl1" -p "C:/CPLD/intel/fenghuo_initial/BM_H13DSP_M/pro"  "BM_H13DSP_M_impl1.ngo" "BM_H13DSP_M_impl1.ngd"  	
ngdbuild:  version Diamond (64-bit) 3.14.0.75.2

Copyright (c) 1991-1994 by NeoCAD Inc. All rights reserved.
Copyright (c) 1995 AT&T Corp.   All rights reserved.
Copyright (c) 1995-2001 Lucent Technologies Inc.  All rights reserved.
Copyright (c) 2001 Agere Systems   All rights reserved.
Copyright (c) 2002-2024 Lattice Semiconductor Corporation,  All rights reserved.
Reading 'BM_H13DSP_M_impl1.ngo' ...
Loading NGL library 'C:/studyware/lattice_diamond_3_14/ispfpga/xo2c00a/data/xo2alib.ngl'...
Loading NGL library 'C:/studyware/lattice_diamond_3_14/ispfpga/xo2c00/data/xo2clib.ngl'...
Loading NGL library 'C:/studyware/lattice_diamond_3_14/ispfpga/mg5g00/data/mg5glib.ngl'...
Loading NGL library 'C:/studyware/lattice_diamond_3_14/ispfpga/or5g00/data/orc5glib.ngl'...


Running DRC...

    <postMsg mid="1166052" type="Warning" dynamic="2" navigation="1" arg0="logical" arg1="inst_osch_SEDSTDBY" arg2="inst_osch_SEDSTDBY"  />
    <postMsg mid="1163101" type="Warning" dynamic="1" navigation="0" arg0="1"  />

Design Results:
   7328 blocks expanded
Complete the first expansion.
Writing 'BM_H13DSP_M_impl1.ngd' ...
Total CPU Time: 1 secs 
Total REAL Time: 0 secs 
Peak Memory Usage: 52 MB


map -a "MachXO3LF" -p LCMXO3LF-6900C -t CABGA400 -s 5 -oc Commercial   "BM_H13DSP_M_impl1.ngd" -o "BM_H13DSP_M_impl1_map.ncd" -pr "BM_H13DSP_M_impl1.prf" -mp "BM_H13DSP_M_impl1.mrp" -lpf "C:/CPLD/intel/fenghuo_initial/BM_H13DSP_M/pro/impl1/BM_H13DSP_M_impl1_synplify.lpf" -lpf "C:/CPLD/intel/fenghuo_initial/BM_H13DSP_M/pro/BM_H13DSP_M.lpf"  -c 0           
map:  version Diamond (64-bit) 3.14.0.75.2

Copyright (c) 1991-1994 by NeoCAD Inc. All rights reserved.
Copyright (c) 1995 AT&T Corp.   All rights reserved.
Copyright (c) 1995-2001 Lucent Technologies Inc.  All rights reserved.
Copyright (c) 2001 Agere Systems   All rights reserved.
Copyright (c) 2002-2024 Lattice Semiconductor Corporation,  All rights reserved.
   Process the file: BM_H13DSP_M_impl1.ngd
   Picdevice="LCMXO3LF-6900C"

   Pictype="CABGA400"

   Picspeed=5

   Remove unused logic

   Do not produce over sized NCDs.

Part used: LCMXO3LF-6900CCABGA400, Performance used: 5.

Loading device for application baspr from file 'xo3c6900.nph' in environment: C:/studyware/lattice_diamond_3_14/ispfpga.
Package Status:                     Final          Version 1.17.

Running general design DRC...

Removing unused logic...

Optimizing...

9 CCU2 constant inputs absorbed.

    <postMsg mid="51001030" type="Warning" dynamic="1" navigation="0" arg0="pon_reset_n"  />
    <postMsg mid="52101273" type="Warning" dynamic="0" navigation="0"  />
    <postMsg mid="52101033" type="Warning" dynamic="2" navigation="0" arg0="6900L" arg1="LCMXO3LF-6900C"  />



Design Summary:
   Number of registers:   2602 out of  7872 (33%)
      PFU registers:         2526 out of  6864 (37%)
      PIO registers:           76 out of  1008 (8%)
   Number of SLICEs:      2165 out of  3432 (63%)
      SLICEs as Logic/ROM:   2165 out of  3432 (63%)
      SLICEs as RAM:            0 out of  2574 (0%)
      SLICEs as Carry:        196 out of  3432 (6%)
   Number of LUT4s:        4188 out of  6864 (61%)
      Number used as logic LUTs:        3796
      Number used as distributed RAM:     0
      Number used as ripple logic:      392
      Number used as shift registers:     0
   Number of PIO sites used: 302 + 4(JTAG) out of 336 (91%)
   Number of block RAMs:  0 out of 26 (0%)
   Number of GSRs:        1 out of 1 (100%)
   EFB used :        Yes
   JTAG used :       No
   Readback used :   No
   Oscillator used : Yes
   Startup used :    No
   POR :             On
   Bandgap :         On
   Number of Power Controller:  0 out of 1 (0%)
   Number of Dynamic Bank Controller (BCINRD):  0 out of 6 (0%)
   Number of Dynamic Bank Controller (BCLVDSO):  0 out of 1 (0%)
   Number of DCCA:  0 out of 8 (0%)
   Number of DCMA:  0 out of 2 (0%)
   Number of PLLs:  1 out of 2 (50%)
   Number of DQSDLLs:  0 out of 2 (0%)
   Number of CLKDIVC:  0 out of 4 (0%)
   Number of ECLKSYNCA:  0 out of 4 (0%)
   Number of ECLKBRIDGECS:  0 out of 2 (0%)
   Notes:-
      1. Total number of LUT4s = (Number of logic LUT4s) + 2*(Number of distributed RAMs) + 2*(Number of ripple logic)
      2. Number of logic LUT4s does not include count of distributed RAM and ripple logic.
   Number of clocks:  57
     Net wb_clk: 1 loads, 1 rising, 0 falling (Driver: inst_osch )
     Net clk_50m: 1159 loads, 1159 rising, 0 falling (Driver: pll_inst/PLLInst_0 )
     Net un1_r_p12v_discharge_r9_33: 1 loads, 1 rising, 0 falling (Driver: pvt_gpi_4u_gpu_zt_inst/un1_r_p12v_discharge_r9_33 )
     Net un1_r_p12v_discharge_r9_47: 1 loads, 1 rising, 0 falling (Driver: pvt_gpi_4u_gpu_zt2_inst/un1_r_p12v_discharge_r9_47 )
     Net o_P0_PWR_BTN_R_N_c: 1 loads, 1 rising, 0 falling (Driver: bmc_ctl_pwrbtn_u0/o_P0_PWR_BTN_R_N )
     Net bmc_cpld_i2c_ram_u0/i2c_slave_bmc_u0/i2c_slave_basic0_u0/un2_w_rst_2: 2 loads, 2 rising, 0 falling (Driver: bmc_cpld_i2c_ram_u0/i2c_slave_bmc_u0/i2c_slave_basic0_u0/un2_w_rst_2 )
     Net bmc_cpld_i2c_ram_u0/i2c_slave_bmc_u0/i2c_slave_basic0_u0/un2_w_rst_1: 2 loads, 2 rising, 0 falling (Driver: bmc_cpld_i2c_ram_u0/i2c_slave_bmc_u0/i2c_slave_basic0_u0/un2_w_rst_1 )
     Net clk_25m: 350 loads, 350 rising, 0 falling (Driver: pll_inst/PLLInst_0 )
     Net bmc_cpld_i2c_ram_u0/i2c_slave_bmc_u0/w_i2c_command_1_i: 8 loads, 8 rising, 0 falling (Driver: bmc_cpld_i2c_ram_u0/i2c_slave_bmc_u0/w_i2c_command_1_0_a2_13_a2_14_a3 )
     Net un1_r_p12v_discharge_r9_40: 1 loads, 1 rising, 0 falling (Driver: pvt_gpi_4u_gpu_zt2_inst/un1_r_p12v_discharge_r9_40 )
     Net un1_r_p12v_discharge_r9_41: 1 loads, 1 rising, 0 falling (Driver: pvt_gpi_4u_gpu_zt2_inst/un1_r_p12v_discharge_r9_41 )
     Net un1_r_p12v_discharge_r9_42: 1 loads, 1 rising, 0 falling (Driver: pvt_gpi_4u_gpu_zt2_inst/un1_r_p12v_discharge_r9_42 )
     Net un1_r_p12v_discharge_r9_43: 1 loads, 1 rising, 0 falling (Driver: pvt_gpi_4u_gpu_zt2_inst/un1_r_p12v_discharge_r9_43 )
     Net un1_r_p12v_discharge_r9_44: 1 loads, 1 rising, 0 falling (Driver: pvt_gpi_4u_gpu_zt2_inst/un1_r_p12v_discharge_r9_44 )
     Net un1_r_p12v_discharge_r9_45: 1 loads, 1 rising, 0 falling (Driver: pvt_gpi_4u_gpu_zt2_inst/un1_r_p12v_discharge_r9_45 )
     Net un1_r_p12v_discharge_r9_46: 1 loads, 1 rising, 0 falling (Driver: pvt_gpi_4u_gpu_zt2_inst/un1_r_p12v_discharge_r9_46 )
     Net un1_r_p12v_discharge_r9_48: 1 loads, 1 rising, 0 falling (Driver: pvt_gpi_4u_gpu_zt2_inst/un1_r_p12v_discharge_r9_48 )
     Net un1_r_p12v_discharge_r9_49: 1 loads, 1 rising, 0 falling (Driver: pvt_gpi_4u_gpu_zt2_inst/un1_r_p12v_discharge_r9_49 )
     Net un1_r_p12v_discharge_r9_50: 1 loads, 1 rising, 0 falling (Driver: pvt_gpi_4u_gpu_zt2_inst/un1_r_p12v_discharge_r9_50 )
     Net un1_r_p12v_discharge_r9_51: 1 loads, 1 rising, 0 falling (Driver: pvt_gpi_4u_gpu_zt2_inst/un1_r_p12v_discharge_r9_51 )
     Net un1_r_p12v_discharge_r9_52: 1 loads, 1 rising, 0 falling (Driver: pvt_gpi_4u_gpu_zt2_inst/un1_r_p12v_discharge_r9_52 )
     Net un1_r_p12v_discharge_r9_53: 1 loads, 1 rising, 0 falling (Driver: pvt_gpi_4u_gpu_zt2_inst/un1_r_p12v_discharge_r9_53 )
     Net un1_r_p12v_discharge_r9_54: 1 loads, 1 rising, 0 falling (Driver: pvt_gpi_4u_gpu_zt2_inst/un1_r_p12v_discharge_r9_54 )
     Net un1_r_p12v_discharge_r9_55: 1 loads, 1 rising, 0 falling (Driver: pvt_gpi_4u_gpu_zt2_inst/un1_r_p12v_discharge_r9_55 )
     Net s2p_164_u1/un1_i_rst_7: 1 loads, 1 rising, 0 falling (Driver: s2p_164_u1/un1_i_rst_7 )
     Net s2p_164_u1/un1_i_rst_6: 1 loads, 1 rising, 0 falling (Driver: s2p_164_u1/un1_i_rst_6 )
     Net s2p_164_u1/un1_i_rst: 1 loads, 1 rising, 0 falling (Driver: s2p_164_u1/un1_i_rst )
     Net s2p_164_u1/un1_i_rst_3: 1 loads, 1 rising, 0 falling (Driver: s2p_164_u1/un1_i_rst_3 )
     Net s2p_164_u1/un1_i_rst_2: 1 loads, 1 rising, 0 falling (Driver: s2p_164_u1/un1_i_rst_2 )
     Net s2p_164_u1/un1_i_rst_5: 1 loads, 1 rising, 0 falling (Driver: s2p_164_u1/un1_i_rst_5 )
     Net s2p_164_u1/un1_i_rst_4: 1 loads, 1 rising, 0 falling (Driver: s2p_164_u1/un1_i_rst_4 )
     Net s2p_164_u1/un1_i_rst_1: 1 loads, 1 rising, 0 falling (Driver: s2p_164_u1/un1_i_rst_1 )
     Net t1us_tick: 2 loads, 1 rising, 1 falling (Driver: timer_gen_inst/t1us )
     Net s2p_164_u1.sclk: 4 loads, 4 rising, 0 falling (Driver: s2p_164_u1/sclk )
     Net w1mSCE: 17 loads, 17 rising, 0 falling (Driver: mClkDivTree/m1mSCE/rDivClk_q )
     Net un1_r_p12v_discharge_r9: 1 loads, 1 rising, 0 falling (Driver: pvt_gpi_4u_gpu_zt_inst/un1_r_p12v_discharge_r9 )
     Net un1_r_p12v_discharge_r9_24: 1 loads, 1 rising, 0 falling (Driver: pvt_gpi_4u_gpu_zt_inst/un1_r_p12v_discharge_r9_24 )
     Net un1_r_p12v_discharge_r9_25: 1 loads, 1 rising, 0 falling (Driver: pvt_gpi_4u_gpu_zt_inst/un1_r_p12v_discharge_r9_25 )
     Net un1_r_p12v_discharge_r9_26: 1 loads, 1 rising, 0 falling (Driver: pvt_gpi_4u_gpu_zt_inst/un1_r_p12v_discharge_r9_26 )
     Net un1_r_p12v_discharge_r9_27: 1 loads, 1 rising, 0 falling (Driver: pvt_gpi_4u_gpu_zt_inst/un1_r_p12v_discharge_r9_27 )
     Net un1_r_p12v_discharge_r9_28: 1 loads, 1 rising, 0 falling (Driver: pvt_gpi_4u_gpu_zt_inst/un1_r_p12v_discharge_r9_28 )
     Net un1_r_p12v_discharge_r9_29: 1 loads, 1 rising, 0 falling (Driver: pvt_gpi_4u_gpu_zt_inst/un1_r_p12v_discharge_r9_29 )
     Net un1_r_p12v_discharge_r9_30: 1 loads, 1 rising, 0 falling (Driver: pvt_gpi_4u_gpu_zt_inst/un1_r_p12v_discharge_r9_30 )
     Net un1_r_p12v_discharge_r9_31: 1 loads, 1 rising, 0 falling (Driver: pvt_gpi_4u_gpu_zt_inst/un1_r_p12v_discharge_r9_31 )
     Net un1_r_p12v_discharge_r9_32: 1 loads, 1 rising, 0 falling (Driver: pvt_gpi_4u_gpu_zt_inst/un1_r_p12v_discharge_r9_32 )
     Net un1_r_p12v_discharge_r9_34: 1 loads, 1 rising, 0 falling (Driver: pvt_gpi_4u_gpu_zt_inst/un1_r_p12v_discharge_r9_34 )
     Net un1_r_p12v_discharge_r9_35: 1 loads, 1 rising, 0 falling (Driver: pvt_gpi_4u_gpu_zt_inst/un1_r_p12v_discharge_r9_35 )
     Net un1_r_p12v_discharge_r9_36: 1 loads, 1 rising, 0 falling (Driver: pvt_gpi_4u_gpu_zt_inst/un1_r_p12v_discharge_r9_36 )
     Net un1_r_p12v_discharge_r9_37: 1 loads, 1 rising, 0 falling (Driver: pvt_gpi_4u_gpu_zt_inst/un1_r_p12v_discharge_r9_37 )
     Net un1_r_p12v_discharge_r9_38: 1 loads, 1 rising, 0 falling (Driver: pvt_gpi_4u_gpu_zt_inst/un1_r_p12v_discharge_r9_38 )
     Net bios_cpld_i2c_ram_u0/i2c_slave_bmc_u0/w_i2c_command_1_i: 8 loads, 8 rising, 0 falling (Driver: bios_cpld_i2c_ram_u0/i2c_slave_bmc_u0/w_i2c_command_1_0_a2 )
     Net bios_cpld_i2c_ram_u0/i2c_slave_bmc_u0/i2c_slave_basic0_u0/un2_w_rst_1_0: 2 loads, 2 rising, 0 falling (Driver: bios_cpld_i2c_ram_u0/i2c_slave_bmc_u0/i2c_slave_basic0_u0/un2_w_rst_1 )
     Net bios_cpld_i2c_ram_u0/i2c_slave_bmc_u0/i2c_slave_basic0_u0/un2_w_rst_2_0: 2 loads, 2 rising, 0 falling (Driver: bios_cpld_i2c_ram_u0/i2c_slave_bmc_u0/i2c_slave_basic0_u0/un2_w_rst_2 )
     Net i_CPLD_ESPI_CLK_c: 115 loads, 103 rising, 12 falling (Driver: PIO i_CPLD_ESPI_CLK )
     Net pwrseq_master_inst/N_454_buf_i: 1 loads, 1 rising, 0 falling (Driver: pwrseq_master_inst/assert_button_clr_i_o2_RNI4CMB9 )
     Net inst_i2c_update_flash_config/i2c1_scli: 1 loads, 1 rising, 0 falling (Driver: PIO io_I2C7_UPDATE_SCL )
     Net i_CLK_25M_CPLD_c: 1 loads, 1 rising, 0 falling (Driver: PIO i_CLK_25M_CPLD )
   Number of Clock Enables:  536
     Net cmu_to_mb_data_filter4: 1 loads, 1 LSLICEs
     Net un1_timer_cnt42_i_0: 1 loads, 0 LSLICEs
     Net un1_w_u3_nc7_sw2: 2 loads, 2 LSLICEs
     Net bmc_ctl_pwrbtn_u0/w_pwrbtn_neg: 1 loads, 1 LSLICEs
     Net bmc_ctl_pwrbtn_u0/N_24_i: 1 loads, 1 LSLICEs
     Net bmc_ctl_pwrbtn_u0/un1_r_sbtn_sysrst_evt8: 1 loads, 1 LSLICEs
     Net bmc_ctl_pwrbtn_u0/un1_r_sbtn_pwron_evt8: 1 loads, 1 LSLICEs
     Net bmc_ctl_pwrbtn_u0/r_sbtn_pwron_cnte: 4 loads, 4 LSLICEs
     Net bmc_ctl_pwrbtn_u0/r_sbtn_pwrdown_cnte: 4 loads, 4 LSLICEs
     Net bmc_ctl_pwrbtn_u0/r_pwrbtn_countere: 6 loads, 6 LSLICEs
     Net bmc_ctl_pwrbtn_u0/un1_r_lbtn_pwrdown_evt8: 1 loads, 1 LSLICEs
     Net bmc_ctl_pwrbtn_u0/r_lbtn_pwrdown_cnte: 5 loads, 5 LSLICEs
     Net bmc_ctl_pwrbtn_u0/un1_r_sbtn_pwron_cnt12: 1 loads, 1 LSLICEs
     Net bmc_ctl_pwrbtn_u0/un1_r_sbtn_pwrdown_cnt13: 1 loads, 1 LSLICEs
     Net bmc_ctl_pwrbtn_u0/un1_r_lbtn_pwrdown_cnt12: 1 loads, 1 LSLICEs
     Net bmc_ctl_pwrbtn_u0/un1_r_4s_flag12_i_0: 1 loads, 1 LSLICEs
     Net w20mSCE: 4 loads, 4 LSLICEs
     Net bmc_cpld_i2c_ram_u0/r_reg_10545: 4 loads, 4 LSLICEs
     Net bmc_cpld_i2c_ram_u0/r_reg_10505: 4 loads, 4 LSLICEs
     Net bmc_cpld_i2c_ram_u0/i2c_slave_bmc_u0/i2c_slave_basic0_u0/r_I2C_RW_1_sqmuxa: 1 loads, 1 LSLICEs
     Net bmc_cpld_i2c_ram_u0/r_reg_00a05: 4 loads, 4 LSLICEs
     Net bmc_cpld_i2c_ram_u0/r_reg_00064: 4 loads, 4 LSLICEs
     Net bmc_cpld_i2c_ram_u0/r_reg_01305: 4 loads, 4 LSLICEs
     Net bmc_cpld_i2c_ram_u0/r_reg_01055: 4 loads, 4 LSLICEs
     Net bmc_cpld_i2c_ram_u0/r_reg_008a5: 4 loads, 4 LSLICEs
     Net bmc_cpld_i2c_ram_u0/r_reg_00735: 4 loads, 4 LSLICEs
     Net bmc_cpld_i2c_ram_u0/r_reg_008c5: 4 loads, 4 LSLICEs
     Net bmc_cpld_i2c_ram_u0/r_reg_00785: 4 loads, 4 LSLICEs
     Net bmc_cpld_i2c_ram_u0/N_820_i: 2 loads, 2 LSLICEs
     Net bmc_cpld_i2c_ram_u0/r_reg_00745: 4 loads, 4 LSLICEs
     Net bmc_cpld_i2c_ram_u0/r_reg_00524: 4 loads, 4 LSLICEs
     Net bmc_cpld_i2c_ram_u0/r_reg_00765: 4 loads, 4 LSLICEs
     Net bmc_cpld_i2c_ram_u0/r_reg_00774: 4 loads, 4 LSLICEs
     Net bmc_cpld_i2c_ram_u0/i2c_slave_bmc_u0/i2c_slave_basic0_u0/N_833_i: 4 loads, 4 LSLICEs
     Net bmc_cpld_i2c_ram_u0/N_822_i: 3 loads, 3 LSLICEs
     Net bmc_cpld_i2c_ram_u0/i2c_slave_bmc_u0/i2c_slave_basic0_u0/r_timeout_cnte: 4 loads, 4 LSLICEs
     Net bmc_cpld_i2c_ram_u0/i2c_slave_bmc_u0/i2c_slave_basic0_u0/r_glitchlessSignal_sda_d_1_sqmuxa_i: 1 loads, 1 LSLICEs
     Net bmc_cpld_i2c_ram_u0/i2c_slave_bmc_u0/i2c_slave_basic0_u0/r_glitchlessSignal_scl_d_1_sqmuxa_i: 1 loads, 1 LSLICEs
     Net bmc_cpld_i2c_ram_u0/i2c_slave_bmc_u0/i2c_slave_basic0_u0/r_data_in_lock: 4 loads, 4 LSLICEs
     Net bmc_cpld_i2c_ram_u0/i2c_slave_bmc_u0/i2c_slave_basic0_u0/un2_w_rst_4_i: 4 loads, 4 LSLICEs
     Net bmc_cpld_i2c_ram_u0/i2c_slave_bmc_u0/i2c_slave_basic0_u0/o_data_outce[0]: 1 loads, 1 LSLICEs
     Net bmc_cpld_i2c_ram_u0/i2c_slave_bmc_u0/i2c_slave_basic0_u0/N_203_i: 4 loads, 4 LSLICEs
     Net bmc_cpld_i2c_ram_u0/i2c_slave_bmc_u0/i2c_slave_basic0_u0/N_250_i: 4 loads, 4 LSLICEs
     Net bmc_cpld_i2c_ram_u0/un1_i_bmc_power_soft_done_2_i_0_0: 4 loads, 4 LSLICEs
     Net bmc_cpld_i2c_ram_u0/r_reg_00134: 4 loads, 4 LSLICEs
     Net bmc_cpld_i2c_ram_u0/r_reg_02c05: 4 loads, 4 LSLICEs
     Net bmc_cpld_i2c_ram_u0/r_reg_006c5: 4 loads, 4 LSLICEs
     Net pon_reset_n: 5 loads, 5 LSLICEs
     Net bmc_cpld_i2c_ram_u0/r_reg_00d15: 4 loads, 4 LSLICEs
     Net bmc_cpld_i2c_ram_u0.r_reg_00345: 5 loads, 4 LSLICEs
     Net bmc_cpld_i2c_ram_u0/r_reg_020d5: 1 loads, 1 LSLICEs
     Net bmc_cpld_i2c_ram_u0/un1_r_reg_03a019_0_0: 2 loads, 2 LSLICEs
     Net bmc_cpld_i2c_ram_u0/un1_i_st_aux_fail_recovery_0_0_0: 3 loads, 3 LSLICEs
     Net bmc_cpld_i2c_ram_u0/r_reg_10535: 4 loads, 4 LSLICEs
     Net bmc_cpld_i2c_ram_u0/r_reg_10525: 4 loads, 4 LSLICEs
     Net bmc_cpld_i2c_ram_u0/r_reg_10515: 4 loads, 4 LSLICEs
     Net bmc_cpld_i2c_ram_u0/i2c_slave_bmc_u0/r_write_byte_cnte: 9 loads, 9 LSLICEs
     Net bmc_cpld_i2c_ram_u0/i2c_slave_bmc_u0/w_data_vld_pos: 9 loads, 9 LSLICEs
     Net bmc_cpld_i2c_ram_u0/i2c_slave_bmc_u0/r_i2c_command_tempce_0[0]: 4 loads, 4 LSLICEs
     Net bmc_cpld_i2c_ram_u0/i2c_slave_bmc_u0/r_i2c_command_tempce_0[8]: 4 loads, 4 LSLICEs
     Net pvt_gpi_4u_gpu_zt2_inst/par_datace_0[3]: 1 loads, 1 LSLICEs
     Net pvt_gpi_4u_gpu_zt2_inst/par_datace_0[16]: 1 loads, 1 LSLICEs
     Net pvt_gpi_4u_gpu_zt2_inst/par_datace_0[17]: 1 loads, 1 LSLICEs
     Net pvt_gpi_4u_gpu_zt2_inst/par_datace_0[18]: 1 loads, 1 LSLICEs
     Net pvt_gpi_4u_gpu_zt2_inst/par_datace_0[19]: 1 loads, 1 LSLICEs
     Net pvt_gpi_4u_gpu_zt2_inst/par_datace_0[20]: 1 loads, 1 LSLICEs
     Net pvt_gpi_4u_gpu_zt2_inst/par_datace_0[21]: 1 loads, 1 LSLICEs
     Net pvt_gpi_4u_gpu_zt2_inst/par_datace_1[22]: 1 loads, 1 LSLICEs
     Net pvt_gpi_4u_gpu_zt2_inst/par_datace_0[23]: 1 loads, 1 LSLICEs
     Net pvt_gpi_4u_gpu_zt2_inst/par_datace_0[33]: 1 loads, 1 LSLICEs
     Net pvt_gpi_4u_gpu_zt2_inst/par_datace_0[34]: 1 loads, 1 LSLICEs
     Net pvt_gpi_4u_gpu_zt2_inst/par_datace_0[35]: 1 loads, 1 LSLICEs
     Net pvt_gpi_4u_gpu_zt2_inst/par_datace_0[36]: 1 loads, 1 LSLICEs
     Net pvt_gpi_4u_gpu_zt2_inst/par_datace_1[37]: 1 loads, 1 LSLICEs
     Net pvt_gpi_4u_gpu_zt2_inst/par_datace_0[39]: 1 loads, 1 LSLICEs
     Net pvt_gpi_4u_gpu_zt2_inst/par_datace_0[40]: 1 loads, 1 LSLICEs
     Net pvt_gpi_4u_gpu_zt2_inst/bit_idx_oute: 4 loads, 4 LSLICEs
     Net par_datace_0[42]: 1 loads, 0 LSLICEs
     Net t1us_tick: 35 loads, 35 LSLICEs
     Net w1mSCE: 2 loads, 2 LSLICEs
     Net s2p_164_u1/data_out_cnt[3]: 1 loads, 0 LSLICEs
     Net par_datace[1]: 1 loads, 0 LSLICEs
     Net pvt_gpi_4u_gpu_zt_inst/par_datace[3]: 1 loads, 1 LSLICEs
     Net pvt_gpi_4u_gpu_zt_inst/par_datace[16]: 1 loads, 1 LSLICEs
     Net pvt_gpi_4u_gpu_zt_inst/par_datace[17]: 1 loads, 1 LSLICEs
     Net pvt_gpi_4u_gpu_zt_inst/par_datace[18]: 1 loads, 1 LSLICEs
     Net pvt_gpi_4u_gpu_zt_inst/par_datace[19]: 1 loads, 1 LSLICEs
     Net pvt_gpi_4u_gpu_zt_inst/par_datace[20]: 1 loads, 1 LSLICEs
     Net pvt_gpi_4u_gpu_zt_inst/par_datace[21]: 1 loads, 1 LSLICEs
     Net pvt_gpi_4u_gpu_zt_inst/par_datace_0[22]: 1 loads, 1 LSLICEs
     Net pvt_gpi_4u_gpu_zt_inst/par_datace[23]: 1 loads, 1 LSLICEs
     Net pvt_gpi_4u_gpu_zt_inst/par_datace[33]: 1 loads, 1 LSLICEs
     Net pvt_gpi_4u_gpu_zt_inst/par_datace[34]: 1 loads, 1 LSLICEs
     Net pvt_gpi_4u_gpu_zt_inst/par_datace[35]: 1 loads, 1 LSLICEs
     Net pvt_gpi_4u_gpu_zt_inst/par_datace[36]: 1 loads, 1 LSLICEs
     Net pvt_gpi_4u_gpu_zt_inst/par_datace_0[37]: 1 loads, 1 LSLICEs
     Net pvt_gpi_4u_gpu_zt_inst/par_datace[39]: 1 loads, 1 LSLICEs
     Net pvt_gpi_4u_gpu_zt_inst/par_datace[40]: 1 loads, 1 LSLICEs
     Net pvt_gpi_4u_gpu_zt_inst/bit_idx_oute: 4 loads, 4 LSLICEs
     Net par_datace[42]: 1 loads, 0 LSLICEs
     Net edge_delay_dc_pwr_on_1s5/un1_timer_cnt86_i: 1 loads, 1 LSLICEs
     Net edge_delay_dc_pwr_on_2s/un1_timer_cnt86_i: 1 loads, 1 LSLICEs
     Net nmi_ctl_int/clr_nmi_delay_inst/un1_timer_cnt18_i: 1 loads, 1 LSLICEs
     Net nmi_ctl_int/un1_i_clr_nmi_flg: 1 loads, 1 LSLICEs
     Net clear_cmos_int/clr_cmos_delay_inst/un1_timer_cnt18_i_0: 1 loads, 1 LSLICEs
     Net un1_w_bmc_ready_pos: 1 loads, 1 LSLICEs
     Net clear_cmos_int/un1_i_clr_cmos_flg: 1 loads, 1 LSLICEs
     Net edge_delay_slot_2_on_dly_10ms/timer_cnte: 4 loads, 4 LSLICEs
     Net edge_delay_slot_2_on_dly_10ms/un1_timer_cnt64_i: 1 loads, 1 LSLICEs
     Net edge_delay_slot_1_on_dly_10ms/timer_cnte: 4 loads, 4 LSLICEs
     Net edge_delay_slot_1_on_dly_10ms/un1_timer_cnt64_i: 1 loads, 1 LSLICEs
     Net edge_delay_slot_0_on_dly_10ms/timer_cnte: 4 loads, 4 LSLICEs
     Net edge_delay_slot_0_on_dly_10ms/un1_timer_cnt64_i: 1 loads, 1 LSLICEs
     Net bios_cpld_i2c_ram_u0/i2c_slave_bmc_u0/i2c_slave_basic0_u0/o_data_out_RNO[7]: 1 loads, 1 LSLICEs
     Net bios_cpld_i2c_ram_u0/i2c_slave_bmc_u0/i2c_slave_basic0_u0/o_data_out_RNO[6]: 1 loads, 1 LSLICEs
     Net bios_cpld_i2c_ram_u0/i2c_slave_bmc_u0/i2c_slave_basic0_u0/o_data_out_RNO[5]: 1 loads, 1 LSLICEs
     Net bios_cpld_i2c_ram_u0/i2c_slave_bmc_u0/i2c_slave_basic0_u0/o_data_out_RNO[4]: 1 loads, 1 LSLICEs
     Net bios_cpld_i2c_ram_u0/i2c_slave_bmc_u0/i2c_slave_basic0_u0/o_data_out_RNO[3]: 1 loads, 1 LSLICEs
     Net bios_cpld_i2c_ram_u0/i2c_slave_bmc_u0/i2c_slave_basic0_u0/o_data_out_RNO[2]: 1 loads, 1 LSLICEs
     Net bios_cpld_i2c_ram_u0/i2c_slave_bmc_u0/i2c_slave_basic0_u0/o_data_out_RNO[1]: 1 loads, 1 LSLICEs
     Net bios_cpld_i2c_ram_u0/i2c_slave_bmc_u0/i2c_slave_basic0_u0/o_data_out_RNO[0]: 1 loads, 1 LSLICEs
     Net bios_cpld_i2c_ram_u0/i2c_slave_bmc_u0/i2c_slave_basic0_u0/r_I2C_RW_1_sqmuxa: 1 loads, 1 LSLICEs
     Net bios_cpld_i2c_ram_u0/i2c_slave_bmc_u0/i2c_slave_basic0_u0/r_I2c_address_RNO[6]: 1 loads, 1 LSLICEs
     Net bios_cpld_i2c_ram_u0/i2c_slave_bmc_u0/i2c_slave_basic0_u0/r_I2c_address_RNO[5]: 1 loads, 1 LSLICEs
     Net bios_cpld_i2c_ram_u0/i2c_slave_bmc_u0/i2c_slave_basic0_u0/r_I2c_address_RNO[4]: 1 loads, 1 LSLICEs
     Net bios_cpld_i2c_ram_u0/i2c_slave_bmc_u0/i2c_slave_basic0_u0/r_I2c_address_RNO[3]: 1 loads, 1 LSLICEs
     Net bios_cpld_i2c_ram_u0/i2c_slave_bmc_u0/i2c_slave_basic0_u0/r_I2c_address_RNO[2]: 1 loads, 1 LSLICEs
     Net bios_cpld_i2c_ram_u0/i2c_slave_bmc_u0/i2c_slave_basic0_u0/r_I2c_address_RNO[1]: 1 loads, 1 LSLICEs
     Net bios_cpld_i2c_ram_u0/i2c_slave_bmc_u0/i2c_slave_basic0_u0/r_I2c_address_RNO[0]: 1 loads, 1 LSLICEs
     Net bios_cpld_i2c_ram_u0/i2c_slave_bmc_u0/i2c_slave_basic0_u0/N_211_i: 4 loads, 4 LSLICEs
     Net bios_cpld_i2c_ram_u0/i2c_slave_bmc_u0/i2c_slave_basic0_u0/r_timeout_cnte: 4 loads, 4 LSLICEs
     Net bios_cpld_i2c_ram_u0/i2c_slave_bmc_u0/i2c_slave_basic0_u0/r_glitchlessSignal_sda_d_1_sqmuxa_i: 1 loads, 1 LSLICEs
     Net bios_cpld_i2c_ram_u0/i2c_slave_bmc_u0/i2c_slave_basic0_u0/r_glitchlessSignal_scl_d_1_sqmuxa_i: 1 loads, 1 LSLICEs
     Net bios_cpld_i2c_ram_u0/i2c_slave_bmc_u0/i2c_slave_basic0_u0/r_data_in_lock: 4 loads, 4 LSLICEs
     Net bios_cpld_i2c_ram_u0/i2c_slave_bmc_u0/i2c_slave_basic0_u0/N_250_i: 5 loads, 5 LSLICEs
     Net bios_cpld_i2c_ram_u0/i2c_slave_bmc_u0/r_write_byte_cnte: 9 loads, 9 LSLICEs
     Net bios_cpld_i2c_ram_u0/i2c_slave_bmc_u0/w_data_vld_pos: 9 loads, 9 LSLICEs
     Net bios_cpld_i2c_ram_u0/i2c_slave_bmc_u0/r_i2c_command_tempce[0]: 4 loads, 4 LSLICEs
     Net bios_cpld_i2c_ram_u0/i2c_slave_bmc_u0/r_i2c_command_tempce[8]: 4 loads, 4 LSLICEs
     Net bios_cpld_i2c_ram_u0/r_reg_10065: 1 loads, 1 LSLICEs
     Net pch_cpld_espi_ram_u1/r_reg_10064: 4 loads, 4 LSLICEs
     Net bios_espi_link/data_trans_en_0_sqmuxa: 2 loads, 2 LSLICEs
     Net bios_espi_link/trans_cnt4_1_sqmuxa_1: 1 loads, 1 LSLICEs
     Net bios_espi_link/sts_trans_en_1_sqmuxa: 1 loads, 1 LSLICEs
     Net bios_espi_link/trans_cnt6e: 3 loads, 3 LSLICEs
     Net bios_espi_link/addr_trans_en_1_sqmuxa: 1 loads, 1 LSLICEs
     Net bios_espi_link/tar_trans_en9: 1 loads, 1 LSLICEs
     Net bios_espi_link/trans_cnt5_1_sqmuxa_1: 1 loads, 1 LSLICEs
     Net bios_espi_link/un1_state_save14_2_i: 4 loads, 4 LSLICEs
     Net bios_espi_link/N_514_i: 1 loads, 1 LSLICEs
     Net bios_espi_link/N_518_i: 1 loads, 1 LSLICEs
     Net bios_espi_link/N_519_i: 1 loads, 1 LSLICEs
     Net bios_espi_link/N_522_i: 1 loads, 1 LSLICEs
     Net bios_espi_link/N_523_i: 1 loads, 1 LSLICEs
     Net bios_espi_link/pch_smbus_wdata_en_1_sqmuxa: 4 loads, 4 LSLICEs
     Net bios_espi_link/un1_pch_smbus_wdata_en_1_sqmuxa: 1 loads, 1 LSLICEs
     Net bios_espi_link/pch_addrce[0]: 4 loads, 4 LSLICEs
     Net bios_espi_link/pch_addrce[8]: 4 loads, 4 LSLICEs
     Net bios_espi_link/N_521_i: 4 loads, 4 LSLICEs
     Net bios_espi_link/un1_state_save14_i: 4 loads, 4 LSLICEs
     Net bios_espi_link/N_354_i: 7 loads, 7 LSLICEs
     Net bios_espi_link/un1_state_save14_1_i: 17 loads, 17 LSLICEs
     Net bios_espi_link/N_525_i: 1 loads, 1 LSLICEs
     Net bios_espi_link/N_515_i: 2 loads, 2 LSLICEs
     Net bios_espi_link/N_520_i: 1 loads, 1 LSLICEs
     Net bios_espi_link/N_524_i: 2 loads, 2 LSLICEs
     Net uart_master_u2/reg_par_data_out_RNO_0[0]: 1 loads, 1 LSLICEs
     Net uart_master_u2/reg_par_data_out_RNO_0[2]: 1 loads, 1 LSLICEs
     Net uart_master_u2/N_97_i: 1 loads, 1 LSLICEs
     Net uart_master_u2/un8_i_a2[2]: 1 loads, 1 LSLICEs
     Net uart_master_u2/reg_par_data_outce_0[1]: 1 loads, 1 LSLICEs
     Net uart_master_u2/reg_par_data_outce_0[3]: 1 loads, 1 LSLICEs
     Net uart_master_u2/reg_par_data_outce_0[4]: 1 loads, 1 LSLICEs
     Net uart_master_u2/reg_par_data_outce_0[5]: 1 loads, 1 LSLICEs
     Net uart_master_u2/reg_par_data_outce_0[6]: 1 loads, 1 LSLICEs
     Net uart_master_u2/reg_par_data_outce_0[7]: 1 loads, 1 LSLICEs
     Net uart_master_u2/reg_par_data_outce_0[8]: 1 loads, 1 LSLICEs
     Net uart_master_u2/reg_par_data_outce_0[9]: 1 loads, 1 LSLICEs
     Net uart_master_u2/reg_par_data_outce_0[10]: 1 loads, 1 LSLICEs
     Net uart_master_u2/reg_par_data_outce_0[19]: 1 loads, 1 LSLICEs
     Net uart_master_u2/reg_par_data_outce[20]: 1 loads, 1 LSLICEs
     Net uart_master_u2/error_flag_0_sqmuxa: 4 loads, 4 LSLICEs
     Net uart_master_u2/data_counte: 3 loads, 3 LSLICEs
     Net uart_master_u2/bps_count_bite: 4 loads, 4 LSLICEs
     Net t16us_tick: 4 loads, 4 LSLICEs
     Net reg_par_data_outce_0[21]: 1 loads, 0 LSLICEs
     Net uart_master_u1/reg_par_data_out_RNO[0]: 1 loads, 1 LSLICEs
     Net uart_master_u1/reg_par_data_out_RNO[2]: 1 loads, 1 LSLICEs
     Net uart_master_u1/reg_par_data_out_RNO[20]: 1 loads, 1 LSLICEs
     Net uart_master_u1/N_855_i: 1 loads, 1 LSLICEs
     Net uart_master_u1/reg_par_data_outce[1]: 1 loads, 1 LSLICEs
     Net uart_master_u1/reg_par_data_outce[3]: 1 loads, 1 LSLICEs
     Net uart_master_u1/reg_par_data_outce[4]: 1 loads, 1 LSLICEs
     Net uart_master_u1/reg_par_data_outce[5]: 1 loads, 1 LSLICEs
     Net uart_master_u1/reg_par_data_outce[6]: 1 loads, 1 LSLICEs
     Net uart_master_u1/reg_par_data_outce[7]: 1 loads, 1 LSLICEs
     Net uart_master_u1/reg_par_data_outce[8]: 1 loads, 1 LSLICEs
     Net uart_master_u1/reg_par_data_outce[9]: 1 loads, 1 LSLICEs
     Net uart_master_u1/reg_par_data_outce[10]: 1 loads, 1 LSLICEs
     Net uart_master_u1/reg_par_data_outce[19]: 1 loads, 1 LSLICEs
     Net uart_master_u1/N_97_i_0: 1 loads, 1 LSLICEs
     Net uart_master_u1/error_flag_0_sqmuxa: 4 loads, 4 LSLICEs
     Net uart_master_u1/data_counte: 3 loads, 3 LSLICEs
     Net uart_master_u1/bps_count_bite: 4 loads, 4 LSLICEs
     Net reg_par_data_outce[21]: 1 loads, 0 LSLICEs
     Net p1v0_stby_m2_fault_detect_inst/un1_fault_clear: 1 loads, 1 LSLICEs
     Net p1v0_stby_m2_check_inst/un1_timer_cnt18_i: 1 loads, 1 LSLICEs
     Net pwrseq_slave_inst/p3v3_stby_fault_detect_inst/un1_fault_clear: 1 loads, 1 LSLICEs
     Net pwrseq_slave_inst/grp_d_p1_vddcore1_fault_detect_inst/un1_fault_clear: 1 loads, 1 LSLICEs
     Net pwrseq_slave_inst/grp_d_p1_vddcore1_en_check_inst/un1_timer_cnt18_i_0_7: 1 loads, 1 LSLICEs
     Net pwrseq_slave_inst/grp_d_p0_vddcore1_fault_detect_inst/un1_fault_clear: 1 loads, 1 LSLICEs
     Net pwrseq_slave_inst/grp_d_p0_vddcore1_en_check_inst/un1_timer_cnt18_i_0_6: 1 loads, 1 LSLICEs
     Net pwrseq_slave_inst/grp_d_p1_vddcore0_fault_detect_inst/un1_fault_clear: 1 loads, 1 LSLICEs
     Net pwrseq_slave_inst/grp_d_p1_vddcore0_en_check_inst/un1_timer_cnt18_i_0_5: 1 loads, 1 LSLICEs
     Net pwrseq_slave_inst/grp_d_p0_vddcore0_fault_detect_inst/un1_fault_clear: 1 loads, 1 LSLICEs
     Net pwrseq_slave_inst/grp_d_p0_vddcore0_en_check_inst/un1_timer_cnt18_i: 1 loads, 1 LSLICEs
     Net pwrseq_slave_inst/grp_d_soc_p1_fault_detect_inst/un1_fault_clear: 1 loads, 1 LSLICEs
     Net pwrseq_slave_inst/grp_d_p1_soc_en_check_inst/un1_timer_cnt18_i: 1 loads, 1 LSLICEs
     Net pwrseq_slave_inst/grp_d_soc_p0_fault_detect_inst/un1_fault_clear: 1 loads, 1 LSLICEs
     Net pwrseq_slave_inst/grp_d_p0_soc_en_check_inst/un1_timer_cnt18_i: 1 loads, 1 LSLICEs
     Net pwrseq_slave_inst/grp_d_vddio_p1_fault_detect_inst/un1_fault_clear: 1 loads, 1 LSLICEs
     Net pwrseq_slave_inst/grp_d_p1_vddio_en_check_inst/un1_timer_cnt18_i: 1 loads, 1 LSLICEs
     Net pwrseq_slave_inst/grp_d_vddio_p0_fault_detect_inst/N_1427_i: 1 loads, 1 LSLICEs
     Net pwrseq_slave_inst/grp_d_p0_vddio_en_check_inst/un1_timer_cnt18_i: 1 loads, 1 LSLICEs
     Net pwrseq_slave_inst/grp_c_p1_fault_detect_inst/N_1443_i: 1 loads, 1 LSLICEs
     Net pwrseq_slave_inst/grp_c_p1_vdd11_en_check_inst/un1_timer_cnt18_i: 1 loads, 1 LSLICEs
     Net pwrseq_slave_inst/grp_c_p0_fault_detect_inst/un1_fault_clear: 1 loads, 1 LSLICEs
     Net pwrseq_slave_inst/grp_c_p0_vdd11_en_check_inst/un1_timer_cnt18_i: 1 loads, 1 LSLICEs
     Net pwrseq_slave_inst/grp_b_p1_33_s5_fault_detect_inst/un1_fault_clear: 1 loads, 1 LSLICEs
     Net pwrseq_slave_inst/grp_b_p1_33_s5_en_check_inst/un1_timer_cnt18_i_0_4: 1 loads, 1 LSLICEs
     Net pwrseq_slave_inst/grp_b_p0_33_s5_fault_detect_inst/un1_fault_clear: 1 loads, 1 LSLICEs
     Net pwrseq_slave_inst/grp_b_p0_33_s5_en_check_inst/un1_timer_cnt18_i: 1 loads, 1 LSLICEs
     Net pwrseq_slave_inst/grp_b_p1_18_s5_fault_detect_inst/un1_fault_clear: 1 loads, 1 LSLICEs
     Net pwrseq_slave_inst/grp_b_p1_18_s5_en_check_inst/un1_timer_cnt18_i_0_3: 1 loads, 1 LSLICEs
     Net pwrseq_slave_inst/grp_b_p0_18_s5_fault_detect_inst/un1_fault_clear: 1 loads, 1 LSLICEs
     Net pwrseq_slave_inst/grp_b_p0_18_s5_en_check_inst/un1_timer_cnt18_i_0_2: 1 loads, 1 LSLICEs
     Net pwrseq_slave_inst/p5v_fault_detect_inst/un1_fault_clear: 1 loads, 1 LSLICEs
     Net pwrseq_slave_inst/p5v_en_check_inst/un1_timer_cnt18_i_0_1: 1 loads, 1 LSLICEs
     Net pwrseq_slave_inst/p5v_stby_fault_detect_inst/un1_fault_clear: 1 loads, 1 LSLICEs
     Net pwrseq_slave_inst/p5v_stby_en_check_inst/un1_timer_cnt18_i_0_0: 1 loads, 1 LSLICEs
     Net pwrseq_slave_inst/un1_reset_i: 1 loads, 1 LSLICEs
     Net pwrseq_slave_inst/un1_reset_1_i: 1 loads, 1 LSLICEs
     Net pwrseq_slave_inst/un1_fault_save_en9_i: 3 loads, 3 LSLICEs
     Net pwrseq_slave_inst/un1_fault_save_en8_1: 1 loads, 1 LSLICEs
     Net pwrseq_master_inst/sb_pch_slp4_delay_inst/un1_timer_cnt18_i: 1 loads, 1 LSLICEs
     Net pwrseq_master_inst/rt_failure_detected_RNO: 1 loads, 1 LSLICEs
     Net pwrseq_master_inst/un1_N_5_0_i: 1 loads, 1 LSLICEs
     Net pwrseq_master_inst/un1_N_5_2_i: 1 loads, 1 LSLICEs
     Net pwrseq_master_inst/un1_N_5_3_i: 1 loads, 1 LSLICEs
     Net pwrseq_master_inst/wdt_countere: 6 loads, 6 LSLICEs
     Net pwrseq_master_inst/N_325_i: 1 loads, 1 LSLICEs
     Net pwrseq_master_inst/statece[23]: 4 loads, 4 LSLICEs
     Net pwrseq_master_inst/un1_ready_for_recov8_1: 1 loads, 1 LSLICEs
     Net pwrseq_master_inst/N_38: 1 loads, 1 LSLICEs
     Net pwrseq_master_inst/N_336_i: 1 loads, 1 LSLICEs
     Net pwrseq_master_inst/un1_pf_on_wait_complete8_0: 1 loads, 1 LSLICEs
     Net pwrseq_master_inst/un1_N_5_1_i: 1 loads, 1 LSLICEs
     Net pwrseq_master_inst/un1_wdt_counter9_5_i_0: 1 loads, 1 LSLICEs
     Net pwrseq_master_inst/dispg_watchdog_timeout_RNO: 1 loads, 1 LSLICEs
     Net pwrseq_master_inst/un1_assert_button_clr_2_i: 1 loads, 1 LSLICEs
     Net pwrseq_master_inst/un1_st_halt_power_cycle_1: 1 loads, 1 LSLICEs
     Net Signal_Latch_THERMTRIP1/un1_rAlert8_0: 1 loads, 1 LSLICEs
     Net Signal_Latch_THERMTRIP0/un1_rAlert8: 1 loads, 1 LSLICEs
     Net thermtrip_int/_CPU_THERMTRIP_DETECT_BLOCK_[1].inst_cpu_thermtrip_fault_det/un1_fault_clear: 1 loads, 1 LSLICEs
     Net thermtrip_int/_CPU_THERMTRIP_DETECT_BLOCK_[0].inst_cpu_thermtrip_fault_det/un1_fault_clear: 1 loads, 1 LSLICEs
     Net thermtrip_int/_CPU_THERMTRIP_DETECT_BLOCK_[0].inst_cpu_thermtrip_fault_det/un1_vrm_chklive_en: 1 loads, 1 LSLICEs
     Net edge_delay_inst_cpupwrok/un1_timer_cnt18_i: 1 loads, 1 LSLICEs
     Net system_rst_u0/lowpass_filter_U0/un1_r_data_out22: 1 loads, 1 LSLICEs
     Net system_rst_u0/un1_r_bmc_ctl_sys_rst_cnt12: 1 loads, 1 LSLICEs
     Net system_rst_u0/r_bmc_ctl_sys_rst_cnte: 4 loads, 4 LSLICEs
     Net Pwr_But_Ctrl_U0/PwrBtn_Filter/un1_r_data_out8: 1 loads, 1 LSLICEs
     Net inst_mcpld_to_cmucpld_p2s/cnte: 4 loads, 4 LSLICEs
     Net inst_cmucpld_to_mcpld_s2p/sclk_1_sqmuxa: 1 loads, 1 LSLICEs
     Net inst_cmucpld_to_mcpld_s2p/un12_sclk_pp: 3 loads, 3 LSLICEs
     Net inst_cmucpld_to_mcpld_s2p/po_rce_0[0]: 1 loads, 1 LSLICEs
     Net inst_cmucpld_to_mcpld_s2p/po14: 5 loads, 5 LSLICEs
     Net inst_cmucpld_to_mcpld_s2p/po_rce_0[2]: 1 loads, 1 LSLICEs
     Net inst_cmucpld_to_mcpld_s2p/po_rce_0[3]: 1 loads, 1 LSLICEs
     Net inst_cmucpld_to_mcpld_s2p/po_rce_0[92]: 1 loads, 1 LSLICEs
     Net inst_cmucpld_to_mcpld_s2p/po_rce_0[94]: 1 loads, 1 LSLICEs
     Net inst_cmucpld_to_mcpld_s2p/po_rce_0[95]: 1 loads, 1 LSLICEs
     Net inst_cmucpld_to_mcpld_s2p/un12_tick_pp: 4 loads, 4 LSLICEs
     Net inst_mcpld_to_scpld_p2s/N_1434_i: 5 loads, 5 LSLICEs
     Net un1_w_u3_nc7_sw: 2 loads, 2 LSLICEs
     Net inst_scpld_to_mcpld_s2p/sclk_1_sqmuxa: 1 loads, 1 LSLICEs
     Net inst_scpld_to_mcpld_s2p/po_r_RNO[175]: 1 loads, 1 LSLICEs
     Net inst_scpld_to_mcpld_s2p/po_r_RNO[53]: 1 loads, 1 LSLICEs
     Net inst_scpld_to_mcpld_s2p/po_r_RNO[45]: 1 loads, 1 LSLICEs
     Net inst_scpld_to_mcpld_s2p/po_r_RNO[43]: 1 loads, 1 LSLICEs
     Net inst_scpld_to_mcpld_s2p/po_r_RNO[39]: 1 loads, 1 LSLICEs
     Net inst_scpld_to_mcpld_s2p/po_r_RNO[23]: 1 loads, 1 LSLICEs
     Net inst_scpld_to_mcpld_s2p/po_r_RNO[170]: 1 loads, 1 LSLICEs
     Net inst_scpld_to_mcpld_s2p/po_r_RNO[172]: 1 loads, 1 LSLICEs
     Net inst_scpld_to_mcpld_s2p/po5: 91 loads, 91 LSLICEs
     Net inst_scpld_to_mcpld_s2p/po_rce[0]: 1 loads, 1 LSLICEs
     Net inst_scpld_to_mcpld_s2p/po_rce[1]: 1 loads, 1 LSLICEs
     Net inst_scpld_to_mcpld_s2p/po_rce[2]: 1 loads, 1 LSLICEs
     Net inst_scpld_to_mcpld_s2p/po_rce[3]: 1 loads, 1 LSLICEs
     Net inst_scpld_to_mcpld_s2p/po_rce[4]: 1 loads, 1 LSLICEs
     Net inst_scpld_to_mcpld_s2p/po_rce[5]: 1 loads, 1 LSLICEs
     Net inst_scpld_to_mcpld_s2p/po_rce[6]: 1 loads, 1 LSLICEs
     Net inst_scpld_to_mcpld_s2p/po_rce[7]: 1 loads, 1 LSLICEs
     Net inst_scpld_to_mcpld_s2p/po_rce[8]: 1 loads, 1 LSLICEs
     Net inst_scpld_to_mcpld_s2p/po_rce[9]: 1 loads, 1 LSLICEs
     Net inst_scpld_to_mcpld_s2p/po_rce[10]: 1 loads, 1 LSLICEs
     Net inst_scpld_to_mcpld_s2p/po_rce[11]: 1 loads, 1 LSLICEs
     Net inst_scpld_to_mcpld_s2p/po_rce[12]: 1 loads, 1 LSLICEs
     Net inst_scpld_to_mcpld_s2p/po_rce[13]: 1 loads, 1 LSLICEs
     Net inst_scpld_to_mcpld_s2p/po_rce[14]: 1 loads, 1 LSLICEs
     Net inst_scpld_to_mcpld_s2p/po_rce[15]: 1 loads, 1 LSLICEs
     Net inst_scpld_to_mcpld_s2p/po_rce[16]: 1 loads, 1 LSLICEs
     Net inst_scpld_to_mcpld_s2p/po_rce[17]: 1 loads, 1 LSLICEs
     Net inst_scpld_to_mcpld_s2p/po_rce[18]: 1 loads, 1 LSLICEs
     Net inst_scpld_to_mcpld_s2p/po_rce[19]: 1 loads, 1 LSLICEs
     Net inst_scpld_to_mcpld_s2p/po_rce[20]: 1 loads, 1 LSLICEs
     Net inst_scpld_to_mcpld_s2p/po_rce[21]: 1 loads, 1 LSLICEs
     Net inst_scpld_to_mcpld_s2p/po_rce[22]: 1 loads, 1 LSLICEs
     Net inst_scpld_to_mcpld_s2p/po_rce[24]: 1 loads, 1 LSLICEs
     Net inst_scpld_to_mcpld_s2p/po_rce[25]: 1 loads, 1 LSLICEs
     Net inst_scpld_to_mcpld_s2p/po_rce[26]: 1 loads, 1 LSLICEs
     Net inst_scpld_to_mcpld_s2p/po_rce[27]: 1 loads, 1 LSLICEs
     Net inst_scpld_to_mcpld_s2p/po_rce[28]: 1 loads, 1 LSLICEs
     Net inst_scpld_to_mcpld_s2p/po_rce[29]: 1 loads, 1 LSLICEs
     Net inst_scpld_to_mcpld_s2p/po_rce[30]: 1 loads, 1 LSLICEs
     Net inst_scpld_to_mcpld_s2p/po_rce[31]: 1 loads, 1 LSLICEs
     Net inst_scpld_to_mcpld_s2p/po_rce[32]: 1 loads, 1 LSLICEs
     Net inst_scpld_to_mcpld_s2p/po_rce[33]: 1 loads, 1 LSLICEs
     Net inst_scpld_to_mcpld_s2p/po_rce[34]: 1 loads, 1 LSLICEs
     Net inst_scpld_to_mcpld_s2p/po_rce[35]: 1 loads, 1 LSLICEs
     Net inst_scpld_to_mcpld_s2p/po_rce[36]: 1 loads, 1 LSLICEs
     Net inst_scpld_to_mcpld_s2p/po_rce[37]: 1 loads, 1 LSLICEs
     Net inst_scpld_to_mcpld_s2p/po_rce[38]: 1 loads, 1 LSLICEs
     Net inst_scpld_to_mcpld_s2p/po_rce[40]: 1 loads, 1 LSLICEs
     Net inst_scpld_to_mcpld_s2p/po_rce[41]: 1 loads, 1 LSLICEs
     Net inst_scpld_to_mcpld_s2p/po_rce[42]: 1 loads, 1 LSLICEs
     Net inst_scpld_to_mcpld_s2p/po_rce[44]: 1 loads, 1 LSLICEs
     Net inst_scpld_to_mcpld_s2p/po_rce[46]: 1 loads, 1 LSLICEs
     Net inst_scpld_to_mcpld_s2p/po_rce[47]: 1 loads, 1 LSLICEs
     Net inst_scpld_to_mcpld_s2p/po_rce[48]: 1 loads, 1 LSLICEs
     Net inst_scpld_to_mcpld_s2p/po_rce[49]: 1 loads, 1 LSLICEs
     Net inst_scpld_to_mcpld_s2p/po_rce[50]: 1 loads, 1 LSLICEs
     Net inst_scpld_to_mcpld_s2p/po_rce[51]: 1 loads, 1 LSLICEs
     Net inst_scpld_to_mcpld_s2p/po_rce[52]: 1 loads, 1 LSLICEs
     Net inst_scpld_to_mcpld_s2p/po_rce[54]: 1 loads, 1 LSLICEs
     Net inst_scpld_to_mcpld_s2p/po_rce[55]: 1 loads, 1 LSLICEs
     Net inst_scpld_to_mcpld_s2p/po_rce[56]: 1 loads, 1 LSLICEs
     Net inst_scpld_to_mcpld_s2p/po_rce[57]: 1 loads, 1 LSLICEs
     Net inst_scpld_to_mcpld_s2p/po_rce[58]: 1 loads, 1 LSLICEs
     Net inst_scpld_to_mcpld_s2p/po_rce[59]: 1 loads, 1 LSLICEs
     Net inst_scpld_to_mcpld_s2p/po_rce[60]: 1 loads, 1 LSLICEs
     Net inst_scpld_to_mcpld_s2p/po_rce[61]: 1 loads, 1 LSLICEs
     Net inst_scpld_to_mcpld_s2p/po_rce[62]: 1 loads, 1 LSLICEs
     Net inst_scpld_to_mcpld_s2p/po_rce[63]: 1 loads, 1 LSLICEs
     Net inst_scpld_to_mcpld_s2p/po_rce[64]: 1 loads, 1 LSLICEs
     Net inst_scpld_to_mcpld_s2p/po_rce[65]: 1 loads, 1 LSLICEs
     Net inst_scpld_to_mcpld_s2p/po_rce[66]: 1 loads, 1 LSLICEs
     Net inst_scpld_to_mcpld_s2p/po_rce[67]: 1 loads, 1 LSLICEs
     Net inst_scpld_to_mcpld_s2p/po_rce[68]: 1 loads, 1 LSLICEs
     Net inst_scpld_to_mcpld_s2p/po_rce[69]: 1 loads, 1 LSLICEs
     Net inst_scpld_to_mcpld_s2p/po_rce[70]: 1 loads, 1 LSLICEs
     Net inst_scpld_to_mcpld_s2p/po_rce[71]: 1 loads, 1 LSLICEs
     Net inst_scpld_to_mcpld_s2p/po_rce[72]: 1 loads, 1 LSLICEs
     Net inst_scpld_to_mcpld_s2p/po_rce[73]: 1 loads, 1 LSLICEs
     Net inst_scpld_to_mcpld_s2p/po_rce[74]: 1 loads, 1 LSLICEs
     Net inst_scpld_to_mcpld_s2p/po_rce[75]: 1 loads, 1 LSLICEs
     Net inst_scpld_to_mcpld_s2p/po_rce[76]: 1 loads, 1 LSLICEs
     Net inst_scpld_to_mcpld_s2p/po_rce[77]: 1 loads, 1 LSLICEs
     Net inst_scpld_to_mcpld_s2p/po_rce[78]: 1 loads, 1 LSLICEs
     Net inst_scpld_to_mcpld_s2p/po_rce[79]: 1 loads, 1 LSLICEs
     Net inst_scpld_to_mcpld_s2p/po_rce[80]: 1 loads, 1 LSLICEs
     Net inst_scpld_to_mcpld_s2p/po_rce[81]: 1 loads, 1 LSLICEs
     Net inst_scpld_to_mcpld_s2p/po_rce[82]: 1 loads, 1 LSLICEs
     Net inst_scpld_to_mcpld_s2p/po_rce[83]: 1 loads, 1 LSLICEs
     Net inst_scpld_to_mcpld_s2p/po_rce[84]: 1 loads, 1 LSLICEs
     Net inst_scpld_to_mcpld_s2p/po_rce[85]: 1 loads, 1 LSLICEs
     Net inst_scpld_to_mcpld_s2p/po_rce[86]: 1 loads, 1 LSLICEs
     Net inst_scpld_to_mcpld_s2p/po_rce[87]: 1 loads, 1 LSLICEs
     Net inst_scpld_to_mcpld_s2p/po_rce[88]: 1 loads, 1 LSLICEs
     Net inst_scpld_to_mcpld_s2p/po_rce[89]: 1 loads, 1 LSLICEs
     Net inst_scpld_to_mcpld_s2p/po_rce[90]: 1 loads, 1 LSLICEs
     Net inst_scpld_to_mcpld_s2p/po_rce[91]: 1 loads, 1 LSLICEs
     Net inst_scpld_to_mcpld_s2p/po_rce[92]: 1 loads, 1 LSLICEs
     Net inst_scpld_to_mcpld_s2p/po_rce[93]: 1 loads, 1 LSLICEs
     Net inst_scpld_to_mcpld_s2p/po_rce[94]: 1 loads, 1 LSLICEs
     Net inst_scpld_to_mcpld_s2p/po_rce[95]: 1 loads, 1 LSLICEs
     Net inst_scpld_to_mcpld_s2p/po_rce[96]: 1 loads, 1 LSLICEs
     Net inst_scpld_to_mcpld_s2p/po_rce[97]: 1 loads, 1 LSLICEs
     Net inst_scpld_to_mcpld_s2p/po_rce[98]: 1 loads, 1 LSLICEs
     Net inst_scpld_to_mcpld_s2p/po_rce[99]: 1 loads, 1 LSLICEs
     Net inst_scpld_to_mcpld_s2p/po_rce[100]: 1 loads, 1 LSLICEs
     Net inst_scpld_to_mcpld_s2p/po_rce[101]: 1 loads, 1 LSLICEs
     Net inst_scpld_to_mcpld_s2p/po_rce[102]: 1 loads, 1 LSLICEs
     Net inst_scpld_to_mcpld_s2p/po_rce[103]: 1 loads, 1 LSLICEs
     Net inst_scpld_to_mcpld_s2p/po_rce[104]: 1 loads, 1 LSLICEs
     Net inst_scpld_to_mcpld_s2p/po_rce[105]: 1 loads, 1 LSLICEs
     Net inst_scpld_to_mcpld_s2p/po_rce[106]: 1 loads, 1 LSLICEs
     Net inst_scpld_to_mcpld_s2p/po_rce[107]: 1 loads, 1 LSLICEs
     Net inst_scpld_to_mcpld_s2p/po_rce[108]: 1 loads, 1 LSLICEs
     Net inst_scpld_to_mcpld_s2p/po_rce[109]: 1 loads, 1 LSLICEs
     Net inst_scpld_to_mcpld_s2p/po_rce[110]: 1 loads, 1 LSLICEs
     Net inst_scpld_to_mcpld_s2p/po_rce[111]: 1 loads, 1 LSLICEs
     Net inst_scpld_to_mcpld_s2p/po_rce[112]: 1 loads, 1 LSLICEs
     Net inst_scpld_to_mcpld_s2p/po_rce[113]: 1 loads, 1 LSLICEs
     Net inst_scpld_to_mcpld_s2p/po_rce[114]: 1 loads, 1 LSLICEs
     Net inst_scpld_to_mcpld_s2p/po_rce[115]: 1 loads, 1 LSLICEs
     Net inst_scpld_to_mcpld_s2p/po_rce[116]: 1 loads, 1 LSLICEs
     Net inst_scpld_to_mcpld_s2p/po_rce[117]: 1 loads, 1 LSLICEs
     Net inst_scpld_to_mcpld_s2p/po_rce[118]: 1 loads, 1 LSLICEs
     Net inst_scpld_to_mcpld_s2p/po_rce[119]: 1 loads, 1 LSLICEs
     Net inst_scpld_to_mcpld_s2p/po_rce[120]: 1 loads, 1 LSLICEs
     Net inst_scpld_to_mcpld_s2p/po_rce[121]: 1 loads, 1 LSLICEs
     Net inst_scpld_to_mcpld_s2p/po_rce[122]: 1 loads, 1 LSLICEs
     Net inst_scpld_to_mcpld_s2p/po_rce[123]: 1 loads, 1 LSLICEs
     Net inst_scpld_to_mcpld_s2p/po_rce[124]: 1 loads, 1 LSLICEs
     Net inst_scpld_to_mcpld_s2p/po_rce[125]: 1 loads, 1 LSLICEs
     Net inst_scpld_to_mcpld_s2p/po_rce[126]: 1 loads, 1 LSLICEs
     Net inst_scpld_to_mcpld_s2p/po_rce[127]: 1 loads, 1 LSLICEs
     Net inst_scpld_to_mcpld_s2p/po_rce[128]: 1 loads, 1 LSLICEs
     Net inst_scpld_to_mcpld_s2p/po_rce[129]: 1 loads, 1 LSLICEs
     Net inst_scpld_to_mcpld_s2p/po_rce[130]: 1 loads, 1 LSLICEs
     Net inst_scpld_to_mcpld_s2p/po_rce[131]: 1 loads, 1 LSLICEs
     Net inst_scpld_to_mcpld_s2p/po_rce[132]: 1 loads, 1 LSLICEs
     Net inst_scpld_to_mcpld_s2p/po_rce[133]: 1 loads, 1 LSLICEs
     Net inst_scpld_to_mcpld_s2p/po_rce[134]: 1 loads, 1 LSLICEs
     Net inst_scpld_to_mcpld_s2p/po_rce[135]: 1 loads, 1 LSLICEs
     Net inst_scpld_to_mcpld_s2p/po_rce[136]: 1 loads, 1 LSLICEs
     Net inst_scpld_to_mcpld_s2p/po_rce[137]: 1 loads, 1 LSLICEs
     Net inst_scpld_to_mcpld_s2p/po_rce[138]: 1 loads, 1 LSLICEs
     Net inst_scpld_to_mcpld_s2p/po_rce[139]: 1 loads, 1 LSLICEs
     Net inst_scpld_to_mcpld_s2p/po_rce[140]: 1 loads, 1 LSLICEs
     Net inst_scpld_to_mcpld_s2p/po_rce[141]: 1 loads, 1 LSLICEs
     Net inst_scpld_to_mcpld_s2p/po_rce[142]: 1 loads, 1 LSLICEs
     Net inst_scpld_to_mcpld_s2p/po_rce[143]: 1 loads, 1 LSLICEs
     Net inst_scpld_to_mcpld_s2p/po_rce[144]: 1 loads, 1 LSLICEs
     Net inst_scpld_to_mcpld_s2p/po_rce[145]: 1 loads, 1 LSLICEs
     Net inst_scpld_to_mcpld_s2p/po_rce[146]: 1 loads, 1 LSLICEs
     Net inst_scpld_to_mcpld_s2p/po_rce[147]: 1 loads, 1 LSLICEs
     Net inst_scpld_to_mcpld_s2p/po_rce[148]: 1 loads, 1 LSLICEs
     Net inst_scpld_to_mcpld_s2p/po_rce[149]: 1 loads, 1 LSLICEs
     Net inst_scpld_to_mcpld_s2p/po_rce[150]: 1 loads, 1 LSLICEs
     Net inst_scpld_to_mcpld_s2p/po_rce[151]: 1 loads, 1 LSLICEs
     Net inst_scpld_to_mcpld_s2p/po_rce[152]: 1 loads, 1 LSLICEs
     Net inst_scpld_to_mcpld_s2p/po_rce[153]: 1 loads, 1 LSLICEs
     Net inst_scpld_to_mcpld_s2p/po_rce[154]: 1 loads, 1 LSLICEs
     Net inst_scpld_to_mcpld_s2p/po_rce[155]: 1 loads, 1 LSLICEs
     Net inst_scpld_to_mcpld_s2p/po_rce[156]: 1 loads, 1 LSLICEs
     Net inst_scpld_to_mcpld_s2p/po_rce[157]: 1 loads, 1 LSLICEs
     Net inst_scpld_to_mcpld_s2p/po_rce[158]: 1 loads, 1 LSLICEs
     Net inst_scpld_to_mcpld_s2p/po_rce[159]: 1 loads, 1 LSLICEs
     Net inst_scpld_to_mcpld_s2p/po_rce[160]: 1 loads, 1 LSLICEs
     Net inst_scpld_to_mcpld_s2p/po_rce[161]: 1 loads, 1 LSLICEs
     Net inst_scpld_to_mcpld_s2p/po_rce[162]: 1 loads, 1 LSLICEs
     Net inst_scpld_to_mcpld_s2p/po_rce[163]: 1 loads, 1 LSLICEs
     Net inst_scpld_to_mcpld_s2p/po_rce[164]: 1 loads, 1 LSLICEs
     Net inst_scpld_to_mcpld_s2p/po_rce[165]: 1 loads, 1 LSLICEs
     Net inst_scpld_to_mcpld_s2p/po_rce[166]: 1 loads, 1 LSLICEs
     Net inst_scpld_to_mcpld_s2p/po_rce[167]: 1 loads, 1 LSLICEs
     Net inst_scpld_to_mcpld_s2p/po_rce[168]: 1 loads, 1 LSLICEs
     Net inst_scpld_to_mcpld_s2p/po_rce[169]: 1 loads, 1 LSLICEs
     Net inst_scpld_to_mcpld_s2p/po_rce[171]: 1 loads, 1 LSLICEs
     Net inst_scpld_to_mcpld_s2p/po_rce[173]: 1 loads, 1 LSLICEs
     Net inst_scpld_to_mcpld_s2p/po_rce[174]: 1 loads, 1 LSLICEs
     Net inst_scpld_to_mcpld_s2p/po_rce[176]: 1 loads, 1 LSLICEs
     Net inst_scpld_to_mcpld_s2p/po_rce[196]: 1 loads, 1 LSLICEs
     Net inst_scpld_to_mcpld_s2p/po_rce[197]: 1 loads, 1 LSLICEs
     Net inst_scpld_to_mcpld_s2p/po_rce[198]: 1 loads, 1 LSLICEs
     Net inst_scpld_to_mcpld_s2p/po_rce[199]: 1 loads, 1 LSLICEs
     Net inst_scpld_to_mcpld_s2p/un3_tick_pp: 5 loads, 5 LSLICEs
     Net pvt_gpi_MB_inst/bit_idx_out12: 25 loads, 25 LSLICEs
     Net pvt_gpi_MB_inst/par_datace[22]: 1 loads, 1 LSLICEs
     Net pvt_gpi_MB_inst/par_datace[37]: 1 loads, 1 LSLICEs
     Net pvt_gpi_MB_inst/par_datace[38]: 1 loads, 1 LSLICEs
     Net pvt_gpi_MB_inst/par_datace[44]: 1 loads, 1 LSLICEs
     Net pvt_gpi_MB_inst/par_datace[45]: 1 loads, 1 LSLICEs
     Net pvt_gpi_MB_inst/par_datace[46]: 1 loads, 1 LSLICEs
     Net pvt_gpi_MB_inst/par_datace[47]: 1 loads, 1 LSLICEs
     Net pvt_gpi_MB_inst/par_datace[52]: 1 loads, 1 LSLICEs
     Net pvt_gpi_MB_inst/par_datace[53]: 1 loads, 1 LSLICEs
     Net pvt_gpi_MB_inst/par_datace[54]: 1 loads, 1 LSLICEs
     Net pvt_gpi_MB_inst/par_datace[55]: 1 loads, 1 LSLICEs
     Net pvt_gpi_MB_inst/par_datace[61]: 1 loads, 1 LSLICEs
     Net par_datace[62]: 1 loads, 0 LSLICEs
     Net db_p12v_droop/out_i_0_sqmuxa_1: 1 loads, 1 LSLICEs
     Net db_p12v_droop/out_i_0_sqmuxa: 1 loads, 1 LSLICEs
     Net db_inst_amd_cpu_prsnt/out_i_0_sqmuxa: 1 loads, 1 LSLICEs
     Net db_inst_pwrgood/cnt[9]3: 1 loads, 1 LSLICEs
     Net db_inst_pwrgood/cnt[8]3: 1 loads, 1 LSLICEs
     Net db_inst_pwrgood/cnt[7]3: 1 loads, 1 LSLICEs
     Net db_inst_pwrgood/cnt[6]3: 1 loads, 1 LSLICEs
     Net db_inst_pwrgood/cnt[5]3: 1 loads, 1 LSLICEs
     Net db_inst_pwrgood/cnt[4]3: 1 loads, 1 LSLICEs
     Net db_inst_pwrgood/cnt[3]3: 1 loads, 1 LSLICEs
     Net db_inst_pwrgood/cnt[2]3: 1 loads, 1 LSLICEs
     Net db_inst_pwrgood/out_i_0_sqmuxa_9: 1 loads, 1 LSLICEs
     Net db_inst_pwrgood/cnt[1]3: 1 loads, 1 LSLICEs
     Net db_inst_pwrgood/out_i_0_sqmuxa_10: 1 loads, 1 LSLICEs
     Net db_inst_pwrgood/out_i_0_sqmuxa_11: 1 loads, 1 LSLICEs
     Net db_inst_pwrgood/out_i_0_sqmuxa_12: 1 loads, 1 LSLICEs
     Net db_inst_pwrgood/out_i_0_sqmuxa: 1 loads, 1 LSLICEs
     Net db_inst_pwrgood/out_i_0_sqmuxa_1: 1 loads, 1 LSLICEs
     Net db_inst_pwrgood/out_i_0_sqmuxa_2: 1 loads, 1 LSLICEs
     Net db_inst_pwrgood/out_i_0_sqmuxa_3: 1 loads, 1 LSLICEs
     Net db_inst_pwrgood/out_i_0_sqmuxa_4: 1 loads, 1 LSLICEs
     Net db_inst_pwrgood/out_i_0_sqmuxa_5: 1 loads, 1 LSLICEs
     Net db_inst_pwrgood/out_i_0_sqmuxa_6: 1 loads, 1 LSLICEs
     Net db_inst_pwrgood/cnt[0]5: 1 loads, 1 LSLICEs
     Net db_cpu_thermtrip/cnt[3]3: 1 loads, 1 LSLICEs
     Net db_cpu_thermtrip/cnt[2]3: 1 loads, 1 LSLICEs
     Net db_cpu_thermtrip/cnt[1]3: 1 loads, 1 LSLICEs
     Net db_cpu_thermtrip/out_i_0_sqmuxa: 1 loads, 1 LSLICEs
     Net db_inst_psu/out_i_0_sqmuxa_1: 1 loads, 1 LSLICEs
     Net db_inst_psu/out_i_0_sqmuxa_4: 1 loads, 1 LSLICEs
     Net db_inst_psu/out_i_0_sqmuxa_5: 1 loads, 1 LSLICEs
     Net db_inst_psu/out_i_0_sqmuxa_2: 1 loads, 1 LSLICEs
     Net db_inst_psu/out_i_0_sqmuxa_3: 1 loads, 1 LSLICEs
     Net db_inst_psu/out_i_0_sqmuxa_8: 1 loads, 1 LSLICEs
     Net db_inst_psu/out_i_0_sqmuxa_9: 1 loads, 1 LSLICEs
     Net db_inst_psu/out_i_0_sqmuxa_6: 1 loads, 1 LSLICEs
     Net db_inst_psu/out_i_0_sqmuxa_7: 1 loads, 1 LSLICEs
     Net db_inst_psu/out_i_0_sqmuxa: 1 loads, 1 LSLICEs
     Net db_vr_ocp_low/out_i_0_sqmuxa_1: 1 loads, 1 LSLICEs
     Net db_vr_ocp_low/out_i_0_sqmuxa_2: 1 loads, 1 LSLICEs
     Net db_vr_ocp_low/out_i_0_sqmuxa_3: 1 loads, 1 LSLICEs
     Net db_vr_ocp_low/out_i_0_sqmuxa_4: 1 loads, 1 LSLICEs
     Net db_vr_ocp_low/out_i_0_sqmuxa_5: 1 loads, 1 LSLICEs
     Net db_vr_ocp_low/out_i_0_sqmuxa: 1 loads, 1 LSLICEs
     Net db_inst_pwr_btn/out_i_0_sqmuxa_1: 1 loads, 1 LSLICEs
     Net db_inst_pwr_btn/out_i_0_sqmuxa_2: 1 loads, 1 LSLICEs
     Net db_inst_pwr_btn/out_i_0_sqmuxa: 1 loads, 1 LSLICEs
     Net mClkDivTree/o50uSCE: 2 loads, 2 LSLICEs
     Net mClkDivTree/o10uSCE: 2 loads, 2 LSLICEs
     Net mClkDivTree/o1uSCE: 2 loads, 2 LSLICEs
     Net timer_gen_inst/t32us_e: 8 loads, 8 LSLICEs
     Net timer_gen_inst/t64ms_2: 2 loads, 2 LSLICEs
     Net timer_gen_inst/t1us_2: 3 loads, 3 LSLICEs
     Net scpld_to_mcpld_data_filter4: 87 loads, 87 LSLICEs
   Number of local set/reset loads for net pon_reset_n merged into GSR:  1882
   Number of LSRs:  101
     Net un1_r_p12v_discharge_r9_62: 2 loads, 2 LSLICEs
     Net un1_r_p12v_discharge_r9_33: 1 loads, 1 LSLICEs
     Net bios_espi_link.current_state5: 77 loads, 75 LSLICEs
     Net un1_r_p12v_discharge_r9_47: 1 loads, 1 LSLICEs
     Net un1_r_p12v_discharge_r9_79: 2 loads, 2 LSLICEs
     Net bmc_cpld_i2c_ram_u0/i2c_slave_bmc_u0/i2c_slave_basic0_u0/un2_w_rst_2: 2 loads, 2 LSLICEs
     Net un2_w_rst_3: 4 loads, 3 LSLICEs
     Net bmc_cpld_i2c_ram_u0/i2c_slave_bmc_u0/i2c_slave_basic0_u0/un2_w_rst_1: 2 loads, 2 LSLICEs
     Net un2_w_rst: 5 loads, 4 LSLICEs
     Net bmc_cpld_i2c_ram_u0/i2c_slave_bmc_u0/o_i2c_start: 18 loads, 18 LSLICEs
     Net bmc_cpld_i2c_ram_u0/i2c_slave_bmc_u0/i2c_slave_basic0_u0/un1_w_rst_i: 42 loads, 42 LSLICEs
     Net pon_reset_n: 3 loads, 3 LSLICEs
     Net un1_pon_reset_n_39_i: 51 loads, 48 LSLICEs
     Net un1_r_p12v_discharge_r9_40: 1 loads, 1 LSLICEs
     Net un1_r_p12v_discharge_r9_41: 1 loads, 1 LSLICEs
     Net un1_r_p12v_discharge_r9_42: 1 loads, 1 LSLICEs
     Net un1_r_p12v_discharge_r9_43: 1 loads, 1 LSLICEs
     Net un1_r_p12v_discharge_r9_44: 1 loads, 1 LSLICEs
     Net un1_r_p12v_discharge_r9_45: 1 loads, 1 LSLICEs
     Net un1_r_p12v_discharge_r9_46: 1 loads, 1 LSLICEs
     Net un1_r_p12v_discharge_r9_48: 1 loads, 1 LSLICEs
     Net un1_r_p12v_discharge_r9_49: 1 loads, 1 LSLICEs
     Net un1_r_p12v_discharge_r9_50: 1 loads, 1 LSLICEs
     Net un1_r_p12v_discharge_r9_51: 1 loads, 1 LSLICEs
     Net un1_r_p12v_discharge_r9_52: 1 loads, 1 LSLICEs
     Net un1_r_p12v_discharge_r9_53: 1 loads, 1 LSLICEs
     Net un1_r_p12v_discharge_r9_54: 1 loads, 1 LSLICEs
     Net un1_r_p12v_discharge_r9_55: 1 loads, 1 LSLICEs
     Net un1_r_p12v_discharge_r9_75: 2 loads, 2 LSLICEs
     Net un1_r_p12v_discharge_r9_76: 2 loads, 2 LSLICEs
     Net un1_r_p12v_discharge_r9_77: 2 loads, 2 LSLICEs
     Net un1_r_p12v_discharge_r9_78: 2 loads, 2 LSLICEs
     Net un1_r_p12v_discharge_r9_80: 2 loads, 2 LSLICEs
     Net un1_r_p12v_discharge_r9_81: 2 loads, 2 LSLICEs
     Net un1_r_p12v_discharge_r9_82: 2 loads, 2 LSLICEs
     Net un1_r_p12v_discharge_r9_83: 2 loads, 2 LSLICEs
     Net un1_r_p12v_discharge_r9_84: 2 loads, 2 LSLICEs
     Net un1_r_p12v_discharge_r9_85: 2 loads, 2 LSLICEs
     Net un1_r_p12v_discharge_r9_86: 2 loads, 2 LSLICEs
     Net un1_r_p12v_discharge_r9_87: 2 loads, 2 LSLICEs
     Net un1_r_p12v_discharge_r9_88: 2 loads, 2 LSLICEs
     Net un1_r_p12v_discharge_r9_89: 2 loads, 2 LSLICEs
     Net un1_r_p12v_discharge_r9_90: 2 loads, 2 LSLICEs
     Net s2p_164_u1/un1_i_rst_7: 1 loads, 1 LSLICEs
     Net s2p_164_u1/un1_i_rst_14: 2 loads, 2 LSLICEs
     Net s2p_164_u1/un1_i_rst_6: 1 loads, 1 LSLICEs
     Net s2p_164_u1/un1_i_rst_15: 2 loads, 2 LSLICEs
     Net s2p_164_u1/un1_i_rst: 1 loads, 1 LSLICEs
     Net s2p_164_u1/un1_i_rst_9: 2 loads, 2 LSLICEs
     Net s2p_164_u1/un1_i_rst_3: 1 loads, 1 LSLICEs
     Net s2p_164_u1/un1_i_rst_10: 2 loads, 2 LSLICEs
     Net s2p_164_u1/un1_i_rst_2: 1 loads, 1 LSLICEs
     Net s2p_164_u1/un1_i_rst_11: 2 loads, 2 LSLICEs
     Net s2p_164_u1/un1_i_rst_5: 1 loads, 1 LSLICEs
     Net s2p_164_u1/un1_i_rst_12: 2 loads, 2 LSLICEs
     Net s2p_164_u1/un1_i_rst_4: 1 loads, 1 LSLICEs
     Net s2p_164_u1/un1_i_rst_13: 2 loads, 2 LSLICEs
     Net s2p_164_u1/un1_i_rst_1: 1 loads, 1 LSLICEs
     Net s2p_164_u1/un1_i_rst_8: 2 loads, 2 LSLICEs
     Net un1_r_p12v_discharge_r9: 1 loads, 1 LSLICEs
     Net un1_r_p12v_discharge_r9_24: 1 loads, 1 LSLICEs
     Net un1_r_p12v_discharge_r9_25: 1 loads, 1 LSLICEs
     Net un1_r_p12v_discharge_r9_26: 1 loads, 1 LSLICEs
     Net un1_r_p12v_discharge_r9_27: 1 loads, 1 LSLICEs
     Net un1_r_p12v_discharge_r9_28: 1 loads, 1 LSLICEs
     Net un1_r_p12v_discharge_r9_29: 1 loads, 1 LSLICEs
     Net un1_r_p12v_discharge_r9_30: 1 loads, 1 LSLICEs
     Net un1_r_p12v_discharge_r9_31: 1 loads, 1 LSLICEs
     Net un1_r_p12v_discharge_r9_32: 1 loads, 1 LSLICEs
     Net un1_r_p12v_discharge_r9_34: 1 loads, 1 LSLICEs
     Net un1_r_p12v_discharge_r9_35: 1 loads, 1 LSLICEs
     Net un1_r_p12v_discharge_r9_36: 1 loads, 1 LSLICEs
     Net un1_r_p12v_discharge_r9_37: 1 loads, 1 LSLICEs
     Net un1_r_p12v_discharge_r9_38: 1 loads, 1 LSLICEs
     Net un1_r_p12v_discharge_r9_59: 2 loads, 2 LSLICEs
     Net un1_r_p12v_discharge_r9_60: 2 loads, 2 LSLICEs
     Net un1_r_p12v_discharge_r9_61: 2 loads, 2 LSLICEs
     Net un1_r_p12v_discharge_r9_63: 2 loads, 2 LSLICEs
     Net un1_r_p12v_discharge_r9_64: 2 loads, 2 LSLICEs
     Net un1_r_p12v_discharge_r9_65: 2 loads, 2 LSLICEs
     Net un1_r_p12v_discharge_r9_66: 2 loads, 2 LSLICEs
     Net un1_r_p12v_discharge_r9_67: 2 loads, 2 LSLICEs
     Net un1_r_p12v_discharge_r9_68: 2 loads, 2 LSLICEs
     Net un1_r_p12v_discharge_r9_69: 2 loads, 2 LSLICEs
     Net un1_r_p12v_discharge_r9_70: 2 loads, 2 LSLICEs
     Net un1_r_p12v_discharge_r9_71: 2 loads, 2 LSLICEs
     Net un1_r_p12v_discharge_r9_72: 2 loads, 2 LSLICEs
     Net un1_r_p12v_discharge_r9_73: 2 loads, 2 LSLICEs
     Net un1_r_p12v_discharge_r9_74: 2 loads, 2 LSLICEs
     Net un1_pon_reset_n_94_i: 3 loads, 3 LSLICEs
     Net bios_cpld_i2c_ram_u0/i2c_slave_bmc_u0/i2c_slave_basic0_u0/un2_w_rst_1_0: 2 loads, 2 LSLICEs
     Net un2_w_rst_0: 5 loads, 4 LSLICEs
     Net bios_cpld_i2c_ram_u0/i2c_slave_bmc_u0/i2c_slave_basic0_u0/un2_w_rst_2_0: 2 loads, 2 LSLICEs
     Net un2_w_rst_3_0: 4 loads, 3 LSLICEs
     Net bios_cpld_i2c_ram_u0/i2c_slave_bmc_u0/o_i2c_start: 18 loads, 18 LSLICEs
     Net bios_cpld_i2c_ram_u0/i2c_slave_bmc_u0/i2c_slave_basic0_u0/un1_w_rst_i: 45 loads, 45 LSLICEs
     Net bios_espi_link/pch_addr15: 25 loads, 25 LSLICEs
     Net i_CPLD_ESPI_RESET_N_c: 13 loads, 13 LSLICEs
     Net un1_w_SW_1: 1 loads, 1 LSLICEs
     Net pon_reset_inst/master_reset_n_i: 2 loads, 2 LSLICEs
     Net pll_inst/i_PWRGD_P3V3_STBY_c_i: 1 loads, 0 LSLICEs
   Number of nets driven by tri-state buffers:  0
   Top 10 highest fanout non-clock nets:
     Net inst_scpld_to_mcpld_s2p/si_r[1]: 181 loads
     Net inst_scpld_to_mcpld_s2p/un3_sclk_pp: 179 loads
     Net pon_reset_n: 115 loads
     Net bmc_cpld_i2c_ram_u0/i2c_slave_bmc_u0/w_i2c_command[0]: 113 loads
     Net t64ms_tick: 108 loads
     Net bios_cpld_i2c_ram_u0/w_i2c_command[0]: 101 loads
     Net bmc_cpld_i2c_ram_u0/i2c_slave_bmc_u0/w_i2c_command[1]: 94 loads
     Net inst_scpld_to_mcpld_s2p/po5: 91 loads
     Net bios_cpld_i2c_ram_u0/w_i2c_command[1]: 87 loads
     Net scpld_to_mcpld_data_filter4: 87 loads
    <postMsg mid="1103805" type="Warning" dynamic="2" navigation="0" arg0="In &quot;LOCATE COMP &quot;io_I2C7_UPDATE_SDA&quot; SITE &quot;D11&quot; ;&quot;: " arg1="D11"  />
    <postMsg mid="1103805" type="Warning" dynamic="2" navigation="0" arg0="In &quot;LOCATE COMP &quot;io_I2C7_UPDATE_SCL&quot; SITE &quot;C11&quot; ;&quot;: " arg1="C11"  />
 

   Number of warnings:  5
   Number of errors:    0



Total CPU Time: 5 secs  
Total REAL Time: 6 secs  
Peak Memory Usage: 101 MB

Dumping design to file BM_H13DSP_M_impl1_map.ncd.

trce -f "BM_H13DSP_M_impl1.mt" -o "BM_H13DSP_M_impl1.tw1" "BM_H13DSP_M_impl1_map.ncd" "BM_H13DSP_M_impl1.prf"
trce:  version Diamond (64-bit) 3.14.0.75.2

Copyright (c) 1991-1994 by NeoCAD Inc. All rights reserved.
Copyright (c) 1995 AT&T Corp.   All rights reserved.
Copyright (c) 1995-2001 Lucent Technologies Inc.  All rights reserved.
Copyright (c) 2001 Agere Systems   All rights reserved.
Copyright (c) 2002-2024 Lattice Semiconductor Corporation,  All rights reserved.

Loading design for application trce from file bm_h13dsp_m_impl1_map.ncd.
Design name: BM_H13DSP_M
NCD version: 3.3
Vendor:      LATTICE
Device:      LCMXO3LF-6900C
Package:     CABGA400
Performance: 5
Loading device for application trce from file 'xo3c6900.nph' in environment: C:/studyware/lattice_diamond_3_14/ispfpga.
Package Status:                     Final          Version 1.17.
Performance Hardware Data Status:   Final          Version 37.5.
Setup and Hold Report

--------------------------------------------------------------------------------
Lattice TRACE Report - Setup, Version Diamond (64-bit) 3.14.0.75.2
Thu Oct 23 14:11:45 2025

Copyright (c) 1991-1994 by NeoCAD Inc. All rights reserved.
Copyright (c) 1995 AT&T Corp.   All rights reserved.
Copyright (c) 1995-2001 Lucent Technologies Inc.  All rights reserved.
Copyright (c) 2001 Agere Systems   All rights reserved.
Copyright (c) 2002-2024 Lattice Semiconductor Corporation,  All rights reserved.

Report Information
------------------
Command line:    trce -v 1 -gt -mapchkpnt 0 -sethld -o BM_H13DSP_M_impl1.tw1 -gui -msgset C:/CPLD/intel/fenghuo_initial/BM_H13DSP_M/pro/promote.xml BM_H13DSP_M_impl1_map.ncd BM_H13DSP_M_impl1.prf 
Design file:     bm_h13dsp_m_impl1_map.ncd
Preference file: bm_h13dsp_m_impl1.prf
Device,speed:    LCMXO3LF-6900C,5
Report level:    verbose report, limited to 1 item per preference
--------------------------------------------------------------------------------

BLOCK ASYNCPATHS
BLOCK RESETPATHS
--------------------------------------------------------------------------------


Derating parameters
-------------------
VCCIO Voltage:
                   3.300 V (Bank 0, defined by PAR)
                   1.800 V (Bank 1, defined by PAR)
                   3.300 V (Bank 2, defined by PAR)
                   3.300 V (Bank 3, defined by PAR)
                   3.300 V (Bank 4, defined by PAR)
                   3.300 V (Bank 5, defined by PAR)



Timing summary (Setup):
---------------

Timing errors: 0  Score: 0
Cumulative negative slack: 0

Constraints cover 38944 paths, 4 nets, and 15348 connections (77.11% coverage)

--------------------------------------------------------------------------------
Lattice TRACE Report - Hold, Version Diamond (64-bit) 3.14.0.75.2
Thu Oct 23 14:11:46 2025

Copyright (c) 1991-1994 by NeoCAD Inc. All rights reserved.
Copyright (c) 1995 AT&T Corp.   All rights reserved.
Copyright (c) 1995-2001 Lucent Technologies Inc.  All rights reserved.
Copyright (c) 2001 Agere Systems   All rights reserved.
Copyright (c) 2002-2024 Lattice Semiconductor Corporation,  All rights reserved.

Report Information
------------------
Command line:    trce -v 1 -gt -mapchkpnt 0 -sethld -o BM_H13DSP_M_impl1.tw1 -gui -msgset C:/CPLD/intel/fenghuo_initial/BM_H13DSP_M/pro/promote.xml BM_H13DSP_M_impl1_map.ncd BM_H13DSP_M_impl1.prf 
Design file:     bm_h13dsp_m_impl1_map.ncd
Preference file: bm_h13dsp_m_impl1.prf
Device,speed:    LCMXO3LF-6900C,M
Report level:    verbose report, limited to 1 item per preference
--------------------------------------------------------------------------------

BLOCK ASYNCPATHS
BLOCK RESETPATHS
--------------------------------------------------------------------------------


Derating parameters
-------------------
VCCIO Voltage:
                   3.300 V (Bank 0, defined by PAR)
                   1.800 V (Bank 1, defined by PAR)
                   3.300 V (Bank 2, defined by PAR)
                   3.300 V (Bank 3, defined by PAR)
                   3.300 V (Bank 4, defined by PAR)
                   3.300 V (Bank 5, defined by PAR)



Timing summary (Hold):
---------------

Timing errors: 0  Score: 0
Cumulative negative slack: 0

Constraints cover 38944 paths, 4 nets, and 16311 connections (81.95% coverage)



Timing summary (Setup and Hold):
---------------

Timing errors: 0 (setup), 0 (hold)
Score: 0 (setup), 0 (hold)
Cumulative negative slack: 0 (0+0)
--------------------------------------------------------------------------------

--------------------------------------------------------------------------------

Total CPU Time: 1 secs 
Total REAL Time: 0 secs 
Peak Memory Usage: 99 MB


mpartrce -p "BM_H13DSP_M_impl1.p2t" -f "BM_H13DSP_M_impl1.p3t" -tf "BM_H13DSP_M_impl1.pt" "BM_H13DSP_M_impl1_map.ncd" "BM_H13DSP_M_impl1.ncd"

---- MParTrce Tool ----
Removing old design directory at request of -rem command line option to this program.
Running par. Please wait . . .

Lattice Place and Route Report for Design "BM_H13DSP_M_impl1_map.ncd"
Thu Oct 23 14:11:47 2025

PAR: Place And Route Diamond (64-bit) 3.14.0.75.2.
Command Line: par -w -l 5 -i 6 -t 1 -c 0 -e 0 -gui -msgset C:/CPLD/intel/fenghuo_initial/BM_H13DSP_M/pro/promote.xml -exp parUseNBR=1:parCDP=0:parCDR=0:parPathBased=OFF:parASE=1 BM_H13DSP_M_impl1_map.ncd BM_H13DSP_M_impl1.dir/5_1.ncd BM_H13DSP_M_impl1.prf
Preference file: BM_H13DSP_M_impl1.prf.
Placement level-cost: 5-1.
Routing Iterations: 6

Loading design for application par from file BM_H13DSP_M_impl1_map.ncd.
Design name: BM_H13DSP_M
NCD version: 3.3
Vendor:      LATTICE
Device:      LCMXO3LF-6900C
Package:     CABGA400
Performance: 5
Loading device for application par from file 'xo3c6900.nph' in environment: C:/studyware/lattice_diamond_3_14/ispfpga.
Package Status:                     Final          Version 1.17.
Performance Hardware Data Status:   Final          Version 37.5.
License checked out.


Ignore Preference Error(s):  True
Device utilization summary:

   PIO (prelim)  302+4(JTAG)/336     91% used
                 302+4(JTAG)/336     91% bonded
   IOLOGIC           76/336          22% used

   SLICE           2165/3432         63% used

   GSR                1/1           100% used
   OSC                1/1           100% used
   PLL                1/2            50% used
   EFB                1/1           100% used


Number of Signals: 6883
Number of Connections: 19904

Pin Constraint Summary:
   300 out of 302 pins locked (99% locked).

    <postMsg mid="61091050" type="Warning" dynamic="4" navigation="0" arg0="i_CLK_25M_CPLD" arg1="pll_inst/PLLInst_0" arg2="E2" arg3="PL6A"  />
The following 3 signals are selected to use the primary clock routing resources:
    clk_50m (driver: pll_inst/PLLInst_0, clk load #: 1158)
    clk_25m (driver: pll_inst/PLLInst_0, clk load #: 350)
    i_CPLD_ESPI_CLK_c (driver: i_CPLD_ESPI_CLK, clk load #: 115)

    <postMsg mid="61061008" type="Warning" dynamic="5" navigation="0" arg0="i_CPLD_ESPI_CLK_c" arg1="Primary" arg2="i_CPLD_ESPI_CLK" arg3="N19" arg4="Primary"  />

The following 8 signals are selected to use the secondary clock routing resources:
    inst_scpld_to_mcpld_s2p/po5 (driver: SLICE_2640, clk load #: 0, sr load #: 0, ce load #: 91)
    scpld_to_mcpld_data_filter4 (driver: SLICE_2021, clk load #: 0, sr load #: 0, ce load #: 87)
    bios_espi_link.current_state5 (driver: bios_espi_link/SLICE_2389, clk load #: 0, sr load #: 77, ce load #: 0)
    un1_pon_reset_n_39_i (driver: SLICE_3041, clk load #: 0, sr load #: 51, ce load #: 0)
    bios_cpld_i2c_ram_u0/i2c_slave_bmc_u0/i2c_slave_basic0_u0/un1_w_rst_i (driver: SLICE_3045, clk load #: 0, sr load #: 45, ce load #: 0)
    bmc_cpld_i2c_ram_u0/i2c_slave_bmc_u0/i2c_slave_basic0_u0/un1_w_rst_i (driver: SLICE_3024, clk load #: 0, sr load #: 42, ce load #: 0)
    t1us_tick (driver: SLICE_1557, clk load #: 2, sr load #: 0, ce load #: 35)
    w1mSCE (driver: SLICE_1622, clk load #: 17, sr load #: 0, ce load #: 2)

Signal pon_reset_n is selected as Global Set/Reset.
Starting Placer Phase 0.
..........
Finished Placer Phase 0.  REAL time: 7 secs 

Starting Placer Phase 1.
.......................
Placer score = 1947755.
Finished Placer Phase 1.  REAL time: 21 secs 

Starting Placer Phase 2.
.
Placer score =  1927744
Finished Placer Phase 2.  REAL time: 23 secs 


------------------ Clock Report ------------------

Global Clock Resources:
  CLK_PIN    : 0 out of 8 (0%)
  General PIO: 1 out of 336 (0%)
  PLL        : 1 out of 2 (50%)
  DCM        : 0 out of 2 (0%)
  DCC        : 0 out of 8 (0%)

Global Clocks:
  PRIMARY "clk_50m" from CLKOP on comp "pll_inst/PLLInst_0" on PLL site "LPLL", clk load = 1158
  PRIMARY "clk_25m" from CLKOS on comp "pll_inst/PLLInst_0" on PLL site "LPLL", clk load = 350
  PRIMARY "i_CPLD_ESPI_CLK_c" from comp "i_CPLD_ESPI_CLK" on PIO site "N19 (PR17D)", clk load = 115
  SECONDARY "inst_scpld_to_mcpld_s2p/po5" from F0 on comp "SLICE_2640" on site "R14C18C", clk load = 0, ce load = 91, sr load = 0
  SECONDARY "scpld_to_mcpld_data_filter4" from F1 on comp "SLICE_2021" on site "R21C18D", clk load = 0, ce load = 87, sr load = 0
  SECONDARY "bios_espi_link.current_state5" from F1 on comp "bios_espi_link/SLICE_2389" on site "R14C18A", clk load = 0, ce load = 0, sr load = 77
  SECONDARY "un1_pon_reset_n_39_i" from F0 on comp "SLICE_3041" on site "R25C34A", clk load = 0, ce load = 0, sr load = 51
  SECONDARY "bios_cpld_i2c_ram_u0/i2c_slave_bmc_u0/i2c_slave_basic0_u0/un1_w_rst_i" from F0 on comp "SLICE_3045" on site "R14C20B", clk load = 0, ce load = 0, sr load = 45
  SECONDARY "bmc_cpld_i2c_ram_u0/i2c_slave_bmc_u0/i2c_slave_basic0_u0/un1_w_rst_i" from F0 on comp "SLICE_3024" on site "R14C20D", clk load = 0, ce load = 0, sr load = 42
  SECONDARY "t1us_tick" from Q0 on comp "SLICE_1557" on site "R2C21C", clk load = 2, ce load = 35, sr load = 0
  SECONDARY "w1mSCE" from Q0 on comp "SLICE_1622" on site "R21C20A", clk load = 17, ce load = 2, sr load = 0

  PRIMARY  : 3 out of 8 (37%)
  SECONDARY: 8 out of 8 (100%)

Edge Clocks:
  No edge clock selected.

--------------- End of Clock Report ---------------


I/O Usage Summary (final):
   302 + 4(JTAG) out of 336 (91.1%) PIO sites used.
   302 + 4(JTAG) out of 336 (91.1%) bonded PIO sites used.
   Number of PIO comps: 302; differential: 0.
   Number of Vref pins used: 0.

I/O Bank Usage Summary:
+----------+----------------+------------+-----------+
| I/O Bank | Usage          | Bank Vccio | Bank Vref |
+----------+----------------+------------+-----------+
| 0        | 73 / 84 ( 86%) | 3.3V       | -         |
| 1        | 84 / 84 (100%) | 1.8V       | -         |
| 2        | 72 / 84 ( 85%) | 3.3V       | -         |
| 3        | 25 / 28 ( 89%) | 3.3V       | -         |
| 4        | 23 / 24 ( 95%) | 3.3V       | -         |
| 5        | 25 / 32 ( 78%) | 3.3V       | -         |
+----------+----------------+------------+-----------+

Total placer CPU time: 22 secs 

Dumping design to file BM_H13DSP_M_impl1.dir/5_1.ncd.

0 connections routed; 19904 unrouted.
Starting router resource preassignment
    <postMsg mid="62061008" type="Warning" dynamic="1" navigation="0" arg0="i_CPLD_ESPI_CLK_c"  />
    <postMsg mid="62061005" type="Warning" dynamic="2" navigation="0" arg0="CLKI" arg1="i_CLK_25M_CPLD_c"  />

    <postMsg mid="66011008" type="Warning" dynamic="1" navigation="0" arg0="&#xA;   Signal=wb_clk loads=1 clock_loads=1&#xA;   Signal=un1_r_p12v_discharge_r9_33 loads=2 clock_loads=1&#xA;   Signal=un1_r_p12v_discharge_r9_47 loads=2 clock_loads=1&#xA;   Signal=o_P0_PWR_BTN_R_N_c loads=2 clock_loads=1&#xA;   Signal=bmc_cpld_i2c_ram_u0/i2c_slave_bmc_u0/i2c_slave_basic0_u0/un2_w_rst_2 loads=4 clock_loads=2&#xA;   Signal=bmc_c   ....     Signal=bios_cpld_i2c_ram_u0/i2c_slave_bmc_u0/i2c_slave_basic0_u0/un2_w_rst_2_0 loads=4 clock_loads=2&#xA;   Signal=pwrseq_master_inst/N_454_buf_i loads=2 clock_loads=1"  />

Completed router resource preassignment. Real time: 55 secs 

Start NBR router at 14:12:43 10/23/25

*****************************************************************
Info: NBR allows conflicts(one node used by more than one signal)
      in the earlier iterations. In each iteration, it tries to  
      solve the conflicts while keeping the critical connections 
      routed as short as possible. The routing process is said to
      be completed when no conflicts exist and all connections   
      are routed.                                                
Note: NBR uses a different method to calculate timing slacks. The
      worst slack and total negative slack may not be the same as
      that in TRCE report. You should always run TRCE to verify  
      your design.                                               
*****************************************************************

Start NBR special constraint process at 14:12:43 10/23/25

Start NBR section for initial routing at 14:12:46 10/23/25
Level 1, iteration 1
1(0.00%) conflict; 16220(81.49%) untouched conns; 0 (nbr) score; 
Estimated worst slack/total negative slack<setup>: 3.643ns/0.000ns; real time: 59 secs 
Level 2, iteration 1
1(0.00%) conflict; 16211(81.45%) untouched conns; 0 (nbr) score; 
Estimated worst slack/total negative slack<setup>: 5.112ns/0.000ns; real time: 1 mins 
Level 3, iteration 1
0(0.00%) conflict; 16208(81.43%) untouched conns; 0 (nbr) score; 
Estimated worst slack/total negative slack<setup>: 5.248ns/0.000ns; real time: 1 mins 1 secs 
Level 4, iteration 1
936(0.25%) conflicts; 0(0.00%) untouched conn; 0 (nbr) score; 
Estimated worst slack/total negative slack<setup>: 5.299ns/0.000ns; real time: 1 mins 6 secs 

Info: Initial congestion level at 75% usage is 0
Info: Initial congestion area  at 75% usage is 46 (4.60%)

Start NBR section for normal routing at 14:12:53 10/23/25
Level 4, iteration 1
609(0.16%) conflicts; 0(0.00%) untouched conn; 0 (nbr) score; 
Estimated worst slack/total negative slack<setup>: 4.859ns/0.000ns; real time: 1 mins 7 secs 
Level 4, iteration 2
422(0.11%) conflicts; 0(0.00%) untouched conn; 0 (nbr) score; 
Estimated worst slack/total negative slack<setup>: 4.859ns/0.000ns; real time: 1 mins 9 secs 
Level 4, iteration 3
292(0.08%) conflicts; 0(0.00%) untouched conn; 0 (nbr) score; 
Estimated worst slack/total negative slack<setup>: 4.817ns/0.000ns; real time: 1 mins 10 secs 
Level 4, iteration 4
184(0.05%) conflicts; 0(0.00%) untouched conn; 0 (nbr) score; 
Estimated worst slack/total negative slack<setup>: 4.817ns/0.000ns; real time: 1 mins 11 secs 
Level 4, iteration 5
105(0.03%) conflicts; 0(0.00%) untouched conn; 0 (nbr) score; 
Estimated worst slack/total negative slack<setup>: 4.817ns/0.000ns; real time: 1 mins 12 secs 
Level 4, iteration 6
73(0.02%) conflicts; 0(0.00%) untouched conn; 0 (nbr) score; 
Estimated worst slack/total negative slack<setup>: 4.817ns/0.000ns; real time: 1 mins 12 secs 
Level 4, iteration 7
47(0.01%) conflicts; 0(0.00%) untouched conn; 0 (nbr) score; 
Estimated worst slack/total negative slack<setup>: 4.817ns/0.000ns; real time: 1 mins 13 secs 
Level 4, iteration 8
49(0.01%) conflicts; 0(0.00%) untouched conn; 0 (nbr) score; 
Estimated worst slack/total negative slack<setup>: 4.817ns/0.000ns; real time: 1 mins 13 secs 
Level 4, iteration 9
30(0.01%) conflicts; 0(0.00%) untouched conn; 0 (nbr) score; 
Estimated worst slack/total negative slack<setup>: 4.817ns/0.000ns; real time: 1 mins 14 secs 
Level 4, iteration 10
24(0.01%) conflicts; 0(0.00%) untouched conn; 0 (nbr) score; 
Estimated worst slack/total negative slack<setup>: 4.817ns/0.000ns; real time: 1 mins 14 secs 
Level 4, iteration 11
32(0.01%) conflicts; 0(0.00%) untouched conn; 0 (nbr) score; 
Estimated worst slack/total negative slack<setup>: 4.817ns/0.000ns; real time: 1 mins 15 secs 
Level 4, iteration 12
29(0.01%) conflicts; 0(0.00%) untouched conn; 0 (nbr) score; 
Estimated worst slack/total negative slack<setup>: 4.817ns/0.000ns; real time: 1 mins 15 secs 
Level 4, iteration 13
19(0.01%) conflicts; 0(0.00%) untouched conn; 0 (nbr) score; 
Estimated worst slack/total negative slack<setup>: 4.817ns/0.000ns; real time: 1 mins 16 secs 
Level 4, iteration 14
12(0.00%) conflicts; 0(0.00%) untouched conn; 0 (nbr) score; 
Estimated worst slack/total negative slack<setup>: 4.817ns/0.000ns; real time: 1 mins 16 secs 
Level 4, iteration 15
9(0.00%) conflicts; 0(0.00%) untouched conn; 0 (nbr) score; 
Estimated worst slack/total negative slack<setup>: 4.817ns/0.000ns; real time: 1 mins 17 secs 
Level 4, iteration 16
7(0.00%) conflicts; 0(0.00%) untouched conn; 0 (nbr) score; 
Estimated worst slack/total negative slack<setup>: 4.817ns/0.000ns; real time: 1 mins 17 secs 
Level 4, iteration 17
10(0.00%) conflicts; 0(0.00%) untouched conn; 0 (nbr) score; 
Estimated worst slack/total negative slack<setup>: 4.817ns/0.000ns; real time: 1 mins 17 secs 
Level 4, iteration 18
4(0.00%) conflicts; 0(0.00%) untouched conn; 0 (nbr) score; 
Estimated worst slack/total negative slack<setup>: 4.817ns/0.000ns; real time: 1 mins 17 secs 
Level 4, iteration 19
2(0.00%) conflicts; 0(0.00%) untouched conn; 0 (nbr) score; 
Estimated worst slack/total negative slack<setup>: 4.817ns/0.000ns; real time: 1 mins 18 secs 
Level 4, iteration 20
2(0.00%) conflicts; 0(0.00%) untouched conn; 0 (nbr) score; 
Estimated worst slack/total negative slack<setup>: 4.817ns/0.000ns; real time: 1 mins 18 secs 
Level 4, iteration 21
2(0.00%) conflicts; 0(0.00%) untouched conn; 0 (nbr) score; 
Estimated worst slack/total negative slack<setup>: 4.817ns/0.000ns; real time: 1 mins 19 secs 
Level 4, iteration 22
2(0.00%) conflicts; 0(0.00%) untouched conn; 0 (nbr) score; 
Estimated worst slack/total negative slack<setup>: 4.817ns/0.000ns; real time: 1 mins 19 secs 
Level 4, iteration 23
1(0.00%) conflict; 0(0.00%) untouched conn; 0 (nbr) score; 
Estimated worst slack/total negative slack<setup>: 4.817ns/0.000ns; real time: 1 mins 19 secs 
Level 4, iteration 24
1(0.00%) conflict; 0(0.00%) untouched conn; 0 (nbr) score; 
Estimated worst slack/total negative slack<setup>: 4.817ns/0.000ns; real time: 1 mins 20 secs 
Level 4, iteration 25
2(0.00%) conflicts; 0(0.00%) untouched conn; 0 (nbr) score; 
Estimated worst slack/total negative slack<setup>: 4.817ns/0.000ns; real time: 1 mins 20 secs 
Level 4, iteration 26
2(0.00%) conflicts; 0(0.00%) untouched conn; 0 (nbr) score; 
Estimated worst slack/total negative slack<setup>: 4.817ns/0.000ns; real time: 1 mins 20 secs 
Level 4, iteration 27
1(0.00%) conflict; 0(0.00%) untouched conn; 0 (nbr) score; 
Estimated worst slack/total negative slack<setup>: 4.817ns/0.000ns; real time: 1 mins 21 secs 
Level 4, iteration 28
1(0.00%) conflict; 0(0.00%) untouched conn; 0 (nbr) score; 
Estimated worst slack/total negative slack<setup>: 4.817ns/0.000ns; real time: 1 mins 21 secs 
Level 4, iteration 29
1(0.00%) conflict; 0(0.00%) untouched conn; 0 (nbr) score; 
Estimated worst slack/total negative slack<setup>: 4.817ns/0.000ns; real time: 1 mins 22 secs 
Level 4, iteration 30
1(0.00%) conflict; 0(0.00%) untouched conn; 0 (nbr) score; 
Estimated worst slack/total negative slack<setup>: 4.817ns/0.000ns; real time: 1 mins 22 secs 
Level 4, iteration 31
0(0.00%) conflict; 0(0.00%) untouched conn; 0 (nbr) score; 
Estimated worst slack/total negative slack<setup>: 4.817ns/0.000ns; real time: 1 mins 22 secs 

Start NBR section for setup/hold timing optimization with effort level 3 at 14:13:09 10/23/25

Start NBR section for re-routing at 14:13:11 10/23/25
Level 4, iteration 1
0(0.00%) conflict; 0(0.00%) untouched conn; 0 (nbr) score; 
Estimated worst slack/total negative slack<setup>: 4.817ns/0.000ns; real time: 1 mins 24 secs 

Start NBR section for post-routing at 14:13:11 10/23/25

End NBR router with 0 unrouted connection

NBR Summary
-----------
  Number of unrouted connections : 0 (0.00%)
  Number of connections with timing violations : 0 (0.00%)
  Estimated worst slack<setup> : 4.817ns
  Timing score<setup> : 0
-----------
Notes: The timing info is calculated for SETUP only and all PAR_ADJs are ignored.



    <postMsg mid="66011008" type="Warning" dynamic="1" navigation="0" arg0="&#xA;   Signal=wb_clk loads=1 clock_loads=1&#xA;   Signal=un1_r_p12v_discharge_r9_33 loads=2 clock_loads=1&#xA;   Signal=un1_r_p12v_discharge_r9_47 loads=2 clock_loads=1&#xA;   Signal=o_P0_PWR_BTN_R_N_c loads=2 clock_loads=1&#xA;   Signal=bmc_cpld_i2c_ram_u0/i2c_slave_bmc_u0/i2c_slave_basic0_u0/un2_w_rst_2 loads=4 clock_loads=2&#xA;   Signal=bmc_c   ....     Signal=bios_cpld_i2c_ram_u0/i2c_slave_bmc_u0/i2c_slave_basic0_u0/un2_w_rst_2_0 loads=4 clock_loads=2&#xA;   Signal=pwrseq_master_inst/N_454_buf_i loads=2 clock_loads=1"  />

Total CPU time 1 mins 26 secs 
Total REAL time: 1 mins 32 secs 
Completely routed.
End of route.  19904 routed (100.00%); 0 unrouted.

Hold time timing score: 0, hold timing errors: 0

Timing score: 0 

Dumping design to file BM_H13DSP_M_impl1.dir/5_1.ncd.


PAR_SUMMARY::Run status = Completed
PAR_SUMMARY::Number of unrouted conns = 0
PAR_SUMMARY::Worst  slack<setup/<ns>> = 4.817
PAR_SUMMARY::Timing score<setup/<ns>> = 0.000
PAR_SUMMARY::Worst  slack<hold /<ns>> = 0.304
PAR_SUMMARY::Timing score<hold /<ns>> = 0.000
PAR_SUMMARY::Number of errors = 0

Total CPU  time to completion: 1 mins 27 secs 
Total REAL time to completion: 1 mins 33 secs 

par done!

Note: user must run 'Trace' for timing closure signoff.

Copyright (c) 1991-1994 by NeoCAD Inc. All rights reserved.
Copyright (c) 1995 AT&T Corp.   All rights reserved.
Copyright (c) 1995-2001 Lucent Technologies Inc.  All rights reserved.
Copyright (c) 2001 Agere Systems   All rights reserved.
Copyright (c) 2002-2024 Lattice Semiconductor Corporation,  All rights reserved.
Exiting par with exit code 0
Exiting mpartrce with exit code 0

trce -f "BM_H13DSP_M_impl1.pt" -o "BM_H13DSP_M_impl1.twr" "BM_H13DSP_M_impl1.ncd" "BM_H13DSP_M_impl1.prf"
trce:  version Diamond (64-bit) 3.14.0.75.2

Copyright (c) 1991-1994 by NeoCAD Inc. All rights reserved.
Copyright (c) 1995 AT&T Corp.   All rights reserved.
Copyright (c) 1995-2001 Lucent Technologies Inc.  All rights reserved.
Copyright (c) 2001 Agere Systems   All rights reserved.
Copyright (c) 2002-2024 Lattice Semiconductor Corporation,  All rights reserved.

Loading design for application trce from file bm_h13dsp_m_impl1.ncd.
Design name: BM_H13DSP_M
NCD version: 3.3
Vendor:      LATTICE
Device:      LCMXO3LF-6900C
Package:     CABGA400
Performance: 5
Loading device for application trce from file 'xo3c6900.nph' in environment: C:/studyware/lattice_diamond_3_14/ispfpga.
Package Status:                     Final          Version 1.17.
Performance Hardware Data Status:   Final          Version 37.5.
Setup and Hold Report

--------------------------------------------------------------------------------
Lattice TRACE Report - Setup, Version Diamond (64-bit) 3.14.0.75.2
Thu Oct 23 14:13:21 2025

Copyright (c) 1991-1994 by NeoCAD Inc. All rights reserved.
Copyright (c) 1995 AT&T Corp.   All rights reserved.
Copyright (c) 1995-2001 Lucent Technologies Inc.  All rights reserved.
Copyright (c) 2001 Agere Systems   All rights reserved.
Copyright (c) 2002-2024 Lattice Semiconductor Corporation,  All rights reserved.

Report Information
------------------
Command line:    trce -v 10 -gt -sethld -sp 5 -sphld m -o BM_H13DSP_M_impl1.twr -gui -msgset C:/CPLD/intel/fenghuo_initial/BM_H13DSP_M/pro/promote.xml BM_H13DSP_M_impl1.ncd BM_H13DSP_M_impl1.prf 
Design file:     bm_h13dsp_m_impl1.ncd
Preference file: bm_h13dsp_m_impl1.prf
Device,speed:    LCMXO3LF-6900C,5
Report level:    verbose report, limited to 10 items per preference
--------------------------------------------------------------------------------

BLOCK ASYNCPATHS
BLOCK RESETPATHS
--------------------------------------------------------------------------------


Derating parameters
-------------------
VCCIO Voltage:
                   3.300 V (Bank 0, defined by PAR)
                   1.800 V (Bank 1, defined by PAR)
                   3.300 V (Bank 2, defined by PAR)
                   3.300 V (Bank 3, defined by PAR)
                   3.300 V (Bank 4, defined by PAR)
                   3.300 V (Bank 5, defined by PAR)



Timing summary (Setup):
---------------

Timing errors: 0  Score: 0
Cumulative negative slack: 0

Constraints cover 38944 paths, 4 nets, and 16360 connections (82.19% coverage)

--------------------------------------------------------------------------------
Lattice TRACE Report - Hold, Version Diamond (64-bit) 3.14.0.75.2
Thu Oct 23 14:13:22 2025

Copyright (c) 1991-1994 by NeoCAD Inc. All rights reserved.
Copyright (c) 1995 AT&T Corp.   All rights reserved.
Copyright (c) 1995-2001 Lucent Technologies Inc.  All rights reserved.
Copyright (c) 2001 Agere Systems   All rights reserved.
Copyright (c) 2002-2024 Lattice Semiconductor Corporation,  All rights reserved.

Report Information
------------------
Command line:    trce -v 10 -gt -sethld -sp 5 -sphld m -o BM_H13DSP_M_impl1.twr -gui -msgset C:/CPLD/intel/fenghuo_initial/BM_H13DSP_M/pro/promote.xml BM_H13DSP_M_impl1.ncd BM_H13DSP_M_impl1.prf 
Design file:     bm_h13dsp_m_impl1.ncd
Preference file: bm_h13dsp_m_impl1.prf
Device,speed:    LCMXO3LF-6900C,m
Report level:    verbose report, limited to 10 items per preference
--------------------------------------------------------------------------------

BLOCK ASYNCPATHS
BLOCK RESETPATHS
--------------------------------------------------------------------------------


Derating parameters
-------------------
VCCIO Voltage:
                   3.300 V (Bank 0, defined by PAR)
                   1.800 V (Bank 1, defined by PAR)
                   3.300 V (Bank 2, defined by PAR)
                   3.300 V (Bank 3, defined by PAR)
                   3.300 V (Bank 4, defined by PAR)
                   3.300 V (Bank 5, defined by PAR)



Timing summary (Hold):
---------------

Timing errors: 0  Score: 0
Cumulative negative slack: 0

Constraints cover 38944 paths, 4 nets, and 16356 connections (82.17% coverage)



Timing summary (Setup and Hold):
---------------

Timing errors: 0 (setup), 0 (hold)
Score: 0 (setup), 0 (hold)
Cumulative negative slack: 0 (0+0)
--------------------------------------------------------------------------------

--------------------------------------------------------------------------------

Total CPU Time: 2 secs 
Total REAL Time: 2 secs 
Peak Memory Usage: 103 MB


iotiming  "BM_H13DSP_M_impl1.ncd" "BM_H13DSP_M_impl1.prf"
I/O Timing Report:
:  version Diamond (64-bit) 3.14.0.75.2

Copyright (c) 1991-1994 by NeoCAD Inc. All rights reserved.
Copyright (c) 1995 AT&T Corp.   All rights reserved.
Copyright (c) 1995-2001 Lucent Technologies Inc.  All rights reserved.
Copyright (c) 2001 Agere Systems   All rights reserved.
Copyright (c) 2002-2024 Lattice Semiconductor Corporation,  All rights reserved.

Loading design for application iotiming from file bm_h13dsp_m_impl1.ncd.
Design name: BM_H13DSP_M
NCD version: 3.3
Vendor:      LATTICE
Device:      LCMXO3LF-6900C
Package:     CABGA400
Performance: 5
Loading device for application iotiming from file 'xo3c6900.nph' in environment: C:/studyware/lattice_diamond_3_14/ispfpga.
Package Status:                     Final          Version 1.17.
Performance Hardware Data Status:   Final          Version 37.5.
Running Performance Grade: 5
Computing Setup Time ...
Computing Max Clock to Output Delay ...
Computing Hold Time ...
Computing Min Clock to Output Delay ...

Loading design for application iotiming from file bm_h13dsp_m_impl1.ncd.
Design name: BM_H13DSP_M
NCD version: 3.3
Vendor:      LATTICE
Device:      LCMXO3LF-6900C
Package:     CABGA400
Performance: 6
Package Status:                     Final          Version 1.17.
Performance Hardware Data Status:   Final          Version 37.5.
Running Performance Grade: 6
Computing Setup Time ...
Computing Max Clock to Output Delay ...
Computing Hold Time ...
Computing Min Clock to Output Delay ...

Loading design for application iotiming from file bm_h13dsp_m_impl1.ncd.
Design name: BM_H13DSP_M
NCD version: 3.3
Vendor:      LATTICE
Device:      LCMXO3LF-6900C
Package:     CABGA400
Performance: M
Package Status:                     Final          Version 1.17.
Performance Hardware Data Status:   Final          Version 37.5.
Running Performance Grade: M
Computing Setup Time ...
Computing Max Clock to Output Delay ...
Computing Hold Time ...
Computing Min Clock to Output Delay ...
Done.
