
Loading design for application trce from file bp_4s104g5_impl1.ncd.
Design name: BP_4S104G5
NCD version: 3.3
Vendor:      LATTICE
Device:      LCMXO3LF-6900C
Package:     CABGA400
Performance: 5
Loading device for application trce from file 'xo3c6900.nph' in environment: C:/lscc/diamond/3_14/ispfpga.
Package Status:                     Final          Version 1.17.
Performance Hardware Data Status:   Final          Version 37.5.
Setup and Hold Report

--------------------------------------------------------------------------------
Lattice TRACE Report - Setup, Version Diamond (64-bit) 3.14.0.75.2
Fri Oct 31 16:47:46 2025

Copyright (c) 1991-1994 by NeoCAD Inc. All rights reserved.
Copyright (c) 1995 AT&T Corp.   All rights reserved.
Copyright (c) 1995-2001 Lucent Technologies Inc.  All rights reserved.
Copyright (c) 2001 Agere Systems   All rights reserved.
Copyright (c) 2002-2024 Lattice Semiconductor Corporation,  All rights reserved.

Report Information
------------------
Command line:    trce -v 10 -gt -sethld -sp 5 -sphld m -o BP_4S104G5_impl1.twr -gui -msgset D:/ODM MB SWITCH/SWITCH/CPLD/BP_4S104G5/pro/promote.xml BP_4S104G5_impl1.ncd BP_4S104G5_impl1.prf 
Design file:     bp_4s104g5_impl1.ncd
Preference file: bp_4s104g5_impl1.prf
Device,speed:    LCMXO3LF-6900C,5
Report level:    verbose report, limited to 10 items per preference
--------------------------------------------------------------------------------

BLOCK ASYNCPATHS
BLOCK RESETPATHS
--------------------------------------------------------------------------------


Derating parameters
-------------------
VCCIO Voltage:
                   3.300 V (Bank 0, defined by PAR)
                   3.300 V (Bank 1, defined by PAR)
                   3.300 V (Bank 2, defined by PAR)
                   1.800 V (Bank 3, defined by PAR)
                   3.300 V (Bank 4, defined by PAR)
                   3.300 V (Bank 5, defined by PAR)



================================================================================
Preference: FREQUENCY NET "i_CPLD1_CLK_c" 25.000000 MHz ;
            0 items scored, 0 timing errors detected.
--------------------------------------------------------------------------------


================================================================================
Preference: FREQUENCY NET "clk_50m" 50.000000 MHz HOLD_MARGIN 0.200000 ns ;
            1223 items scored, 0 timing errors detected.
--------------------------------------------------------------------------------


Passed: The following path meets requirements by 10.908ns

 Logical Details:  Cell type  Pin type       Cell/ASIC name  (clock net +/-)

   Source:         FF         Q              db_power_pg_mInst[8].nxt_s1io[8]  (from clk_50m +)
   Destination:    FF         Data in        db_power_pg/mInst[8].out_i[8]  (to clk_50m +)

   Delay:               8.690ns  (21.6% logic, 78.4% route), 4 logic levels.

 Constraint Details:

      8.690ns physical path delay i_P0V8_SW3_PWRGD_MGIOL to SLICE_292 meets
     20.000ns delay constraint less
      0.153ns skew and
      0.249ns CE_SET requirement (totaling 19.598ns) by 10.908ns

 Physical Path Details:

      Data path i_P0V8_SW3_PWRGD_MGIOL to SLICE_292:

   Name    Fanout   Delay (ns)          Site               Resource
C2INP_DEL   ---     0.523    IOL_R5B.CLK to     IOL_R5B.IN i_P0V8_SW3_PWRGD_MGIOL (from clk_50m)
ROUTE         2     3.788     IOL_R5B.IN to     R15C17D.A1 db_power_pg.mInst[8].nxt_s1[8]
CTOF_DEL    ---     0.452     R15C17D.A1 to     R15C17D.F1 db_power_pg/SLICE_209
ROUTE         4     0.920     R15C17D.F1 to     R15C17A.B1 db_power_pg/equal[8]
CTOF_DEL    ---     0.452     R15C17A.B1 to     R15C17A.F1 SLICE_310
ROUTE         3     0.888     R15C17A.F1 to     R16C17C.A0 db_power_pg/cnt[8]3
CTOF_DEL    ---     0.452     R16C17C.A0 to     R16C17C.F0 SLICE_474
ROUTE         1     1.215     R16C17C.F0 to     R18C16B.CE db_power_pg/out_i_0_sqmuxa_2 (to clk_50m)
                  --------
                    8.690   (21.6% logic, 78.4% route), 4 logic levels.

 Clock Skew Details: 

      Source Clock Path pll_inst/PLLInst_0 to i_P0V8_SW3_PWRGD_MGIOL:

   Name    Fanout   Delay (ns)          Site               Resource
ROUTE       118     1.864     LPLL.CLKOP to    IOL_R5B.CLK clk_50m
                  --------
                    1.864   (0.0% logic, 100.0% route), 0 logic levels.

      Destination Clock Path pll_inst/PLLInst_0 to SLICE_292:

   Name    Fanout   Delay (ns)          Site               Resource
ROUTE       118     1.711     LPLL.CLKOP to    R18C16B.CLK clk_50m
                  --------
                    1.711   (0.0% logic, 100.0% route), 0 logic levels.


Passed: The following path meets requirements by 11.140ns

 Logical Details:  Cell type  Pin type       Cell/ASIC name  (clock net +/-)

   Source:         FF         Q              db_power_pg_mInst[8].nxt_s1io[8]  (from clk_50m +)
   Destination:    FF         Data in        db_power_pg/mInst[8].cnt[8][2]  (to clk_50m +)

   Delay:               8.557ns  (27.2% logic, 72.8% route), 5 logic levels.

 Constraint Details:

      8.557ns physical path delay i_P0V8_SW3_PWRGD_MGIOL to db_power_pg/SLICE_209 meets
     20.000ns delay constraint less
      0.153ns skew and
      0.150ns DIN_SET requirement (totaling 19.697ns) by 11.140ns

 Physical Path Details:

      Data path i_P0V8_SW3_PWRGD_MGIOL to db_power_pg/SLICE_209:

   Name    Fanout   Delay (ns)          Site               Resource
C2INP_DEL   ---     0.523    IOL_R5B.CLK to     IOL_R5B.IN i_P0V8_SW3_PWRGD_MGIOL (from clk_50m)
ROUTE         2     3.788     IOL_R5B.IN to     R15C17D.A1 db_power_pg.mInst[8].nxt_s1[8]
CTOF_DEL    ---     0.452     R15C17D.A1 to     R15C17D.F1 db_power_pg/SLICE_209
ROUTE         4     0.920     R15C17D.F1 to     R15C17A.B1 db_power_pg/equal[8]
CTOF_DEL    ---     0.452     R15C17A.B1 to     R15C17A.F1 SLICE_310
ROUTE         3     0.625     R15C17A.F1 to     R15C17A.B0 db_power_pg/cnt[8]3
CTOF_DEL    ---     0.452     R15C17A.B0 to     R15C17A.F0 SLICE_310
ROUTE         2     0.893     R15C17A.F0 to     R15C17D.B0 db_power_pg/CO0_6
CTOF_DEL    ---     0.452     R15C17D.B0 to     R15C17D.F0 db_power_pg/SLICE_209
ROUTE         1     0.000     R15C17D.F0 to    R15C17D.DI0 db_power_pg/cnt[8]_3[2] (to clk_50m)
                  --------
                    8.557   (27.2% logic, 72.8% route), 5 logic levels.

 Clock Skew Details: 

      Source Clock Path pll_inst/PLLInst_0 to i_P0V8_SW3_PWRGD_MGIOL:

   Name    Fanout   Delay (ns)          Site               Resource
ROUTE       118     1.864     LPLL.CLKOP to    IOL_R5B.CLK clk_50m
                  --------
                    1.864   (0.0% logic, 100.0% route), 0 logic levels.

      Destination Clock Path pll_inst/PLLInst_0 to db_power_pg/SLICE_209:

   Name    Fanout   Delay (ns)          Site               Resource
ROUTE       118     1.711     LPLL.CLKOP to    R15C17D.CLK clk_50m
                  --------
                    1.711   (0.0% logic, 100.0% route), 0 logic levels.


Passed: The following path meets requirements by 11.171ns

 Logical Details:  Cell type  Pin type       Cell/ASIC name  (clock net +/-)

   Source:         FF         Q              db_power_pg_mInst[8].nxt_s1io[8]  (from clk_50m +)
   Destination:    FF         Data in        db_power_pg/mInst[8].cnt[8][1]  (to clk_50m +)

   Delay:               8.526ns  (27.3% logic, 72.7% route), 5 logic levels.

 Constraint Details:

      8.526ns physical path delay i_P0V8_SW3_PWRGD_MGIOL to db_power_pg/SLICE_208 meets
     20.000ns delay constraint less
      0.153ns skew and
      0.150ns DIN_SET requirement (totaling 19.697ns) by 11.171ns

 Physical Path Details:

      Data path i_P0V8_SW3_PWRGD_MGIOL to db_power_pg/SLICE_208:

   Name    Fanout   Delay (ns)          Site               Resource
C2INP_DEL   ---     0.523    IOL_R5B.CLK to     IOL_R5B.IN i_P0V8_SW3_PWRGD_MGIOL (from clk_50m)
ROUTE         2     3.788     IOL_R5B.IN to     R15C17D.A1 db_power_pg.mInst[8].nxt_s1[8]
CTOF_DEL    ---     0.452     R15C17D.A1 to     R15C17D.F1 db_power_pg/SLICE_209
ROUTE         4     0.920     R15C17D.F1 to     R15C17A.B1 db_power_pg/equal[8]
CTOF_DEL    ---     0.452     R15C17A.B1 to     R15C17A.F1 SLICE_310
ROUTE         3     0.625     R15C17A.F1 to     R15C17A.B0 db_power_pg/cnt[8]3
CTOF_DEL    ---     0.452     R15C17A.B0 to     R15C17A.F0 SLICE_310
ROUTE         2     0.862     R15C17A.F0 to     R15C17B.A1 db_power_pg/CO0_6
CTOF_DEL    ---     0.452     R15C17B.A1 to     R15C17B.F1 db_power_pg/SLICE_208
ROUTE         1     0.000     R15C17B.F1 to    R15C17B.DI1 db_power_pg/cnt[8]_3[1] (to clk_50m)
                  --------
                    8.526   (27.3% logic, 72.7% route), 5 logic levels.

 Clock Skew Details: 

      Source Clock Path pll_inst/PLLInst_0 to i_P0V8_SW3_PWRGD_MGIOL:

   Name    Fanout   Delay (ns)          Site               Resource
ROUTE       118     1.864     LPLL.CLKOP to    IOL_R5B.CLK clk_50m
                  --------
                    1.864   (0.0% logic, 100.0% route), 0 logic levels.

      Destination Clock Path pll_inst/PLLInst_0 to db_power_pg/SLICE_208:

   Name    Fanout   Delay (ns)          Site               Resource
ROUTE       118     1.711     LPLL.CLKOP to    R15C17B.CLK clk_50m
                  --------
                    1.711   (0.0% logic, 100.0% route), 0 logic levels.


Passed: The following path meets requirements by 11.200ns

 Logical Details:  Cell type  Pin type       Cell/ASIC name  (clock net +/-)

   Source:         FF         Q              db_power_pg_mInst[0].nxt_s1io[0]  (from clk_50m +)
   Destination:    FF         Data in        db_power_pg/mInst[0].out_i[0]  (to clk_50m +)

   Delay:               8.434ns  (22.3% logic, 77.7% route), 4 logic levels.

 Constraint Details:

      8.434ns physical path delay i_PAL_P12V_STBY_PG_MGIOL to SLICE_293 meets
     20.000ns delay constraint less
      0.117ns skew and
      0.249ns CE_SET requirement (totaling 19.634ns) by 11.200ns

 Physical Path Details:

      Data path i_PAL_P12V_STBY_PG_MGIOL to SLICE_293:

   Name    Fanout   Delay (ns)          Site               Resource
C2INP_DEL   ---     0.523   IOL_R25C.CLK to    IOL_R25C.IN i_PAL_P12V_STBY_PG_MGIOL (from clk_50m)
ROUTE         2     3.471    IOL_R25C.IN to     R21C19D.D1 db_power_pg.mInst[0].nxt_s1[0]
CTOF_DEL    ---     0.452     R21C19D.D1 to     R21C19D.F1 db_power_pg/SLICE_187
ROUTE         4     0.886     R21C19D.F1 to     R21C18B.A1 db_power_pg/equal[0]
CTOF_DEL    ---     0.452     R21C18B.A1 to     R21C18B.F1 SLICE_317
ROUTE         3     0.983     R21C18B.F1 to     R19C18C.B1 db_power_pg/cnt[0]5
CTOF_DEL    ---     0.452     R19C18C.B1 to     R19C18C.F1 SLICE_469
ROUTE         1     1.215     R19C18C.F1 to     R18C19C.CE db_power_pg/out_i_0_sqmuxa_10 (to clk_50m)
                  --------
                    8.434   (22.3% logic, 77.7% route), 4 logic levels.

 Clock Skew Details: 

      Source Clock Path pll_inst/PLLInst_0 to i_PAL_P12V_STBY_PG_MGIOL:

   Name    Fanout   Delay (ns)          Site               Resource
ROUTE       118     1.828     LPLL.CLKOP to   IOL_R25C.CLK clk_50m
                  --------
                    1.828   (0.0% logic, 100.0% route), 0 logic levels.

      Destination Clock Path pll_inst/PLLInst_0 to SLICE_293:

   Name    Fanout   Delay (ns)          Site               Resource
ROUTE       118     1.711     LPLL.CLKOP to    R18C19C.CLK clk_50m
                  --------
                    1.711   (0.0% logic, 100.0% route), 0 logic levels.


Passed: The following path meets requirements by 11.388ns

 Logical Details:  Cell type  Pin type       Cell/ASIC name  (clock net +/-)

   Source:         FF         Q              db_power_pg_mInst[11].nxt_s1io[11]  (from clk_50m +)
   Destination:    FF         Data in        db_power_pg/mInst[11].out_i[11]  (to clk_50m +)

   Delay:               8.246ns  (22.8% logic, 77.2% route), 4 logic levels.

 Constraint Details:

      8.246ns physical path delay i_P0V8_SW0_PWRGD_MGIOL to SLICE_289 meets
     20.000ns delay constraint less
      0.117ns skew and
      0.249ns CE_SET requirement (totaling 19.634ns) by 11.388ns

 Physical Path Details:

      Data path i_P0V8_SW0_PWRGD_MGIOL to SLICE_289:

   Name    Fanout   Delay (ns)          Site               Resource
C2INP_DEL   ---     0.523   IOL_B38C.CLK to    IOL_B38C.IN i_P0V8_SW0_PWRGD_MGIOL (from clk_50m)
ROUTE         2     3.097    IOL_B38C.IN to     R21C15C.C1 db_power_pg.mInst[11].nxt_s1[11]
CTOF_DEL    ---     0.452     R21C15C.C1 to     R21C15C.F1 db_power_pg/SLICE_191
ROUTE         4     0.573     R21C15C.F1 to     R21C15A.D1 db_power_pg/equal[11]
CTOF_DEL    ---     0.452     R21C15A.D1 to     R21C15A.F1 SLICE_307
ROUTE         3     1.643     R21C15A.F1 to     R19C17B.B0 db_power_pg/cnt[11]3
CTOF_DEL    ---     0.452     R19C17B.B0 to     R19C17B.F0 SLICE_471
ROUTE         1     1.054     R19C17B.F0 to     R12C17C.CE db_power_pg/out_i_0_sqmuxa_7 (to clk_50m)
                  --------
                    8.246   (22.8% logic, 77.2% route), 4 logic levels.

 Clock Skew Details: 

      Source Clock Path pll_inst/PLLInst_0 to i_P0V8_SW0_PWRGD_MGIOL:

   Name    Fanout   Delay (ns)          Site               Resource
ROUTE       118     1.828     LPLL.CLKOP to   IOL_B38C.CLK clk_50m
                  --------
                    1.828   (0.0% logic, 100.0% route), 0 logic levels.

      Destination Clock Path pll_inst/PLLInst_0 to SLICE_289:

   Name    Fanout   Delay (ns)          Site               Resource
ROUTE       118     1.711     LPLL.CLKOP to    R12C17C.CLK clk_50m
                  --------
                    1.711   (0.0% logic, 100.0% route), 0 logic levels.


Passed: The following path meets requirements by 11.599ns

 Logical Details:  Cell type  Pin type       Cell/ASIC name  (clock net +/-)

   Source:         FF         Q              db_power_pg_mInst[7].nxt_s1io[7]  (from clk_50m +)
   Destination:    FF         Data in        db_power_pg/mInst[7].out_i[7]  (to clk_50m +)

   Delay:               8.035ns  (23.4% logic, 76.6% route), 4 logic levels.

 Constraint Details:

      8.035ns physical path delay i_CT_P1V25_SW0_PG_MGIOL to SLICE_405 meets
     20.000ns delay constraint less
      0.117ns skew and
      0.249ns CE_SET requirement (totaling 19.634ns) by 11.599ns

 Physical Path Details:

      Data path i_CT_P1V25_SW0_PG_MGIOL to SLICE_405:

   Name    Fanout   Delay (ns)          Site               Resource
C2INP_DEL   ---     0.523   IOL_R21B.CLK to    IOL_R21B.IN i_CT_P1V25_SW0_PG_MGIOL (from clk_50m)
ROUTE         2     3.608    IOL_R21B.IN to     R14C15A.C1 db_power_pg.mInst[7].nxt_s1[7]
CTOF_DEL    ---     0.452     R14C15A.C1 to     R14C15A.F1 db_power_pg/SLICE_207
ROUTE         4     0.914     R14C15A.F1 to     R14C15D.B1 db_power_pg/equal[7]
CTOF_DEL    ---     0.452     R14C15D.B1 to     R14C15D.F1 SLICE_311
ROUTE         3     0.594     R14C15D.F1 to     R14C16B.A1 db_power_pg/cnt[7]3
CTOF_DEL    ---     0.452     R14C16B.A1 to     R14C16B.F1 SLICE_290
ROUTE         1     1.040     R14C16B.F1 to     R15C13C.CE db_power_pg/out_i_0_sqmuxa_3 (to clk_50m)
                  --------
                    8.035   (23.4% logic, 76.6% route), 4 logic levels.

 Clock Skew Details: 

      Source Clock Path pll_inst/PLLInst_0 to i_CT_P1V25_SW0_PG_MGIOL:

   Name    Fanout   Delay (ns)          Site               Resource
ROUTE       118     1.828     LPLL.CLKOP to   IOL_R21B.CLK clk_50m
                  --------
                    1.828   (0.0% logic, 100.0% route), 0 logic levels.

      Destination Clock Path pll_inst/PLLInst_0 to SLICE_405:

   Name    Fanout   Delay (ns)          Site               Resource
ROUTE       118     1.711     LPLL.CLKOP to    R15C13C.CLK clk_50m
                  --------
                    1.711   (0.0% logic, 100.0% route), 0 logic levels.


Passed: The following path meets requirements by 11.602ns

 Logical Details:  Cell type  Pin type       Cell/ASIC name  (clock net +/-)

   Source:         FF         Q              db_power_pg_mInst[1].nxt_s1io[1]  (from clk_50m +)
   Destination:    FF         Data in        db_power_pg/mInst[1].out_i[1]  (to clk_50m +)

   Delay:               8.032ns  (23.4% logic, 76.6% route), 4 logic levels.

 Constraint Details:

      8.032ns physical path delay i_PG_P1V8_PLL_R_MGIOL to SLICE_294 meets
     20.000ns delay constraint less
      0.117ns skew and
      0.249ns CE_SET requirement (totaling 19.634ns) by 11.602ns

 Physical Path Details:

      Data path i_PG_P1V8_PLL_R_MGIOL to SLICE_294:

   Name    Fanout   Delay (ns)          Site               Resource
C2INP_DEL   ---     0.523   IOL_R25B.CLK to    IOL_R25B.IN i_PG_P1V8_PLL_R_MGIOL (from clk_50m)
ROUTE         2     3.034    IOL_R25B.IN to     R22C18A.C1 db_power_pg.mInst[1].nxt_s1[1]
CTOF_DEL    ---     0.452     R22C18A.C1 to     R22C18A.F1 db_power_pg/SLICE_197
ROUTE         4     0.594     R22C18A.F1 to     R22C18C.A1 db_power_pg/equal[1]
CTOF_DEL    ---     0.452     R22C18C.A1 to     R22C18C.F1 SLICE_316
ROUTE         3     0.671     R22C18C.F1 to     R21C18D.C1 db_power_pg/cnt[1]3
CTOF_DEL    ---     0.452     R21C18D.C1 to     R21C18D.F1 SLICE_470
ROUTE         1     1.854     R21C18D.F1 to     R18C23D.CE db_power_pg/out_i_0_sqmuxa_5 (to clk_50m)
                  --------
                    8.032   (23.4% logic, 76.6% route), 4 logic levels.

 Clock Skew Details: 

      Source Clock Path pll_inst/PLLInst_0 to i_PG_P1V8_PLL_R_MGIOL:

   Name    Fanout   Delay (ns)          Site               Resource
ROUTE       118     1.828     LPLL.CLKOP to   IOL_R25B.CLK clk_50m
                  --------
                    1.828   (0.0% logic, 100.0% route), 0 logic levels.

      Destination Clock Path pll_inst/PLLInst_0 to SLICE_294:

   Name    Fanout   Delay (ns)          Site               Resource
ROUTE       118     1.711     LPLL.CLKOP to    R18C23D.CLK clk_50m
                  --------
                    1.711   (0.0% logic, 100.0% route), 0 logic levels.


Passed: The following path meets requirements by 11.619ns

 Logical Details:  Cell type  Pin type       Cell/ASIC name  (clock net +/-)

   Source:         FF         Q              db_power_pg_mInst[7].nxt_s1io[7]  (from clk_50m +)
   Destination:    FF         Data in        db_power_pg/mInst[7].cnt[7][2]  (to clk_50m +)

   Delay:               8.114ns  (28.7% logic, 71.3% route), 5 logic levels.

 Constraint Details:

      8.114ns physical path delay i_CT_P1V25_SW0_PG_MGIOL to db_power_pg/SLICE_207 meets
     20.000ns delay constraint less
      0.117ns skew and
      0.150ns DIN_SET requirement (totaling 19.733ns) by 11.619ns

 Physical Path Details:

      Data path i_CT_P1V25_SW0_PG_MGIOL to db_power_pg/SLICE_207:

   Name    Fanout   Delay (ns)          Site               Resource
C2INP_DEL   ---     0.523   IOL_R21B.CLK to    IOL_R21B.IN i_CT_P1V25_SW0_PG_MGIOL (from clk_50m)
ROUTE         2     3.608    IOL_R21B.IN to     R14C15A.C1 db_power_pg.mInst[7].nxt_s1[7]
CTOF_DEL    ---     0.452     R14C15A.C1 to     R14C15A.F1 db_power_pg/SLICE_207
ROUTE         4     0.914     R14C15A.F1 to     R14C15D.B1 db_power_pg/equal[7]
CTOF_DEL    ---     0.452     R14C15D.B1 to     R14C15D.F1 SLICE_311
ROUTE         3     0.399     R14C15D.F1 to     R14C15D.C0 db_power_pg/cnt[7]3
CTOF_DEL    ---     0.452     R14C15D.C0 to     R14C15D.F0 SLICE_311
ROUTE         2     0.862     R14C15D.F0 to     R14C15A.A0 db_power_pg/CO0_5
CTOF_DEL    ---     0.452     R14C15A.A0 to     R14C15A.F0 db_power_pg/SLICE_207
ROUTE         1     0.000     R14C15A.F0 to    R14C15A.DI0 db_power_pg/cnt[7]_3[2] (to clk_50m)
                  --------
                    8.114   (28.7% logic, 71.3% route), 5 logic levels.

 Clock Skew Details: 

      Source Clock Path pll_inst/PLLInst_0 to i_CT_P1V25_SW0_PG_MGIOL:

   Name    Fanout   Delay (ns)          Site               Resource
ROUTE       118     1.828     LPLL.CLKOP to   IOL_R21B.CLK clk_50m
                  --------
                    1.828   (0.0% logic, 100.0% route), 0 logic levels.

      Destination Clock Path pll_inst/PLLInst_0 to db_power_pg/SLICE_207:

   Name    Fanout   Delay (ns)          Site               Resource
ROUTE       118     1.711     LPLL.CLKOP to    R14C15A.CLK clk_50m
                  --------
                    1.711   (0.0% logic, 100.0% route), 0 logic levels.


Passed: The following path meets requirements by 11.631ns

 Logical Details:  Cell type  Pin type       Cell/ASIC name  (clock net +/-)

   Source:         FF         Q              db_power_pg_mInst[2].nxt_s1io[2]  (from clk_50m +)
   Destination:    FF         Data in        db_power_pg/mInst[2].out_i[2]  (to clk_50m +)

   Delay:               8.003ns  (23.5% logic, 76.5% route), 4 logic levels.

 Constraint Details:

      8.003ns physical path delay i_PG_P1V8_R_MGIOL to SLICE_295 meets
     20.000ns delay constraint less
      0.117ns skew and
      0.249ns CE_SET requirement (totaling 19.634ns) by 11.631ns

 Physical Path Details:

      Data path i_PG_P1V8_R_MGIOL to SLICE_295:

   Name    Fanout   Delay (ns)          Site               Resource
C2INP_DEL   ---     0.523   IOL_R22C.CLK to    IOL_R22C.IN i_PG_P1V8_R_MGIOL (from clk_50m)
ROUTE         2     3.144    IOL_R22C.IN to     R21C19B.C1 db_power_pg.mInst[2].nxt_s1[2]
CTOF_DEL    ---     0.452     R21C19B.C1 to     R21C19B.F1 db_power_pg/SLICE_199
ROUTE         4     0.291     R21C19B.F1 to     R21C19C.D1 db_power_pg/equal[2]
CTOF_DEL    ---     0.452     R21C19C.D1 to     R21C19C.F1 SLICE_315
ROUTE         3     1.067     R21C19C.F1 to     R19C17B.D1 db_power_pg/cnt[2]3
CTOF_DEL    ---     0.452     R19C17B.D1 to     R19C17B.F1 SLICE_471
ROUTE         1     1.622     R19C17B.F1 to     R14C20D.CE db_power_pg/out_i_0_sqmuxa_4 (to clk_50m)
                  --------
                    8.003   (23.5% logic, 76.5% route), 4 logic levels.

 Clock Skew Details: 

      Source Clock Path pll_inst/PLLInst_0 to i_PG_P1V8_R_MGIOL:

   Name    Fanout   Delay (ns)          Site               Resource
ROUTE       118     1.828     LPLL.CLKOP to   IOL_R22C.CLK clk_50m
                  --------
                    1.828   (0.0% logic, 100.0% route), 0 logic levels.

      Destination Clock Path pll_inst/PLLInst_0 to SLICE_295:

   Name    Fanout   Delay (ns)          Site               Resource
ROUTE       118     1.711     LPLL.CLKOP to    R14C20D.CLK clk_50m
                  --------
                    1.711   (0.0% logic, 100.0% route), 0 logic levels.


Passed: The following path meets requirements by 11.751ns

 Logical Details:  Cell type  Pin type       Cell/ASIC name  (clock net +/-)

   Source:         FF         Q              db_power_pg_mInst[0].nxt_s1io[0]  (from clk_50m +)
   Destination:    FF         Data in        db_power_pg/mInst[0].cnt[0][2]  (to clk_50m +)

   Delay:               7.946ns  (29.3% logic, 70.7% route), 5 logic levels.

 Constraint Details:

      7.946ns physical path delay i_PAL_P12V_STBY_PG_MGIOL to db_power_pg/SLICE_187 meets
     20.000ns delay constraint less
      0.153ns skew and
      0.150ns DIN_SET requirement (totaling 19.697ns) by 11.751ns

 Physical Path Details:

      Data path i_PAL_P12V_STBY_PG_MGIOL to db_power_pg/SLICE_187:

   Name    Fanout   Delay (ns)          Site               Resource
C2INP_DEL   ---     0.523   IOL_R25C.CLK to    IOL_R25C.IN i_PAL_P12V_STBY_PG_MGIOL (from clk_50m)
ROUTE         2     3.471    IOL_R25C.IN to     R21C19D.D1 db_power_pg.mInst[0].nxt_s1[0]
CTOF_DEL    ---     0.452     R21C19D.D1 to     R21C19D.F1 db_power_pg/SLICE_187
ROUTE         4     0.886     R21C19D.F1 to     R21C18B.A1 db_power_pg/equal[0]
CTOF_DEL    ---     0.452     R21C18B.A1 to     R21C18B.F1 SLICE_317
ROUTE         3     0.399     R21C18B.F1 to     R21C18B.C0 db_power_pg/cnt[0]5
CTOF_DEL    ---     0.452     R21C18B.C0 to     R21C18B.F0 SLICE_317
ROUTE         2     0.859     R21C18B.F0 to     R21C19D.A0 db_power_pg/CO0
CTOF_DEL    ---     0.452     R21C19D.A0 to     R21C19D.F0 db_power_pg/SLICE_187
ROUTE         1     0.000     R21C19D.F0 to    R21C19D.DI0 db_power_pg/cnt[0]_4[2] (to clk_50m)
                  --------
                    7.946   (29.3% logic, 70.7% route), 5 logic levels.

 Clock Skew Details: 

      Source Clock Path pll_inst/PLLInst_0 to i_PAL_P12V_STBY_PG_MGIOL:

   Name    Fanout   Delay (ns)          Site               Resource
ROUTE       118     1.828     LPLL.CLKOP to   IOL_R25C.CLK clk_50m
                  --------
                    1.828   (0.0% logic, 100.0% route), 0 logic levels.

      Destination Clock Path pll_inst/PLLInst_0 to db_power_pg/SLICE_187:

   Name    Fanout   Delay (ns)          Site               Resource
ROUTE       118     1.675     LPLL.CLKOP to    R21C19D.CLK clk_50m
                  --------
                    1.675   (0.0% logic, 100.0% route), 0 logic levels.

Report:  109.987MHz is the maximum frequency for this preference.


================================================================================
Preference: FREQUENCY NET "wb_clk" 4.290000 MHz HOLD_MARGIN 0.200000 ns ;
            0 items scored, 0 timing errors detected.
--------------------------------------------------------------------------------


Passed:  The following path meets requirements by 224.454ns
         The internal maximum frequency of the following component is 115.660 MHz

 Logical Details:  Cell type  Pin name       Component name

   Destination:    EFB        WBCLKI         inst_i2c_update_flash_config/EFBInst_0

   Delay:               8.646ns -- based on Minimum Pulse Width

Report:  115.660MHz is the maximum frequency for this preference.


================================================================================
Preference: FREQUENCY NET "clk_25m" 25.000000 MHz ;
            4096 items scored, 0 timing errors detected.
--------------------------------------------------------------------------------


Passed: The following path meets requirements by 23.022ns

 Logical Details:  Cell type  Pin type       Cell/ASIC name  (clock net +/-)

   Source:         FF         Q              bmc_cpld_i2c_ram/i2c_slave_bmc_u0/w_i2c_command[5]  (from bmc_cpld_i2c_ram/i2c_slave_bmc_u0/w_i2c_command_1_i +)
   Destination:    FF         Data in        bmc_cpld_i2c_ram/i2c_slave_bmc_u0/r_i2c_command[13]  (to clk_25m +)

   Delay:               7.915ns  (49.3% logic, 50.7% route), 9 logic levels.

 Constraint Details:

      7.915ns physical path delay bmc_cpld_i2c_ram/SLICE_361 to bmc_cpld_i2c_ram/i2c_slave_bmc_u0/SLICE_176 meets
     40.000ns delay constraint less
      8.913ns skew and
      0.000ns feedback compensation and
      0.150ns DIN_SET requirement (totaling 30.937ns) by 23.022ns

 Physical Path Details:

      Data path bmc_cpld_i2c_ram/SLICE_361 to bmc_cpld_i2c_ram/i2c_slave_bmc_u0/SLICE_176:

   Name    Fanout   Delay (ns)          Site               Resource
REG_DEL     ---     0.409    R18C18A.CLK to     R18C18A.Q1 bmc_cpld_i2c_ram/SLICE_361 (from bmc_cpld_i2c_ram/i2c_slave_bmc_u0/w_i2c_command_1_i)
ROUTE         2     1.638     R18C18A.Q1 to     R15C20C.A1 bmc_cpld_i2c_ram/i2c_slave_bmc_u0/w_i2c_command[5]
C1TOFCO_DE  ---     0.786     R15C20C.A1 to    R15C20C.FCO bmc_cpld_i2c_ram/i2c_slave_bmc_u0/SLICE_18
ROUTE         1     0.000    R15C20C.FCO to    R15C20D.FCI bmc_cpld_i2c_ram/i2c_slave_bmc_u0/un1_r_i2c_command_temp_0_4_cry_5
FCITOFCO_D  ---     0.146    R15C20D.FCI to    R15C20D.FCO bmc_cpld_i2c_ram/i2c_slave_bmc_u0/SLICE_17
ROUTE         1     0.000    R15C20D.FCO to    R15C21A.FCI bmc_cpld_i2c_ram/i2c_slave_bmc_u0/un1_r_i2c_command_temp_0_4_cry_7
FCITOFCO_D  ---     0.146    R15C21A.FCI to    R15C21A.FCO bmc_cpld_i2c_ram/i2c_slave_bmc_u0/SLICE_16
ROUTE         1     0.000    R15C21A.FCO to    R15C21B.FCI bmc_cpld_i2c_ram/i2c_slave_bmc_u0/un1_r_i2c_command_temp_0_4_cry_9
FCITOF0_DE  ---     0.517    R15C21B.FCI to     R15C21B.F0 bmc_cpld_i2c_ram/i2c_slave_bmc_u0/SLICE_15
ROUTE         1     1.223     R15C21B.F0 to     R16C21B.A1 bmc_cpld_i2c_ram/i2c_slave_bmc_u0/un1_r_i2c_command_temp_0_4[10]
C1TOFCO_DE  ---     0.786     R16C21B.A1 to    R16C21B.FCO bmc_cpld_i2c_ram/i2c_slave_bmc_u0/SLICE_7
ROUTE         1     0.000    R16C21B.FCO to    R16C21C.FCI bmc_cpld_i2c_ram/i2c_slave_bmc_u0/un1_r_i2c_command_temp_0_cry_10
FCITOFCO_D  ---     0.146    R16C21C.FCI to    R16C21C.FCO bmc_cpld_i2c_ram/i2c_slave_bmc_u0/SLICE_6
ROUTE         1     0.000    R16C21C.FCO to    R16C21D.FCI bmc_cpld_i2c_ram/i2c_slave_bmc_u0/un1_r_i2c_command_temp_0_cry_12
FCITOF0_DE  ---     0.517    R16C21D.FCI to     R16C21D.F0 SLICE_5
ROUTE         1     1.149     R16C21D.F0 to     R18C20D.A1 bmc_cpld_i2c_ram/i2c_slave_bmc_u0/un1_r_i2c_command_temp_10[13]
CTOF_DEL    ---     0.452     R18C20D.A1 to     R18C20D.F1 bmc_cpld_i2c_ram/i2c_slave_bmc_u0/SLICE_176
ROUTE         1     0.000     R18C20D.F1 to    R18C20D.DI1 bmc_cpld_i2c_ram/i2c_slave_bmc_u0/un1_r_i2c_command_temp_1[13] (to clk_25m)
                  --------
                    7.915   (49.3% logic, 50.7% route), 9 logic levels.

 Clock Skew Details: 

      Source Clock Path i_CPLD1_CLK to bmc_cpld_i2c_ram/SLICE_361:

   Name    Fanout   Delay (ns)          Site               Resource
PADI_DEL    ---     1.132        B10.PAD to      B10.PADDI i_CPLD1_CLK
ROUTE         1     0.921      B10.PADDI to      LPLL.CLKI i_CPLD1_CLK_c
CLKI2OS_DE  ---     0.000      LPLL.CLKI to     LPLL.CLKOS pll_inst/PLLInst_0
ROUTE       137     1.711     LPLL.CLKOS to    R19C22B.CLK clk_25m
REG_DEL     ---     0.409    R19C22B.CLK to     R19C22B.Q1 bmc_cpld_i2c_ram/i2c_slave_bmc_u0/SLICE_28
ROUTE         3     1.513     R19C22B.Q1 to     R17C22B.A0 bmc_cpld_i2c_ram/i2c_slave_bmc_u0/r_write_byte_cnt[2]
CTOF_DEL    ---     0.452     R17C22B.A0 to     R17C22B.F0 bmc_cpld_i2c_ram/i2c_slave_bmc_u0/SLICE_450
ROUTE         1     0.954     R17C22B.F0 to     R18C20B.C1 bmc_cpld_i2c_ram/i2c_slave_bmc_u0/r_i2c_command_temp6_0_a2_0_8
CTOF_DEL    ---     0.452     R18C20B.C1 to     R18C20B.F1 bmc_cpld_i2c_ram/i2c_slave_bmc_u0/SLICE_333
ROUTE         4     0.685     R18C20B.F1 to     R19C20D.C1 bmc_cpld_i2c_ram/i2c_slave_bmc_u0/N_419
CTOF_DEL    ---     0.452     R19C20D.C1 to     R19C20D.F1 bmc_cpld_i2c_ram/i2c_slave_bmc_u0/SLICE_448
ROUTE         1     1.146     R19C20D.F1 to     R14C20B.D0 bmc_cpld_i2c_ram/i2c_slave_bmc_u0/w_i2c_command_1_0_a2_1
CTOF_DEL    ---     0.452     R14C20B.D0 to     R14C20B.F0 bmc_cpld_i2c_ram/i2c_slave_bmc_u0/SLICE_334
ROUTE         8     2.398     R14C20B.F0 to    R18C18A.CLK bmc_cpld_i2c_ram/i2c_slave_bmc_u0/w_i2c_command_1_i
                  --------
                   12.677   (26.4% logic, 73.6% route), 7 logic levels.

      Source Clock f/b:

   Name    Fanout   Delay (ns)          Site               Resource
CLKFB2OP_D  ---     0.000     LPLL.CLKFB to     LPLL.CLKOP pll_inst/PLLInst_0
ROUTE       118     1.863     LPLL.CLKOP to     LPLL.CLKFB clk_50m
                  --------
                    1.863   (0.0% logic, 100.0% route), 1 logic levels.

      Destination Clock Path i_CPLD1_CLK to bmc_cpld_i2c_ram/i2c_slave_bmc_u0/SLICE_176:

   Name    Fanout   Delay (ns)          Site               Resource
PADI_DEL    ---     1.132        B10.PAD to      B10.PADDI i_CPLD1_CLK
ROUTE         1     0.921      B10.PADDI to      LPLL.CLKI i_CPLD1_CLK_c
CLKI2OS_DE  ---     0.000      LPLL.CLKI to     LPLL.CLKOS pll_inst/PLLInst_0
ROUTE       137     1.711     LPLL.CLKOS to    R18C20D.CLK clk_25m
                  --------
                    3.764   (30.1% logic, 69.9% route), 2 logic levels.

      Destination Clock f/b:

   Name    Fanout   Delay (ns)          Site               Resource
CLKFB2OP_D  ---     0.000     LPLL.CLKFB to     LPLL.CLKOP pll_inst/PLLInst_0
ROUTE       118     1.863     LPLL.CLKOP to     LPLL.CLKFB clk_50m
                  --------
                    1.863   (0.0% logic, 100.0% route), 1 logic levels.


Passed: The following path meets requirements by 23.022ns

 Logical Details:  Cell type  Pin type       Cell/ASIC name  (clock net +/-)

   Source:         FF         Q              bmc_cpld_i2c_ram/i2c_slave_bmc_u0/w_i2c_command[5]  (from bmc_cpld_i2c_ram/i2c_slave_bmc_u0/w_i2c_command_1_i +)
   Destination:    FF         Data in        bmc_cpld_i2c_ram/i2c_slave_bmc_u0/r_i2c_command[13]  (to clk_25m +)

   Delay:               7.915ns  (49.3% logic, 50.7% route), 9 logic levels.

 Constraint Details:

      7.915ns physical path delay bmc_cpld_i2c_ram/SLICE_361 to bmc_cpld_i2c_ram/i2c_slave_bmc_u0/SLICE_176 meets
     40.000ns delay constraint less
      8.913ns skew and
      0.000ns feedback compensation and
      0.150ns DIN_SET requirement (totaling 30.937ns) by 23.022ns

 Physical Path Details:

      Data path bmc_cpld_i2c_ram/SLICE_361 to bmc_cpld_i2c_ram/i2c_slave_bmc_u0/SLICE_176:

   Name    Fanout   Delay (ns)          Site               Resource
REG_DEL     ---     0.409    R18C18A.CLK to     R18C18A.Q1 bmc_cpld_i2c_ram/SLICE_361 (from bmc_cpld_i2c_ram/i2c_slave_bmc_u0/w_i2c_command_1_i)
ROUTE         2     1.638     R18C18A.Q1 to     R15C20C.A1 bmc_cpld_i2c_ram/i2c_slave_bmc_u0/w_i2c_command[5]
C1TOFCO_DE  ---     0.786     R15C20C.A1 to    R15C20C.FCO bmc_cpld_i2c_ram/i2c_slave_bmc_u0/SLICE_18
ROUTE         1     0.000    R15C20C.FCO to    R15C20D.FCI bmc_cpld_i2c_ram/i2c_slave_bmc_u0/un1_r_i2c_command_temp_0_4_cry_5
FCITOF0_DE  ---     0.517    R15C20D.FCI to     R15C20D.F0 bmc_cpld_i2c_ram/i2c_slave_bmc_u0/SLICE_17
ROUTE         1     1.223     R15C20D.F0 to     R16C20D.A1 bmc_cpld_i2c_ram/i2c_slave_bmc_u0/un1_r_i2c_command_temp_0_4[6]
C1TOFCO_DE  ---     0.786     R16C20D.A1 to    R16C20D.FCO SLICE_9
ROUTE         1     0.000    R16C20D.FCO to    R16C21A.FCI bmc_cpld_i2c_ram/i2c_slave_bmc_u0/un1_r_i2c_command_temp_0_cry_6
FCITOFCO_D  ---     0.146    R16C21A.FCI to    R16C21A.FCO bmc_cpld_i2c_ram/i2c_slave_bmc_u0/SLICE_8
ROUTE         1     0.000    R16C21A.FCO to    R16C21B.FCI bmc_cpld_i2c_ram/i2c_slave_bmc_u0/un1_r_i2c_command_temp_0_cry_8
FCITOFCO_D  ---     0.146    R16C21B.FCI to    R16C21B.FCO bmc_cpld_i2c_ram/i2c_slave_bmc_u0/SLICE_7
ROUTE         1     0.000    R16C21B.FCO to    R16C21C.FCI bmc_cpld_i2c_ram/i2c_slave_bmc_u0/un1_r_i2c_command_temp_0_cry_10
FCITOFCO_D  ---     0.146    R16C21C.FCI to    R16C21C.FCO bmc_cpld_i2c_ram/i2c_slave_bmc_u0/SLICE_6
ROUTE         1     0.000    R16C21C.FCO to    R16C21D.FCI bmc_cpld_i2c_ram/i2c_slave_bmc_u0/un1_r_i2c_command_temp_0_cry_12
FCITOF0_DE  ---     0.517    R16C21D.FCI to     R16C21D.F0 SLICE_5
ROUTE         1     1.149     R16C21D.F0 to     R18C20D.A1 bmc_cpld_i2c_ram/i2c_slave_bmc_u0/un1_r_i2c_command_temp_10[13]
CTOF_DEL    ---     0.452     R18C20D.A1 to     R18C20D.F1 bmc_cpld_i2c_ram/i2c_slave_bmc_u0/SLICE_176
ROUTE         1     0.000     R18C20D.F1 to    R18C20D.DI1 bmc_cpld_i2c_ram/i2c_slave_bmc_u0/un1_r_i2c_command_temp_1[13] (to clk_25m)
                  --------
                    7.915   (49.3% logic, 50.7% route), 9 logic levels.

 Clock Skew Details: 

      Source Clock Path i_CPLD1_CLK to bmc_cpld_i2c_ram/SLICE_361:

   Name    Fanout   Delay (ns)          Site               Resource
PADI_DEL    ---     1.132        B10.PAD to      B10.PADDI i_CPLD1_CLK
ROUTE         1     0.921      B10.PADDI to      LPLL.CLKI i_CPLD1_CLK_c
CLKI2OS_DE  ---     0.000      LPLL.CLKI to     LPLL.CLKOS pll_inst/PLLInst_0
ROUTE       137     1.711     LPLL.CLKOS to    R19C22B.CLK clk_25m
REG_DEL     ---     0.409    R19C22B.CLK to     R19C22B.Q1 bmc_cpld_i2c_ram/i2c_slave_bmc_u0/SLICE_28
ROUTE         3     1.513     R19C22B.Q1 to     R17C22B.A0 bmc_cpld_i2c_ram/i2c_slave_bmc_u0/r_write_byte_cnt[2]
CTOF_DEL    ---     0.452     R17C22B.A0 to     R17C22B.F0 bmc_cpld_i2c_ram/i2c_slave_bmc_u0/SLICE_450
ROUTE         1     0.954     R17C22B.F0 to     R18C20B.C1 bmc_cpld_i2c_ram/i2c_slave_bmc_u0/r_i2c_command_temp6_0_a2_0_8
CTOF_DEL    ---     0.452     R18C20B.C1 to     R18C20B.F1 bmc_cpld_i2c_ram/i2c_slave_bmc_u0/SLICE_333
ROUTE         4     0.685     R18C20B.F1 to     R19C20D.C1 bmc_cpld_i2c_ram/i2c_slave_bmc_u0/N_419
CTOF_DEL    ---     0.452     R19C20D.C1 to     R19C20D.F1 bmc_cpld_i2c_ram/i2c_slave_bmc_u0/SLICE_448
ROUTE         1     1.146     R19C20D.F1 to     R14C20B.D0 bmc_cpld_i2c_ram/i2c_slave_bmc_u0/w_i2c_command_1_0_a2_1
CTOF_DEL    ---     0.452     R14C20B.D0 to     R14C20B.F0 bmc_cpld_i2c_ram/i2c_slave_bmc_u0/SLICE_334
ROUTE         8     2.398     R14C20B.F0 to    R18C18A.CLK bmc_cpld_i2c_ram/i2c_slave_bmc_u0/w_i2c_command_1_i
                  --------
                   12.677   (26.4% logic, 73.6% route), 7 logic levels.

      Source Clock f/b:

   Name    Fanout   Delay (ns)          Site               Resource
CLKFB2OP_D  ---     0.000     LPLL.CLKFB to     LPLL.CLKOP pll_inst/PLLInst_0
ROUTE       118     1.863     LPLL.CLKOP to     LPLL.CLKFB clk_50m
                  --------
                    1.863   (0.0% logic, 100.0% route), 1 logic levels.

      Destination Clock Path i_CPLD1_CLK to bmc_cpld_i2c_ram/i2c_slave_bmc_u0/SLICE_176:

   Name    Fanout   Delay (ns)          Site               Resource
PADI_DEL    ---     1.132        B10.PAD to      B10.PADDI i_CPLD1_CLK
ROUTE         1     0.921      B10.PADDI to      LPLL.CLKI i_CPLD1_CLK_c
CLKI2OS_DE  ---     0.000      LPLL.CLKI to     LPLL.CLKOS pll_inst/PLLInst_0
ROUTE       137     1.711     LPLL.CLKOS to    R18C20D.CLK clk_25m
                  --------
                    3.764   (30.1% logic, 69.9% route), 2 logic levels.

      Destination Clock f/b:

   Name    Fanout   Delay (ns)          Site               Resource
CLKFB2OP_D  ---     0.000     LPLL.CLKFB to     LPLL.CLKOP pll_inst/PLLInst_0
ROUTE       118     1.863     LPLL.CLKOP to     LPLL.CLKFB clk_50m
                  --------
                    1.863   (0.0% logic, 100.0% route), 1 logic levels.


Passed: The following path meets requirements by 23.022ns

 Logical Details:  Cell type  Pin type       Cell/ASIC name  (clock net +/-)

   Source:         FF         Q              bmc_cpld_i2c_ram/i2c_slave_bmc_u0/w_i2c_command[5]  (from bmc_cpld_i2c_ram/i2c_slave_bmc_u0/w_i2c_command_1_i +)
   Destination:    FF         Data in        bmc_cpld_i2c_ram/i2c_slave_bmc_u0/r_i2c_command[13]  (to clk_25m +)

   Delay:               7.915ns  (49.3% logic, 50.7% route), 9 logic levels.

 Constraint Details:

      7.915ns physical path delay bmc_cpld_i2c_ram/SLICE_361 to bmc_cpld_i2c_ram/i2c_slave_bmc_u0/SLICE_176 meets
     40.000ns delay constraint less
      8.913ns skew and
      0.000ns feedback compensation and
      0.150ns DIN_SET requirement (totaling 30.937ns) by 23.022ns

 Physical Path Details:

      Data path bmc_cpld_i2c_ram/SLICE_361 to bmc_cpld_i2c_ram/i2c_slave_bmc_u0/SLICE_176:

   Name    Fanout   Delay (ns)          Site               Resource
REG_DEL     ---     0.409    R18C18A.CLK to     R18C18A.Q1 bmc_cpld_i2c_ram/SLICE_361 (from bmc_cpld_i2c_ram/i2c_slave_bmc_u0/w_i2c_command_1_i)
ROUTE         2     1.638     R18C18A.Q1 to     R15C20C.A1 bmc_cpld_i2c_ram/i2c_slave_bmc_u0/w_i2c_command[5]
C1TOFCO_DE  ---     0.786     R15C20C.A1 to    R15C20C.FCO bmc_cpld_i2c_ram/i2c_slave_bmc_u0/SLICE_18
ROUTE         1     0.000    R15C20C.FCO to    R15C20D.FCI bmc_cpld_i2c_ram/i2c_slave_bmc_u0/un1_r_i2c_command_temp_0_4_cry_5
FCITOFCO_D  ---     0.146    R15C20D.FCI to    R15C20D.FCO bmc_cpld_i2c_ram/i2c_slave_bmc_u0/SLICE_17
ROUTE         1     0.000    R15C20D.FCO to    R15C21A.FCI bmc_cpld_i2c_ram/i2c_slave_bmc_u0/un1_r_i2c_command_temp_0_4_cry_7
FCITOF0_DE  ---     0.517    R15C21A.FCI to     R15C21A.F0 bmc_cpld_i2c_ram/i2c_slave_bmc_u0/SLICE_16
ROUTE         1     1.223     R15C21A.F0 to     R16C21A.A1 bmc_cpld_i2c_ram/i2c_slave_bmc_u0/un1_r_i2c_command_temp_0_4[8]
C1TOFCO_DE  ---     0.786     R16C21A.A1 to    R16C21A.FCO bmc_cpld_i2c_ram/i2c_slave_bmc_u0/SLICE_8
ROUTE         1     0.000    R16C21A.FCO to    R16C21B.FCI bmc_cpld_i2c_ram/i2c_slave_bmc_u0/un1_r_i2c_command_temp_0_cry_8
FCITOFCO_D  ---     0.146    R16C21B.FCI to    R16C21B.FCO bmc_cpld_i2c_ram/i2c_slave_bmc_u0/SLICE_7
ROUTE         1     0.000    R16C21B.FCO to    R16C21C.FCI bmc_cpld_i2c_ram/i2c_slave_bmc_u0/un1_r_i2c_command_temp_0_cry_10
FCITOFCO_D  ---     0.146    R16C21C.FCI to    R16C21C.FCO bmc_cpld_i2c_ram/i2c_slave_bmc_u0/SLICE_6
ROUTE         1     0.000    R16C21C.FCO to    R16C21D.FCI bmc_cpld_i2c_ram/i2c_slave_bmc_u0/un1_r_i2c_command_temp_0_cry_12
FCITOF0_DE  ---     0.517    R16C21D.FCI to     R16C21D.F0 SLICE_5
ROUTE         1     1.149     R16C21D.F0 to     R18C20D.A1 bmc_cpld_i2c_ram/i2c_slave_bmc_u0/un1_r_i2c_command_temp_10[13]
CTOF_DEL    ---     0.452     R18C20D.A1 to     R18C20D.F1 bmc_cpld_i2c_ram/i2c_slave_bmc_u0/SLICE_176
ROUTE         1     0.000     R18C20D.F1 to    R18C20D.DI1 bmc_cpld_i2c_ram/i2c_slave_bmc_u0/un1_r_i2c_command_temp_1[13] (to clk_25m)
                  --------
                    7.915   (49.3% logic, 50.7% route), 9 logic levels.

 Clock Skew Details: 

      Source Clock Path i_CPLD1_CLK to bmc_cpld_i2c_ram/SLICE_361:

   Name    Fanout   Delay (ns)          Site               Resource
PADI_DEL    ---     1.132        B10.PAD to      B10.PADDI i_CPLD1_CLK
ROUTE         1     0.921      B10.PADDI to      LPLL.CLKI i_CPLD1_CLK_c
CLKI2OS_DE  ---     0.000      LPLL.CLKI to     LPLL.CLKOS pll_inst/PLLInst_0
ROUTE       137     1.711     LPLL.CLKOS to    R19C22B.CLK clk_25m
REG_DEL     ---     0.409    R19C22B.CLK to     R19C22B.Q1 bmc_cpld_i2c_ram/i2c_slave_bmc_u0/SLICE_28
ROUTE         3     1.513     R19C22B.Q1 to     R17C22B.A0 bmc_cpld_i2c_ram/i2c_slave_bmc_u0/r_write_byte_cnt[2]
CTOF_DEL    ---     0.452     R17C22B.A0 to     R17C22B.F0 bmc_cpld_i2c_ram/i2c_slave_bmc_u0/SLICE_450
ROUTE         1     0.954     R17C22B.F0 to     R18C20B.C1 bmc_cpld_i2c_ram/i2c_slave_bmc_u0/r_i2c_command_temp6_0_a2_0_8
CTOF_DEL    ---     0.452     R18C20B.C1 to     R18C20B.F1 bmc_cpld_i2c_ram/i2c_slave_bmc_u0/SLICE_333
ROUTE         4     0.685     R18C20B.F1 to     R19C20D.C1 bmc_cpld_i2c_ram/i2c_slave_bmc_u0/N_419
CTOF_DEL    ---     0.452     R19C20D.C1 to     R19C20D.F1 bmc_cpld_i2c_ram/i2c_slave_bmc_u0/SLICE_448
ROUTE         1     1.146     R19C20D.F1 to     R14C20B.D0 bmc_cpld_i2c_ram/i2c_slave_bmc_u0/w_i2c_command_1_0_a2_1
CTOF_DEL    ---     0.452     R14C20B.D0 to     R14C20B.F0 bmc_cpld_i2c_ram/i2c_slave_bmc_u0/SLICE_334
ROUTE         8     2.398     R14C20B.F0 to    R18C18A.CLK bmc_cpld_i2c_ram/i2c_slave_bmc_u0/w_i2c_command_1_i
                  --------
                   12.677   (26.4% logic, 73.6% route), 7 logic levels.

      Source Clock f/b:

   Name    Fanout   Delay (ns)          Site               Resource
CLKFB2OP_D  ---     0.000     LPLL.CLKFB to     LPLL.CLKOP pll_inst/PLLInst_0
ROUTE       118     1.863     LPLL.CLKOP to     LPLL.CLKFB clk_50m
                  --------
                    1.863   (0.0% logic, 100.0% route), 1 logic levels.

      Destination Clock Path i_CPLD1_CLK to bmc_cpld_i2c_ram/i2c_slave_bmc_u0/SLICE_176:

   Name    Fanout   Delay (ns)          Site               Resource
PADI_DEL    ---     1.132        B10.PAD to      B10.PADDI i_CPLD1_CLK
ROUTE         1     0.921      B10.PADDI to      LPLL.CLKI i_CPLD1_CLK_c
CLKI2OS_DE  ---     0.000      LPLL.CLKI to     LPLL.CLKOS pll_inst/PLLInst_0
ROUTE       137     1.711     LPLL.CLKOS to    R18C20D.CLK clk_25m
                  --------
                    3.764   (30.1% logic, 69.9% route), 2 logic levels.

      Destination Clock f/b:

   Name    Fanout   Delay (ns)          Site               Resource
CLKFB2OP_D  ---     0.000     LPLL.CLKFB to     LPLL.CLKOP pll_inst/PLLInst_0
ROUTE       118     1.863     LPLL.CLKOP to     LPLL.CLKFB clk_50m
                  --------
                    1.863   (0.0% logic, 100.0% route), 1 logic levels.


Passed: The following path meets requirements by 23.071ns

 Logical Details:  Cell type  Pin type       Cell/ASIC name  (clock net +/-)

   Source:         FF         Q              bmc_cpld_i2c_ram/i2c_slave_bmc_u0/w_i2c_command[5]  (from bmc_cpld_i2c_ram/i2c_slave_bmc_u0/w_i2c_command_1_i +)
   Destination:    FF         Data in        bmc_cpld_i2c_ram/i2c_slave_bmc_u0/r_i2c_command[13]  (to clk_25m +)

   Delay:               7.866ns  (50.0% logic, 50.0% route), 8 logic levels.

 Constraint Details:

      7.866ns physical path delay bmc_cpld_i2c_ram/SLICE_361 to bmc_cpld_i2c_ram/i2c_slave_bmc_u0/SLICE_176 meets
     40.000ns delay constraint less
      8.913ns skew and
      0.000ns feedback compensation and
      0.150ns DIN_SET requirement (totaling 30.937ns) by 23.071ns

 Physical Path Details:

      Data path bmc_cpld_i2c_ram/SLICE_361 to bmc_cpld_i2c_ram/i2c_slave_bmc_u0/SLICE_176:

   Name    Fanout   Delay (ns)          Site               Resource
REG_DEL     ---     0.409    R18C18A.CLK to     R18C18A.Q1 bmc_cpld_i2c_ram/SLICE_361 (from bmc_cpld_i2c_ram/i2c_slave_bmc_u0/w_i2c_command_1_i)
ROUTE         2     1.638     R18C18A.Q1 to     R15C20C.A1 bmc_cpld_i2c_ram/i2c_slave_bmc_u0/w_i2c_command[5]
C1TOFCO_DE  ---     0.786     R15C20C.A1 to    R15C20C.FCO bmc_cpld_i2c_ram/i2c_slave_bmc_u0/SLICE_18
ROUTE         1     0.000    R15C20C.FCO to    R15C20D.FCI bmc_cpld_i2c_ram/i2c_slave_bmc_u0/un1_r_i2c_command_temp_0_4_cry_5
FCITOF1_DE  ---     0.569    R15C20D.FCI to     R15C20D.F1 bmc_cpld_i2c_ram/i2c_slave_bmc_u0/SLICE_17
ROUTE         1     1.149     R15C20D.F1 to     R16C21A.A0 bmc_cpld_i2c_ram/i2c_slave_bmc_u0/un1_r_i2c_command_temp_0_4[7]
C0TOFCO_DE  ---     0.905     R16C21A.A0 to    R16C21A.FCO bmc_cpld_i2c_ram/i2c_slave_bmc_u0/SLICE_8
ROUTE         1     0.000    R16C21A.FCO to    R16C21B.FCI bmc_cpld_i2c_ram/i2c_slave_bmc_u0/un1_r_i2c_command_temp_0_cry_8
FCITOFCO_D  ---     0.146    R16C21B.FCI to    R16C21B.FCO bmc_cpld_i2c_ram/i2c_slave_bmc_u0/SLICE_7
ROUTE         1     0.000    R16C21B.FCO to    R16C21C.FCI bmc_cpld_i2c_ram/i2c_slave_bmc_u0/un1_r_i2c_command_temp_0_cry_10
FCITOFCO_D  ---     0.146    R16C21C.FCI to    R16C21C.FCO bmc_cpld_i2c_ram/i2c_slave_bmc_u0/SLICE_6
ROUTE         1     0.000    R16C21C.FCO to    R16C21D.FCI bmc_cpld_i2c_ram/i2c_slave_bmc_u0/un1_r_i2c_command_temp_0_cry_12
FCITOF0_DE  ---     0.517    R16C21D.FCI to     R16C21D.F0 SLICE_5
ROUTE         1     1.149     R16C21D.F0 to     R18C20D.A1 bmc_cpld_i2c_ram/i2c_slave_bmc_u0/un1_r_i2c_command_temp_10[13]
CTOF_DEL    ---     0.452     R18C20D.A1 to     R18C20D.F1 bmc_cpld_i2c_ram/i2c_slave_bmc_u0/SLICE_176
ROUTE         1     0.000     R18C20D.F1 to    R18C20D.DI1 bmc_cpld_i2c_ram/i2c_slave_bmc_u0/un1_r_i2c_command_temp_1[13] (to clk_25m)
                  --------
                    7.866   (50.0% logic, 50.0% route), 8 logic levels.

 Clock Skew Details: 

      Source Clock Path i_CPLD1_CLK to bmc_cpld_i2c_ram/SLICE_361:

   Name    Fanout   Delay (ns)          Site               Resource
PADI_DEL    ---     1.132        B10.PAD to      B10.PADDI i_CPLD1_CLK
ROUTE         1     0.921      B10.PADDI to      LPLL.CLKI i_CPLD1_CLK_c
CLKI2OS_DE  ---     0.000      LPLL.CLKI to     LPLL.CLKOS pll_inst/PLLInst_0
ROUTE       137     1.711     LPLL.CLKOS to    R19C22B.CLK clk_25m
REG_DEL     ---     0.409    R19C22B.CLK to     R19C22B.Q1 bmc_cpld_i2c_ram/i2c_slave_bmc_u0/SLICE_28
ROUTE         3     1.513     R19C22B.Q1 to     R17C22B.A0 bmc_cpld_i2c_ram/i2c_slave_bmc_u0/r_write_byte_cnt[2]
CTOF_DEL    ---     0.452     R17C22B.A0 to     R17C22B.F0 bmc_cpld_i2c_ram/i2c_slave_bmc_u0/SLICE_450
ROUTE         1     0.954     R17C22B.F0 to     R18C20B.C1 bmc_cpld_i2c_ram/i2c_slave_bmc_u0/r_i2c_command_temp6_0_a2_0_8
CTOF_DEL    ---     0.452     R18C20B.C1 to     R18C20B.F1 bmc_cpld_i2c_ram/i2c_slave_bmc_u0/SLICE_333
ROUTE         4     0.685     R18C20B.F1 to     R19C20D.C1 bmc_cpld_i2c_ram/i2c_slave_bmc_u0/N_419
CTOF_DEL    ---     0.452     R19C20D.C1 to     R19C20D.F1 bmc_cpld_i2c_ram/i2c_slave_bmc_u0/SLICE_448
ROUTE         1     1.146     R19C20D.F1 to     R14C20B.D0 bmc_cpld_i2c_ram/i2c_slave_bmc_u0/w_i2c_command_1_0_a2_1
CTOF_DEL    ---     0.452     R14C20B.D0 to     R14C20B.F0 bmc_cpld_i2c_ram/i2c_slave_bmc_u0/SLICE_334
ROUTE         8     2.398     R14C20B.F0 to    R18C18A.CLK bmc_cpld_i2c_ram/i2c_slave_bmc_u0/w_i2c_command_1_i
                  --------
                   12.677   (26.4% logic, 73.6% route), 7 logic levels.

      Source Clock f/b:

   Name    Fanout   Delay (ns)          Site               Resource
CLKFB2OP_D  ---     0.000     LPLL.CLKFB to     LPLL.CLKOP pll_inst/PLLInst_0
ROUTE       118     1.863     LPLL.CLKOP to     LPLL.CLKFB clk_50m
                  --------
                    1.863   (0.0% logic, 100.0% route), 1 logic levels.

      Destination Clock Path i_CPLD1_CLK to bmc_cpld_i2c_ram/i2c_slave_bmc_u0/SLICE_176:

   Name    Fanout   Delay (ns)          Site               Resource
PADI_DEL    ---     1.132        B10.PAD to      B10.PADDI i_CPLD1_CLK
ROUTE         1     0.921      B10.PADDI to      LPLL.CLKI i_CPLD1_CLK_c
CLKI2OS_DE  ---     0.000      LPLL.CLKI to     LPLL.CLKOS pll_inst/PLLInst_0
ROUTE       137     1.711     LPLL.CLKOS to    R18C20D.CLK clk_25m
                  --------
                    3.764   (30.1% logic, 69.9% route), 2 logic levels.

      Destination Clock f/b:

   Name    Fanout   Delay (ns)          Site               Resource
CLKFB2OP_D  ---     0.000     LPLL.CLKFB to     LPLL.CLKOP pll_inst/PLLInst_0
ROUTE       118     1.863     LPLL.CLKOP to     LPLL.CLKFB clk_50m
                  --------
                    1.863   (0.0% logic, 100.0% route), 1 logic levels.


Passed: The following path meets requirements by 23.152ns

 Logical Details:  Cell type  Pin type       Cell/ASIC name  (clock net +/-)

   Source:         FF         Q              bmc_cpld_i2c_ram/i2c_slave_bmc_u0/w_i2c_command[5]  (from bmc_cpld_i2c_ram/i2c_slave_bmc_u0/w_i2c_command_1_i +)
   Destination:    FF         Data in        bmc_cpld_i2c_ram/i2c_slave_bmc_u0/r_i2c_command[15]  (to clk_25m +)

   Delay:               7.785ns  (52.0% logic, 48.0% route), 10 logic levels.

 Constraint Details:

      7.785ns physical path delay bmc_cpld_i2c_ram/SLICE_361 to bmc_cpld_i2c_ram/i2c_slave_bmc_u0/SLICE_177 meets
     40.000ns delay constraint less
      8.913ns skew and
      0.000ns feedback compensation and
      0.150ns DIN_SET requirement (totaling 30.937ns) by 23.152ns

 Physical Path Details:

      Data path bmc_cpld_i2c_ram/SLICE_361 to bmc_cpld_i2c_ram/i2c_slave_bmc_u0/SLICE_177:

   Name    Fanout   Delay (ns)          Site               Resource
REG_DEL     ---     0.409    R18C18A.CLK to     R18C18A.Q1 bmc_cpld_i2c_ram/SLICE_361 (from bmc_cpld_i2c_ram/i2c_slave_bmc_u0/w_i2c_command_1_i)
ROUTE         2     1.638     R18C18A.Q1 to     R15C20C.A1 bmc_cpld_i2c_ram/i2c_slave_bmc_u0/w_i2c_command[5]
C1TOFCO_DE  ---     0.786     R15C20C.A1 to    R15C20C.FCO bmc_cpld_i2c_ram/i2c_slave_bmc_u0/SLICE_18
ROUTE         1     0.000    R15C20C.FCO to    R15C20D.FCI bmc_cpld_i2c_ram/i2c_slave_bmc_u0/un1_r_i2c_command_temp_0_4_cry_5
FCITOFCO_D  ---     0.146    R15C20D.FCI to    R15C20D.FCO bmc_cpld_i2c_ram/i2c_slave_bmc_u0/SLICE_17
ROUTE         1     0.000    R15C20D.FCO to    R15C21A.FCI bmc_cpld_i2c_ram/i2c_slave_bmc_u0/un1_r_i2c_command_temp_0_4_cry_7
FCITOFCO_D  ---     0.146    R15C21A.FCI to    R15C21A.FCO bmc_cpld_i2c_ram/i2c_slave_bmc_u0/SLICE_16
ROUTE         1     0.000    R15C21A.FCO to    R15C21B.FCI bmc_cpld_i2c_ram/i2c_slave_bmc_u0/un1_r_i2c_command_temp_0_4_cry_9
FCITOF0_DE  ---     0.517    R15C21B.FCI to     R15C21B.F0 bmc_cpld_i2c_ram/i2c_slave_bmc_u0/SLICE_15
ROUTE         1     1.223     R15C21B.F0 to     R16C21B.A1 bmc_cpld_i2c_ram/i2c_slave_bmc_u0/un1_r_i2c_command_temp_0_4[10]
C1TOFCO_DE  ---     0.786     R16C21B.A1 to    R16C21B.FCO bmc_cpld_i2c_ram/i2c_slave_bmc_u0/SLICE_7
ROUTE         1     0.000    R16C21B.FCO to    R16C21C.FCI bmc_cpld_i2c_ram/i2c_slave_bmc_u0/un1_r_i2c_command_temp_0_cry_10
FCITOFCO_D  ---     0.146    R16C21C.FCI to    R16C21C.FCO bmc_cpld_i2c_ram/i2c_slave_bmc_u0/SLICE_6
ROUTE         1     0.000    R16C21C.FCO to    R16C21D.FCI bmc_cpld_i2c_ram/i2c_slave_bmc_u0/un1_r_i2c_command_temp_0_cry_12
FCITOFCO_D  ---     0.146    R16C21D.FCI to    R16C21D.FCO SLICE_5
ROUTE         1     0.000    R16C21D.FCO to    R16C22A.FCI bmc_cpld_i2c_ram/i2c_slave_bmc_u0/un1_r_i2c_command_temp_0_cry_14
FCITOF0_DE  ---     0.517    R16C22A.FCI to     R16C22A.F0 bmc_cpld_i2c_ram/i2c_slave_bmc_u0/SLICE_4
ROUTE         1     0.873     R16C22A.F0 to     R17C22C.A1 bmc_cpld_i2c_ram/i2c_slave_bmc_u0/un1_r_i2c_command_temp_10[15]
CTOF_DEL    ---     0.452     R17C22C.A1 to     R17C22C.F1 bmc_cpld_i2c_ram/i2c_slave_bmc_u0/SLICE_177
ROUTE         1     0.000     R17C22C.F1 to    R17C22C.DI1 bmc_cpld_i2c_ram/i2c_slave_bmc_u0/un1_r_i2c_command_temp_1[15] (to clk_25m)
                  --------
                    7.785   (52.0% logic, 48.0% route), 10 logic levels.

 Clock Skew Details: 

      Source Clock Path i_CPLD1_CLK to bmc_cpld_i2c_ram/SLICE_361:

   Name    Fanout   Delay (ns)          Site               Resource
PADI_DEL    ---     1.132        B10.PAD to      B10.PADDI i_CPLD1_CLK
ROUTE         1     0.921      B10.PADDI to      LPLL.CLKI i_CPLD1_CLK_c
CLKI2OS_DE  ---     0.000      LPLL.CLKI to     LPLL.CLKOS pll_inst/PLLInst_0
ROUTE       137     1.711     LPLL.CLKOS to    R19C22B.CLK clk_25m
REG_DEL     ---     0.409    R19C22B.CLK to     R19C22B.Q1 bmc_cpld_i2c_ram/i2c_slave_bmc_u0/SLICE_28
ROUTE         3     1.513     R19C22B.Q1 to     R17C22B.A0 bmc_cpld_i2c_ram/i2c_slave_bmc_u0/r_write_byte_cnt[2]
CTOF_DEL    ---     0.452     R17C22B.A0 to     R17C22B.F0 bmc_cpld_i2c_ram/i2c_slave_bmc_u0/SLICE_450
ROUTE         1     0.954     R17C22B.F0 to     R18C20B.C1 bmc_cpld_i2c_ram/i2c_slave_bmc_u0/r_i2c_command_temp6_0_a2_0_8
CTOF_DEL    ---     0.452     R18C20B.C1 to     R18C20B.F1 bmc_cpld_i2c_ram/i2c_slave_bmc_u0/SLICE_333
ROUTE         4     0.685     R18C20B.F1 to     R19C20D.C1 bmc_cpld_i2c_ram/i2c_slave_bmc_u0/N_419
CTOF_DEL    ---     0.452     R19C20D.C1 to     R19C20D.F1 bmc_cpld_i2c_ram/i2c_slave_bmc_u0/SLICE_448
ROUTE         1     1.146     R19C20D.F1 to     R14C20B.D0 bmc_cpld_i2c_ram/i2c_slave_bmc_u0/w_i2c_command_1_0_a2_1
CTOF_DEL    ---     0.452     R14C20B.D0 to     R14C20B.F0 bmc_cpld_i2c_ram/i2c_slave_bmc_u0/SLICE_334
ROUTE         8     2.398     R14C20B.F0 to    R18C18A.CLK bmc_cpld_i2c_ram/i2c_slave_bmc_u0/w_i2c_command_1_i
                  --------
                   12.677   (26.4% logic, 73.6% route), 7 logic levels.

      Source Clock f/b:

   Name    Fanout   Delay (ns)          Site               Resource
CLKFB2OP_D  ---     0.000     LPLL.CLKFB to     LPLL.CLKOP pll_inst/PLLInst_0
ROUTE       118     1.863     LPLL.CLKOP to     LPLL.CLKFB clk_50m
                  --------
                    1.863   (0.0% logic, 100.0% route), 1 logic levels.

      Destination Clock Path i_CPLD1_CLK to bmc_cpld_i2c_ram/i2c_slave_bmc_u0/SLICE_177:

   Name    Fanout   Delay (ns)          Site               Resource
PADI_DEL    ---     1.132        B10.PAD to      B10.PADDI i_CPLD1_CLK
ROUTE         1     0.921      B10.PADDI to      LPLL.CLKI i_CPLD1_CLK_c
CLKI2OS_DE  ---     0.000      LPLL.CLKI to     LPLL.CLKOS pll_inst/PLLInst_0
ROUTE       137     1.711     LPLL.CLKOS to    R17C22C.CLK clk_25m
                  --------
                    3.764   (30.1% logic, 69.9% route), 2 logic levels.

      Destination Clock f/b:

   Name    Fanout   Delay (ns)          Site               Resource
CLKFB2OP_D  ---     0.000     LPLL.CLKFB to     LPLL.CLKOP pll_inst/PLLInst_0
ROUTE       118     1.863     LPLL.CLKOP to     LPLL.CLKFB clk_50m
                  --------
                    1.863   (0.0% logic, 100.0% route), 1 logic levels.


Passed: The following path meets requirements by 23.152ns

 Logical Details:  Cell type  Pin type       Cell/ASIC name  (clock net +/-)

   Source:         FF         Q              bmc_cpld_i2c_ram/i2c_slave_bmc_u0/w_i2c_command[5]  (from bmc_cpld_i2c_ram/i2c_slave_bmc_u0/w_i2c_command_1_i +)
   Destination:    FF         Data in        bmc_cpld_i2c_ram/i2c_slave_bmc_u0/r_i2c_command[15]  (to clk_25m +)

   Delay:               7.785ns  (52.0% logic, 48.0% route), 10 logic levels.

 Constraint Details:

      7.785ns physical path delay bmc_cpld_i2c_ram/SLICE_361 to bmc_cpld_i2c_ram/i2c_slave_bmc_u0/SLICE_177 meets
     40.000ns delay constraint less
      8.913ns skew and
      0.000ns feedback compensation and
      0.150ns DIN_SET requirement (totaling 30.937ns) by 23.152ns

 Physical Path Details:

      Data path bmc_cpld_i2c_ram/SLICE_361 to bmc_cpld_i2c_ram/i2c_slave_bmc_u0/SLICE_177:

   Name    Fanout   Delay (ns)          Site               Resource
REG_DEL     ---     0.409    R18C18A.CLK to     R18C18A.Q1 bmc_cpld_i2c_ram/SLICE_361 (from bmc_cpld_i2c_ram/i2c_slave_bmc_u0/w_i2c_command_1_i)
ROUTE         2     1.638     R18C18A.Q1 to     R15C20C.A1 bmc_cpld_i2c_ram/i2c_slave_bmc_u0/w_i2c_command[5]
C1TOFCO_DE  ---     0.786     R15C20C.A1 to    R15C20C.FCO bmc_cpld_i2c_ram/i2c_slave_bmc_u0/SLICE_18
ROUTE         1     0.000    R15C20C.FCO to    R15C20D.FCI bmc_cpld_i2c_ram/i2c_slave_bmc_u0/un1_r_i2c_command_temp_0_4_cry_5
FCITOFCO_D  ---     0.146    R15C20D.FCI to    R15C20D.FCO bmc_cpld_i2c_ram/i2c_slave_bmc_u0/SLICE_17
ROUTE         1     0.000    R15C20D.FCO to    R15C21A.FCI bmc_cpld_i2c_ram/i2c_slave_bmc_u0/un1_r_i2c_command_temp_0_4_cry_7
FCITOF0_DE  ---     0.517    R15C21A.FCI to     R15C21A.F0 bmc_cpld_i2c_ram/i2c_slave_bmc_u0/SLICE_16
ROUTE         1     1.223     R15C21A.F0 to     R16C21A.A1 bmc_cpld_i2c_ram/i2c_slave_bmc_u0/un1_r_i2c_command_temp_0_4[8]
C1TOFCO_DE  ---     0.786     R16C21A.A1 to    R16C21A.FCO bmc_cpld_i2c_ram/i2c_slave_bmc_u0/SLICE_8
ROUTE         1     0.000    R16C21A.FCO to    R16C21B.FCI bmc_cpld_i2c_ram/i2c_slave_bmc_u0/un1_r_i2c_command_temp_0_cry_8
FCITOFCO_D  ---     0.146    R16C21B.FCI to    R16C21B.FCO bmc_cpld_i2c_ram/i2c_slave_bmc_u0/SLICE_7
ROUTE         1     0.000    R16C21B.FCO to    R16C21C.FCI bmc_cpld_i2c_ram/i2c_slave_bmc_u0/un1_r_i2c_command_temp_0_cry_10
FCITOFCO_D  ---     0.146    R16C21C.FCI to    R16C21C.FCO bmc_cpld_i2c_ram/i2c_slave_bmc_u0/SLICE_6
ROUTE         1     0.000    R16C21C.FCO to    R16C21D.FCI bmc_cpld_i2c_ram/i2c_slave_bmc_u0/un1_r_i2c_command_temp_0_cry_12
FCITOFCO_D  ---     0.146    R16C21D.FCI to    R16C21D.FCO SLICE_5
ROUTE         1     0.000    R16C21D.FCO to    R16C22A.FCI bmc_cpld_i2c_ram/i2c_slave_bmc_u0/un1_r_i2c_command_temp_0_cry_14
FCITOF0_DE  ---     0.517    R16C22A.FCI to     R16C22A.F0 bmc_cpld_i2c_ram/i2c_slave_bmc_u0/SLICE_4
ROUTE         1     0.873     R16C22A.F0 to     R17C22C.A1 bmc_cpld_i2c_ram/i2c_slave_bmc_u0/un1_r_i2c_command_temp_10[15]
CTOF_DEL    ---     0.452     R17C22C.A1 to     R17C22C.F1 bmc_cpld_i2c_ram/i2c_slave_bmc_u0/SLICE_177
ROUTE         1     0.000     R17C22C.F1 to    R17C22C.DI1 bmc_cpld_i2c_ram/i2c_slave_bmc_u0/un1_r_i2c_command_temp_1[15] (to clk_25m)
                  --------
                    7.785   (52.0% logic, 48.0% route), 10 logic levels.

 Clock Skew Details: 

      Source Clock Path i_CPLD1_CLK to bmc_cpld_i2c_ram/SLICE_361:

   Name    Fanout   Delay (ns)          Site               Resource
PADI_DEL    ---     1.132        B10.PAD to      B10.PADDI i_CPLD1_CLK
ROUTE         1     0.921      B10.PADDI to      LPLL.CLKI i_CPLD1_CLK_c
CLKI2OS_DE  ---     0.000      LPLL.CLKI to     LPLL.CLKOS pll_inst/PLLInst_0
ROUTE       137     1.711     LPLL.CLKOS to    R19C22B.CLK clk_25m
REG_DEL     ---     0.409    R19C22B.CLK to     R19C22B.Q1 bmc_cpld_i2c_ram/i2c_slave_bmc_u0/SLICE_28
ROUTE         3     1.513     R19C22B.Q1 to     R17C22B.A0 bmc_cpld_i2c_ram/i2c_slave_bmc_u0/r_write_byte_cnt[2]
CTOF_DEL    ---     0.452     R17C22B.A0 to     R17C22B.F0 bmc_cpld_i2c_ram/i2c_slave_bmc_u0/SLICE_450
ROUTE         1     0.954     R17C22B.F0 to     R18C20B.C1 bmc_cpld_i2c_ram/i2c_slave_bmc_u0/r_i2c_command_temp6_0_a2_0_8
CTOF_DEL    ---     0.452     R18C20B.C1 to     R18C20B.F1 bmc_cpld_i2c_ram/i2c_slave_bmc_u0/SLICE_333
ROUTE         4     0.685     R18C20B.F1 to     R19C20D.C1 bmc_cpld_i2c_ram/i2c_slave_bmc_u0/N_419
CTOF_DEL    ---     0.452     R19C20D.C1 to     R19C20D.F1 bmc_cpld_i2c_ram/i2c_slave_bmc_u0/SLICE_448
ROUTE         1     1.146     R19C20D.F1 to     R14C20B.D0 bmc_cpld_i2c_ram/i2c_slave_bmc_u0/w_i2c_command_1_0_a2_1
CTOF_DEL    ---     0.452     R14C20B.D0 to     R14C20B.F0 bmc_cpld_i2c_ram/i2c_slave_bmc_u0/SLICE_334
ROUTE         8     2.398     R14C20B.F0 to    R18C18A.CLK bmc_cpld_i2c_ram/i2c_slave_bmc_u0/w_i2c_command_1_i
                  --------
                   12.677   (26.4% logic, 73.6% route), 7 logic levels.

      Source Clock f/b:

   Name    Fanout   Delay (ns)          Site               Resource
CLKFB2OP_D  ---     0.000     LPLL.CLKFB to     LPLL.CLKOP pll_inst/PLLInst_0
ROUTE       118     1.863     LPLL.CLKOP to     LPLL.CLKFB clk_50m
                  --------
                    1.863   (0.0% logic, 100.0% route), 1 logic levels.

      Destination Clock Path i_CPLD1_CLK to bmc_cpld_i2c_ram/i2c_slave_bmc_u0/SLICE_177:

   Name    Fanout   Delay (ns)          Site               Resource
PADI_DEL    ---     1.132        B10.PAD to      B10.PADDI i_CPLD1_CLK
ROUTE         1     0.921      B10.PADDI to      LPLL.CLKI i_CPLD1_CLK_c
CLKI2OS_DE  ---     0.000      LPLL.CLKI to     LPLL.CLKOS pll_inst/PLLInst_0
ROUTE       137     1.711     LPLL.CLKOS to    R17C22C.CLK clk_25m
                  --------
                    3.764   (30.1% logic, 69.9% route), 2 logic levels.

      Destination Clock f/b:

   Name    Fanout   Delay (ns)          Site               Resource
CLKFB2OP_D  ---     0.000     LPLL.CLKFB to     LPLL.CLKOP pll_inst/PLLInst_0
ROUTE       118     1.863     LPLL.CLKOP to     LPLL.CLKFB clk_50m
                  --------
                    1.863   (0.0% logic, 100.0% route), 1 logic levels.


Passed: The following path meets requirements by 23.152ns

 Logical Details:  Cell type  Pin type       Cell/ASIC name  (clock net +/-)

   Source:         FF         Q              bmc_cpld_i2c_ram/i2c_slave_bmc_u0/w_i2c_command[5]  (from bmc_cpld_i2c_ram/i2c_slave_bmc_u0/w_i2c_command_1_i +)
   Destination:    FF         Data in        bmc_cpld_i2c_ram/i2c_slave_bmc_u0/r_i2c_command[15]  (to clk_25m +)

   Delay:               7.785ns  (52.0% logic, 48.0% route), 10 logic levels.

 Constraint Details:

      7.785ns physical path delay bmc_cpld_i2c_ram/SLICE_361 to bmc_cpld_i2c_ram/i2c_slave_bmc_u0/SLICE_177 meets
     40.000ns delay constraint less
      8.913ns skew and
      0.000ns feedback compensation and
      0.150ns DIN_SET requirement (totaling 30.937ns) by 23.152ns

 Physical Path Details:

      Data path bmc_cpld_i2c_ram/SLICE_361 to bmc_cpld_i2c_ram/i2c_slave_bmc_u0/SLICE_177:

   Name    Fanout   Delay (ns)          Site               Resource
REG_DEL     ---     0.409    R18C18A.CLK to     R18C18A.Q1 bmc_cpld_i2c_ram/SLICE_361 (from bmc_cpld_i2c_ram/i2c_slave_bmc_u0/w_i2c_command_1_i)
ROUTE         2     1.638     R18C18A.Q1 to     R15C20C.A1 bmc_cpld_i2c_ram/i2c_slave_bmc_u0/w_i2c_command[5]
C1TOFCO_DE  ---     0.786     R15C20C.A1 to    R15C20C.FCO bmc_cpld_i2c_ram/i2c_slave_bmc_u0/SLICE_18
ROUTE         1     0.000    R15C20C.FCO to    R15C20D.FCI bmc_cpld_i2c_ram/i2c_slave_bmc_u0/un1_r_i2c_command_temp_0_4_cry_5
FCITOF0_DE  ---     0.517    R15C20D.FCI to     R15C20D.F0 bmc_cpld_i2c_ram/i2c_slave_bmc_u0/SLICE_17
ROUTE         1     1.223     R15C20D.F0 to     R16C20D.A1 bmc_cpld_i2c_ram/i2c_slave_bmc_u0/un1_r_i2c_command_temp_0_4[6]
C1TOFCO_DE  ---     0.786     R16C20D.A1 to    R16C20D.FCO SLICE_9
ROUTE         1     0.000    R16C20D.FCO to    R16C21A.FCI bmc_cpld_i2c_ram/i2c_slave_bmc_u0/un1_r_i2c_command_temp_0_cry_6
FCITOFCO_D  ---     0.146    R16C21A.FCI to    R16C21A.FCO bmc_cpld_i2c_ram/i2c_slave_bmc_u0/SLICE_8
ROUTE         1     0.000    R16C21A.FCO to    R16C21B.FCI bmc_cpld_i2c_ram/i2c_slave_bmc_u0/un1_r_i2c_command_temp_0_cry_8
FCITOFCO_D  ---     0.146    R16C21B.FCI to    R16C21B.FCO bmc_cpld_i2c_ram/i2c_slave_bmc_u0/SLICE_7
ROUTE         1     0.000    R16C21B.FCO to    R16C21C.FCI bmc_cpld_i2c_ram/i2c_slave_bmc_u0/un1_r_i2c_command_temp_0_cry_10
FCITOFCO_D  ---     0.146    R16C21C.FCI to    R16C21C.FCO bmc_cpld_i2c_ram/i2c_slave_bmc_u0/SLICE_6
ROUTE         1     0.000    R16C21C.FCO to    R16C21D.FCI bmc_cpld_i2c_ram/i2c_slave_bmc_u0/un1_r_i2c_command_temp_0_cry_12
FCITOFCO_D  ---     0.146    R16C21D.FCI to    R16C21D.FCO SLICE_5
ROUTE         1     0.000    R16C21D.FCO to    R16C22A.FCI bmc_cpld_i2c_ram/i2c_slave_bmc_u0/un1_r_i2c_command_temp_0_cry_14
FCITOF0_DE  ---     0.517    R16C22A.FCI to     R16C22A.F0 bmc_cpld_i2c_ram/i2c_slave_bmc_u0/SLICE_4
ROUTE         1     0.873     R16C22A.F0 to     R17C22C.A1 bmc_cpld_i2c_ram/i2c_slave_bmc_u0/un1_r_i2c_command_temp_10[15]
CTOF_DEL    ---     0.452     R17C22C.A1 to     R17C22C.F1 bmc_cpld_i2c_ram/i2c_slave_bmc_u0/SLICE_177
ROUTE         1     0.000     R17C22C.F1 to    R17C22C.DI1 bmc_cpld_i2c_ram/i2c_slave_bmc_u0/un1_r_i2c_command_temp_1[15] (to clk_25m)
                  --------
                    7.785   (52.0% logic, 48.0% route), 10 logic levels.

 Clock Skew Details: 

      Source Clock Path i_CPLD1_CLK to bmc_cpld_i2c_ram/SLICE_361:

   Name    Fanout   Delay (ns)          Site               Resource
PADI_DEL    ---     1.132        B10.PAD to      B10.PADDI i_CPLD1_CLK
ROUTE         1     0.921      B10.PADDI to      LPLL.CLKI i_CPLD1_CLK_c
CLKI2OS_DE  ---     0.000      LPLL.CLKI to     LPLL.CLKOS pll_inst/PLLInst_0
ROUTE       137     1.711     LPLL.CLKOS to    R19C22B.CLK clk_25m
REG_DEL     ---     0.409    R19C22B.CLK to     R19C22B.Q1 bmc_cpld_i2c_ram/i2c_slave_bmc_u0/SLICE_28
ROUTE         3     1.513     R19C22B.Q1 to     R17C22B.A0 bmc_cpld_i2c_ram/i2c_slave_bmc_u0/r_write_byte_cnt[2]
CTOF_DEL    ---     0.452     R17C22B.A0 to     R17C22B.F0 bmc_cpld_i2c_ram/i2c_slave_bmc_u0/SLICE_450
ROUTE         1     0.954     R17C22B.F0 to     R18C20B.C1 bmc_cpld_i2c_ram/i2c_slave_bmc_u0/r_i2c_command_temp6_0_a2_0_8
CTOF_DEL    ---     0.452     R18C20B.C1 to     R18C20B.F1 bmc_cpld_i2c_ram/i2c_slave_bmc_u0/SLICE_333
ROUTE         4     0.685     R18C20B.F1 to     R19C20D.C1 bmc_cpld_i2c_ram/i2c_slave_bmc_u0/N_419
CTOF_DEL    ---     0.452     R19C20D.C1 to     R19C20D.F1 bmc_cpld_i2c_ram/i2c_slave_bmc_u0/SLICE_448
ROUTE         1     1.146     R19C20D.F1 to     R14C20B.D0 bmc_cpld_i2c_ram/i2c_slave_bmc_u0/w_i2c_command_1_0_a2_1
CTOF_DEL    ---     0.452     R14C20B.D0 to     R14C20B.F0 bmc_cpld_i2c_ram/i2c_slave_bmc_u0/SLICE_334
ROUTE         8     2.398     R14C20B.F0 to    R18C18A.CLK bmc_cpld_i2c_ram/i2c_slave_bmc_u0/w_i2c_command_1_i
                  --------
                   12.677   (26.4% logic, 73.6% route), 7 logic levels.

      Source Clock f/b:

   Name    Fanout   Delay (ns)          Site               Resource
CLKFB2OP_D  ---     0.000     LPLL.CLKFB to     LPLL.CLKOP pll_inst/PLLInst_0
ROUTE       118     1.863     LPLL.CLKOP to     LPLL.CLKFB clk_50m
                  --------
                    1.863   (0.0% logic, 100.0% route), 1 logic levels.

      Destination Clock Path i_CPLD1_CLK to bmc_cpld_i2c_ram/i2c_slave_bmc_u0/SLICE_177:

   Name    Fanout   Delay (ns)          Site               Resource
PADI_DEL    ---     1.132        B10.PAD to      B10.PADDI i_CPLD1_CLK
ROUTE         1     0.921      B10.PADDI to      LPLL.CLKI i_CPLD1_CLK_c
CLKI2OS_DE  ---     0.000      LPLL.CLKI to     LPLL.CLKOS pll_inst/PLLInst_0
ROUTE       137     1.711     LPLL.CLKOS to    R17C22C.CLK clk_25m
                  --------
                    3.764   (30.1% logic, 69.9% route), 2 logic levels.

      Destination Clock f/b:

   Name    Fanout   Delay (ns)          Site               Resource
CLKFB2OP_D  ---     0.000     LPLL.CLKFB to     LPLL.CLKOP pll_inst/PLLInst_0
ROUTE       118     1.863     LPLL.CLKOP to     LPLL.CLKFB clk_50m
                  --------
                    1.863   (0.0% logic, 100.0% route), 1 logic levels.


Passed: The following path meets requirements by 23.152ns

 Logical Details:  Cell type  Pin type       Cell/ASIC name  (clock net +/-)

   Source:         FF         Q              bmc_cpld_i2c_ram/i2c_slave_bmc_u0/w_i2c_command[5]  (from bmc_cpld_i2c_ram/i2c_slave_bmc_u0/w_i2c_command_1_i +)
   Destination:    FF         Data in        bmc_cpld_i2c_ram/i2c_slave_bmc_u0/r_i2c_command[15]  (to clk_25m +)

   Delay:               7.785ns  (52.0% logic, 48.0% route), 10 logic levels.

 Constraint Details:

      7.785ns physical path delay bmc_cpld_i2c_ram/SLICE_361 to bmc_cpld_i2c_ram/i2c_slave_bmc_u0/SLICE_177 meets
     40.000ns delay constraint less
      8.913ns skew and
      0.000ns feedback compensation and
      0.150ns DIN_SET requirement (totaling 30.937ns) by 23.152ns

 Physical Path Details:

      Data path bmc_cpld_i2c_ram/SLICE_361 to bmc_cpld_i2c_ram/i2c_slave_bmc_u0/SLICE_177:

   Name    Fanout   Delay (ns)          Site               Resource
REG_DEL     ---     0.409    R18C18A.CLK to     R18C18A.Q1 bmc_cpld_i2c_ram/SLICE_361 (from bmc_cpld_i2c_ram/i2c_slave_bmc_u0/w_i2c_command_1_i)
ROUTE         2     1.638     R18C18A.Q1 to     R15C20C.A1 bmc_cpld_i2c_ram/i2c_slave_bmc_u0/w_i2c_command[5]
C1TOFCO_DE  ---     0.786     R15C20C.A1 to    R15C20C.FCO bmc_cpld_i2c_ram/i2c_slave_bmc_u0/SLICE_18
ROUTE         1     0.000    R15C20C.FCO to    R15C20D.FCI bmc_cpld_i2c_ram/i2c_slave_bmc_u0/un1_r_i2c_command_temp_0_4_cry_5
FCITOFCO_D  ---     0.146    R15C20D.FCI to    R15C20D.FCO bmc_cpld_i2c_ram/i2c_slave_bmc_u0/SLICE_17
ROUTE         1     0.000    R15C20D.FCO to    R15C21A.FCI bmc_cpld_i2c_ram/i2c_slave_bmc_u0/un1_r_i2c_command_temp_0_4_cry_7
FCITOFCO_D  ---     0.146    R15C21A.FCI to    R15C21A.FCO bmc_cpld_i2c_ram/i2c_slave_bmc_u0/SLICE_16
ROUTE         1     0.000    R15C21A.FCO to    R15C21B.FCI bmc_cpld_i2c_ram/i2c_slave_bmc_u0/un1_r_i2c_command_temp_0_4_cry_9
FCITOFCO_D  ---     0.146    R15C21B.FCI to    R15C21B.FCO bmc_cpld_i2c_ram/i2c_slave_bmc_u0/SLICE_15
ROUTE         1     0.000    R15C21B.FCO to    R15C21C.FCI bmc_cpld_i2c_ram/i2c_slave_bmc_u0/un1_r_i2c_command_temp_0_4_cry_11
FCITOFCO_D  ---     0.146    R15C21C.FCI to    R15C21C.FCO bmc_cpld_i2c_ram/i2c_slave_bmc_u0/SLICE_14
ROUTE         1     0.000    R15C21C.FCO to    R15C21D.FCI bmc_cpld_i2c_ram/i2c_slave_bmc_u0/un1_r_i2c_command_temp_0_4_cry_13
FCITOF0_DE  ---     0.517    R15C21D.FCI to     R15C21D.F0 bmc_cpld_i2c_ram/i2c_slave_bmc_u0/SLICE_13
ROUTE         1     1.223     R15C21D.F0 to     R16C21D.A1 bmc_cpld_i2c_ram/i2c_slave_bmc_u0/un1_r_i2c_command_temp_0_4[14]
C1TOFCO_DE  ---     0.786     R16C21D.A1 to    R16C21D.FCO SLICE_5
ROUTE         1     0.000    R16C21D.FCO to    R16C22A.FCI bmc_cpld_i2c_ram/i2c_slave_bmc_u0/un1_r_i2c_command_temp_0_cry_14
FCITOF0_DE  ---     0.517    R16C22A.FCI to     R16C22A.F0 bmc_cpld_i2c_ram/i2c_slave_bmc_u0/SLICE_4
ROUTE         1     0.873     R16C22A.F0 to     R17C22C.A1 bmc_cpld_i2c_ram/i2c_slave_bmc_u0/un1_r_i2c_command_temp_10[15]
CTOF_DEL    ---     0.452     R17C22C.A1 to     R17C22C.F1 bmc_cpld_i2c_ram/i2c_slave_bmc_u0/SLICE_177
ROUTE         1     0.000     R17C22C.F1 to    R17C22C.DI1 bmc_cpld_i2c_ram/i2c_slave_bmc_u0/un1_r_i2c_command_temp_1[15] (to clk_25m)
                  --------
                    7.785   (52.0% logic, 48.0% route), 10 logic levels.

 Clock Skew Details: 

      Source Clock Path i_CPLD1_CLK to bmc_cpld_i2c_ram/SLICE_361:

   Name    Fanout   Delay (ns)          Site               Resource
PADI_DEL    ---     1.132        B10.PAD to      B10.PADDI i_CPLD1_CLK
ROUTE         1     0.921      B10.PADDI to      LPLL.CLKI i_CPLD1_CLK_c
CLKI2OS_DE  ---     0.000      LPLL.CLKI to     LPLL.CLKOS pll_inst/PLLInst_0
ROUTE       137     1.711     LPLL.CLKOS to    R19C22B.CLK clk_25m
REG_DEL     ---     0.409    R19C22B.CLK to     R19C22B.Q1 bmc_cpld_i2c_ram/i2c_slave_bmc_u0/SLICE_28
ROUTE         3     1.513     R19C22B.Q1 to     R17C22B.A0 bmc_cpld_i2c_ram/i2c_slave_bmc_u0/r_write_byte_cnt[2]
CTOF_DEL    ---     0.452     R17C22B.A0 to     R17C22B.F0 bmc_cpld_i2c_ram/i2c_slave_bmc_u0/SLICE_450
ROUTE         1     0.954     R17C22B.F0 to     R18C20B.C1 bmc_cpld_i2c_ram/i2c_slave_bmc_u0/r_i2c_command_temp6_0_a2_0_8
CTOF_DEL    ---     0.452     R18C20B.C1 to     R18C20B.F1 bmc_cpld_i2c_ram/i2c_slave_bmc_u0/SLICE_333
ROUTE         4     0.685     R18C20B.F1 to     R19C20D.C1 bmc_cpld_i2c_ram/i2c_slave_bmc_u0/N_419
CTOF_DEL    ---     0.452     R19C20D.C1 to     R19C20D.F1 bmc_cpld_i2c_ram/i2c_slave_bmc_u0/SLICE_448
ROUTE         1     1.146     R19C20D.F1 to     R14C20B.D0 bmc_cpld_i2c_ram/i2c_slave_bmc_u0/w_i2c_command_1_0_a2_1
CTOF_DEL    ---     0.452     R14C20B.D0 to     R14C20B.F0 bmc_cpld_i2c_ram/i2c_slave_bmc_u0/SLICE_334
ROUTE         8     2.398     R14C20B.F0 to    R18C18A.CLK bmc_cpld_i2c_ram/i2c_slave_bmc_u0/w_i2c_command_1_i
                  --------
                   12.677   (26.4% logic, 73.6% route), 7 logic levels.

      Source Clock f/b:

   Name    Fanout   Delay (ns)          Site               Resource
CLKFB2OP_D  ---     0.000     LPLL.CLKFB to     LPLL.CLKOP pll_inst/PLLInst_0
ROUTE       118     1.863     LPLL.CLKOP to     LPLL.CLKFB clk_50m
                  --------
                    1.863   (0.0% logic, 100.0% route), 1 logic levels.

      Destination Clock Path i_CPLD1_CLK to bmc_cpld_i2c_ram/i2c_slave_bmc_u0/SLICE_177:

   Name    Fanout   Delay (ns)          Site               Resource
PADI_DEL    ---     1.132        B10.PAD to      B10.PADDI i_CPLD1_CLK
ROUTE         1     0.921      B10.PADDI to      LPLL.CLKI i_CPLD1_CLK_c
CLKI2OS_DE  ---     0.000      LPLL.CLKI to     LPLL.CLKOS pll_inst/PLLInst_0
ROUTE       137     1.711     LPLL.CLKOS to    R17C22C.CLK clk_25m
                  --------
                    3.764   (30.1% logic, 69.9% route), 2 logic levels.

      Destination Clock f/b:

   Name    Fanout   Delay (ns)          Site               Resource
CLKFB2OP_D  ---     0.000     LPLL.CLKFB to     LPLL.CLKOP pll_inst/PLLInst_0
ROUTE       118     1.863     LPLL.CLKOP to     LPLL.CLKFB clk_50m
                  --------
                    1.863   (0.0% logic, 100.0% route), 1 logic levels.


Passed: The following path meets requirements by 23.165ns

 Logical Details:  Cell type  Pin type       Cell/ASIC name  (clock net +/-)

   Source:         FF         Q              bmc_cpld_i2c_ram/i2c_slave_bmc_u0/w_i2c_command[4]  (from bmc_cpld_i2c_ram/i2c_slave_bmc_u0/w_i2c_command_1_i +)
   Destination:    FF         Data in        bmc_cpld_i2c_ram/i2c_slave_bmc_u0/r_i2c_command[13]  (to clk_25m +)

   Delay:               7.772ns  (51.8% logic, 48.2% route), 9 logic levels.

 Constraint Details:

      7.772ns physical path delay bmc_cpld_i2c_ram/SLICE_361 to bmc_cpld_i2c_ram/i2c_slave_bmc_u0/SLICE_176 meets
     40.000ns delay constraint less
      8.913ns skew and
      0.000ns feedback compensation and
      0.150ns DIN_SET requirement (totaling 30.937ns) by 23.165ns

 Physical Path Details:

      Data path bmc_cpld_i2c_ram/SLICE_361 to bmc_cpld_i2c_ram/i2c_slave_bmc_u0/SLICE_176:

   Name    Fanout   Delay (ns)          Site               Resource
REG_DEL     ---     0.409    R18C18A.CLK to     R18C18A.Q0 bmc_cpld_i2c_ram/SLICE_361 (from bmc_cpld_i2c_ram/i2c_slave_bmc_u0/w_i2c_command_1_i)
ROUTE         2     1.376     R18C18A.Q0 to     R15C20C.B0 bmc_cpld_i2c_ram/i2c_slave_bmc_u0/w_i2c_command_0[4]
C0TOFCO_DE  ---     0.905     R15C20C.B0 to    R15C20C.FCO bmc_cpld_i2c_ram/i2c_slave_bmc_u0/SLICE_18
ROUTE         1     0.000    R15C20C.FCO to    R15C20D.FCI bmc_cpld_i2c_ram/i2c_slave_bmc_u0/un1_r_i2c_command_temp_0_4_cry_5
FCITOFCO_D  ---     0.146    R15C20D.FCI to    R15C20D.FCO bmc_cpld_i2c_ram/i2c_slave_bmc_u0/SLICE_17
ROUTE         1     0.000    R15C20D.FCO to    R15C21A.FCI bmc_cpld_i2c_ram/i2c_slave_bmc_u0/un1_r_i2c_command_temp_0_4_cry_7
FCITOF0_DE  ---     0.517    R15C21A.FCI to     R15C21A.F0 bmc_cpld_i2c_ram/i2c_slave_bmc_u0/SLICE_16
ROUTE         1     1.223     R15C21A.F0 to     R16C21A.A1 bmc_cpld_i2c_ram/i2c_slave_bmc_u0/un1_r_i2c_command_temp_0_4[8]
C1TOFCO_DE  ---     0.786     R16C21A.A1 to    R16C21A.FCO bmc_cpld_i2c_ram/i2c_slave_bmc_u0/SLICE_8
ROUTE         1     0.000    R16C21A.FCO to    R16C21B.FCI bmc_cpld_i2c_ram/i2c_slave_bmc_u0/un1_r_i2c_command_temp_0_cry_8
FCITOFCO_D  ---     0.146    R16C21B.FCI to    R16C21B.FCO bmc_cpld_i2c_ram/i2c_slave_bmc_u0/SLICE_7
ROUTE         1     0.000    R16C21B.FCO to    R16C21C.FCI bmc_cpld_i2c_ram/i2c_slave_bmc_u0/un1_r_i2c_command_temp_0_cry_10
FCITOFCO_D  ---     0.146    R16C21C.FCI to    R16C21C.FCO bmc_cpld_i2c_ram/i2c_slave_bmc_u0/SLICE_6
ROUTE         1     0.000    R16C21C.FCO to    R16C21D.FCI bmc_cpld_i2c_ram/i2c_slave_bmc_u0/un1_r_i2c_command_temp_0_cry_12
FCITOF0_DE  ---     0.517    R16C21D.FCI to     R16C21D.F0 SLICE_5
ROUTE         1     1.149     R16C21D.F0 to     R18C20D.A1 bmc_cpld_i2c_ram/i2c_slave_bmc_u0/un1_r_i2c_command_temp_10[13]
CTOF_DEL    ---     0.452     R18C20D.A1 to     R18C20D.F1 bmc_cpld_i2c_ram/i2c_slave_bmc_u0/SLICE_176
ROUTE         1     0.000     R18C20D.F1 to    R18C20D.DI1 bmc_cpld_i2c_ram/i2c_slave_bmc_u0/un1_r_i2c_command_temp_1[13] (to clk_25m)
                  --------
                    7.772   (51.8% logic, 48.2% route), 9 logic levels.

 Clock Skew Details: 

      Source Clock Path i_CPLD1_CLK to bmc_cpld_i2c_ram/SLICE_361:

   Name    Fanout   Delay (ns)          Site               Resource
PADI_DEL    ---     1.132        B10.PAD to      B10.PADDI i_CPLD1_CLK
ROUTE         1     0.921      B10.PADDI to      LPLL.CLKI i_CPLD1_CLK_c
CLKI2OS_DE  ---     0.000      LPLL.CLKI to     LPLL.CLKOS pll_inst/PLLInst_0
ROUTE       137     1.711     LPLL.CLKOS to    R19C22B.CLK clk_25m
REG_DEL     ---     0.409    R19C22B.CLK to     R19C22B.Q1 bmc_cpld_i2c_ram/i2c_slave_bmc_u0/SLICE_28
ROUTE         3     1.513     R19C22B.Q1 to     R17C22B.A0 bmc_cpld_i2c_ram/i2c_slave_bmc_u0/r_write_byte_cnt[2]
CTOF_DEL    ---     0.452     R17C22B.A0 to     R17C22B.F0 bmc_cpld_i2c_ram/i2c_slave_bmc_u0/SLICE_450
ROUTE         1     0.954     R17C22B.F0 to     R18C20B.C1 bmc_cpld_i2c_ram/i2c_slave_bmc_u0/r_i2c_command_temp6_0_a2_0_8
CTOF_DEL    ---     0.452     R18C20B.C1 to     R18C20B.F1 bmc_cpld_i2c_ram/i2c_slave_bmc_u0/SLICE_333
ROUTE         4     0.685     R18C20B.F1 to     R19C20D.C1 bmc_cpld_i2c_ram/i2c_slave_bmc_u0/N_419
CTOF_DEL    ---     0.452     R19C20D.C1 to     R19C20D.F1 bmc_cpld_i2c_ram/i2c_slave_bmc_u0/SLICE_448
ROUTE         1     1.146     R19C20D.F1 to     R14C20B.D0 bmc_cpld_i2c_ram/i2c_slave_bmc_u0/w_i2c_command_1_0_a2_1
CTOF_DEL    ---     0.452     R14C20B.D0 to     R14C20B.F0 bmc_cpld_i2c_ram/i2c_slave_bmc_u0/SLICE_334
ROUTE         8     2.398     R14C20B.F0 to    R18C18A.CLK bmc_cpld_i2c_ram/i2c_slave_bmc_u0/w_i2c_command_1_i
                  --------
                   12.677   (26.4% logic, 73.6% route), 7 logic levels.

      Source Clock f/b:

   Name    Fanout   Delay (ns)          Site               Resource
CLKFB2OP_D  ---     0.000     LPLL.CLKFB to     LPLL.CLKOP pll_inst/PLLInst_0
ROUTE       118     1.863     LPLL.CLKOP to     LPLL.CLKFB clk_50m
                  --------
                    1.863   (0.0% logic, 100.0% route), 1 logic levels.

      Destination Clock Path i_CPLD1_CLK to bmc_cpld_i2c_ram/i2c_slave_bmc_u0/SLICE_176:

   Name    Fanout   Delay (ns)          Site               Resource
PADI_DEL    ---     1.132        B10.PAD to      B10.PADDI i_CPLD1_CLK
ROUTE         1     0.921      B10.PADDI to      LPLL.CLKI i_CPLD1_CLK_c
CLKI2OS_DE  ---     0.000      LPLL.CLKI to     LPLL.CLKOS pll_inst/PLLInst_0
ROUTE       137     1.711     LPLL.CLKOS to    R18C20D.CLK clk_25m
                  --------
                    3.764   (30.1% logic, 69.9% route), 2 logic levels.

      Destination Clock f/b:

   Name    Fanout   Delay (ns)          Site               Resource
CLKFB2OP_D  ---     0.000     LPLL.CLKFB to     LPLL.CLKOP pll_inst/PLLInst_0
ROUTE       118     1.863     LPLL.CLKOP to     LPLL.CLKFB clk_50m
                  --------
                    1.863   (0.0% logic, 100.0% route), 1 logic levels.


Passed: The following path meets requirements by 23.165ns

 Logical Details:  Cell type  Pin type       Cell/ASIC name  (clock net +/-)

   Source:         FF         Q              bmc_cpld_i2c_ram/i2c_slave_bmc_u0/w_i2c_command[4]  (from bmc_cpld_i2c_ram/i2c_slave_bmc_u0/w_i2c_command_1_i +)
   Destination:    FF         Data in        bmc_cpld_i2c_ram/i2c_slave_bmc_u0/r_i2c_command[13]  (to clk_25m +)

   Delay:               7.772ns  (51.8% logic, 48.2% route), 9 logic levels.

 Constraint Details:

      7.772ns physical path delay bmc_cpld_i2c_ram/SLICE_361 to bmc_cpld_i2c_ram/i2c_slave_bmc_u0/SLICE_176 meets
     40.000ns delay constraint less
      8.913ns skew and
      0.000ns feedback compensation and
      0.150ns DIN_SET requirement (totaling 30.937ns) by 23.165ns

 Physical Path Details:

      Data path bmc_cpld_i2c_ram/SLICE_361 to bmc_cpld_i2c_ram/i2c_slave_bmc_u0/SLICE_176:

   Name    Fanout   Delay (ns)          Site               Resource
REG_DEL     ---     0.409    R18C18A.CLK to     R18C18A.Q0 bmc_cpld_i2c_ram/SLICE_361 (from bmc_cpld_i2c_ram/i2c_slave_bmc_u0/w_i2c_command_1_i)
ROUTE         2     1.376     R18C18A.Q0 to     R15C20C.B0 bmc_cpld_i2c_ram/i2c_slave_bmc_u0/w_i2c_command_0[4]
C0TOFCO_DE  ---     0.905     R15C20C.B0 to    R15C20C.FCO bmc_cpld_i2c_ram/i2c_slave_bmc_u0/SLICE_18
ROUTE         1     0.000    R15C20C.FCO to    R15C20D.FCI bmc_cpld_i2c_ram/i2c_slave_bmc_u0/un1_r_i2c_command_temp_0_4_cry_5
FCITOF0_DE  ---     0.517    R15C20D.FCI to     R15C20D.F0 bmc_cpld_i2c_ram/i2c_slave_bmc_u0/SLICE_17
ROUTE         1     1.223     R15C20D.F0 to     R16C20D.A1 bmc_cpld_i2c_ram/i2c_slave_bmc_u0/un1_r_i2c_command_temp_0_4[6]
C1TOFCO_DE  ---     0.786     R16C20D.A1 to    R16C20D.FCO SLICE_9
ROUTE         1     0.000    R16C20D.FCO to    R16C21A.FCI bmc_cpld_i2c_ram/i2c_slave_bmc_u0/un1_r_i2c_command_temp_0_cry_6
FCITOFCO_D  ---     0.146    R16C21A.FCI to    R16C21A.FCO bmc_cpld_i2c_ram/i2c_slave_bmc_u0/SLICE_8
ROUTE         1     0.000    R16C21A.FCO to    R16C21B.FCI bmc_cpld_i2c_ram/i2c_slave_bmc_u0/un1_r_i2c_command_temp_0_cry_8
FCITOFCO_D  ---     0.146    R16C21B.FCI to    R16C21B.FCO bmc_cpld_i2c_ram/i2c_slave_bmc_u0/SLICE_7
ROUTE         1     0.000    R16C21B.FCO to    R16C21C.FCI bmc_cpld_i2c_ram/i2c_slave_bmc_u0/un1_r_i2c_command_temp_0_cry_10
FCITOFCO_D  ---     0.146    R16C21C.FCI to    R16C21C.FCO bmc_cpld_i2c_ram/i2c_slave_bmc_u0/SLICE_6
ROUTE         1     0.000    R16C21C.FCO to    R16C21D.FCI bmc_cpld_i2c_ram/i2c_slave_bmc_u0/un1_r_i2c_command_temp_0_cry_12
FCITOF0_DE  ---     0.517    R16C21D.FCI to     R16C21D.F0 SLICE_5
ROUTE         1     1.149     R16C21D.F0 to     R18C20D.A1 bmc_cpld_i2c_ram/i2c_slave_bmc_u0/un1_r_i2c_command_temp_10[13]
CTOF_DEL    ---     0.452     R18C20D.A1 to     R18C20D.F1 bmc_cpld_i2c_ram/i2c_slave_bmc_u0/SLICE_176
ROUTE         1     0.000     R18C20D.F1 to    R18C20D.DI1 bmc_cpld_i2c_ram/i2c_slave_bmc_u0/un1_r_i2c_command_temp_1[13] (to clk_25m)
                  --------
                    7.772   (51.8% logic, 48.2% route), 9 logic levels.

 Clock Skew Details: 

      Source Clock Path i_CPLD1_CLK to bmc_cpld_i2c_ram/SLICE_361:

   Name    Fanout   Delay (ns)          Site               Resource
PADI_DEL    ---     1.132        B10.PAD to      B10.PADDI i_CPLD1_CLK
ROUTE         1     0.921      B10.PADDI to      LPLL.CLKI i_CPLD1_CLK_c
CLKI2OS_DE  ---     0.000      LPLL.CLKI to     LPLL.CLKOS pll_inst/PLLInst_0
ROUTE       137     1.711     LPLL.CLKOS to    R19C22B.CLK clk_25m
REG_DEL     ---     0.409    R19C22B.CLK to     R19C22B.Q1 bmc_cpld_i2c_ram/i2c_slave_bmc_u0/SLICE_28
ROUTE         3     1.513     R19C22B.Q1 to     R17C22B.A0 bmc_cpld_i2c_ram/i2c_slave_bmc_u0/r_write_byte_cnt[2]
CTOF_DEL    ---     0.452     R17C22B.A0 to     R17C22B.F0 bmc_cpld_i2c_ram/i2c_slave_bmc_u0/SLICE_450
ROUTE         1     0.954     R17C22B.F0 to     R18C20B.C1 bmc_cpld_i2c_ram/i2c_slave_bmc_u0/r_i2c_command_temp6_0_a2_0_8
CTOF_DEL    ---     0.452     R18C20B.C1 to     R18C20B.F1 bmc_cpld_i2c_ram/i2c_slave_bmc_u0/SLICE_333
ROUTE         4     0.685     R18C20B.F1 to     R19C20D.C1 bmc_cpld_i2c_ram/i2c_slave_bmc_u0/N_419
CTOF_DEL    ---     0.452     R19C20D.C1 to     R19C20D.F1 bmc_cpld_i2c_ram/i2c_slave_bmc_u0/SLICE_448
ROUTE         1     1.146     R19C20D.F1 to     R14C20B.D0 bmc_cpld_i2c_ram/i2c_slave_bmc_u0/w_i2c_command_1_0_a2_1
CTOF_DEL    ---     0.452     R14C20B.D0 to     R14C20B.F0 bmc_cpld_i2c_ram/i2c_slave_bmc_u0/SLICE_334
ROUTE         8     2.398     R14C20B.F0 to    R18C18A.CLK bmc_cpld_i2c_ram/i2c_slave_bmc_u0/w_i2c_command_1_i
                  --------
                   12.677   (26.4% logic, 73.6% route), 7 logic levels.

      Source Clock f/b:

   Name    Fanout   Delay (ns)          Site               Resource
CLKFB2OP_D  ---     0.000     LPLL.CLKFB to     LPLL.CLKOP pll_inst/PLLInst_0
ROUTE       118     1.863     LPLL.CLKOP to     LPLL.CLKFB clk_50m
                  --------
                    1.863   (0.0% logic, 100.0% route), 1 logic levels.

      Destination Clock Path i_CPLD1_CLK to bmc_cpld_i2c_ram/i2c_slave_bmc_u0/SLICE_176:

   Name    Fanout   Delay (ns)          Site               Resource
PADI_DEL    ---     1.132        B10.PAD to      B10.PADDI i_CPLD1_CLK
ROUTE         1     0.921      B10.PADDI to      LPLL.CLKI i_CPLD1_CLK_c
CLKI2OS_DE  ---     0.000      LPLL.CLKI to     LPLL.CLKOS pll_inst/PLLInst_0
ROUTE       137     1.711     LPLL.CLKOS to    R18C20D.CLK clk_25m
                  --------
                    3.764   (30.1% logic, 69.9% route), 2 logic levels.

      Destination Clock f/b:

   Name    Fanout   Delay (ns)          Site               Resource
CLKFB2OP_D  ---     0.000     LPLL.CLKFB to     LPLL.CLKOP pll_inst/PLLInst_0
ROUTE       118     1.863     LPLL.CLKOP to     LPLL.CLKFB clk_50m
                  --------
                    1.863   (0.0% logic, 100.0% route), 1 logic levels.

Report:   58.900MHz is the maximum frequency for this preference.

Report Summary
--------------
----------------------------------------------------------------------------
Preference                              |   Constraint|       Actual|Levels
----------------------------------------------------------------------------
                                        |             |             |
FREQUENCY NET "i_CPLD1_CLK_c" 25.000000 |             |             |
MHz ;                                   |            -|            -|   0  
                                        |             |             |
FREQUENCY NET "clk_50m" 50.000000 MHz   |             |             |
HOLD_MARGIN 0.200000 ns ;               |   50.000 MHz|  109.987 MHz|   4  
                                        |             |             |
FREQUENCY NET "wb_clk" 4.290000 MHz     |             |             |
HOLD_MARGIN 0.200000 ns ;               |    4.290 MHz|  115.660 MHz|   0  
                                        |             |             |
FREQUENCY NET "clk_25m" 25.000000 MHz ; |   25.000 MHz|   58.900 MHz|   9  
                                        |             |             |
----------------------------------------------------------------------------


All preferences were met.


Clock Domains Analysis
------------------------

Found 9 clocks:

Clock Domain: wb_clk   Source: inst_osch.OSC   Loads: 1
   No transfer within this clock domain is found

Clock Domain: inst_i2c_update_flash_config/i2c1_sclo   Source: inst_i2c_update_flash_config/EFBInst_0.I2C1SCLO   Loads: 1
   No transfer within this clock domain is found

Clock Domain: inst_i2c_update_flash_config/i2c1_scli   Source: io_I2C1_CPLD1_UPDATE_SCL.PAD   Loads: 1
   No transfer within this clock domain is found

Clock Domain: i_CPLD1_CLK_c   Source: i_CPLD1_CLK.PAD   Loads: 1
   No transfer within this clock domain is found

Clock Domain: clk_50m   Source: pll_inst/PLLInst_0.CLKOP   Loads: 118
   Covered under: FREQUENCY NET "clk_50m" 50.000000 MHz HOLD_MARGIN 0.200000 ns ;

Clock Domain: clk_25m   Source: pll_inst/PLLInst_0.CLKOS   Loads: 137
   Covered under: FREQUENCY NET "clk_25m" 25.000000 MHz ;

   Data transfers from:
   Clock Domain: clk_50m   Source: pll_inst/PLLInst_0.CLKOP
      Covered under: FREQUENCY NET "clk_25m" 25.000000 MHz ;   Transfers: 17

   Clock Domain: bmc_cpld_i2c_ram/i2c_slave_bmc_u0/w_i2c_command_1_i   Source: bmc_cpld_i2c_ram/i2c_slave_bmc_u0/SLICE_334.F0
      Covered under: FREQUENCY NET "clk_25m" 25.000000 MHz ;   Transfers: 16

   Clock Domain: bmc_cpld_i2c_ram/i2c_slave_bmc_u0/i2c_slave_basic0_u0/un2_w_rst_2   Source: bmc_cpld_i2c_ram/i2c_slave_bmc_u0/i2c_slave_basic0_u0/SLICE_424.F1
      Covered under: FREQUENCY NET "clk_25m" 25.000000 MHz ;   Transfers: 3

   Clock Domain: bmc_cpld_i2c_ram/i2c_slave_bmc_u0/i2c_slave_basic0_u0/un2_w_rst_1   Source: bmc_cpld_i2c_ram/i2c_slave_bmc_u0/i2c_slave_basic0_u0/SLICE_425.F0
      Covered under: FREQUENCY NET "clk_25m" 25.000000 MHz ;   Transfers: 3

Clock Domain: bmc_cpld_i2c_ram/i2c_slave_bmc_u0/w_i2c_command_1_i   Source: bmc_cpld_i2c_ram/i2c_slave_bmc_u0/SLICE_334.F0   Loads: 8
   No transfer within this clock domain is found

Clock Domain: bmc_cpld_i2c_ram/i2c_slave_bmc_u0/i2c_slave_basic0_u0/un2_w_rst_2   Source: bmc_cpld_i2c_ram/i2c_slave_bmc_u0/i2c_slave_basic0_u0/SLICE_424.F1   Loads: 5
   No transfer within this clock domain is found

Clock Domain: bmc_cpld_i2c_ram/i2c_slave_bmc_u0/i2c_slave_basic0_u0/un2_w_rst_1   Source: bmc_cpld_i2c_ram/i2c_slave_bmc_u0/i2c_slave_basic0_u0/SLICE_425.F0   Loads: 4
   No transfer within this clock domain is found


Timing summary (Setup):
---------------

Timing errors: 0  Score: 0
Cumulative negative slack: 0

Constraints cover 8075 paths, 4 nets, and 3026 connections (91.64% coverage)

--------------------------------------------------------------------------------
Lattice TRACE Report - Hold, Version Diamond (64-bit) 3.14.0.75.2
Fri Oct 31 16:47:46 2025

Copyright (c) 1991-1994 by NeoCAD Inc. All rights reserved.
Copyright (c) 1995 AT&T Corp.   All rights reserved.
Copyright (c) 1995-2001 Lucent Technologies Inc.  All rights reserved.
Copyright (c) 2001 Agere Systems   All rights reserved.
Copyright (c) 2002-2024 Lattice Semiconductor Corporation,  All rights reserved.

Report Information
------------------
Command line:    trce -v 10 -gt -sethld -sp 5 -sphld m -o BP_4S104G5_impl1.twr -gui -msgset D:/ODM MB SWITCH/SWITCH/CPLD/BP_4S104G5/pro/promote.xml BP_4S104G5_impl1.ncd BP_4S104G5_impl1.prf 
Design file:     bp_4s104g5_impl1.ncd
Preference file: bp_4s104g5_impl1.prf
Device,speed:    LCMXO3LF-6900C,m
Report level:    verbose report, limited to 10 items per preference
--------------------------------------------------------------------------------

BLOCK ASYNCPATHS
BLOCK RESETPATHS
--------------------------------------------------------------------------------


Derating parameters
-------------------
VCCIO Voltage:
                   3.300 V (Bank 0, defined by PAR)
                   3.300 V (Bank 1, defined by PAR)
                   3.300 V (Bank 2, defined by PAR)
                   1.800 V (Bank 3, defined by PAR)
                   3.300 V (Bank 4, defined by PAR)
                   3.300 V (Bank 5, defined by PAR)



================================================================================
Preference: FREQUENCY NET "i_CPLD1_CLK_c" 25.000000 MHz ;
            0 items scored, 0 timing errors detected.
--------------------------------------------------------------------------------


================================================================================
Preference: FREQUENCY NET "clk_50m" 50.000000 MHz HOLD_MARGIN 0.200000 ns ;
            1223 items scored, 0 timing errors detected.
--------------------------------------------------------------------------------


Passed: The following path meets requirements by 0.104ns

 Logical Details:  Cell type  Pin type       Cell/ASIC name  (clock net +/-)

   Source:         FF         Q              inst_slv_to_mb_p2s/sld_n_r[0]  (from clk_50m +)
   Destination:    FF         Data in        inst_slv_to_mb_p2s/sld_n_r[1]  (to clk_50m +)

   Delay:               0.285ns  (46.7% logic, 53.3% route), 1 logic levels.

 Constraint Details:

      0.285ns physical path delay SLICE_10 to SLICE_9 meets
     -0.019ns M_HLD and
      0.200ns delay constraint less
      0.000ns skew requirement (totaling 0.181ns) by 0.104ns

 Physical Path Details:

      Data path SLICE_10 to SLICE_9:

   Name    Fanout   Delay (ns)          Site               Resource
REG_DEL     ---     0.133    R16C20C.CLK to     R16C20C.Q1 SLICE_10 (from clk_50m)
ROUTE         1     0.152     R16C20C.Q1 to     R16C20D.M0 inst_slv_to_mb_p2s/sld_n_r[0] (to clk_50m)
                  --------
                    0.285   (46.7% logic, 53.3% route), 1 logic levels.

 Clock Skew Details: 

      Source Clock Path pll_inst/PLLInst_0 to SLICE_10:

   Name    Fanout   Delay (ns)          Site               Resource
ROUTE       118     0.698     LPLL.CLKOP to    R16C20C.CLK clk_50m
                  --------
                    0.698   (0.0% logic, 100.0% route), 0 logic levels.

      Destination Clock Path pll_inst/PLLInst_0 to SLICE_9:

   Name    Fanout   Delay (ns)          Site               Resource
ROUTE       118     0.698     LPLL.CLKOP to    R16C20D.CLK clk_50m
                  --------
                    0.698   (0.0% logic, 100.0% route), 0 logic levels.


Passed: The following path meets requirements by 0.104ns

 Logical Details:  Cell type  Pin type       Cell/ASIC name  (clock net +/-)

   Source:         FF         Q              inst_slv_to_mb_p2s/sclk_r[6]  (from clk_50m +)
   Destination:    FF         Data in        inst_slv_to_mb_p2s/sclk_r[7]  (to clk_50m +)

   Delay:               0.285ns  (46.7% logic, 53.3% route), 1 logic levels.

 Constraint Details:

      0.285ns physical path delay SLICE_11 to SLICE_11 meets
     -0.019ns M_HLD and
      0.200ns delay constraint less
      0.000ns skew requirement (totaling 0.181ns) by 0.104ns

 Physical Path Details:

      Data path SLICE_11 to SLICE_11:

   Name    Fanout   Delay (ns)          Site               Resource
REG_DEL     ---     0.133    R16C20B.CLK to     R16C20B.Q0 SLICE_11 (from clk_50m)
ROUTE         1     0.152     R16C20B.Q0 to     R16C20B.M1 inst_slv_to_mb_p2s/sclk_r[6] (to clk_50m)
                  --------
                    0.285   (46.7% logic, 53.3% route), 1 logic levels.

 Clock Skew Details: 

      Source Clock Path pll_inst/PLLInst_0 to SLICE_11:

   Name    Fanout   Delay (ns)          Site               Resource
ROUTE       118     0.698     LPLL.CLKOP to    R16C20B.CLK clk_50m
                  --------
                    0.698   (0.0% logic, 100.0% route), 0 logic levels.

      Destination Clock Path pll_inst/PLLInst_0 to SLICE_11:

   Name    Fanout   Delay (ns)          Site               Resource
ROUTE       118     0.698     LPLL.CLKOP to    R16C20B.CLK clk_50m
                  --------
                    0.698   (0.0% logic, 100.0% route), 0 logic levels.


Passed: The following path meets requirements by 0.104ns

 Logical Details:  Cell type  Pin type       Cell/ASIC name  (clock net +/-)

   Source:         FF         Q              inst_mb_to_slv_s2p/po_r[2]  (from clk_50m +)
   Destination:    FF         Data in        inst_mb_to_slv_s2p/po[2]  (to clk_50m +)

   Delay:               0.285ns  (46.7% logic, 53.3% route), 1 logic levels.

 Constraint Details:

      0.285ns physical path delay SLICE_304 to inst_mb_to_slv_s2p/SLICE_412 meets
     -0.019ns M_HLD and
      0.200ns delay constraint less
      0.000ns skew requirement (totaling 0.181ns) by 0.104ns

 Physical Path Details:

      Data path SLICE_304 to inst_mb_to_slv_s2p/SLICE_412:

   Name    Fanout   Delay (ns)          Site               Resource
REG_DEL     ---     0.133    R12C17D.CLK to     R12C17D.Q0 SLICE_304 (from clk_50m)
ROUTE         1     0.152     R12C17D.Q0 to     R12C17A.M0 inst_mb_to_slv_s2p/po_r[2] (to clk_50m)
                  --------
                    0.285   (46.7% logic, 53.3% route), 1 logic levels.

 Clock Skew Details: 

      Source Clock Path pll_inst/PLLInst_0 to SLICE_304:

   Name    Fanout   Delay (ns)          Site               Resource
ROUTE       118     0.698     LPLL.CLKOP to    R12C17D.CLK clk_50m
                  --------
                    0.698   (0.0% logic, 100.0% route), 0 logic levels.

      Destination Clock Path pll_inst/PLLInst_0 to inst_mb_to_slv_s2p/SLICE_412:

   Name    Fanout   Delay (ns)          Site               Resource
ROUTE       118     0.698     LPLL.CLKOP to    R12C17A.CLK clk_50m
                  --------
                    0.698   (0.0% logic, 100.0% route), 0 logic levels.


Passed: The following path meets requirements by 0.104ns

 Logical Details:  Cell type  Pin type       Cell/ASIC name  (clock net +/-)

   Source:         FF         Q              inst_mb_to_slv_s2p/po_r[56]  (from clk_50m +)
   Destination:    FF         Data in        inst_mb_to_slv_s2p/po[56]  (to clk_50m +)

   Delay:               0.285ns  (46.7% logic, 53.3% route), 1 logic levels.

 Constraint Details:

      0.285ns physical path delay SLICE_318 to inst_mb_to_slv_s2p/SLICE_409 meets
     -0.019ns M_HLD and
      0.200ns delay constraint less
      0.000ns skew requirement (totaling 0.181ns) by 0.104ns

 Physical Path Details:

      Data path SLICE_318 to inst_mb_to_slv_s2p/SLICE_409:

   Name    Fanout   Delay (ns)          Site               Resource
REG_DEL     ---     0.133    R12C18C.CLK to     R12C18C.Q0 SLICE_318 (from clk_50m)
ROUTE         1     0.152     R12C18C.Q0 to     R12C18B.M0 inst_mb_to_slv_s2p/po_r[56] (to clk_50m)
                  --------
                    0.285   (46.7% logic, 53.3% route), 1 logic levels.

 Clock Skew Details: 

      Source Clock Path pll_inst/PLLInst_0 to SLICE_318:

   Name    Fanout   Delay (ns)          Site               Resource
ROUTE       118     0.698     LPLL.CLKOP to    R12C18C.CLK clk_50m
                  --------
                    0.698   (0.0% logic, 100.0% route), 0 logic levels.

      Destination Clock Path pll_inst/PLLInst_0 to inst_mb_to_slv_s2p/SLICE_409:

   Name    Fanout   Delay (ns)          Site               Resource
ROUTE       118     0.698     LPLL.CLKOP to    R12C18B.CLK clk_50m
                  --------
                    0.698   (0.0% logic, 100.0% route), 0 logic levels.


Passed: The following path meets requirements by 0.104ns

 Logical Details:  Cell type  Pin type       Cell/ASIC name  (clock net +/-)

   Source:         FF         Q              inst_slv_to_mb_p2s/sclk_r[4]  (from clk_50m +)
   Destination:    FF         Data in        inst_slv_to_mb_p2s/sclk_r[5]  (to clk_50m +)

   Delay:               0.285ns  (46.7% logic, 53.3% route), 1 logic levels.

 Constraint Details:

      0.285ns physical path delay SLICE_452 to SLICE_452 meets
     -0.019ns M_HLD and
      0.200ns delay constraint less
      0.000ns skew requirement (totaling 0.181ns) by 0.104ns

 Physical Path Details:

      Data path SLICE_452 to SLICE_452:

   Name    Fanout   Delay (ns)          Site               Resource
REG_DEL     ---     0.133    R16C22B.CLK to     R16C22B.Q0 SLICE_452 (from clk_50m)
ROUTE         1     0.152     R16C22B.Q0 to     R16C22B.M1 inst_slv_to_mb_p2s/sclk_r[4] (to clk_50m)
                  --------
                    0.285   (46.7% logic, 53.3% route), 1 logic levels.

 Clock Skew Details: 

      Source Clock Path pll_inst/PLLInst_0 to SLICE_452:

   Name    Fanout   Delay (ns)          Site               Resource
ROUTE       118     0.698     LPLL.CLKOP to    R16C22B.CLK clk_50m
                  --------
                    0.698   (0.0% logic, 100.0% route), 0 logic levels.

      Destination Clock Path pll_inst/PLLInst_0 to SLICE_452:

   Name    Fanout   Delay (ns)          Site               Resource
ROUTE       118     0.698     LPLL.CLKOP to    R16C22B.CLK clk_50m
                  --------
                    0.698   (0.0% logic, 100.0% route), 0 logic levels.


Passed: The following path meets requirements by 0.104ns

 Logical Details:  Cell type  Pin type       Cell/ASIC name  (clock net +/-)

   Source:         FF         Q              inst_slv_to_mb_p2s/sclk_r[3]  (from clk_50m +)
   Destination:    FF         Data in        inst_slv_to_mb_p2s/sclk_r[4]  (to clk_50m +)

   Delay:               0.285ns  (46.7% logic, 53.3% route), 1 logic levels.

 Constraint Details:

      0.285ns physical path delay SLICE_453 to SLICE_452 meets
     -0.019ns M_HLD and
      0.200ns delay constraint less
      0.000ns skew requirement (totaling 0.181ns) by 0.104ns

 Physical Path Details:

      Data path SLICE_453 to SLICE_452:

   Name    Fanout   Delay (ns)          Site               Resource
REG_DEL     ---     0.133    R16C22C.CLK to     R16C22C.Q1 SLICE_453 (from clk_50m)
ROUTE         1     0.152     R16C22C.Q1 to     R16C22B.M0 inst_slv_to_mb_p2s/sclk_r[3] (to clk_50m)
                  --------
                    0.285   (46.7% logic, 53.3% route), 1 logic levels.

 Clock Skew Details: 

      Source Clock Path pll_inst/PLLInst_0 to SLICE_453:

   Name    Fanout   Delay (ns)          Site               Resource
ROUTE       118     0.698     LPLL.CLKOP to    R16C22C.CLK clk_50m
                  --------
                    0.698   (0.0% logic, 100.0% route), 0 logic levels.

      Destination Clock Path pll_inst/PLLInst_0 to SLICE_452:

   Name    Fanout   Delay (ns)          Site               Resource
ROUTE       118     0.698     LPLL.CLKOP to    R16C22B.CLK clk_50m
                  --------
                    0.698   (0.0% logic, 100.0% route), 0 logic levels.


Passed: The following path meets requirements by 0.104ns

 Logical Details:  Cell type  Pin type       Cell/ASIC name  (clock net +/-)

   Source:         FF         Q              inst_slv_to_mb_p2s/sclk_r[2]  (from clk_50m +)
   Destination:    FF         Data in        inst_slv_to_mb_p2s/sclk_r[3]  (to clk_50m +)

   Delay:               0.285ns  (46.7% logic, 53.3% route), 1 logic levels.

 Constraint Details:

      0.285ns physical path delay SLICE_453 to SLICE_453 meets
     -0.019ns M_HLD and
      0.200ns delay constraint less
      0.000ns skew requirement (totaling 0.181ns) by 0.104ns

 Physical Path Details:

      Data path SLICE_453 to SLICE_453:

   Name    Fanout   Delay (ns)          Site               Resource
REG_DEL     ---     0.133    R16C22C.CLK to     R16C22C.Q0 SLICE_453 (from clk_50m)
ROUTE         1     0.152     R16C22C.Q0 to     R16C22C.M1 inst_slv_to_mb_p2s/sclk_r[2] (to clk_50m)
                  --------
                    0.285   (46.7% logic, 53.3% route), 1 logic levels.

 Clock Skew Details: 

      Source Clock Path pll_inst/PLLInst_0 to SLICE_453:

   Name    Fanout   Delay (ns)          Site               Resource
ROUTE       118     0.698     LPLL.CLKOP to    R16C22C.CLK clk_50m
                  --------
                    0.698   (0.0% logic, 100.0% route), 0 logic levels.

      Destination Clock Path pll_inst/PLLInst_0 to SLICE_453:

   Name    Fanout   Delay (ns)          Site               Resource
ROUTE       118     0.698     LPLL.CLKOP to    R16C22C.CLK clk_50m
                  --------
                    0.698   (0.0% logic, 100.0% route), 0 logic levels.


Passed: The following path meets requirements by 0.104ns

 Logical Details:  Cell type  Pin type       Cell/ASIC name  (clock net +/-)

   Source:         FF         Q              inst_slv_to_mb_p2s/sclk_r[0]  (from clk_50m +)
   Destination:    FF         Data in        inst_slv_to_mb_p2s/sclk_r[1]  (to clk_50m +)

   Delay:               0.285ns  (46.7% logic, 53.3% route), 1 logic levels.

 Constraint Details:

      0.285ns physical path delay SLICE_5 to SLICE_5 meets
     -0.019ns M_HLD and
      0.200ns delay constraint less
      0.000ns skew requirement (totaling 0.181ns) by 0.104ns

 Physical Path Details:

      Data path SLICE_5 to SLICE_5:

   Name    Fanout   Delay (ns)          Site               Resource
REG_DEL     ---     0.133    R16C21D.CLK to     R16C21D.Q0 SLICE_5 (from clk_50m)
ROUTE         1     0.152     R16C21D.Q0 to     R16C21D.M1 inst_slv_to_mb_p2s/sclk_r[0] (to clk_50m)
                  --------
                    0.285   (46.7% logic, 53.3% route), 1 logic levels.

 Clock Skew Details: 

      Source Clock Path pll_inst/PLLInst_0 to SLICE_5:

   Name    Fanout   Delay (ns)          Site               Resource
ROUTE       118     0.698     LPLL.CLKOP to    R16C21D.CLK clk_50m
                  --------
                    0.698   (0.0% logic, 100.0% route), 0 logic levels.

      Destination Clock Path pll_inst/PLLInst_0 to SLICE_5:

   Name    Fanout   Delay (ns)          Site               Resource
ROUTE       118     0.698     LPLL.CLKOP to    R16C21D.CLK clk_50m
                  --------
                    0.698   (0.0% logic, 100.0% route), 0 logic levels.


Passed: The following path meets requirements by 0.104ns

 Logical Details:  Cell type  Pin type       Cell/ASIC name  (clock net +/-)

   Source:         FF         Q              inst_mb_to_slv_s2p/po_r[0]  (from clk_50m +)
   Destination:    FF         Data in        inst_mb_to_slv_s2p/po[0]  (to clk_50m +)

   Delay:               0.285ns  (46.7% logic, 53.3% route), 1 logic levels.

 Constraint Details:

      0.285ns physical path delay inst_mb_to_slv_s2p/SLICE_414 to inst_mb_to_slv_s2p/SLICE_408 meets
     -0.019ns M_HLD and
      0.200ns delay constraint less
      0.000ns skew requirement (totaling 0.181ns) by 0.104ns

 Physical Path Details:

      Data path inst_mb_to_slv_s2p/SLICE_414 to inst_mb_to_slv_s2p/SLICE_408:

   Name    Fanout   Delay (ns)          Site               Resource
REG_DEL     ---     0.133    R11C18C.CLK to     R11C18C.Q0 inst_mb_to_slv_s2p/SLICE_414 (from clk_50m)
ROUTE         1     0.152     R11C18C.Q0 to     R11C18A.M0 inst_mb_to_slv_s2p/po_r[0] (to clk_50m)
                  --------
                    0.285   (46.7% logic, 53.3% route), 1 logic levels.

 Clock Skew Details: 

      Source Clock Path pll_inst/PLLInst_0 to inst_mb_to_slv_s2p/SLICE_414:

   Name    Fanout   Delay (ns)          Site               Resource
ROUTE       118     0.698     LPLL.CLKOP to    R11C18C.CLK clk_50m
                  --------
                    0.698   (0.0% logic, 100.0% route), 0 logic levels.

      Destination Clock Path pll_inst/PLLInst_0 to inst_mb_to_slv_s2p/SLICE_408:

   Name    Fanout   Delay (ns)          Site               Resource
ROUTE       118     0.698     LPLL.CLKOP to    R11C18A.CLK clk_50m
                  --------
                    0.698   (0.0% logic, 100.0% route), 0 logic levels.


Passed: The following path meets requirements by 0.104ns

 Logical Details:  Cell type  Pin type       Cell/ASIC name  (clock net +/-)

   Source:         FF         Q              inst_mb_to_slv_s2p/po_r[18]  (from clk_50m +)
   Destination:    FF         Data in        inst_mb_to_slv_s2p/po[18]  (to clk_50m +)

   Delay:               0.285ns  (46.7% logic, 53.3% route), 1 logic levels.

 Constraint Details:

      0.285ns physical path delay inst_mb_to_slv_s2p/SLICE_415 to inst_mb_to_slv_s2p/SLICE_408 meets
     -0.019ns M_HLD and
      0.200ns delay constraint less
      0.000ns skew requirement (totaling 0.181ns) by 0.104ns

 Physical Path Details:

      Data path inst_mb_to_slv_s2p/SLICE_415 to inst_mb_to_slv_s2p/SLICE_408:

   Name    Fanout   Delay (ns)          Site               Resource
REG_DEL     ---     0.133    R11C18B.CLK to     R11C18B.Q0 inst_mb_to_slv_s2p/SLICE_415 (from clk_50m)
ROUTE         1     0.152     R11C18B.Q0 to     R11C18A.M1 inst_mb_to_slv_s2p/po_r[18] (to clk_50m)
                  --------
                    0.285   (46.7% logic, 53.3% route), 1 logic levels.

 Clock Skew Details: 

      Source Clock Path pll_inst/PLLInst_0 to inst_mb_to_slv_s2p/SLICE_415:

   Name    Fanout   Delay (ns)          Site               Resource
ROUTE       118     0.698     LPLL.CLKOP to    R11C18B.CLK clk_50m
                  --------
                    0.698   (0.0% logic, 100.0% route), 0 logic levels.

      Destination Clock Path pll_inst/PLLInst_0 to inst_mb_to_slv_s2p/SLICE_408:

   Name    Fanout   Delay (ns)          Site               Resource
ROUTE       118     0.698     LPLL.CLKOP to    R11C18A.CLK clk_50m
                  --------
                    0.698   (0.0% logic, 100.0% route), 0 logic levels.

Report:    0.304ns is the maximum delay for this preference.


================================================================================
Preference: FREQUENCY NET "wb_clk" 4.290000 MHz HOLD_MARGIN 0.200000 ns ;
            0 items scored, 0 timing errors detected.
--------------------------------------------------------------------------------


================================================================================
Preference: FREQUENCY NET "clk_25m" 25.000000 MHz ;
            4096 items scored, 0 timing errors detected.
--------------------------------------------------------------------------------


Passed: The following path meets requirements by 0.304ns

 Logical Details:  Cell type  Pin type       Cell/ASIC name  (clock net +/-)

   Source:         FF         Q              bmc_cpld_i2c_ram/i2c_slave_bmc_u0/i2c_slave_basic0_u0/r_r1_sda_dly[1]  (from clk_25m +)
   Destination:    FF         Data in        bmc_cpld_i2c_ram/i2c_slave_bmc_u0/i2c_slave_basic0_u0/r_r1_sda_dly[2]  (to clk_25m +)

   Delay:               0.285ns  (46.7% logic, 53.3% route), 1 logic levels.

 Constraint Details:

      0.285ns physical path delay bmc_cpld_i2c_ram/i2c_slave_bmc_u0/SLICE_18 to bmc_cpld_i2c_ram/i2c_slave_bmc_u0/SLICE_18 meets
     -0.019ns M_HLD and
      0.000ns delay constraint less
      0.000ns skew requirement (totaling -0.019ns) by 0.304ns

 Physical Path Details:

      Data path bmc_cpld_i2c_ram/i2c_slave_bmc_u0/SLICE_18 to bmc_cpld_i2c_ram/i2c_slave_bmc_u0/SLICE_18:

   Name    Fanout   Delay (ns)          Site               Resource
REG_DEL     ---     0.133    R15C20C.CLK to     R15C20C.Q0 bmc_cpld_i2c_ram/i2c_slave_bmc_u0/SLICE_18 (from clk_25m)
ROUTE         1     0.152     R15C20C.Q0 to     R15C20C.M1 bmc_cpld_i2c_ram/i2c_slave_bmc_u0/i2c_slave_basic0_u0/r_r1_sda_dly_Q[1] (to clk_25m)
                  --------
                    0.285   (46.7% logic, 53.3% route), 1 logic levels.

 Clock Skew Details: 

      Source Clock Path pll_inst/PLLInst_0 to bmc_cpld_i2c_ram/i2c_slave_bmc_u0/SLICE_18:

   Name    Fanout   Delay (ns)          Site               Resource
ROUTE       137     0.698     LPLL.CLKOS to    R15C20C.CLK clk_25m
                  --------
                    0.698   (0.0% logic, 100.0% route), 0 logic levels.

      Destination Clock Path pll_inst/PLLInst_0 to bmc_cpld_i2c_ram/i2c_slave_bmc_u0/SLICE_18:

   Name    Fanout   Delay (ns)          Site               Resource
ROUTE       137     0.698     LPLL.CLKOS to    R15C20C.CLK clk_25m
                  --------
                    0.698   (0.0% logic, 100.0% route), 0 logic levels.


Passed: The following path meets requirements by 0.304ns

 Logical Details:  Cell type  Pin type       Cell/ASIC name  (clock net +/-)

   Source:         FF         Q              bmc_cpld_i2c_ram/i2c_slave_bmc_u0/i2c_slave_basic0_u0/r_r1_sda_dly[7]  (from clk_25m +)
   Destination:    FF         Data in        bmc_cpld_i2c_ram/i2c_slave_bmc_u0/i2c_slave_basic0_u0/r_r1_sda_dly[8]  (to clk_25m +)

   Delay:               0.285ns  (46.7% logic, 53.3% route), 1 logic levels.

 Constraint Details:

      0.285ns physical path delay bmc_cpld_i2c_ram/i2c_slave_bmc_u0/SLICE_12 to bmc_cpld_i2c_ram/i2c_slave_bmc_u0/SLICE_12 meets
     -0.019ns M_HLD and
      0.000ns delay constraint less
      0.000ns skew requirement (totaling -0.019ns) by 0.304ns

 Physical Path Details:

      Data path bmc_cpld_i2c_ram/i2c_slave_bmc_u0/SLICE_12 to bmc_cpld_i2c_ram/i2c_slave_bmc_u0/SLICE_12:

   Name    Fanout   Delay (ns)          Site               Resource
REG_DEL     ---     0.133    R16C20A.CLK to     R16C20A.Q0 bmc_cpld_i2c_ram/i2c_slave_bmc_u0/SLICE_12 (from clk_25m)
ROUTE         1     0.152     R16C20A.Q0 to     R16C20A.M1 bmc_cpld_i2c_ram/i2c_slave_bmc_u0/i2c_slave_basic0_u0/r_r1_sda_dly_Q[7] (to clk_25m)
                  --------
                    0.285   (46.7% logic, 53.3% route), 1 logic levels.

 Clock Skew Details: 

      Source Clock Path pll_inst/PLLInst_0 to bmc_cpld_i2c_ram/i2c_slave_bmc_u0/SLICE_12:

   Name    Fanout   Delay (ns)          Site               Resource
ROUTE       137     0.698     LPLL.CLKOS to    R16C20A.CLK clk_25m
                  --------
                    0.698   (0.0% logic, 100.0% route), 0 logic levels.

      Destination Clock Path pll_inst/PLLInst_0 to bmc_cpld_i2c_ram/i2c_slave_bmc_u0/SLICE_12:

   Name    Fanout   Delay (ns)          Site               Resource
ROUTE       137     0.698     LPLL.CLKOS to    R16C20A.CLK clk_25m
                  --------
                    0.698   (0.0% logic, 100.0% route), 0 logic levels.


Passed: The following path meets requirements by 0.304ns

 Logical Details:  Cell type  Pin type       Cell/ASIC name  (clock net +/-)

   Source:         FF         Q              bmc_cpld_i2c_ram/i2c_slave_bmc_u0/i2c_slave_basic0_u0/r_r1_sda_dly[3]  (from clk_25m +)
   Destination:    FF         Data in        bmc_cpld_i2c_ram/i2c_slave_bmc_u0/i2c_slave_basic0_u0/r_r1_sda_dly[4]  (to clk_25m +)

   Delay:               0.285ns  (46.7% logic, 53.3% route), 1 logic levels.

 Constraint Details:

      0.285ns physical path delay bmc_cpld_i2c_ram/i2c_slave_bmc_u0/SLICE_17 to bmc_cpld_i2c_ram/i2c_slave_bmc_u0/SLICE_17 meets
     -0.019ns M_HLD and
      0.000ns delay constraint less
      0.000ns skew requirement (totaling -0.019ns) by 0.304ns

 Physical Path Details:

      Data path bmc_cpld_i2c_ram/i2c_slave_bmc_u0/SLICE_17 to bmc_cpld_i2c_ram/i2c_slave_bmc_u0/SLICE_17:

   Name    Fanout   Delay (ns)          Site               Resource
REG_DEL     ---     0.133    R15C20D.CLK to     R15C20D.Q0 bmc_cpld_i2c_ram/i2c_slave_bmc_u0/SLICE_17 (from clk_25m)
ROUTE         1     0.152     R15C20D.Q0 to     R15C20D.M1 bmc_cpld_i2c_ram/i2c_slave_bmc_u0/i2c_slave_basic0_u0/r_r1_sda_dly_Q[3] (to clk_25m)
                  --------
                    0.285   (46.7% logic, 53.3% route), 1 logic levels.

 Clock Skew Details: 

      Source Clock Path pll_inst/PLLInst_0 to bmc_cpld_i2c_ram/i2c_slave_bmc_u0/SLICE_17:

   Name    Fanout   Delay (ns)          Site               Resource
ROUTE       137     0.698     LPLL.CLKOS to    R15C20D.CLK clk_25m
                  --------
                    0.698   (0.0% logic, 100.0% route), 0 logic levels.

      Destination Clock Path pll_inst/PLLInst_0 to bmc_cpld_i2c_ram/i2c_slave_bmc_u0/SLICE_17:

   Name    Fanout   Delay (ns)          Site               Resource
ROUTE       137     0.698     LPLL.CLKOS to    R15C20D.CLK clk_25m
                  --------
                    0.698   (0.0% logic, 100.0% route), 0 logic levels.


Passed: The following path meets requirements by 0.304ns

 Logical Details:  Cell type  Pin type       Cell/ASIC name  (clock net +/-)

   Source:         FF         Q              bmc_cpld_i2c_ram/i2c_slave_bmc_u0/i2c_slave_basic0_u0/r_r1_sda_dly[11]  (from clk_25m +)
   Destination:    FF         Data in        bmc_cpld_i2c_ram/i2c_slave_bmc_u0/i2c_slave_basic0_u0/r_r1_sda_dly[12]  (to clk_25m +)

   Delay:               0.285ns  (46.7% logic, 53.3% route), 1 logic levels.

 Constraint Details:

      0.285ns physical path delay bmc_cpld_i2c_ram/i2c_slave_bmc_u0/SLICE_449 to bmc_cpld_i2c_ram/i2c_slave_bmc_u0/SLICE_449 meets
     -0.019ns M_HLD and
      0.000ns delay constraint less
      0.000ns skew requirement (totaling -0.019ns) by 0.304ns

 Physical Path Details:

      Data path bmc_cpld_i2c_ram/i2c_slave_bmc_u0/SLICE_449 to bmc_cpld_i2c_ram/i2c_slave_bmc_u0/SLICE_449:

   Name    Fanout   Delay (ns)          Site               Resource
REG_DEL     ---     0.133    R18C23C.CLK to     R18C23C.Q0 bmc_cpld_i2c_ram/i2c_slave_bmc_u0/SLICE_449 (from clk_25m)
ROUTE         1     0.152     R18C23C.Q0 to     R18C23C.M1 bmc_cpld_i2c_ram/i2c_slave_bmc_u0/i2c_slave_basic0_u0/r_r1_sda_dly_Q[11] (to clk_25m)
                  --------
                    0.285   (46.7% logic, 53.3% route), 1 logic levels.

 Clock Skew Details: 

      Source Clock Path pll_inst/PLLInst_0 to bmc_cpld_i2c_ram/i2c_slave_bmc_u0/SLICE_449:

   Name    Fanout   Delay (ns)          Site               Resource
ROUTE       137     0.698     LPLL.CLKOS to    R18C23C.CLK clk_25m
                  --------
                    0.698   (0.0% logic, 100.0% route), 0 logic levels.

      Destination Clock Path pll_inst/PLLInst_0 to bmc_cpld_i2c_ram/i2c_slave_bmc_u0/SLICE_449:

   Name    Fanout   Delay (ns)          Site               Resource
ROUTE       137     0.698     LPLL.CLKOS to    R18C23C.CLK clk_25m
                  --------
                    0.698   (0.0% logic, 100.0% route), 0 logic levels.


Passed: The following path meets requirements by 0.304ns

 Logical Details:  Cell type  Pin type       Cell/ASIC name  (clock net +/-)

   Source:         FF         Q              bmc_cpld_i2c_ram/i2c_slave_bmc_u0/i2c_slave_basic0_u0/r_r1_sda_dly[13]  (from clk_25m +)
   Destination:    FF         Data in        bmc_cpld_i2c_ram/i2c_slave_bmc_u0/i2c_slave_basic0_u0/r_r1_sda_dly[14]  (to clk_25m +)

   Delay:               0.285ns  (46.7% logic, 53.3% route), 1 logic levels.

 Constraint Details:

      0.285ns physical path delay bmc_cpld_i2c_ram/i2c_slave_bmc_u0/SLICE_450 to bmc_cpld_i2c_ram/i2c_slave_bmc_u0/SLICE_450 meets
     -0.019ns M_HLD and
      0.000ns delay constraint less
      0.000ns skew requirement (totaling -0.019ns) by 0.304ns

 Physical Path Details:

      Data path bmc_cpld_i2c_ram/i2c_slave_bmc_u0/SLICE_450 to bmc_cpld_i2c_ram/i2c_slave_bmc_u0/SLICE_450:

   Name    Fanout   Delay (ns)          Site               Resource
REG_DEL     ---     0.133    R17C22B.CLK to     R17C22B.Q0 bmc_cpld_i2c_ram/i2c_slave_bmc_u0/SLICE_450 (from clk_25m)
ROUTE         1     0.152     R17C22B.Q0 to     R17C22B.M1 bmc_cpld_i2c_ram/i2c_slave_bmc_u0/i2c_slave_basic0_u0/r_r1_sda_dly_Q[13] (to clk_25m)
                  --------
                    0.285   (46.7% logic, 53.3% route), 1 logic levels.

 Clock Skew Details: 

      Source Clock Path pll_inst/PLLInst_0 to bmc_cpld_i2c_ram/i2c_slave_bmc_u0/SLICE_450:

   Name    Fanout   Delay (ns)          Site               Resource
ROUTE       137     0.698     LPLL.CLKOS to    R17C22B.CLK clk_25m
                  --------
                    0.698   (0.0% logic, 100.0% route), 0 logic levels.

      Destination Clock Path pll_inst/PLLInst_0 to bmc_cpld_i2c_ram/i2c_slave_bmc_u0/SLICE_450:

   Name    Fanout   Delay (ns)          Site               Resource
ROUTE       137     0.698     LPLL.CLKOS to    R17C22B.CLK clk_25m
                  --------
                    0.698   (0.0% logic, 100.0% route), 0 logic levels.


Passed: The following path meets requirements by 0.304ns

 Logical Details:  Cell type  Pin type       Cell/ASIC name  (clock net +/-)

   Source:         FF         Q              bmc_cpld_i2c_ram/i2c_slave_bmc_u0/i2c_slave_basic0_u0/r_r1_sda_dly[5]  (from clk_25m +)
   Destination:    FF         Data in        bmc_cpld_i2c_ram/i2c_slave_bmc_u0/i2c_slave_basic0_u0/r_r1_sda_dly[6]  (to clk_25m +)

   Delay:               0.285ns  (46.7% logic, 53.3% route), 1 logic levels.

 Constraint Details:

      0.285ns physical path delay bmc_cpld_i2c_ram/i2c_slave_bmc_u0/SLICE_16 to bmc_cpld_i2c_ram/i2c_slave_bmc_u0/SLICE_16 meets
     -0.019ns M_HLD and
      0.000ns delay constraint less
      0.000ns skew requirement (totaling -0.019ns) by 0.304ns

 Physical Path Details:

      Data path bmc_cpld_i2c_ram/i2c_slave_bmc_u0/SLICE_16 to bmc_cpld_i2c_ram/i2c_slave_bmc_u0/SLICE_16:

   Name    Fanout   Delay (ns)          Site               Resource
REG_DEL     ---     0.133    R15C21A.CLK to     R15C21A.Q0 bmc_cpld_i2c_ram/i2c_slave_bmc_u0/SLICE_16 (from clk_25m)
ROUTE         1     0.152     R15C21A.Q0 to     R15C21A.M1 bmc_cpld_i2c_ram/i2c_slave_bmc_u0/i2c_slave_basic0_u0/r_r1_sda_dly_Q[5] (to clk_25m)
                  --------
                    0.285   (46.7% logic, 53.3% route), 1 logic levels.

 Clock Skew Details: 

      Source Clock Path pll_inst/PLLInst_0 to bmc_cpld_i2c_ram/i2c_slave_bmc_u0/SLICE_16:

   Name    Fanout   Delay (ns)          Site               Resource
ROUTE       137     0.698     LPLL.CLKOS to    R15C21A.CLK clk_25m
                  --------
                    0.698   (0.0% logic, 100.0% route), 0 logic levels.

      Destination Clock Path pll_inst/PLLInst_0 to bmc_cpld_i2c_ram/i2c_slave_bmc_u0/SLICE_16:

   Name    Fanout   Delay (ns)          Site               Resource
ROUTE       137     0.698     LPLL.CLKOS to    R15C21A.CLK clk_25m
                  --------
                    0.698   (0.0% logic, 100.0% route), 0 logic levels.


Passed: The following path meets requirements by 0.304ns

 Logical Details:  Cell type  Pin type       Cell/ASIC name  (clock net +/-)

   Source:         FF         Q              bmc_cpld_i2c_ram/i2c_slave_bmc_u0/i2c_slave_basic0_u0/r_r1_sda_dly[2]  (from clk_25m +)
   Destination:    FF         Data in        bmc_cpld_i2c_ram/i2c_slave_bmc_u0/i2c_slave_basic0_u0/r_r1_sda_dly[3]  (to clk_25m +)

   Delay:               0.285ns  (46.7% logic, 53.3% route), 1 logic levels.

 Constraint Details:

      0.285ns physical path delay bmc_cpld_i2c_ram/i2c_slave_bmc_u0/SLICE_18 to bmc_cpld_i2c_ram/i2c_slave_bmc_u0/SLICE_17 meets
     -0.019ns M_HLD and
      0.000ns delay constraint less
      0.000ns skew requirement (totaling -0.019ns) by 0.304ns

 Physical Path Details:

      Data path bmc_cpld_i2c_ram/i2c_slave_bmc_u0/SLICE_18 to bmc_cpld_i2c_ram/i2c_slave_bmc_u0/SLICE_17:

   Name    Fanout   Delay (ns)          Site               Resource
REG_DEL     ---     0.133    R15C20C.CLK to     R15C20C.Q1 bmc_cpld_i2c_ram/i2c_slave_bmc_u0/SLICE_18 (from clk_25m)
ROUTE         1     0.152     R15C20C.Q1 to     R15C20D.M0 bmc_cpld_i2c_ram/i2c_slave_bmc_u0/i2c_slave_basic0_u0/r_r1_sda_dly_Q[2] (to clk_25m)
                  --------
                    0.285   (46.7% logic, 53.3% route), 1 logic levels.

 Clock Skew Details: 

      Source Clock Path pll_inst/PLLInst_0 to bmc_cpld_i2c_ram/i2c_slave_bmc_u0/SLICE_18:

   Name    Fanout   Delay (ns)          Site               Resource
ROUTE       137     0.698     LPLL.CLKOS to    R15C20C.CLK clk_25m
                  --------
                    0.698   (0.0% logic, 100.0% route), 0 logic levels.

      Destination Clock Path pll_inst/PLLInst_0 to bmc_cpld_i2c_ram/i2c_slave_bmc_u0/SLICE_17:

   Name    Fanout   Delay (ns)          Site               Resource
ROUTE       137     0.698     LPLL.CLKOS to    R15C20D.CLK clk_25m
                  --------
                    0.698   (0.0% logic, 100.0% route), 0 logic levels.


Passed: The following path meets requirements by 0.306ns

 Logical Details:  Cell type  Pin type       Cell/ASIC name  (clock net +/-)

   Source:         FF         Q              bmc_cpld_i2c_ram/i2c_slave_bmc_u0/r_i2c_data_in[2]  (from clk_25m +)
   Destination:    FF         Data in        bmc_cpld_i2c_ram/i2c_slave_bmc_u0/i2c_slave_basic0_u0/r_data_in[2]  (to clk_25m +)

   Delay:               0.287ns  (46.3% logic, 53.7% route), 1 logic levels.

 Constraint Details:

      0.287ns physical path delay bmc_cpld_i2c_ram/i2c_slave_bmc_u0/SLICE_133 to bmc_cpld_i2c_ram/i2c_slave_bmc_u0/i2c_slave_basic0_u0/SLICE_327 meets
     -0.019ns M_HLD and
      0.000ns delay constraint less
      0.000ns skew requirement (totaling -0.019ns) by 0.306ns

 Physical Path Details:

      Data path bmc_cpld_i2c_ram/i2c_slave_bmc_u0/SLICE_133 to bmc_cpld_i2c_ram/i2c_slave_bmc_u0/i2c_slave_basic0_u0/SLICE_327:

   Name    Fanout   Delay (ns)          Site               Resource
REG_DEL     ---     0.133    R17C23D.CLK to     R17C23D.Q0 bmc_cpld_i2c_ram/i2c_slave_bmc_u0/SLICE_133 (from clk_25m)
ROUTE         1     0.154     R17C23D.Q0 to     R15C23D.M0 bmc_cpld_i2c_ram/i2c_slave_bmc_u0/r_i2c_data_in[2] (to clk_25m)
                  --------
                    0.287   (46.3% logic, 53.7% route), 1 logic levels.

 Clock Skew Details: 

      Source Clock Path pll_inst/PLLInst_0 to bmc_cpld_i2c_ram/i2c_slave_bmc_u0/SLICE_133:

   Name    Fanout   Delay (ns)          Site               Resource
ROUTE       137     0.698     LPLL.CLKOS to    R17C23D.CLK clk_25m
                  --------
                    0.698   (0.0% logic, 100.0% route), 0 logic levels.

      Destination Clock Path pll_inst/PLLInst_0 to bmc_cpld_i2c_ram/i2c_slave_bmc_u0/i2c_slave_basic0_u0/SLICE_327:

   Name    Fanout   Delay (ns)          Site               Resource
ROUTE       137     0.698     LPLL.CLKOS to    R15C23D.CLK clk_25m
                  --------
                    0.698   (0.0% logic, 100.0% route), 0 logic levels.


Passed: The following path meets requirements by 0.306ns

 Logical Details:  Cell type  Pin type       Cell/ASIC name  (clock net +/-)

   Source:         FF         Q              bmc_cpld_i2c_ram/i2c_slave_bmc_u0/r_i2c_data_in[4]  (from clk_25m +)
   Destination:    FF         Data in        bmc_cpld_i2c_ram/i2c_slave_bmc_u0/i2c_slave_basic0_u0/r_data_in[4]  (to clk_25m +)

   Delay:               0.287ns  (46.3% logic, 53.7% route), 1 logic levels.

 Constraint Details:

      0.287ns physical path delay bmc_cpld_i2c_ram/i2c_slave_bmc_u0/SLICE_134 to bmc_cpld_i2c_ram/i2c_slave_bmc_u0/i2c_slave_basic0_u0/SLICE_446 meets
     -0.019ns M_HLD and
      0.000ns delay constraint less
      0.000ns skew requirement (totaling -0.019ns) by 0.306ns

 Physical Path Details:

      Data path bmc_cpld_i2c_ram/i2c_slave_bmc_u0/SLICE_134 to bmc_cpld_i2c_ram/i2c_slave_bmc_u0/i2c_slave_basic0_u0/SLICE_446:

   Name    Fanout   Delay (ns)          Site               Resource
REG_DEL     ---     0.133    R17C23B.CLK to     R17C23B.Q0 bmc_cpld_i2c_ram/i2c_slave_bmc_u0/SLICE_134 (from clk_25m)
ROUTE         1     0.154     R17C23B.Q0 to     R15C23B.M0 bmc_cpld_i2c_ram/i2c_slave_bmc_u0/r_i2c_data_in[4] (to clk_25m)
                  --------
                    0.287   (46.3% logic, 53.7% route), 1 logic levels.

 Clock Skew Details: 

      Source Clock Path pll_inst/PLLInst_0 to bmc_cpld_i2c_ram/i2c_slave_bmc_u0/SLICE_134:

   Name    Fanout   Delay (ns)          Site               Resource
ROUTE       137     0.698     LPLL.CLKOS to    R17C23B.CLK clk_25m
                  --------
                    0.698   (0.0% logic, 100.0% route), 0 logic levels.

      Destination Clock Path pll_inst/PLLInst_0 to bmc_cpld_i2c_ram/i2c_slave_bmc_u0/i2c_slave_basic0_u0/SLICE_446:

   Name    Fanout   Delay (ns)          Site               Resource
ROUTE       137     0.698     LPLL.CLKOS to    R15C23B.CLK clk_25m
                  --------
                    0.698   (0.0% logic, 100.0% route), 0 logic levels.


Passed: The following path meets requirements by 0.309ns

 Logical Details:  Cell type  Pin type       Cell/ASIC name  (clock net +/-)

   Source:         FF         Q              bmc_cpld_i2c_ram/i2c_slave_bmc_u0/i2c_slave_basic0_u0/o_data_out[7]  (from clk_25m +)
   Destination:    FF         Data in        bmc_cpld_i2c_ram/i2c_slave_bmc_u0/r_i2c_command_temp[15]  (to clk_25m +)

   Delay:               0.290ns  (45.9% logic, 54.1% route), 1 logic levels.

 Constraint Details:

      0.290ns physical path delay bmc_cpld_i2c_ram/i2c_slave_bmc_u0/i2c_slave_basic0_u0/SLICE_433 to bmc_cpld_i2c_ram/i2c_slave_bmc_u0/SLICE_15 meets
     -0.019ns M_HLD and
      0.000ns delay constraint less
      0.000ns skew requirement (totaling -0.019ns) by 0.309ns

 Physical Path Details:

      Data path bmc_cpld_i2c_ram/i2c_slave_bmc_u0/i2c_slave_basic0_u0/SLICE_433 to bmc_cpld_i2c_ram/i2c_slave_bmc_u0/SLICE_15:

   Name    Fanout   Delay (ns)          Site               Resource
REG_DEL     ---     0.133    R15C22B.CLK to     R15C22B.Q0 bmc_cpld_i2c_ram/i2c_slave_bmc_u0/i2c_slave_basic0_u0/SLICE_433 (from clk_25m)
ROUTE         9     0.157     R15C22B.Q0 to     R15C21B.M1 bmc_cpld_i2c_ram/w_i2c_data_out[7] (to clk_25m)
                  --------
                    0.290   (45.9% logic, 54.1% route), 1 logic levels.

 Clock Skew Details: 

      Source Clock Path pll_inst/PLLInst_0 to bmc_cpld_i2c_ram/i2c_slave_bmc_u0/i2c_slave_basic0_u0/SLICE_433:

   Name    Fanout   Delay (ns)          Site               Resource
ROUTE       137     0.698     LPLL.CLKOS to    R15C22B.CLK clk_25m
                  --------
                    0.698   (0.0% logic, 100.0% route), 0 logic levels.

      Destination Clock Path pll_inst/PLLInst_0 to bmc_cpld_i2c_ram/i2c_slave_bmc_u0/SLICE_15:

   Name    Fanout   Delay (ns)          Site               Resource
ROUTE       137     0.698     LPLL.CLKOS to    R15C21B.CLK clk_25m
                  --------
                    0.698   (0.0% logic, 100.0% route), 0 logic levels.

Report Summary
--------------
----------------------------------------------------------------------------
Preference(MIN Delays)                  |   Constraint|       Actual|Levels
----------------------------------------------------------------------------
                                        |             |             |
FREQUENCY NET "i_CPLD1_CLK_c" 25.000000 |             |             |
MHz ;                                   |            -|            -|   0  
                                        |             |             |
FREQUENCY NET "clk_50m" 50.000000 MHz   |             |             |
HOLD_MARGIN 0.200000 ns ;               |     0.200 ns|     0.304 ns|   1  
                                        |             |             |
FREQUENCY NET "wb_clk" 4.290000 MHz     |             |             |
HOLD_MARGIN 0.200000 ns ;               |            -|            -|   0  
                                        |             |             |
FREQUENCY NET "clk_25m" 25.000000 MHz ; |     0.000 ns|     0.304 ns|   1  
                                        |             |             |
----------------------------------------------------------------------------


All preferences were met.


Clock Domains Analysis
------------------------

Found 9 clocks:

Clock Domain: wb_clk   Source: inst_osch.OSC   Loads: 1
   No transfer within this clock domain is found

Clock Domain: inst_i2c_update_flash_config/i2c1_sclo   Source: inst_i2c_update_flash_config/EFBInst_0.I2C1SCLO   Loads: 1
   No transfer within this clock domain is found

Clock Domain: inst_i2c_update_flash_config/i2c1_scli   Source: io_I2C1_CPLD1_UPDATE_SCL.PAD   Loads: 1
   No transfer within this clock domain is found

Clock Domain: i_CPLD1_CLK_c   Source: i_CPLD1_CLK.PAD   Loads: 1
   No transfer within this clock domain is found

Clock Domain: clk_50m   Source: pll_inst/PLLInst_0.CLKOP   Loads: 118
   Covered under: FREQUENCY NET "clk_50m" 50.000000 MHz HOLD_MARGIN 0.200000 ns ;

Clock Domain: clk_25m   Source: pll_inst/PLLInst_0.CLKOS   Loads: 137
   Covered under: FREQUENCY NET "clk_25m" 25.000000 MHz ;

   Data transfers from:
   Clock Domain: clk_50m   Source: pll_inst/PLLInst_0.CLKOP
      Covered under: FREQUENCY NET "clk_25m" 25.000000 MHz ;   Transfers: 17

   Clock Domain: bmc_cpld_i2c_ram/i2c_slave_bmc_u0/w_i2c_command_1_i   Source: bmc_cpld_i2c_ram/i2c_slave_bmc_u0/SLICE_334.F0
      Covered under: FREQUENCY NET "clk_25m" 25.000000 MHz ;   Transfers: 16

   Clock Domain: bmc_cpld_i2c_ram/i2c_slave_bmc_u0/i2c_slave_basic0_u0/un2_w_rst_2   Source: bmc_cpld_i2c_ram/i2c_slave_bmc_u0/i2c_slave_basic0_u0/SLICE_424.F1
      Covered under: FREQUENCY NET "clk_25m" 25.000000 MHz ;   Transfers: 3

   Clock Domain: bmc_cpld_i2c_ram/i2c_slave_bmc_u0/i2c_slave_basic0_u0/un2_w_rst_1   Source: bmc_cpld_i2c_ram/i2c_slave_bmc_u0/i2c_slave_basic0_u0/SLICE_425.F0
      Covered under: FREQUENCY NET "clk_25m" 25.000000 MHz ;   Transfers: 3

Clock Domain: bmc_cpld_i2c_ram/i2c_slave_bmc_u0/w_i2c_command_1_i   Source: bmc_cpld_i2c_ram/i2c_slave_bmc_u0/SLICE_334.F0   Loads: 8
   No transfer within this clock domain is found

Clock Domain: bmc_cpld_i2c_ram/i2c_slave_bmc_u0/i2c_slave_basic0_u0/un2_w_rst_2   Source: bmc_cpld_i2c_ram/i2c_slave_bmc_u0/i2c_slave_basic0_u0/SLICE_424.F1   Loads: 5
   No transfer within this clock domain is found

Clock Domain: bmc_cpld_i2c_ram/i2c_slave_bmc_u0/i2c_slave_basic0_u0/un2_w_rst_1   Source: bmc_cpld_i2c_ram/i2c_slave_bmc_u0/i2c_slave_basic0_u0/SLICE_425.F0   Loads: 4
   No transfer within this clock domain is found


Timing summary (Hold):
---------------

Timing errors: 0  Score: 0
Cumulative negative slack: 0

Constraints cover 8075 paths, 4 nets, and 3024 connections (91.58% coverage)



Timing summary (Setup and Hold):
---------------

Timing errors: 0 (setup), 0 (hold)
Score: 0 (setup), 0 (hold)
Cumulative negative slack: 0 (0+0)
--------------------------------------------------------------------------------

--------------------------------------------------------------------------------

