
         Lattice Mapping Report File for Design Module 'BM_H13DSP_M'


Design Information
------------------

Command line:   map -a MachXO3LF -p LCMXO3LF-6900C -t CABGA400 -s 5 -oc
     Commercial BM_H13DSP_M_impl1.ngd -o BM_H13DSP_M_impl1_map.ncd -pr
     BM_H13DSP_M_impl1.prf -mp BM_H13DSP_M_impl1.mrp -lpf D:/FH_MB_powerup_1106_
     shixu_ok_exit_fault_change_right_addcpuprsnt_ok_add_pull_down_add_pwrbmc_ct
     rl/MB/09/BM_H13DSP_M/pro/impl1/BM_H13DSP_M_impl1_synplify.lpf -lpf D:/FH_MB
     _powerup_1106_shixu_ok_exit_fault_change_right_addcpuprsnt_ok_add_pull_down
     _add_pwrbmc_ctrl/MB/09/BM_H13DSP_M/pro/BM_H13DSP_M.lpf -c 0 -gui -msgset D:
     /FH_MB_powerup_1106_shixu_ok_exit_fault_change_right_addcpuprsnt_ok_add_pul
     l_down_add_pwrbmc_ctrl/MB/09/BM_H13DSP_M/pro/promote.xml 
Target Vendor:  LATTICE
Target Device:  LCMXO3LF-6900CCABGA400
Target Performance:   5
Mapper:  xo3c00f,  version:  Diamond (64-bit) 3.14.0.75.2
Mapped on:  11/18/25  16:01:50

Design Summary
--------------

   Number of registers:   1850 out of  7872 (24%)
      PFU registers:         1812 out of  6864 (26%)
      PIO registers:           38 out of  1008 (4%)
   Number of SLICEs:      1509 out of  3432 (44%)
      SLICEs as Logic/ROM:   1509 out of  3432 (44%)
      SLICEs as RAM:            0 out of  2574 (0%)
      SLICEs as Carry:        155 out of  3432 (5%)
   Number of LUT4s:        2977 out of  6864 (43%)
      Number used as logic LUTs:        2667
      Number used as distributed RAM:     0
      Number used as ripple logic:      310
      Number used as shift registers:     0
   Number of PIO sites used: 178 + 4(JTAG) out of 336 (54%)
   Number of block RAMs:  0 out of 26 (0%)
   Number of GSRs:        1 out of 1 (100%)
   EFB used :        Yes
   JTAG used :       No
   Readback used :   No
   Oscillator used : Yes
   Startup used :    No
   POR :             On
   Bandgap :         On
   Number of Power Controller:  0 out of 1 (0%)
   Number of Dynamic Bank Controller (BCINRD):  0 out of 6 (0%)
   Number of Dynamic Bank Controller (BCLVDSO):  0 out of 1 (0%)
   Number of DCCA:  0 out of 8 (0%)
   Number of DCMA:  0 out of 2 (0%)
   Number of PLLs:  1 out of 2 (50%)
   Number of DQSDLLs:  0 out of 2 (0%)
   Number of CLKDIVC:  0 out of 4 (0%)
   Number of ECLKSYNCA:  0 out of 4 (0%)
   Number of ECLKBRIDGECS:  0 out of 2 (0%)
   Notes:-
      1. Total number of LUT4s = (Number of logic LUT4s) + 2*(Number of
     distributed RAMs) + 2*(Number of ripple logic)
      2. Number of logic LUT4s does not include count of distributed RAM and
     ripple logic.

                                    Page 1




Design:  BM_H13DSP_M                                   Date:  11/18/25  16:01:50

Design Summary (cont)
---------------------
   Number of clocks:  13
     Net wb_clk: 1 loads, 1 rising, 0 falling (Driver: inst_osch )
     Net clk_50m: 672 loads, 672 rising, 0 falling (Driver: pll_inst/PLLInst_0 )
     
     Net clk_25m: 333 loads, 333 rising, 0 falling (Driver: pll_inst/PLLInst_0 )
     
     Net bmc_cpld_i2c_ram_u0/i2c_slave_bmc_u0/i2c_slave_basic0_u0/un2_w_rst_2: 2
     loads, 2 rising, 0 falling (Driver:
     bmc_cpld_i2c_ram_u0/i2c_slave_bmc_u0/i2c_slave_basic0_u0/un2_w_rst_2 )
     Net bmc_cpld_i2c_ram_u0/i2c_slave_bmc_u0/i2c_slave_basic0_u0/un2_w_rst_1: 2
     loads, 2 rising, 0 falling (Driver:
     bmc_cpld_i2c_ram_u0/i2c_slave_bmc_u0/i2c_slave_basic0_u0/un2_w_rst_1 )
     Net bmc_cpld_i2c_ram_u0/i2c_slave_bmc_u0/w_i2c_command_1_i: 8 loads, 8
     rising, 0 falling (Driver:
     bmc_cpld_i2c_ram_u0/i2c_slave_bmc_u0/w_i2c_command_1_0_a2 )
     Net bios_cpld_i2c_ram_u0/i2c_slave_bmc_u0/w_i2c_command_1_i: 8 loads, 8
     rising, 0 falling (Driver:
     bios_cpld_i2c_ram_u0/i2c_slave_bmc_u0/w_i2c_command_1_0_a2 )
     Net
     bios_cpld_i2c_ram_u0/i2c_slave_bmc_u0/i2c_slave_basic0_u0/un2_w_rst_2_0: 2
     loads, 2 rising, 0 falling (Driver:
     bios_cpld_i2c_ram_u0/i2c_slave_bmc_u0/i2c_slave_basic0_u0/un2_w_rst_2 )
     Net
     bios_cpld_i2c_ram_u0/i2c_slave_bmc_u0/i2c_slave_basic0_u0/un2_w_rst_1_0: 2
     loads, 2 rising, 0 falling (Driver:
     bios_cpld_i2c_ram_u0/i2c_slave_bmc_u0/i2c_slave_basic0_u0/un2_w_rst_1 )
     Net i_CPLD_ESPI_CLK_c: 120 loads, 108 rising, 12 falling (Driver: PIO
     i_CPLD_ESPI_CLK )
     Net o_P1_PWR_BTN_N_c: 1 loads, 1 rising, 0 falling (Driver: thermtrip_int/_
     CPU_THERMTRIP_DETECT_BLOCK_[0].inst_cpu_thermtrip_fault_det/o_P1_PWR_BTN_N
     )
     Net inst_i2c_update_flash_config/i2c1_scli: 1 loads, 1 rising, 0 falling
     (Driver: PIO io_I2C2_UPDATE_SCL )
     Net i_CLK_25M_CPLD_c: 1 loads, 1 rising, 0 falling (Driver: PIO
     i_CLK_25M_CPLD )
   Number of Clock Enables:  372
     Net r_zt2_board_prsnt_n: 1 loads, 1 LSLICEs
     Net cmu_to_mb_data_filter4: 1 loads, 1 LSLICEs
     Net un1_w_bmc_ready_pos: 1 loads, 0 LSLICEs
     Net bmc_cpld_i2c_ram_u0/i2c_slave_bmc_u0/i2c_slave_basic0_u0/o_data_out_RNO
     _0[7]: 1 loads, 1 LSLICEs
     Net bmc_cpld_i2c_ram_u0/i2c_slave_bmc_u0/i2c_slave_basic0_u0/o_data_out_RNO
     _0[6]: 1 loads, 1 LSLICEs
     Net bmc_cpld_i2c_ram_u0/i2c_slave_bmc_u0/i2c_slave_basic0_u0/o_data_out_RNO
     _0[5]: 1 loads, 1 LSLICEs
     Net bmc_cpld_i2c_ram_u0/i2c_slave_bmc_u0/i2c_slave_basic0_u0/o_data_out_RNO
     _0[4]: 1 loads, 1 LSLICEs
     Net bmc_cpld_i2c_ram_u0/i2c_slave_bmc_u0/i2c_slave_basic0_u0/o_data_out_RNO
     _0[3]: 1 loads, 1 LSLICEs
     Net bmc_cpld_i2c_ram_u0/i2c_slave_bmc_u0/i2c_slave_basic0_u0/o_data_out_RNO
     _0[2]: 1 loads, 1 LSLICEs
     Net bmc_cpld_i2c_ram_u0/i2c_slave_bmc_u0/i2c_slave_basic0_u0/o_data_out_RNO
     _0[1]: 1 loads, 1 LSLICEs
     Net bmc_cpld_i2c_ram_u0/i2c_slave_bmc_u0/i2c_slave_basic0_u0/o_data_out_RNO
     _0[0]: 1 loads, 1 LSLICEs
     Net bmc_cpld_i2c_ram_u0/i2c_slave_bmc_u0/i2c_slave_basic0_u0/r_I2C_RW_1_sqm

                                    Page 2




Design:  BM_H13DSP_M                                   Date:  11/18/25  16:01:50

Design Summary (cont)
---------------------
     uxa: 1 loads, 1 LSLICEs
     Net bmc_cpld_i2c_ram_u0/i2c_slave_bmc_u0/i2c_slave_basic0_u0/r_I2c_address_
     RNO_0[6]: 1 loads, 1 LSLICEs
     Net bmc_cpld_i2c_ram_u0/i2c_slave_bmc_u0/i2c_slave_basic0_u0/r_I2c_address_
     RNO_0[5]: 1 loads, 1 LSLICEs
     Net bmc_cpld_i2c_ram_u0/i2c_slave_bmc_u0/i2c_slave_basic0_u0/r_I2c_address_
     RNO_0[4]: 1 loads, 1 LSLICEs
     Net bmc_cpld_i2c_ram_u0/i2c_slave_bmc_u0/i2c_slave_basic0_u0/r_I2c_address_
     RNO_0[3]: 1 loads, 1 LSLICEs
     Net bmc_cpld_i2c_ram_u0/i2c_slave_bmc_u0/i2c_slave_basic0_u0/r_I2c_address_
     RNO_0[2]: 1 loads, 1 LSLICEs
     Net bmc_cpld_i2c_ram_u0/i2c_slave_bmc_u0/i2c_slave_basic0_u0/r_I2c_address_
     RNO_0[1]: 1 loads, 1 LSLICEs
     Net bmc_cpld_i2c_ram_u0/i2c_slave_bmc_u0/i2c_slave_basic0_u0/r_I2c_address_
     RNO_0[0]: 1 loads, 1 LSLICEs
     Net bmc_cpld_i2c_ram_u0/i2c_slave_bmc_u0/i2c_slave_basic0_u0/N_211_i: 4
     loads, 4 LSLICEs
     Net
     bmc_cpld_i2c_ram_u0/i2c_slave_bmc_u0/i2c_slave_basic0_u0/r_timeout_cnte: 4
     loads, 4 LSLICEs
     Net bmc_cpld_i2c_ram_u0/i2c_slave_bmc_u0/i2c_slave_basic0_u0/r_glitchlessSi
     gnal_sda_d_1_sqmuxa_i: 1 loads, 1 LSLICEs
     Net bmc_cpld_i2c_ram_u0/i2c_slave_bmc_u0/i2c_slave_basic0_u0/r_glitchlessSi
     gnal_scl_d_1_sqmuxa_i: 1 loads, 1 LSLICEs
     Net
     bmc_cpld_i2c_ram_u0/i2c_slave_bmc_u0/i2c_slave_basic0_u0/r_data_in_lock: 4
     loads, 4 LSLICEs
     Net bmc_cpld_i2c_ram_u0/i2c_slave_bmc_u0/i2c_slave_basic0_u0/N_250_i: 4
     loads, 4 LSLICEs
     Net pon_reset_n: 5 loads, 5 LSLICEs
     Net bmc_cpld_i2c_ram_u0/i2c_slave_bmc_u0/r_write_byte_cnte: 9 loads, 9
     LSLICEs
     Net bmc_cpld_i2c_ram_u0/r_reg_00134: 4 loads, 4 LSLICEs
     Net bmc_cpld_i2c_ram_u0/r_reg_00d15: 4 loads, 4 LSLICEs
     Net bmc_cpld_i2c_ram_u0/r_reg_00345: 4 loads, 4 LSLICEs
     Net bmc_cpld_i2c_ram_u0/r_reg_00064: 4 loads, 4 LSLICEs
     Net bmc_cpld_i2c_ram_u0/N_26: 4 loads, 4 LSLICEs
     Net bmc_cpld_i2c_ram_u0/i2c_slave_bmc_u0/w_data_vld_pos: 9 loads, 9 LSLICEs
     
     Net bmc_cpld_i2c_ram_u0/i2c_slave_bmc_u0/r_i2c_command_tempce_0[0]: 4
     loads, 4 LSLICEs
     Net bmc_cpld_i2c_ram_u0/i2c_slave_bmc_u0/r_i2c_command_tempce_0[8]: 4
     loads, 4 LSLICEs
     Net bmc_cpld_i2c_ram_u0/r_reg_10525: 4 loads, 4 LSLICEs
     Net bmc_cpld_i2c_ram_u0/r_reg_00524: 4 loads, 4 LSLICEs
     Net bmc_cpld_i2c_ram_u0/r_reg_00765: 4 loads, 4 LSLICEs
     Net bmc_cpld_i2c_ram_u0/r_reg_00785: 4 loads, 4 LSLICEs
     Net bmc_cpld_i2c_ram_u0/r_reg_008a5: 4 loads, 4 LSLICEs
     Net bmc_cpld_i2c_ram_u0/r_reg_02c05: 4 loads, 4 LSLICEs
     Net bmc_cpld_i2c_ram_u0/r_reg_006c5: 4 loads, 4 LSLICEs
     Net bmc_cpld_i2c_ram_u0/r_reg_00774: 4 loads, 4 LSLICEs
     Net bmc_cpld_i2c_ram_u0/r_reg_00745: 4 loads, 4 LSLICEs
     Net bmc_cpld_i2c_ram_u0/r_reg_008c5: 4 loads, 4 LSLICEs
     Net bmc_cpld_i2c_ram_u0/r_reg_00a05: 4 loads, 4 LSLICEs
     Net bmc_cpld_i2c_ram_u0/r_reg_01055: 4 loads, 4 LSLICEs
     Net bmc_cpld_i2c_ram_u0/r_reg_01305: 4 loads, 4 LSLICEs

                                    Page 3




Design:  BM_H13DSP_M                                   Date:  11/18/25  16:01:50

Design Summary (cont)
---------------------
     Net bmc_cpld_i2c_ram_u0/r_reg_10535: 4 loads, 4 LSLICEs
     Net bmc_cpld_i2c_ram_u0/r_reg_10505: 4 loads, 4 LSLICEs
     Net bmc_cpld_i2c_ram_u0/r_reg_10515: 4 loads, 4 LSLICEs
     Net bmc_cpld_i2c_ram_u0/r_reg_10545: 4 loads, 4 LSLICEs
     Net bmc_cpld_i2c_ram_u0/un1_r_reg_03a019_0: 5 loads, 5 LSLICEs
     Net bmc_cpld_i2c_ram_u0/r_reg_020d5: 1 loads, 1 LSLICEs
     Net bmc_cpld_i2c_ram_u0/r_reg_00735: 4 loads, 4 LSLICEs
     Net r_zt_board_prsnt_n: 1 loads, 1 LSLICEs
     Net nmi_ctl_int/clr_nmi_delay_inst/un1_timer_cnt18_i_0_0: 1 loads, 1
     LSLICEs
     Net nmi_ctl_int/un1_i_clr_nmi_flg: 1 loads, 1 LSLICEs
     Net clear_cmos_int/clr_cmos_delay_inst/un1_timer_cnt18_i_0: 1 loads, 1
     LSLICEs
     Net clear_cmos_int/un1_i_clr_cmos_flg: 1 loads, 1 LSLICEs
     Net bios_cpld_i2c_ram_u0/i2c_slave_bmc_u0/i2c_slave_basic0_u0/o_data_out_RN
     O[7]: 1 loads, 1 LSLICEs
     Net bios_cpld_i2c_ram_u0/i2c_slave_bmc_u0/i2c_slave_basic0_u0/o_data_out_RN
     O[6]: 1 loads, 1 LSLICEs
     Net bios_cpld_i2c_ram_u0/i2c_slave_bmc_u0/i2c_slave_basic0_u0/o_data_out_RN
     O[5]: 1 loads, 1 LSLICEs
     Net bios_cpld_i2c_ram_u0/i2c_slave_bmc_u0/i2c_slave_basic0_u0/o_data_out_RN
     O[4]: 1 loads, 1 LSLICEs
     Net bios_cpld_i2c_ram_u0/i2c_slave_bmc_u0/i2c_slave_basic0_u0/o_data_out_RN
     O[3]: 1 loads, 1 LSLICEs
     Net bios_cpld_i2c_ram_u0/i2c_slave_bmc_u0/i2c_slave_basic0_u0/o_data_out_RN
     O[2]: 1 loads, 1 LSLICEs
     Net bios_cpld_i2c_ram_u0/i2c_slave_bmc_u0/i2c_slave_basic0_u0/o_data_out_RN
     O[1]: 1 loads, 1 LSLICEs
     Net bios_cpld_i2c_ram_u0/i2c_slave_bmc_u0/i2c_slave_basic0_u0/o_data_out_RN
     O[0]: 1 loads, 1 LSLICEs
     Net bios_cpld_i2c_ram_u0/i2c_slave_bmc_u0/i2c_slave_basic0_u0/r_I2C_RW_1_sq
     muxa: 1 loads, 1 LSLICEs
     Net bios_cpld_i2c_ram_u0/i2c_slave_bmc_u0/i2c_slave_basic0_u0/r_I2c_address
     _RNO[6]: 1 loads, 1 LSLICEs
     Net bios_cpld_i2c_ram_u0/i2c_slave_bmc_u0/i2c_slave_basic0_u0/r_I2c_address
     _RNO[5]: 1 loads, 1 LSLICEs
     Net bios_cpld_i2c_ram_u0/i2c_slave_bmc_u0/i2c_slave_basic0_u0/r_I2c_address
     _RNO[4]: 1 loads, 1 LSLICEs
     Net bios_cpld_i2c_ram_u0/i2c_slave_bmc_u0/i2c_slave_basic0_u0/r_I2c_address
     _RNO[3]: 1 loads, 1 LSLICEs
     Net bios_cpld_i2c_ram_u0/i2c_slave_bmc_u0/i2c_slave_basic0_u0/r_I2c_address
     _RNO[2]: 1 loads, 1 LSLICEs
     Net bios_cpld_i2c_ram_u0/i2c_slave_bmc_u0/i2c_slave_basic0_u0/r_I2c_address
     _RNO[1]: 1 loads, 1 LSLICEs
     Net bios_cpld_i2c_ram_u0/i2c_slave_bmc_u0/i2c_slave_basic0_u0/r_I2c_address
     _RNO[0]: 1 loads, 1 LSLICEs
     Net bios_cpld_i2c_ram_u0/i2c_slave_bmc_u0/i2c_slave_basic0_u0/N_211_i: 4
     loads, 4 LSLICEs
     Net
     bios_cpld_i2c_ram_u0/i2c_slave_bmc_u0/i2c_slave_basic0_u0/r_timeout_cnte: 4
     loads, 4 LSLICEs
     Net bios_cpld_i2c_ram_u0/i2c_slave_bmc_u0/i2c_slave_basic0_u0/r_glitchlessS
     ignal_sda_d_1_sqmuxa_i: 1 loads, 1 LSLICEs
     Net bios_cpld_i2c_ram_u0/i2c_slave_bmc_u0/i2c_slave_basic0_u0/r_glitchlessS
     ignal_scl_d_1_sqmuxa_i: 1 loads, 1 LSLICEs
     Net

                                    Page 4




Design:  BM_H13DSP_M                                   Date:  11/18/25  16:01:50

Design Summary (cont)
---------------------
     bios_cpld_i2c_ram_u0/i2c_slave_bmc_u0/i2c_slave_basic0_u0/r_data_in_lock: 4
     loads, 4 LSLICEs
     Net bios_cpld_i2c_ram_u0/i2c_slave_bmc_u0/i2c_slave_basic0_u0/N_250_i: 5
     loads, 5 LSLICEs
     Net bios_cpld_i2c_ram_u0/i2c_slave_bmc_u0/r_write_byte_cnte: 9 loads, 9
     LSLICEs
     Net bios_cpld_i2c_ram_u0/i2c_slave_bmc_u0/w_data_vld_pos: 9 loads, 9
     LSLICEs
     Net bios_cpld_i2c_ram_u0/i2c_slave_bmc_u0/r_i2c_command_tempce[0]: 4 loads,
     4 LSLICEs
     Net bios_cpld_i2c_ram_u0/i2c_slave_bmc_u0/r_i2c_command_tempce[8]: 4 loads,
     4 LSLICEs
     Net bios_cpld_i2c_ram_u0/r_reg_10065: 1 loads, 1 LSLICEs
     Net pch_cpld_espi_ram_u1/r_reg_10064: 4 loads, 4 LSLICEs
     Net bios_espi_link/trans_cnt4_1_sqmuxa_1: 1 loads, 1 LSLICEs
     Net bios_espi_link/trans_cnt5_1_sqmuxa_1: 1 loads, 1 LSLICEs
     Net bios_espi_link/sts_trans_en_1_sqmuxa: 2 loads, 2 LSLICEs
     Net bios_espi_link/trans_cnt6e: 4 loads, 4 LSLICEs
     Net bios_espi_link/addr_trans_en_1_sqmuxa: 1 loads, 1 LSLICEs
     Net bios_espi_link/tar_trans_en9: 1 loads, 1 LSLICEs
     Net bios_espi_link/un1_state_save14_2_i: 4 loads, 4 LSLICEs
     Net bios_espi_link/N_514_i: 1 loads, 1 LSLICEs
     Net bios_espi_link/N_518_i: 1 loads, 1 LSLICEs
     Net bios_espi_link/N_519_i: 1 loads, 1 LSLICEs
     Net bios_espi_link/N_522_i: 1 loads, 1 LSLICEs
     Net bios_espi_link/N_523_i: 2 loads, 2 LSLICEs
     Net bios_espi_link/pch_smbus_wdata_en_1_sqmuxa: 4 loads, 4 LSLICEs
     Net bios_espi_link/un1_pch_smbus_wdata_en_1_sqmuxa: 1 loads, 1 LSLICEs
     Net bios_espi_link/pch_addrce[0]: 4 loads, 4 LSLICEs
     Net bios_espi_link/pch_addrce[8]: 4 loads, 4 LSLICEs
     Net bios_espi_link/un1_state_save14_i: 4 loads, 4 LSLICEs
     Net bios_espi_link/N_521_i: 4 loads, 4 LSLICEs
     Net bios_espi_link/N_354_i: 7 loads, 7 LSLICEs
     Net bios_espi_link/un1_state_save14_1_i: 16 loads, 16 LSLICEs
     Net bios_espi_link/N_525_i: 1 loads, 1 LSLICEs
     Net bios_espi_link/N_515_i: 2 loads, 2 LSLICEs
     Net bios_espi_link/N_520_i: 1 loads, 1 LSLICEs
     Net bios_espi_link/N_524_i: 2 loads, 2 LSLICEs
     Net bios_espi_link/data_trans_en_0_sqmuxa: 2 loads, 2 LSLICEs
     Net uart_master_u2/reg_par_data_out_RNO_0[0]: 1 loads, 1 LSLICEs
     Net uart_master_u2/reg_par_data_out_RNO[2]: 1 loads, 1 LSLICEs
     Net uart_master_u2/N_97_i: 1 loads, 1 LSLICEs
     Net uart_master_u2/un8_i_a2_0[2]: 1 loads, 1 LSLICEs
     Net uart_master_u2/reg_par_data_outce[1]: 1 loads, 1 LSLICEs
     Net uart_master_u2/reg_par_data_outce[3]: 1 loads, 1 LSLICEs
     Net uart_master_u2/reg_par_data_outce[4]: 1 loads, 1 LSLICEs
     Net uart_master_u2/reg_par_data_outce[5]: 1 loads, 1 LSLICEs
     Net uart_master_u2/reg_par_data_outce[6]: 1 loads, 1 LSLICEs
     Net uart_master_u2/reg_par_data_outce_0[7]: 1 loads, 1 LSLICEs
     Net uart_master_u2/reg_par_data_outce_0[8]: 1 loads, 1 LSLICEs
     Net uart_master_u2/reg_par_data_outce[9]: 1 loads, 1 LSLICEs
     Net uart_master_u2/reg_par_data_outce_0[10]: 1 loads, 1 LSLICEs
     Net uart_master_u2/reg_par_data_outce[19]: 1 loads, 1 LSLICEs
     Net uart_master_u2/reg_par_data_outce[20]: 1 loads, 1 LSLICEs
     Net uart_master_u2/reg_par_data_outce[21]: 1 loads, 1 LSLICEs
     Net uart_master_u2/error_flag_0_sqmuxa: 4 loads, 4 LSLICEs

                                    Page 5




Design:  BM_H13DSP_M                                   Date:  11/18/25  16:01:50

Design Summary (cont)
---------------------
     Net uart_master_u2/data_counte: 3 loads, 3 LSLICEs
     Net uart_master_u2/bps_count_bite: 4 loads, 4 LSLICEs
     Net uart_master_u1/reg_par_data_out_RNO[21]: 1 loads, 1 LSLICEs
     Net uart_master_u1/reg_par_data_out_RNO[19]: 1 loads, 1 LSLICEs
     Net uart_master_u1/reg_par_data_out_RNO[9]: 1 loads, 1 LSLICEs
     Net uart_master_u1/reg_par_data_out_RNO[6]: 1 loads, 1 LSLICEs
     Net uart_master_u1/reg_par_data_out_RNO[5]: 1 loads, 1 LSLICEs
     Net uart_master_u1/reg_par_data_out_RNO[4]: 1 loads, 1 LSLICEs
     Net uart_master_u1/reg_par_data_out_RNO[3]: 1 loads, 1 LSLICEs
     Net uart_master_u1/reg_par_data_out_RNO[1]: 1 loads, 1 LSLICEs
     Net uart_master_u1/reg_par_data_out_RNO[0]: 1 loads, 1 LSLICEs
     Net uart_master_u1/reg_par_data_out_RNO[20]: 1 loads, 1 LSLICEs
     Net uart_master_u1/un8_i_a2[2]: 1 loads, 1 LSLICEs
     Net uart_master_u1/reg_par_data_outce[2]: 1 loads, 1 LSLICEs
     Net uart_master_u1/reg_par_data_outce[7]: 1 loads, 1 LSLICEs
     Net uart_master_u1/reg_par_data_outce[8]: 1 loads, 1 LSLICEs
     Net uart_master_u1/reg_par_data_outce[10]: 1 loads, 1 LSLICEs
     Net uart_master_u1/N_97_i_0: 1 loads, 1 LSLICEs
     Net uart_master_u1/error_flag_0_sqmuxa: 4 loads, 4 LSLICEs
     Net uart_master_u1/data_counte: 3 loads, 3 LSLICEs
     Net uart_master_u1/bps_count_bite: 4 loads, 4 LSLICEs
     Net p1v0_stby_m2_fault_detect_inst/un1_fault_clear: 1 loads, 1 LSLICEs
     Net p1v0_stby_m2_check_inst/un1_timer_cnt18_i: 1 loads, 1 LSLICEs
     Net t1us_tick: 27 loads, 27 LSLICEs
     Net pwrseq_slave_inst/un1_reset_1_i_0: 1 loads, 1 LSLICEs
     Net pwrseq_slave_inst/un1_reset_i_0: 1 loads, 1 LSLICEs
     Net pwrseq_slave_inst/un1_fault_save_en9_i: 3 loads, 3 LSLICEs
     Net pwrseq_slave_inst/un1_fault_save_en8_1_0: 1 loads, 1 LSLICEs
     Net pwrseq_master_inst/wdt_countere: 13 loads, 13 LSLICEs
     Net pwrseq_master_inst/statece[23]: 4 loads, 4 LSLICEs
     Net pwrseq_master_inst/un1_r_Pwrbtn_long_1_sqmuxa_i_0: 1 loads, 1 LSLICEs
     Net pwrseq_master_inst/N_320_i: 1 loads, 1 LSLICEs
     Net Signal_Latch_THERMTRIP1/un1_rAlert8_0_0: 1 loads, 1 LSLICEs
     Net Signal_Latch_THERMTRIP0/un1_rAlert8_0: 1 loads, 1 LSLICEs
     Net thermtrip_int/_CPU_THERMTRIP_DETECT_BLOCK_[1].inst_cpu_thermtrip_fault_
     det/un1_fault_clear: 1 loads, 1 LSLICEs
     Net thermtrip_int/_CPU_THERMTRIP_DETECT_BLOCK_[0].inst_cpu_thermtrip_fault_
     det/un1_vrm_chklive_en: 1 loads, 1 LSLICEs
     Net thermtrip_int/_CPU_THERMTRIP_DETECT_BLOCK_[0].inst_cpu_thermtrip_fault_
     det/un1_fault_clear: 1 loads, 1 LSLICEs
     Net bmc_ctl_pwrbtn_u0/un1_w_pwrbtn_pos_1_1: 1 loads, 1 LSLICEs
     Net bmc_ctl_pwrbtn_u0/un1_r_sbtn_pwron_evt8: 1 loads, 1 LSLICEs
     Net inst_mcpld_to_cmucpld_p2s/cnte: 4 loads, 4 LSLICEs
     Net inst_cmucpld_to_mcpld_s2p/sclk_1_sqmuxa: 1 loads, 1 LSLICEs
     Net inst_cmucpld_to_mcpld_s2p/un12_sclk_pp: 3 loads, 3 LSLICEs
     Net inst_cmucpld_to_mcpld_s2p/po_rce_0[0]: 1 loads, 1 LSLICEs
     Net inst_cmucpld_to_mcpld_s2p/po14: 5 loads, 5 LSLICEs
     Net inst_cmucpld_to_mcpld_s2p/po_rce_0[2]: 1 loads, 1 LSLICEs
     Net inst_cmucpld_to_mcpld_s2p/po_rce_0[3]: 1 loads, 1 LSLICEs
     Net inst_cmucpld_to_mcpld_s2p/po_rce_0[92]: 1 loads, 1 LSLICEs
     Net inst_cmucpld_to_mcpld_s2p/po_rce_0[94]: 1 loads, 1 LSLICEs
     Net inst_cmucpld_to_mcpld_s2p/po_rce_0[95]: 1 loads, 1 LSLICEs
     Net inst_cmucpld_to_mcpld_s2p/un12_tick_pp: 4 loads, 4 LSLICEs
     Net inst_mcpld_to_scpld_p2s/N_836_i: 5 loads, 5 LSLICEs
     Net inst_scpld_to_mcpld_s2p/sclk_1_sqmuxa: 1 loads, 1 LSLICEs
     Net inst_scpld_to_mcpld_s2p/po_r_RNO[170]: 1 loads, 1 LSLICEs

                                    Page 6




Design:  BM_H13DSP_M                                   Date:  11/18/25  16:01:50

Design Summary (cont)
---------------------
     Net inst_scpld_to_mcpld_s2p/po_r_RNO[175]: 1 loads, 1 LSLICEs
     Net inst_scpld_to_mcpld_s2p/po_r_RNO[144]: 1 loads, 1 LSLICEs
     Net inst_scpld_to_mcpld_s2p/po_r_RNO[142]: 1 loads, 1 LSLICEs
     Net inst_scpld_to_mcpld_s2p/po_r_RNO[141]: 1 loads, 1 LSLICEs
     Net inst_scpld_to_mcpld_s2p/po_r_RNO[53]: 1 loads, 1 LSLICEs
     Net inst_scpld_to_mcpld_s2p/po_r_RNO[45]: 1 loads, 1 LSLICEs
     Net inst_scpld_to_mcpld_s2p/po_r_RNO[43]: 1 loads, 1 LSLICEs
     Net inst_scpld_to_mcpld_s2p/po_r_RNO[39]: 1 loads, 1 LSLICEs
     Net inst_scpld_to_mcpld_s2p/po_r_RNO[23]: 1 loads, 1 LSLICEs
     Net inst_scpld_to_mcpld_s2p/po_r_RNO[169]: 1 loads, 1 LSLICEs
     Net inst_scpld_to_mcpld_s2p/po_rce[0]: 1 loads, 1 LSLICEs
     Net inst_scpld_to_mcpld_s2p/po5: 85 loads, 85 LSLICEs
     Net inst_scpld_to_mcpld_s2p/po_rce[1]: 1 loads, 1 LSLICEs
     Net inst_scpld_to_mcpld_s2p/po_rce[2]: 1 loads, 1 LSLICEs
     Net inst_scpld_to_mcpld_s2p/po_rce[3]: 1 loads, 1 LSLICEs
     Net inst_scpld_to_mcpld_s2p/po_rce[7]: 1 loads, 1 LSLICEs
     Net inst_scpld_to_mcpld_s2p/po_rce[8]: 1 loads, 1 LSLICEs
     Net inst_scpld_to_mcpld_s2p/po_rce[9]: 1 loads, 1 LSLICEs
     Net inst_scpld_to_mcpld_s2p/po_rce[10]: 1 loads, 1 LSLICEs
     Net inst_scpld_to_mcpld_s2p/po_rce[13]: 1 loads, 1 LSLICEs
     Net inst_scpld_to_mcpld_s2p/po_rce[14]: 1 loads, 1 LSLICEs
     Net inst_scpld_to_mcpld_s2p/po_rce[15]: 1 loads, 1 LSLICEs
     Net inst_scpld_to_mcpld_s2p/po_rce[16]: 1 loads, 1 LSLICEs
     Net inst_scpld_to_mcpld_s2p/po_rce[17]: 1 loads, 1 LSLICEs
     Net inst_scpld_to_mcpld_s2p/po_rce[18]: 1 loads, 1 LSLICEs
     Net inst_scpld_to_mcpld_s2p/po_rce[19]: 1 loads, 1 LSLICEs
     Net inst_scpld_to_mcpld_s2p/po_rce[20]: 1 loads, 1 LSLICEs
     Net inst_scpld_to_mcpld_s2p/po_rce[21]: 1 loads, 1 LSLICEs
     Net inst_scpld_to_mcpld_s2p/po_rce[22]: 1 loads, 1 LSLICEs
     Net inst_scpld_to_mcpld_s2p/po_rce[24]: 1 loads, 1 LSLICEs
     Net inst_scpld_to_mcpld_s2p/po_rce[25]: 1 loads, 1 LSLICEs
     Net inst_scpld_to_mcpld_s2p/po_rce[26]: 1 loads, 1 LSLICEs
     Net inst_scpld_to_mcpld_s2p/po_rce[27]: 1 loads, 1 LSLICEs
     Net inst_scpld_to_mcpld_s2p/po_rce[28]: 1 loads, 1 LSLICEs
     Net inst_scpld_to_mcpld_s2p/po_rce[29]: 1 loads, 1 LSLICEs
     Net inst_scpld_to_mcpld_s2p/po_rce[30]: 1 loads, 1 LSLICEs
     Net inst_scpld_to_mcpld_s2p/po_rce[31]: 1 loads, 1 LSLICEs
     Net inst_scpld_to_mcpld_s2p/po_rce[32]: 1 loads, 1 LSLICEs
     Net inst_scpld_to_mcpld_s2p/po_rce[33]: 1 loads, 1 LSLICEs
     Net inst_scpld_to_mcpld_s2p/po_rce[34]: 1 loads, 1 LSLICEs
     Net inst_scpld_to_mcpld_s2p/po_rce[35]: 1 loads, 1 LSLICEs
     Net inst_scpld_to_mcpld_s2p/po_rce[36]: 1 loads, 1 LSLICEs
     Net inst_scpld_to_mcpld_s2p/po_rce[37]: 1 loads, 1 LSLICEs
     Net inst_scpld_to_mcpld_s2p/po_rce[38]: 1 loads, 1 LSLICEs
     Net inst_scpld_to_mcpld_s2p/po_rce[40]: 1 loads, 1 LSLICEs
     Net inst_scpld_to_mcpld_s2p/po_rce[41]: 1 loads, 1 LSLICEs
     Net inst_scpld_to_mcpld_s2p/po_rce[42]: 1 loads, 1 LSLICEs
     Net inst_scpld_to_mcpld_s2p/po_rce[44]: 1 loads, 1 LSLICEs
     Net inst_scpld_to_mcpld_s2p/po_rce[46]: 1 loads, 1 LSLICEs
     Net inst_scpld_to_mcpld_s2p/po_rce[47]: 1 loads, 1 LSLICEs
     Net inst_scpld_to_mcpld_s2p/po_rce[48]: 1 loads, 1 LSLICEs
     Net inst_scpld_to_mcpld_s2p/po_rce[49]: 1 loads, 1 LSLICEs
     Net inst_scpld_to_mcpld_s2p/po_rce[50]: 1 loads, 1 LSLICEs
     Net inst_scpld_to_mcpld_s2p/po_rce[51]: 1 loads, 1 LSLICEs
     Net inst_scpld_to_mcpld_s2p/po_rce[52]: 1 loads, 1 LSLICEs
     Net inst_scpld_to_mcpld_s2p/po_rce[54]: 1 loads, 1 LSLICEs

                                    Page 7




Design:  BM_H13DSP_M                                   Date:  11/18/25  16:01:50

Design Summary (cont)
---------------------
     Net inst_scpld_to_mcpld_s2p/po_rce[55]: 1 loads, 1 LSLICEs
     Net inst_scpld_to_mcpld_s2p/po_rce[56]: 1 loads, 1 LSLICEs
     Net inst_scpld_to_mcpld_s2p/po_rce[57]: 1 loads, 1 LSLICEs
     Net inst_scpld_to_mcpld_s2p/po_rce[58]: 1 loads, 1 LSLICEs
     Net inst_scpld_to_mcpld_s2p/po_rce[59]: 1 loads, 1 LSLICEs
     Net inst_scpld_to_mcpld_s2p/po_rce[60]: 1 loads, 1 LSLICEs
     Net inst_scpld_to_mcpld_s2p/po_rce[61]: 1 loads, 1 LSLICEs
     Net inst_scpld_to_mcpld_s2p/po_rce[62]: 1 loads, 1 LSLICEs
     Net inst_scpld_to_mcpld_s2p/po_rce[63]: 1 loads, 1 LSLICEs
     Net inst_scpld_to_mcpld_s2p/po_rce[64]: 1 loads, 1 LSLICEs
     Net inst_scpld_to_mcpld_s2p/po_rce[65]: 1 loads, 1 LSLICEs
     Net inst_scpld_to_mcpld_s2p/po_rce[66]: 1 loads, 1 LSLICEs
     Net inst_scpld_to_mcpld_s2p/po_rce[67]: 1 loads, 1 LSLICEs
     Net inst_scpld_to_mcpld_s2p/po_rce[68]: 1 loads, 1 LSLICEs
     Net inst_scpld_to_mcpld_s2p/po_rce[69]: 1 loads, 1 LSLICEs
     Net inst_scpld_to_mcpld_s2p/po_rce[70]: 1 loads, 1 LSLICEs
     Net inst_scpld_to_mcpld_s2p/po_rce[71]: 1 loads, 1 LSLICEs
     Net inst_scpld_to_mcpld_s2p/po_rce[72]: 1 loads, 1 LSLICEs
     Net inst_scpld_to_mcpld_s2p/po_rce[73]: 1 loads, 1 LSLICEs
     Net inst_scpld_to_mcpld_s2p/po_rce[74]: 1 loads, 1 LSLICEs
     Net inst_scpld_to_mcpld_s2p/po_rce[75]: 1 loads, 1 LSLICEs
     Net inst_scpld_to_mcpld_s2p/po_rce[76]: 1 loads, 1 LSLICEs
     Net inst_scpld_to_mcpld_s2p/po_rce[77]: 1 loads, 1 LSLICEs
     Net inst_scpld_to_mcpld_s2p/po_rce[78]: 1 loads, 1 LSLICEs
     Net inst_scpld_to_mcpld_s2p/po_rce[79]: 1 loads, 1 LSLICEs
     Net inst_scpld_to_mcpld_s2p/po_rce[80]: 1 loads, 1 LSLICEs
     Net inst_scpld_to_mcpld_s2p/po_rce[81]: 1 loads, 1 LSLICEs
     Net inst_scpld_to_mcpld_s2p/po_rce[82]: 1 loads, 1 LSLICEs
     Net inst_scpld_to_mcpld_s2p/po_rce[83]: 1 loads, 1 LSLICEs
     Net inst_scpld_to_mcpld_s2p/po_rce[84]: 1 loads, 1 LSLICEs
     Net inst_scpld_to_mcpld_s2p/po_rce[85]: 1 loads, 1 LSLICEs
     Net inst_scpld_to_mcpld_s2p/po_rce[86]: 1 loads, 1 LSLICEs
     Net inst_scpld_to_mcpld_s2p/po_rce[87]: 1 loads, 1 LSLICEs
     Net inst_scpld_to_mcpld_s2p/po_rce[88]: 1 loads, 1 LSLICEs
     Net inst_scpld_to_mcpld_s2p/po_rce[89]: 1 loads, 1 LSLICEs
     Net inst_scpld_to_mcpld_s2p/po_rce[90]: 1 loads, 1 LSLICEs
     Net inst_scpld_to_mcpld_s2p/po_rce[91]: 1 loads, 1 LSLICEs
     Net inst_scpld_to_mcpld_s2p/po_rce[92]: 1 loads, 1 LSLICEs
     Net inst_scpld_to_mcpld_s2p/po_rce[93]: 1 loads, 1 LSLICEs
     Net inst_scpld_to_mcpld_s2p/po_rce[94]: 1 loads, 1 LSLICEs
     Net inst_scpld_to_mcpld_s2p/po_rce[95]: 1 loads, 1 LSLICEs
     Net inst_scpld_to_mcpld_s2p/po_rce[96]: 1 loads, 1 LSLICEs
     Net inst_scpld_to_mcpld_s2p/po_rce[97]: 1 loads, 1 LSLICEs
     Net inst_scpld_to_mcpld_s2p/po_rce[98]: 1 loads, 1 LSLICEs
     Net inst_scpld_to_mcpld_s2p/po_rce[99]: 1 loads, 1 LSLICEs
     Net inst_scpld_to_mcpld_s2p/po_rce[100]: 1 loads, 1 LSLICEs
     Net inst_scpld_to_mcpld_s2p/po_rce[101]: 1 loads, 1 LSLICEs
     Net inst_scpld_to_mcpld_s2p/po_rce[102]: 1 loads, 1 LSLICEs
     Net inst_scpld_to_mcpld_s2p/po_rce[103]: 1 loads, 1 LSLICEs
     Net inst_scpld_to_mcpld_s2p/po_rce[104]: 1 loads, 1 LSLICEs
     Net inst_scpld_to_mcpld_s2p/po_rce[105]: 1 loads, 1 LSLICEs
     Net inst_scpld_to_mcpld_s2p/po_rce[106]: 1 loads, 1 LSLICEs
     Net inst_scpld_to_mcpld_s2p/po_rce[107]: 1 loads, 1 LSLICEs
     Net inst_scpld_to_mcpld_s2p/po_rce[108]: 1 loads, 1 LSLICEs
     Net inst_scpld_to_mcpld_s2p/po_rce[109]: 1 loads, 1 LSLICEs
     Net inst_scpld_to_mcpld_s2p/po_rce[110]: 1 loads, 1 LSLICEs

                                    Page 8




Design:  BM_H13DSP_M                                   Date:  11/18/25  16:01:50

Design Summary (cont)
---------------------
     Net inst_scpld_to_mcpld_s2p/po_rce[111]: 1 loads, 1 LSLICEs
     Net inst_scpld_to_mcpld_s2p/po_rce[112]: 1 loads, 1 LSLICEs
     Net inst_scpld_to_mcpld_s2p/po_rce[113]: 1 loads, 1 LSLICEs
     Net inst_scpld_to_mcpld_s2p/po_rce[114]: 1 loads, 1 LSLICEs
     Net inst_scpld_to_mcpld_s2p/po_rce[115]: 1 loads, 1 LSLICEs
     Net inst_scpld_to_mcpld_s2p/po_rce[116]: 1 loads, 1 LSLICEs
     Net inst_scpld_to_mcpld_s2p/po_rce[117]: 1 loads, 1 LSLICEs
     Net inst_scpld_to_mcpld_s2p/po_rce[118]: 1 loads, 1 LSLICEs
     Net inst_scpld_to_mcpld_s2p/po_rce[119]: 1 loads, 1 LSLICEs
     Net inst_scpld_to_mcpld_s2p/po_rce[120]: 1 loads, 1 LSLICEs
     Net inst_scpld_to_mcpld_s2p/po_rce[121]: 1 loads, 1 LSLICEs
     Net inst_scpld_to_mcpld_s2p/po_rce[122]: 1 loads, 1 LSLICEs
     Net inst_scpld_to_mcpld_s2p/po_rce[123]: 1 loads, 1 LSLICEs
     Net inst_scpld_to_mcpld_s2p/po_rce[124]: 1 loads, 1 LSLICEs
     Net inst_scpld_to_mcpld_s2p/po_rce[125]: 1 loads, 1 LSLICEs
     Net inst_scpld_to_mcpld_s2p/po_rce[126]: 1 loads, 1 LSLICEs
     Net inst_scpld_to_mcpld_s2p/po_rce[127]: 1 loads, 1 LSLICEs
     Net inst_scpld_to_mcpld_s2p/po_rce[128]: 1 loads, 1 LSLICEs
     Net inst_scpld_to_mcpld_s2p/po_rce[129]: 1 loads, 1 LSLICEs
     Net inst_scpld_to_mcpld_s2p/po_rce[130]: 1 loads, 1 LSLICEs
     Net inst_scpld_to_mcpld_s2p/po_rce[131]: 1 loads, 1 LSLICEs
     Net inst_scpld_to_mcpld_s2p/po_rce[132]: 1 loads, 1 LSLICEs
     Net inst_scpld_to_mcpld_s2p/po_rce[133]: 1 loads, 1 LSLICEs
     Net inst_scpld_to_mcpld_s2p/po_rce[134]: 1 loads, 1 LSLICEs
     Net inst_scpld_to_mcpld_s2p/po_rce[135]: 1 loads, 1 LSLICEs
     Net inst_scpld_to_mcpld_s2p/po_rce[136]: 1 loads, 1 LSLICEs
     Net inst_scpld_to_mcpld_s2p/po_rce[137]: 1 loads, 1 LSLICEs
     Net inst_scpld_to_mcpld_s2p/po_rce[138]: 1 loads, 1 LSLICEs
     Net inst_scpld_to_mcpld_s2p/po_rce[139]: 1 loads, 1 LSLICEs
     Net inst_scpld_to_mcpld_s2p/po_rce[140]: 1 loads, 1 LSLICEs
     Net inst_scpld_to_mcpld_s2p/po_rce[143]: 1 loads, 1 LSLICEs
     Net inst_scpld_to_mcpld_s2p/po_rce[145]: 1 loads, 1 LSLICEs
     Net inst_scpld_to_mcpld_s2p/po_rce[146]: 1 loads, 1 LSLICEs
     Net inst_scpld_to_mcpld_s2p/po_rce[147]: 1 loads, 1 LSLICEs
     Net inst_scpld_to_mcpld_s2p/po_rce[148]: 1 loads, 1 LSLICEs
     Net inst_scpld_to_mcpld_s2p/po_rce[149]: 1 loads, 1 LSLICEs
     Net inst_scpld_to_mcpld_s2p/po_rce[150]: 1 loads, 1 LSLICEs
     Net inst_scpld_to_mcpld_s2p/po_rce[151]: 1 loads, 1 LSLICEs
     Net inst_scpld_to_mcpld_s2p/po_rce[152]: 1 loads, 1 LSLICEs
     Net inst_scpld_to_mcpld_s2p/po_rce[153]: 1 loads, 1 LSLICEs
     Net inst_scpld_to_mcpld_s2p/po_rce[154]: 1 loads, 1 LSLICEs
     Net inst_scpld_to_mcpld_s2p/po_rce[155]: 1 loads, 1 LSLICEs
     Net inst_scpld_to_mcpld_s2p/po_rce[156]: 1 loads, 1 LSLICEs
     Net inst_scpld_to_mcpld_s2p/po_rce[157]: 1 loads, 1 LSLICEs
     Net inst_scpld_to_mcpld_s2p/po_rce[158]: 1 loads, 1 LSLICEs
     Net inst_scpld_to_mcpld_s2p/po_rce[159]: 1 loads, 1 LSLICEs
     Net inst_scpld_to_mcpld_s2p/po_rce[160]: 1 loads, 1 LSLICEs
     Net inst_scpld_to_mcpld_s2p/po_rce[167]: 1 loads, 1 LSLICEs
     Net inst_scpld_to_mcpld_s2p/po_rce[171]: 1 loads, 1 LSLICEs
     Net inst_scpld_to_mcpld_s2p/po_rce[172]: 1 loads, 1 LSLICEs
     Net inst_scpld_to_mcpld_s2p/po_rce[173]: 1 loads, 1 LSLICEs
     Net inst_scpld_to_mcpld_s2p/po_rce[174]: 1 loads, 1 LSLICEs
     Net inst_scpld_to_mcpld_s2p/po_rce[176]: 1 loads, 1 LSLICEs
     Net inst_scpld_to_mcpld_s2p/po_rce[196]: 1 loads, 1 LSLICEs
     Net inst_scpld_to_mcpld_s2p/po_rce[197]: 1 loads, 1 LSLICEs
     Net inst_scpld_to_mcpld_s2p/po_rce[198]: 1 loads, 1 LSLICEs

                                    Page 9




Design:  BM_H13DSP_M                                   Date:  11/18/25  16:01:50

Design Summary (cont)
---------------------
     Net inst_scpld_to_mcpld_s2p/po_rce[199]: 1 loads, 1 LSLICEs
     Net inst_scpld_to_mcpld_s2p/un3_tick_pp: 5 loads, 5 LSLICEs
     Net db_inst_amd_cpu_prsnt/out_i_0_sqmuxa_1: 1 loads, 1 LSLICEs
     Net db_inst_amd_cpu_prsnt/out_i_0_sqmuxa_2: 1 loads, 1 LSLICEs
     Net db_inst_amd_cpu_prsnt/out_i_0_sqmuxa: 1 loads, 1 LSLICEs
     Net db_cpu_thermtrip/cnt[3]3: 1 loads, 1 LSLICEs
     Net db_cpu_thermtrip/cnt[2]3: 1 loads, 1 LSLICEs
     Net db_cpu_thermtrip/cnt[1]3: 1 loads, 1 LSLICEs
     Net db_cpu_thermtrip/out_i_0_sqmuxa: 1 loads, 1 LSLICEs
     Net db_vr_ocp_low/out_i_0_sqmuxa_1: 1 loads, 1 LSLICEs
     Net db_vr_ocp_low/out_i_0_sqmuxa_2: 1 loads, 1 LSLICEs
     Net db_vr_ocp_low/out_i_0_sqmuxa_3: 1 loads, 1 LSLICEs
     Net db_vr_ocp_low/out_i_0_sqmuxa_4: 1 loads, 1 LSLICEs
     Net db_vr_ocp_low/out_i_0_sqmuxa_5: 1 loads, 1 LSLICEs
     Net db_vr_ocp_low/out_i_0_sqmuxa: 1 loads, 1 LSLICEs
     Net db_inst_pwr_btn/out_i_0_sqmuxa_2: 1 loads, 1 LSLICEs
     Net db_inst_pwr_btn/out_i_0_sqmuxa: 1 loads, 1 LSLICEs
     Net timer_gen_inst/t32us_e: 8 loads, 8 LSLICEs
     Net timer_gen_inst/t64ms_2: 2 loads, 2 LSLICEs
     Net timer_gen_inst/t1us_2: 3 loads, 3 LSLICEs
     Net scpld_to_mcpld_data_filter4: 81 loads, 81 LSLICEs
   Number of local set/reset loads for net pon_reset_n merged into GSR:  1304
   Number of LSRs:  20
     Net un2_w_rst_0: 5 loads, 4 LSLICEs
     Net bios_espi_link.current_state5: 83 loads, 81 LSLICEs
     Net bmc_cpld_i2c_ram_u0/i2c_slave_bmc_u0/i2c_slave_basic0_u0/un2_w_rst_2: 2
     loads, 2 LSLICEs
     Net un2_w_rst_3: 4 loads, 3 LSLICEs
     Net bmc_cpld_i2c_ram_u0/i2c_slave_bmc_u0/i2c_slave_basic0_u0/un2_w_rst_1: 2
     loads, 2 LSLICEs
     Net un2_w_rst: 5 loads, 4 LSLICEs
     Net bmc_cpld_i2c_ram_u0/i2c_slave_bmc_u0/o_i2c_start: 18 loads, 18 LSLICEs
     Net bmc_cpld_i2c_ram_u0/i2c_slave_bmc_u0/i2c_slave_basic0_u0/un1_w_rst_i:
     44 loads, 44 LSLICEs
     Net pon_reset_n: 1 loads, 0 LSLICEs
     Net un1_pon_reset_n_95_i: 3 loads, 3 LSLICEs
     Net
     bios_cpld_i2c_ram_u0/i2c_slave_bmc_u0/i2c_slave_basic0_u0/un2_w_rst_2_0: 2
     loads, 2 LSLICEs
     Net un2_w_rst_3_0: 4 loads, 3 LSLICEs
     Net
     bios_cpld_i2c_ram_u0/i2c_slave_bmc_u0/i2c_slave_basic0_u0/un2_w_rst_1_0: 2
     loads, 2 LSLICEs
     Net bios_cpld_i2c_ram_u0/i2c_slave_bmc_u0/o_i2c_start: 18 loads, 18 LSLICEs
     
     Net bios_cpld_i2c_ram_u0/i2c_slave_bmc_u0/i2c_slave_basic0_u0/un1_w_rst_i:
     45 loads, 45 LSLICEs
     Net bios_espi_link/pch_addr15: 24 loads, 24 LSLICEs
     Net i_CPLD_ESPI_RESET_N_c: 13 loads, 13 LSLICEs
     Net o_P1_PWR_BTN_N_c: 1 loads, 1 LSLICEs
     Net pon_reset_inst/master_reset_n_i: 2 loads, 2 LSLICEs
     Net pll_inst/i_PWRGD_P3V3_STBY_c_i: 1 loads, 0 LSLICEs
   Number of nets driven by tri-state buffers:  0
   Top 10 highest fanout non-clock nets:
     Net inst_scpld_to_mcpld_s2p/si_r[1]: 169 loads
     Net inst_scpld_to_mcpld_s2p/un3_sclk_pp: 166 loads

                                   Page 10




Design:  BM_H13DSP_M                                   Date:  11/18/25  16:01:50

Design Summary (cont)
---------------------
     Net bios_cpld_i2c_ram_u0/w_i2c_command[0]: 94 loads
     Net pch_espi_addr[0]: 89 loads
     Net bios_espi_link.current_state5: 85 loads
     Net inst_scpld_to_mcpld_s2p/po5: 85 loads
     Net scpld_to_mcpld_data_filter4: 81 loads
     Net bios_cpld_i2c_ram_u0/w_i2c_command[1]: 69 loads
     Net bmc_cpld_i2c_ram_u0/i2c_slave_bmc_u0/w_WR: 68 loads
     Net bios_cpld_i2c_ram_u0/w_WR: 67 loads




   Number of warnings:  98
   Number of errors:    0
     

Design Errors/Warnings
----------------------

WARNING - map: D:/FH_MB_powerup_1106_shixu_ok_exit_fault_change_right_addcpuprsn
     t_ok_add_pull_down_add_pwrbmc_ctrl/MB/09/BM_H13DSP_M/pro/BM_H13DSP_M.lpf(9)
     : Semantic error in "IOBUF PORT "o_BMC_JTAG_MUX_S" IO_TYPE=LVCMOS33 DRIVE=4
     SLEW=SLOW PULLMODE=NONE ;": Key SLEW=SLOW is not supported for this device.
      This preference has been disabled.
WARNING - map: D:/FH_MB_powerup_1106_shixu_ok_exit_fault_change_right_addcpuprsn
     t_ok_add_pull_down_add_pwrbmc_ctrl/MB/09/BM_H13DSP_M/pro/BM_H13DSP_M.lpf(10
     ): Semantic error in "IOBUF PORT "o_PAL_CMOS_CLEAR_R" IO_TYPE=LVCMOS33
     DRIVE=4 SLEW=SLOW PULLMODE=NONE ;": Key SLEW=SLOW is not supported for this
     device. 
      This preference has been disabled.
WARNING - map: D:/FH_MB_powerup_1106_shixu_ok_exit_fault_change_right_addcpuprsn
     t_ok_add_pull_down_add_pwrbmc_ctrl/MB/09/BM_H13DSP_M/pro/BM_H13DSP_M.lpf(12
     ): Semantic error in "IOBUF PORT "io_I2C7_PAL_SDA" OPENDRAIN=ON
     IO_TYPE=LVCMOS33 ;": Port "io_I2C7_PAL_SDA" does not exist in the design.
     This preference has been disabled.
WARNING - map: D:/FH_MB_powerup_1106_shixu_ok_exit_fault_change_right_addcpuprsn
     t_ok_add_pull_down_add_pwrbmc_ctrl/MB/09/BM_H13DSP_M/pro/BM_H13DSP_M.lpf(13
     ): Semantic error in "IOBUF PORT "io_I2C7_UPDATE_SCL" OPENDRAIN=ON
     IO_TYPE=LVCMOS33 ;": Port "io_I2C7_UPDATE_SCL" does not exist in the
     design. This preference has been disabled.
WARNING - map: D:/FH_MB_powerup_1106_shixu_ok_exit_fault_change_right_addcpuprsn
     t_ok_add_pull_down_add_pwrbmc_ctrl/MB/09/BM_H13DSP_M/pro/BM_H13DSP_M.lpf(14
     ): Semantic error in "IOBUF PORT "io_I2C7_UPDATE_SDA" OPENDRAIN=ON
     IO_TYPE=LVCMOS33 ;": Port "io_I2C7_UPDATE_SDA" does not exist in the
     design. This preference has been disabled.
WARNING - map: D:/FH_MB_powerup_1106_shixu_ok_exit_fault_change_right_addcpuprsn
     t_ok_add_pull_down_add_pwrbmc_ctrl/MB/09/BM_H13DSP_M/pro/BM_H13DSP_M.lpf(22
     ): Semantic error in "IOBUF PORT "i_CPU0_SGPIO0_CLK" IO_TYPE=LVCMOS18
     PULLMODE=NONE ;": Port "i_CPU0_SGPIO0_CLK" does not exist in the design.
     This preference has been disabled.
WARNING - map: D:/FH_MB_powerup_1106_shixu_ok_exit_fault_change_right_addcpuprsn
     t_ok_add_pull_down_add_pwrbmc_ctrl/MB/09/BM_H13DSP_M/pro/BM_H13DSP_M.lpf(23
     ): Semantic error in "IOBUF PORT "i_CPU0_SGPIO1_CLK" IO_TYPE=LVCMOS18
     PULLMODE=NONE ;": Port "i_CPU0_SGPIO1_CLK" does not exist in the design.
     This preference has been disabled.
WARNING - map: D:/FH_MB_powerup_1106_shixu_ok_exit_fault_change_right_addcpuprsn

                                   Page 11




Design:  BM_H13DSP_M                                   Date:  11/18/25  16:01:50

Design Errors/Warnings (cont)
-----------------------------
     t_ok_add_pull_down_add_pwrbmc_ctrl/MB/09/BM_H13DSP_M/pro/BM_H13DSP_M.lpf(24
     ): Semantic error in "IOBUF PORT "i_CPU0_SGPIO2_CLK" IO_TYPE=LVCMOS18
     PULLMODE=NONE ;": Port "i_CPU0_SGPIO2_CLK" does not exist in the design.
     This preference has been disabled.
WARNING - map: D:/FH_MB_powerup_1106_shixu_ok_exit_fault_change_right_addcpuprsn
     t_ok_add_pull_down_add_pwrbmc_ctrl/MB/09/BM_H13DSP_M/pro/BM_H13DSP_M.lpf(25
     ): Semantic error in "IOBUF PORT "i_CPU0_SGPIO3_CLK" IO_TYPE=LVCMOS18
     PULLMODE=NONE ;": Port "i_CPU0_SGPIO3_CLK" does not exist in the design.
     This preference has been disabled.
WARNING - map: D:/FH_MB_powerup_1106_shixu_ok_exit_fault_change_right_addcpuprsn
     t_ok_add_pull_down_add_pwrbmc_ctrl/MB/09/BM_H13DSP_M/pro/BM_H13DSP_M.lpf(26
     ): Semantic error in "IOBUF PORT "i_HDT_CONN_TESTEN" IO_TYPE=LVCMOS18
     PULLMODE=NONE ;": Port "i_HDT_CONN_TESTEN" does not exist in the design.
     This preference has been disabled.
WARNING - map: D:/FH_MB_powerup_1106_shixu_ok_exit_fault_change_right_addcpuprsn
     t_ok_add_pull_down_add_pwrbmc_ctrl/MB/09/BM_H13DSP_M/pro/BM_H13DSP_M.lpf(28
     ): Semantic error in "IOBUF PORT "i_P0_CPLD_SPARE_0" IO_TYPE=LVCMOS18
     PULLMODE=NONE ;": Port "i_P0_CPLD_SPARE_0" does not exist in the design.
     This preference has been disabled.
WARNING - map: D:/FH_MB_powerup_1106_shixu_ok_exit_fault_change_right_addcpuprsn
     t_ok_add_pull_down_add_pwrbmc_ctrl/MB/09/BM_H13DSP_M/pro/BM_H13DSP_M.lpf(29
     ): Semantic error in "IOBUF PORT "i_P0_CPLD_SPARE_1" IO_TYPE=LVCMOS18
     PULLMODE=NONE ;": Port "i_P0_CPLD_SPARE_1" does not exist in the design.
     This preference has been disabled.
WARNING - map: D:/FH_MB_powerup_1106_shixu_ok_exit_fault_change_right_addcpuprsn
     t_ok_add_pull_down_add_pwrbmc_ctrl/MB/09/BM_H13DSP_M/pro/BM_H13DSP_M.lpf(30
     ): Semantic error in "IOBUF PORT "i_P0_CPLD_SPARE_2" IO_TYPE=LVCMOS18
     PULLMODE=NONE ;": Port "i_P0_CPLD_SPARE_2" does not exist in the design.
     This preference has been disabled.
WARNING - map: D:/FH_MB_powerup_1106_shixu_ok_exit_fault_change_right_addcpuprsn
     t_ok_add_pull_down_add_pwrbmc_ctrl/MB/09/BM_H13DSP_M/pro/BM_H13DSP_M.lpf(31
     ): Semantic error in "IOBUF PORT "i_P0_CPLD_SPARE_3" IO_TYPE=LVCMOS18
     PULLMODE=NONE ;": Port "i_P0_CPLD_SPARE_3" does not exist in the design.
     This preference has been disabled.
WARNING - map: D:/FH_MB_powerup_1106_shixu_ok_exit_fault_change_right_addcpuprsn
     t_ok_add_pull_down_add_pwrbmc_ctrl/MB/09/BM_H13DSP_M/pro/BM_H13DSP_M.lpf(38
     ): Semantic error in "IOBUF PORT "i_P0_SGPIO_DATA_R" IO_TYPE=LVCMOS18
     PULLMODE=NONE ;": Port "i_P0_SGPIO_DATA_R" does not exist in the design.
     This preference has been disabled.
WARNING - map: D:/FH_MB_powerup_1106_shixu_ok_exit_fault_change_right_addcpuprsn
     t_ok_add_pull_down_add_pwrbmc_ctrl/MB/09/BM_H13DSP_M/pro/BM_H13DSP_M.lpf(39
     ): Semantic error in "IOBUF PORT "i_P0_SGPIO_LD_R" IO_TYPE=LVCMOS18
     PULLMODE=NONE ;": Port "i_P0_SGPIO_LD_R" does not exist in the design. This
     preference has been disabled.
WARNING - map: D:/FH_MB_powerup_1106_shixu_ok_exit_fault_change_right_addcpuprsn
     t_ok_add_pull_down_add_pwrbmc_ctrl/MB/09/BM_H13DSP_M/pro/BM_H13DSP_M.lpf(45
     ): Semantic error in "IOBUF PORT "i_P0_UART_TXD_0" IO_TYPE=LVCMOS18
     PULLMODE=NONE ;": Port "i_P0_UART_TXD_0" does not exist in the design. This
     preference has been disabled.
WARNING - map: D:/FH_MB_powerup_1106_shixu_ok_exit_fault_change_right_addcpuprsn
     t_ok_add_pull_down_add_pwrbmc_ctrl/MB/09/BM_H13DSP_M/pro/BM_H13DSP_M.lpf(48
     ): Semantic error in "IOBUF PORT "i_P0_XTRIG_N_4" IO_TYPE=LVCMOS18
     PULLMODE=NONE ;": Port "i_P0_XTRIG_N_4" does not exist in the design. This
     preference has been disabled.
WARNING - map: D:/FH_MB_powerup_1106_shixu_ok_exit_fault_change_right_addcpuprsn
     t_ok_add_pull_down_add_pwrbmc_ctrl/MB/09/BM_H13DSP_M/pro/BM_H13DSP_M.lpf(49

                                   Page 12




Design:  BM_H13DSP_M                                   Date:  11/18/25  16:01:50

Design Errors/Warnings (cont)
-----------------------------
     ): Semantic error in "IOBUF PORT "i_P0_XTRIG_N_5" IO_TYPE=LVCMOS18
     PULLMODE=NONE ;": Port "i_P0_XTRIG_N_5" does not exist in the design. This
     preference has been disabled.
WARNING - map: D:/FH_MB_powerup_1106_shixu_ok_exit_fault_change_right_addcpuprsn
     t_ok_add_pull_down_add_pwrbmc_ctrl/MB/09/BM_H13DSP_M/pro/BM_H13DSP_M.lpf(50
     ): Semantic error in "IOBUF PORT "i_P0_XTRIG_N_6" IO_TYPE=LVCMOS18
     PULLMODE=NONE ;": Port "i_P0_XTRIG_N_6" does not exist in the design. This
     preference has been disabled.
WARNING - map: D:/FH_MB_powerup_1106_shixu_ok_exit_fault_change_right_addcpuprsn
     t_ok_add_pull_down_add_pwrbmc_ctrl/MB/09/BM_H13DSP_M/pro/BM_H13DSP_M.lpf(51
     ): Semantic error in "IOBUF PORT "i_P0_XTRIG_N_7" IO_TYPE=LVCMOS18
     PULLMODE=NONE ;": Port "i_P0_XTRIG_N_7" does not exist in the design. This
     preference has been disabled.
WARNING - map: D:/FH_MB_powerup_1106_shixu_ok_exit_fault_change_right_addcpuprsn
     t_ok_add_pull_down_add_pwrbmc_ctrl/MB/09/BM_H13DSP_M/pro/BM_H13DSP_M.lpf(61
     ): Semantic error in "IOBUF PORT "i_P1_XTRIG_N_4" IO_TYPE=LVCMOS18
     PULLMODE=NONE ;": Port "i_P1_XTRIG_N_4" does not exist in the design. This
     preference has been disabled.
WARNING - map: D:/FH_MB_powerup_1106_shixu_ok_exit_fault_change_right_addcpuprsn
     t_ok_add_pull_down_add_pwrbmc_ctrl/MB/09/BM_H13DSP_M/pro/BM_H13DSP_M.lpf(62
     ): Semantic error in "IOBUF PORT "i_P1_XTRIG_N_5" IO_TYPE=LVCMOS18
     PULLMODE=NONE ;": Port "i_P1_XTRIG_N_5" does not exist in the design. This
     preference has been disabled.
WARNING - map: D:/FH_MB_powerup_1106_shixu_ok_exit_fault_change_right_addcpuprsn
     t_ok_add_pull_down_add_pwrbmc_ctrl/MB/09/BM_H13DSP_M/pro/BM_H13DSP_M.lpf(63
     ): Semantic error in "IOBUF PORT "i_P1_XTRIG_N_6" IO_TYPE=LVCMOS18
     PULLMODE=NONE ;": Port "i_P1_XTRIG_N_6" does not exist in the design. This
     preference has been disabled.
WARNING - map: D:/FH_MB_powerup_1106_shixu_ok_exit_fault_change_right_addcpuprsn
     t_ok_add_pull_down_add_pwrbmc_ctrl/MB/09/BM_H13DSP_M/pro/BM_H13DSP_M.lpf(64
     ): Semantic error in "IOBUF PORT "i_P1_XTRIG_N_7" IO_TYPE=LVCMOS18
     PULLMODE=NONE ;": Port "i_P1_XTRIG_N_7" does not exist in the design. This
     preference has been disabled.
WARNING - map: D:/FH_MB_powerup_1106_shixu_ok_exit_fault_change_right_addcpuprsn
     t_ok_add_pull_down_add_pwrbmc_ctrl/MB/09/BM_H13DSP_M/pro/BM_H13DSP_M.lpf(84
     ): Semantic error in "IOBUF PORT "o_P1_SYS_RESET_R_N" IO_TYPE=LVCMOS18
     PULLMODE=NONE ;": Port "o_P1_SYS_RESET_R_N" does not exist in the design.
     This preference has been disabled.
WARNING - map: D:/FH_MB_powerup_1106_shixu_ok_exit_fault_change_right_addcpuprsn
     t_ok_add_pull_down_add_pwrbmc_ctrl/MB/09/BM_H13DSP_M/pro/BM_H13DSP_M.lpf(96
     ): Semantic error in "IOBUF PORT "o_P0_SPI_T245_OE_N_R" IO_TYPE=LVCMOS18
     PULLMODE=NONE ;": Port "o_P0_SPI_T245_OE_N_R" does not exist in the design.
     This preference has been disabled.
WARNING - map: D:/FH_MB_powerup_1106_shixu_ok_exit_fault_change_right_addcpuprsn
     t_ok_add_pull_down_add_pwrbmc_ctrl/MB/09/BM_H13DSP_M/pro/BM_H13DSP_M.lpf(10
     3): Semantic error in "IOBUF PORT "o_UART_CPLD_TX_R" PULLMODE=UP
     IO_TYPE=LVCMOS33 ;": Port "o_UART_CPLD_TX_R" does not exist in the design.
     This preference has been disabled.
WARNING - map: Using local reset signal 'pon_reset_n' to infer global GSR net.
WARNING - map: UFM was enabled in EFB: Enabling the configuration interface will
     temporarily disable certain features of the device including Power
     Controller, GSR, Hardened User SPI Port, Hardened Primary User I2C Port.
     Functionality is restored after the Flash Memory (UFM/Configuration)
     Interface is disabled using Disable Configuration Interface command 0x26
     followed by Bypass command 0xFF. 
WARNING - map: A new DEV_DENSITY property is auto created with value '6900L' by

                                   Page 13




Design:  BM_H13DSP_M                                   Date:  11/18/25  16:01:50

Design Errors/Warnings (cont)
-----------------------------
     software from the device 'LCMXO3LF-6900C' used.
WARNING - map: IO buffer missing for top level port i_HDR_N...logic will be
     discarded.
WARNING - map: IO buffer missing for top level port i_CPLD_JTAG_EN...logic will
     be discarded.
WARNING - map: IO buffer missing for top level port i_CPLD_DONE...logic will be
     discarded.
WARNING - map: IO buffer missing for top level port i_CPLD2_JTAGEN_R...logic
     will be discarded.
WARNING - map: IO buffer missing for top level port i_CPLD_HOLD_N_R...logic will
     be discarded.
WARNING - map: IO buffer missing for top level port i_CPLD_INITN...logic will be
     discarded.
WARNING - map: IO buffer missing for top level port i_CPLD_PROGRAM_N...logic
     will be discarded.
WARNING - map: IO buffer missing for top level port i_CPLD_SN...logic will be
     discarded.
WARNING - map: IO buffer missing for top level port i_RVD_GPIO1_R...logic will
     be discarded.
WARNING - map: IO buffer missing for top level port i_RVD_GPIO2_R...logic will
     be discarded.
WARNING - map: IO buffer missing for top level port i_CPLD_SGPIO1_MISO_R...logic
     will be discarded.
WARNING - map: IO buffer missing for top level port
     i_SATA1_BACKPLANE_TYPE...logic will be discarded.
WARNING - map: IO buffer missing for top level port i_P0_SGPIO_LD_R...logic will
     be discarded.
WARNING - map: IO buffer missing for top level port i_P0_SGPIO_DATA_R...logic
     will be discarded.
WARNING - map: IO buffer missing for top level port i_CPU0_SGPIO0_CLK...logic
     will be discarded.
WARNING - map: IO buffer missing for top level port i_CPU0_SGPIO1_CLK...logic
     will be discarded.
WARNING - map: IO buffer missing for top level port i_CPU0_SGPIO2_CLK...logic
     will be discarded.
WARNING - map: IO buffer missing for top level port i_CPU0_SGPIO3_CLK...logic
     will be discarded.
WARNING - map: IO buffer missing for top level port i_P0_XTRIG_N_4...logic will
     be discarded.
WARNING - map: IO buffer missing for top level port i_P0_XTRIG_N_5...logic will
     be discarded.
WARNING - map: IO buffer missing for top level port i_P0_XTRIG_N_6...logic will
     be discarded.
WARNING - map: IO buffer missing for top level port i_P0_XTRIG_N_7...logic will
     be discarded.
WARNING - map: IO buffer missing for top level port i_P0_UART_TXD_0...logic will
     be discarded.
WARNING - map: IO buffer missing for top level port i_P0_CPLD_SPARE_0...logic
     will be discarded.
WARNING - map: IO buffer missing for top level port i_P0_CPLD_SPARE_1...logic
     will be discarded.
WARNING - map: IO buffer missing for top level port i_P0_CPLD_SPARE_2...logic
     will be discarded.
WARNING - map: IO buffer missing for top level port i_P0_CPLD_SPARE_3...logic
     will be discarded.
WARNING - map: IO buffer missing for top level port

                                   Page 14




Design:  BM_H13DSP_M                                   Date:  11/18/25  16:01:50

Design Errors/Warnings (cont)
-----------------------------
     i_P0_PWRGD_VDD_3V3_STBY...logic will be discarded.
WARNING - map: IO buffer missing for top level port i_P1_XTRIG_R_N_4...logic
     will be discarded.
WARNING - map: IO buffer missing for top level port i_P1_XTRIG_R_N_5...logic
     will be discarded.
WARNING - map: IO buffer missing for top level port i_P1_XTRIG_R_N_7...logic
     will be discarded.
WARNING - map: IO buffer missing for top level port i_P1_XTRIG_R_N_6...logic
     will be discarded.
WARNING - map: IO buffer missing for top level port
     i_P1_PWRGD_VDD_3V3_STBY...logic will be discarded.
WARNING - map: IO buffer missing for top level port i_P1_SLP_S5_N...logic will
     be discarded.
WARNING - map: IO buffer missing for top level port i_P1_SLP_S3_N...logic will
     be discarded.
WARNING - map: IO buffer missing for top level port i_PAL_P0_SLP_S3_N...logic
     will be discarded.
WARNING - map: IO buffer missing for top level port i_PGD_P0_VDD_CORE_0...logic
     will be discarded.
WARNING - map: IO buffer missing for top level port i_PGD_P0_VDD_CORE_1...logic
     will be discarded.
WARNING - map: IO buffer missing for top level port i_PGD_P0_VDDIO...logic will
     be discarded.
WARNING - map: IO buffer missing for top level port i_PGD_P0_VDD_SOC_0...logic
     will be discarded.
WARNING - map: IO buffer missing for top level port i_PAL_P12V_CPU1_GOK...logic
     will be discarded.
WARNING - map: IO buffer missing for top level port i_PAL_P12V_CPU0_GOK...logic
     will be discarded.
WARNING - map: IO buffer missing for top level port i_PAL_P12V_CPU0_OC...logic
     will be discarded.
WARNING - map: IO buffer missing for top level port i_PAL_P12V_CPU1_OC...logic
     will be discarded.
WARNING - map: IO buffer missing for top level port i_PGD_P0_VDD_18_STBY...logic
     will be discarded.
WARNING - map: IO buffer missing for top level port i_PGD_P1_VDD_18_STBY...logic
     will be discarded.
WARNING - map: IO buffer missing for top level port i_PGD_P1_VDD_CORE_0...logic
     will be discarded.
WARNING - map: IO buffer missing for top level port i_PGD_P1_VDD_11_SUS...logic
     will be discarded.
WARNING - map: IO buffer missing for top level port i_P1V8_STBY_PG...logic will
     be discarded.
WARNING - map: IO buffer missing for top level port i_PGD_P1_VDDIO...logic will
     be discarded.
WARNING - map: IO buffer missing for top level port i_PGD_P1_VDD_CORE_1...logic
     will be discarded.
WARNING - map: IO buffer missing for top level port i_PGD_P1_VDD_SOC_0...logic
     will be discarded.
WARNING - map: IO buffer missing for top level port i_PG_P1V0_STBY_M2_R...logic
     will be discarded.
WARNING - map: IO buffer missing for top level port
     i_SCM_ROT_CPU_RST_N_R...logic will be discarded.
WARNING - map: IO buffer missing for top level port i_HDT_CONN_TESTEN...logic
     will be discarded.
WARNING - map: IO buffer missing for top level port i_UART_SYS_RX_R...logic will

                                   Page 15




Design:  BM_H13DSP_M                                   Date:  11/18/25  16:01:50

Design Errors/Warnings (cont)
-----------------------------
     be discarded.
WARNING - map: IO buffer missing for top level port i_IRQ_SPI_TPM_N...logic will
     be discarded.
WARNING - map: IO buffer missing for top level port i_PAL_JTAG_DBREQ_N...logic
     will be discarded.
WARNING - map: IO buffer missing for top level port i_PG_PVCC_HPMOS_R...logic
     will be discarded.
WARNING - map: IO buffer missing for top level port i_HPM_STBY_EN_R...logic will
     be discarded.
WARNING - map: IO buffer missing for top level port i_PAL_BMC_JTAG_DBREQ...logic
     will be discarded.
WARNING - map: IO buffer missing for top level port
     i_FM_HPM_STBY_RDY_LVC3_R...logic will be discarded.
WARNING - map: IO buffer missing for top level port i_FM_BMC_RDY_R...logic will
     be discarded.
WARNING - map: IO buffer missing for top level port i_SCM_SYS_PWROK_R...logic
     will be discarded.
WARNING - map: IO buffer missing for top level port i_PGD_P0_VDD_11_SUS...logic
     will be discarded.
WARNING - map: In "LOCATE COMP "io_I2C2_UPDATE_SDA" SITE "D11" ;": Current
     SYS_CONFIG setting prohibits pin "D11" to be used as user IO. This
     preference has been disabled.
WARNING - map: In "LOCATE COMP "io_I2C2_UPDATE_SCL" SITE "C11" ;": Current
     SYS_CONFIG setting prohibits pin "C11" to be used as user IO. This
     preference has been disabled.

IO (PIO) Attributes
-------------------

+---------------------+-----------+-----------+------------+
| IO Name             | Direction | Levelmode | IO         |
|                     |           |  IO_TYPE  | Register   |
+---------------------+-----------+-----------+------------+
| io_I2C2_PAL_SDA     | BIDIR     | LVCMOS33  | IN         |
+---------------------+-----------+-----------+------------+
| o_CPLD_SGPIO1_CLK_R | OUTPUT    | LVCMOS33  |            |
+---------------------+-----------+-----------+------------+
| o_PAL_DB2000_1_PWRGD_R| OUTPUT    | LVCMOS33  |            |
+---------------------+-----------+-----------+------------+
| i_FM_PWRBTN_OUT_N_R | INPUT     | LVCMOS33  | IN         |
+---------------------+-----------+-----------+------------+
| io_I2C2_UPDATE_SDA  | BIDIR     | LVCMOS33  |            |
+---------------------+-----------+-----------+------------+
| io_I2C2_UPDATE_SCL  | BIDIR     | LVCMOS33  |            |
+---------------------+-----------+-----------+------------+
| o_P0_VPP_9545_6_RST_N_R| OUTPUT    | LVCMOS33  |            |
+---------------------+-----------+-----------+------------+
| o_CPLD1_CPLD2_RSV2  | OUTPUT    | LVCMOS33  |            |
+---------------------+-----------+-----------+------------+
| i_CPLD1_CPLD2_RSV1  | INPUT     | LVCMOS33  |            |
+---------------------+-----------+-----------+------------+
| o_EEPROM_WP_N_R     | OUTPUT    | LVCMOS33  |            |
+---------------------+-----------+-----------+------------+
| o_BMC_JTAG_MUX_S    | OUTPUT    | LVCMOS33  |            |
+---------------------+-----------+-----------+------------+
| o_PAL_CMOS_CLEAR_R  | OUTPUT    | LVCMOS33  |            |

                                   Page 16




Design:  BM_H13DSP_M                                   Date:  11/18/25  16:01:50

IO (PIO) Attributes (cont)
--------------------------
+---------------------+-----------+-----------+------------+
| i_RTC_INTA_N        | INPUT     | LVCMOS33  |            |
+---------------------+-----------+-----------+------------+
| o_PAL_RST_RTC       | OUTPUT    | LVCMOS33  |            |
+---------------------+-----------+-----------+------------+
| o_TPM_IO2_RST       | OUTPUT    | LVCMOS33  |            |
+---------------------+-----------+-----------+------------+
| i_FM_CPU_SMERR_LVC3_N_R| INPUT     | LVCMOS33  | IN         |
+---------------------+-----------+-----------+------------+
| i_FM_RSTBTN_OUT_N_R | INPUT     | LVCMOS33  | IN         |
+---------------------+-----------+-----------+------------+
| i_P0_USB_OC2_N_R    | INPUT     | LVCMOS33  |            |
+---------------------+-----------+-----------+------------+
| o_PAL_PVCC_HPMOS_EN_R| OUTPUT    | LVCMOS33  |            |
+---------------------+-----------+-----------+------------+
| o_PAL_BAT_SENSE_R   | OUTPUT    | LVCMOS33  |            |
+---------------------+-----------+-----------+------------+
| o_UART_SYS_TX_R     | OUTPUT    | LVCMOS33  |            |
+---------------------+-----------+-----------+------------+
| o_BMC_JTAG_TRST_R_N | OUTPUT    | LVCMOS33  |            |
+---------------------+-----------+-----------+------------+
| o_BMC_I2C4_9548_1_RST_N_R| OUTPUT    | LVCMOS33  |            |
+---------------------+-----------+-----------+------------+
| o_BMC_I2C4_9548_2_RST_N_R| OUTPUT    | LVCMOS33  |            |
+---------------------+-----------+-----------+------------+
| o_BMC_I2C4_9548_3_RST_N_R| OUTPUT    | LVCMOS33  |            |
+---------------------+-----------+-----------+------------+
| o_BMC_I2C4_9548_4_RST_N_R| OUTPUT    | LVCMOS33  |            |
+---------------------+-----------+-----------+------------+
| o_I3C_MUX_OE_N_R_3  | OUTPUT    | LVCMOS33  |            |
+---------------------+-----------+-----------+------------+
| o_I3C_MUX_SEL_R_3   | OUTPUT    | LVCMOS33  |            |
+---------------------+-----------+-----------+------------+
| o_I3C_MUX_OE_N_R_2  | OUTPUT    | LVCMOS33  |            |
+---------------------+-----------+-----------+------------+
| o_I3C_MUX_SEL_R_2   | OUTPUT    | LVCMOS33  |            |
+---------------------+-----------+-----------+------------+
| o_I3C_MUX_OE_N_R_1  | OUTPUT    | LVCMOS33  |            |
+---------------------+-----------+-----------+------------+
| o_I3C_MUX_SEL_R_1   | OUTPUT    | LVCMOS33  |            |
+---------------------+-----------+-----------+------------+
| o_I3C_MUX_OE_N_R_0  | OUTPUT    | LVCMOS33  |            |
+---------------------+-----------+-----------+------------+
| o_I3C_MUX_SEL_R_0   | OUTPUT    | LVCMOS33  |            |
+---------------------+-----------+-----------+------------+
| o_PAL_I3C_MUX_EN_R_N| OUTPUT    | LVCMOS33  |            |
+---------------------+-----------+-----------+------------+
| o_BIOS_POST_CMPLT_BMC_N_R| OUTPUT    | LVCMOS33  |            |
+---------------------+-----------+-----------+------------+
| o_PAL_P0_I2C5_9548_RST_R| OUTPUT    | LVCMOS33  |            |
+---------------------+-----------+-----------+------------+
| o_P0_VPP_9545_1_RST_N_R| OUTPUT    | LVCMOS33  |            |
+---------------------+-----------+-----------+------------+
| o_P0_VPP_9545_2_RST_N_R| OUTPUT    | LVCMOS33  |            |
+---------------------+-----------+-----------+------------+
| o_P0_VPP_9545_3_RST_N_R| OUTPUT    | LVCMOS33  |            |

                                   Page 17




Design:  BM_H13DSP_M                                   Date:  11/18/25  16:01:50

IO (PIO) Attributes (cont)
--------------------------
+---------------------+-----------+-----------+------------+
| o_P0_VPP_9545_4_RST_N_R| OUTPUT    | LVCMOS33  |            |
+---------------------+-----------+-----------+------------+
| o_P0_VPP_9545_5_RST_N_R| OUTPUT    | LVCMOS33  |            |
+---------------------+-----------+-----------+------------+
| o_P1V0_STBY_M2_EN   | OUTPUT    | LVCMOS33  |            |
+---------------------+-----------+-----------+------------+
| i_P1_VDDIO_OCP_N    | INPUT     | LVCMOS33  | IN         |
+---------------------+-----------+-----------+------------+
| o_SPI1_BMC_WP_N_1V8 | OUTPUT    | LVCMOS33  |            |
+---------------------+-----------+-----------+------------+
| o_PAL_TPM_EN        | OUTPUT    | LVCMOS33  |            |
+---------------------+-----------+-----------+------------+
| o_PAL_BMC_AUX_PGD   | OUTPUT    | LVCMOS33  |            |
+---------------------+-----------+-----------+------------+
| o_PAL_P1_VDD_CORE_1_EN_R| OUTPUT    | LVCMOS33  |            |
+---------------------+-----------+-----------+------------+
| o_PAL_P1_VDD_11_SUS_EN| OUTPUT    | LVCMOS33  |            |
+---------------------+-----------+-----------+------------+
| o_PAL_P1_VDD_CORE_0_SOC_RST_L_N| OUTPUT    | LVCMOS33  |            |
+---------------------+-----------+-----------+------------+
| o_PAL_P1_VDDIO_EN_R | OUTPUT    | LVCMOS33  |            |
+---------------------+-----------+-----------+------------+
| o_PAL_P1_VDD_18_STBY_EN_R| OUTPUT    | LVCMOS33  |            |
+---------------------+-----------+-----------+------------+
| o_P1_VDDIO_RST_L_N  | OUTPUT    | LVCMOS33  |            |
+---------------------+-----------+-----------+------------+
| o_PAL_P1_VDD_CORE_1_11_SUS_RST_L_N| OUTPUT    | LVCMOS33  |            |
+---------------------+-----------+-----------+------------+
| o_PAL_P1_VDD_SOC_EN | OUTPUT    | LVCMOS33  |            |
+---------------------+-----------+-----------+------------+
| o_PAL_P1_VDD_CORE_0_EN_R| OUTPUT    | LVCMOS33  |            |
+---------------------+-----------+-----------+------------+
| o_PAL_P12V_CPU0_ON  | OUTPUT    | LVCMOS33  |            |
+---------------------+-----------+-----------+------------+
| o_PAL_P12V_CPU1_ON  | OUTPUT    | LVCMOS33  |            |
+---------------------+-----------+-----------+------------+
| o_P0_I2C_9617_EN    | OUTPUT    | LVCMOS33  |            |
+---------------------+-----------+-----------+------------+
| i_PWRGD_P3V3_STBY   | INPUT     | LVCMOS33  |            |
+---------------------+-----------+-----------+------------+
| o_PAL_P0_VDD_CORE_0_SOC_RST_L_N| OUTPUT    | LVCMOS33  |            |
+---------------------+-----------+-----------+------------+
| o_PAL_P0_VDD_CORE_0_EN_R| OUTPUT    | LVCMOS33  |            |
+---------------------+-----------+-----------+------------+
| o_PAL_P0_VDD_CORE_1_EN_R| OUTPUT    | LVCMOS33  |            |
+---------------------+-----------+-----------+------------+
| o_PAL_P0_VDD_SOC_EN | OUTPUT    | LVCMOS33  |            |
+---------------------+-----------+-----------+------------+
| i_P0_VDDIO_OCP_N    | INPUT     | LVCMOS33  | IN         |
+---------------------+-----------+-----------+------------+
| o_PAL_P0_VDDIO_RST_N| OUTPUT    | LVCMOS33  |            |
+---------------------+-----------+-----------+------------+
| o_PAL_P0_VDD_CORE_1_11_SUS_RST_L_N| OUTPUT    | LVCMOS33  |            |
+---------------------+-----------+-----------+------------+
| i_P1_VR_I2C_ALERT_N | INPUT     | LVCMOS33  | IN         |

                                   Page 18




Design:  BM_H13DSP_M                                   Date:  11/18/25  16:01:50

IO (PIO) Attributes (cont)
--------------------------
+---------------------+-----------+-----------+------------+
| i_P0_VR_I2C_ALERT_N | INPUT     | LVCMOS33  | IN         |
+---------------------+-----------+-----------+------------+
| o_PAL_P0_VDD_11_SUS_EN| OUTPUT    | LVCMOS33  |            |
+---------------------+-----------+-----------+------------+
| o_PAL_P0_VDDIO_EN_R | OUTPUT    | LVCMOS33  |            |
+---------------------+-----------+-----------+------------+
| o_PAL_P0_VDD_18_STBY_EN_R| OUTPUT    | LVCMOS33  |            |
+---------------------+-----------+-----------+------------+
| o_P1_VDD_3V3_STBY_EN_R| OUTPUT    | LVCMOS33  |            |
+---------------------+-----------+-----------+------------+
| o_P0_VDD_3V3_STBY_EN_R| OUTPUT    | LVCMOS33  |            |
+---------------------+-----------+-----------+------------+
| i_P1_PRSNT_N        | INPUT     | LVCMOS33  | IN         |
+---------------------+-----------+-----------+------------+
| i_P1_I3C_APML_ALERT_N| INPUT     | LVCMOS18  |            |
+---------------------+-----------+-----------+------------+
| o_P1_NMI_SYNC_FLOOD_N| OUTPUT    | LVCMOS18  |            |
+---------------------+-----------+-----------+------------+
| i_PAL_P1_VDD_CORE_1_OCP_N| INPUT     | LVCMOS18  | IN         |
+---------------------+-----------+-----------+------------+
| i_P1_VDD_CORE_0_OCP_N_R| INPUT     | LVCMOS18  | IN         |
+---------------------+-----------+-----------+------------+
| o_P1_PCIE_WAKE_N_R  | OUTPUT    | LVCMOS18  |            |
+---------------------+-----------+-----------+------------+
| i_P1_THERMTRIP_N    | INPUT     | LVCMOS18  | IN         |
+---------------------+-----------+-----------+------------+
| i_P1_PWRGD_OUT      | INPUT     | LVCMOS18  | IN         |
+---------------------+-----------+-----------+------------+
| o_P1_KBRST_N        | OUTPUT    | LVCMOS18  |            |
+---------------------+-----------+-----------+------------+
| i_P1_PWROK          | INPUT     | LVCMOS18  | IN         |
+---------------------+-----------+-----------+------------+
| o_P1_FORCE_SELFREFRESH_R| OUTPUT    | LVCMOS18  |            |
+---------------------+-----------+-----------+------------+
| o_P1_RSMRST_N       | OUTPUT    | LVCMOS18  |            |
+---------------------+-----------+-----------+------------+
| o_P1_SYS_RESET_N    | OUTPUT    | LVCMOS33  |            |
+---------------------+-----------+-----------+------------+
| i_P1_SMERR_N        | INPUT     | LVCMOS18  | IN         |
+---------------------+-----------+-----------+------------+
| i_P1_RESET_N        | INPUT     | LVCMOS18  | IN         |
+---------------------+-----------+-----------+------------+
| o_P1_PWR_BTN_N      | OUTPUT    | LVCMOS33  |            |
+---------------------+-----------+-----------+------------+
| o_P1_PROCHOT_N      | OUTPUT    | LVCMOS18  |            |
+---------------------+-----------+-----------+------------+
| i_P1_PCIE_RST_N_1   | INPUT     | LVCMOS18  | IN         |
+---------------------+-----------+-----------+------------+
| i_P1_PCIE_RST_N_0   | INPUT     | LVCMOS18  | IN         |
+---------------------+-----------+-----------+------------+
| i_P1_CORETYPE_2     | INPUT     | LVCMOS33  |            |
+---------------------+-----------+-----------+------------+
| i_P1_CORETYPE_1     | INPUT     | LVCMOS33  |            |
+---------------------+-----------+-----------+------------+
| i_P1_CORETYPE_0     | INPUT     | LVCMOS33  |            |

                                   Page 19




Design:  BM_H13DSP_M                                   Date:  11/18/25  16:01:50

IO (PIO) Attributes (cont)
--------------------------
+---------------------+-----------+-----------+------------+
| o_P1_PWR_GOOD       | OUTPUT    | LVCMOS18  |            |
+---------------------+-----------+-----------+------------+
| i_P1_SP5R_R_4       | INPUT     | LVCMOS33  |            |
+---------------------+-----------+-----------+------------+
| i_P1_SP5R_R_3       | INPUT     | LVCMOS33  |            |
+---------------------+-----------+-----------+------------+
| i_P1_SP5R_R_2       | INPUT     | LVCMOS33  |            |
+---------------------+-----------+-----------+------------+
| i_P1_SP5R_R_1       | INPUT     | LVCMOS33  |            |
+---------------------+-----------+-----------+------------+
| o_PAL_P1_PRSENT_HDT | OUTPUT    | LVCMOS18  |            |
+---------------------+-----------+-----------+------------+
| o_P1_DIMM_AF_PCAMP_R| OUTPUT    | LVCMOS33  |            |
+---------------------+-----------+-----------+------------+
| o_P1_DIMM_GL_PCAMP_R| OUTPUT    | LVCMOS33  |            |
+---------------------+-----------+-----------+------------+
| o_PAL_CLEAR_CMOS_R_N| OUTPUT    | LVCMOS18  |            |
+---------------------+-----------+-----------+------------+
| o_PAL_TPCM_BMC_DONE_R_N| OUTPUT    | LVCMOS18  |            |
+---------------------+-----------+-----------+------------+
| o_PAL_TPCM_IRQ_R_L  | OUTPUT    | LVCMOS33  |            |
+---------------------+-----------+-----------+------------+
| o_PAL_BIOS_DEBUG_R_N| OUTPUT    | LVCMOS18  |            |
+---------------------+-----------+-----------+------------+
| o_PAL_BMC_POST_DONE_FLAG_R| OUTPUT    | LVCMOS18  | OUT        |
+---------------------+-----------+-----------+------------+
| o_HDT_CPU_RESET_N   | OUTPUT    | LVCMOS18  |            |
+---------------------+-----------+-----------+------------+
| o_PAL_TPCM_BIOS_DONE_R_N| OUTPUT    | LVCMOS18  |            |
+---------------------+-----------+-----------+------------+
| i_P0_BIOS_POST_STAGE_R_N| INPUT     | LVCMOS18  | IN         |
+---------------------+-----------+-----------+------------+
| o_P0_FORCE_SELFREFRESH_R| OUTPUT    | LVCMOS18  |            |
+---------------------+-----------+-----------+------------+
| o_P0_NMI_SYNC_FLOOD_N| OUTPUT    | LVCMOS18  |            |
+---------------------+-----------+-----------+------------+
| o_P0_KBRST_N        | OUTPUT    | LVCMOS18  |            |
+---------------------+-----------+-----------+------------+
| o_PAL_P0_PRSENT_HDT | OUTPUT    | LVCMOS18  |            |
+---------------------+-----------+-----------+------------+
| o_P0_PWR_BTN_R_N    | OUTPUT    | LVCMOS18  |            |
+---------------------+-----------+-----------+------------+
| o_P0_PROCHOT_N      | OUTPUT    | LVCMOS18  |            |
+---------------------+-----------+-----------+------------+
| o_P0_WAFL_STRAP_SEL_R| OUTPUT    | LVCMOS18  |            |
+---------------------+-----------+-----------+------------+
| i_P0_PWROK          | INPUT     | LVCMOS18  | IN         |
+---------------------+-----------+-----------+------------+
| i_P0_RESET_N        | INPUT     | LVCMOS18  | IN         |
+---------------------+-----------+-----------+------------+
| i_P0_PWRGD_OUT      | INPUT     | LVCMOS18  | IN         |
+---------------------+-----------+-----------+------------+
| o_P0_PWR_GOOD       | OUTPUT    | LVCMOS18  |            |
+---------------------+-----------+-----------+------------+
| o_P0_SYS_RESET_R_N  | OUTPUT    | LVCMOS18  |            |

                                   Page 20




Design:  BM_H13DSP_M                                   Date:  11/18/25  16:01:50

IO (PIO) Attributes (cont)
--------------------------
+---------------------+-----------+-----------+------------+
| o_P0_SPI_CLK_STRAP  | OUTPUT    | LVCMOS18  |            |
+---------------------+-----------+-----------+------------+
| o_HDT_CPU_PWROK     | OUTPUT    | LVCMOS18  |            |
+---------------------+-----------+-----------+------------+
| o_P0_RSMRST_N       | OUTPUT    | LVCMOS18  |            |
+---------------------+-----------+-----------+------------+
| i_P0_SLP_S5_N       | INPUT     | LVCMOS18  |            |
+---------------------+-----------+-----------+------------+
| i_P0_SLP_S3_N       | INPUT     | LVCMOS18  |            |
+---------------------+-----------+-----------+------------+
| i_P0_I3C_APML_ALERT_N| INPUT     | LVCMOS18  |            |
+---------------------+-----------+-----------+------------+
| i_P0_SPD_HOST_CTRL_N| INPUT     | LVCMOS18  | IN         |
+---------------------+-----------+-----------+------------+
| io_P0_CPLD_SDA      | BIDIR     | LVCMOS33  | IN         |
+---------------------+-----------+-----------+------------+
| i_P0_CPLD_SCL       | INPUT     | LVCMOS33  | IN         |
+---------------------+-----------+-----------+------------+
| i_P0_VDD_CORE_0_OCP_N_R| INPUT     | LVCMOS18  | IN         |
+---------------------+-----------+-----------+------------+
| i_PAL_P0_VDD_CORE_1_OCP_N| INPUT     | LVCMOS18  | IN         |
+---------------------+-----------+-----------+------------+
| i_P0_SMERR_N        | INPUT     | LVCMOS18  | IN         |
+---------------------+-----------+-----------+------------+
| o_P0_PCIE_WAKE_N_R  | OUTPUT    | LVCMOS18  |            |
+---------------------+-----------+-----------+------------+
| i_P0_PCIE_RST_N_1   | INPUT     | LVCMOS18  | IN         |
+---------------------+-----------+-----------+------------+
| i_P0_PCIE_RST_N_0   | INPUT     | LVCMOS18  | IN         |
+---------------------+-----------+-----------+------------+
| i_P0_THERMTRIP_N    | INPUT     | LVCMOS18  | IN         |
+---------------------+-----------+-----------+------------+
| o_P0_UART_RXD_1     | OUTPUT    | LVCMOS18  |            |
+---------------------+-----------+-----------+------------+
| i_P0_UART_TXD_1     | INPUT     | LVCMOS18  |            |
+---------------------+-----------+-----------+------------+
| o_P0_UART_RXD_0     | OUTPUT    | LVCMOS18  |            |
+---------------------+-----------+-----------+------------+
| i_P0_CORETYPE_2     | INPUT     | LVCMOS33  |            |
+---------------------+-----------+-----------+------------+
| i_P0_CORETYPE_1     | INPUT     | LVCMOS33  |            |
+---------------------+-----------+-----------+------------+
| i_P0_CORETYPE_0     | INPUT     | LVCMOS33  |            |
+---------------------+-----------+-----------+------------+
| i_P0_PRSNT_N        | INPUT     | LVCMOS33  | IN         |
+---------------------+-----------+-----------+------------+
| i_P0_SP5R_R_4       | INPUT     | LVCMOS33  |            |
+---------------------+-----------+-----------+------------+
| i_P0_SP5R_R_3       | INPUT     | LVCMOS33  |            |
+---------------------+-----------+-----------+------------+
| i_P0_SP5R_R_2       | INPUT     | LVCMOS33  |            |
+---------------------+-----------+-----------+------------+
| i_P0_SP5R_R_1       | INPUT     | LVCMOS33  |            |
+---------------------+-----------+-----------+------------+
| o_P0_DIMM_AF_PCAMP_R| OUTPUT    | LVCMOS33  |            |

                                   Page 21




Design:  BM_H13DSP_M                                   Date:  11/18/25  16:01:50

IO (PIO) Attributes (cont)
--------------------------
+---------------------+-----------+-----------+------------+
| o_P0_DIMM_GL_PCAMP_R| OUTPUT    | LVCMOS33  |            |
+---------------------+-----------+-----------+------------+
| o_PAL_SATA1_CONTROLLER0_R| OUTPUT    | LVCMOS33  |            |
+---------------------+-----------+-----------+------------+
| i_CPLD_ESPI_RESET_N | INPUT     | LVCMOS18  |            |
+---------------------+-----------+-----------+------------+
| i_CPLD_ESPI_CS_N    | INPUT     | LVCMOS18  |            |
+---------------------+-----------+-----------+------------+
| o_CPLD_ESPI_ALERT_N | OUTPUT    | LVCMOS18  |            |
+---------------------+-----------+-----------+------------+
| i_CPLD_ESPI_CLK     | INPUT     | LVCMOS18  |            |
+---------------------+-----------+-----------+------------+
| o_CPLD_ESPI_D3      | OUTPUT    | LVCMOS18  |            |
+---------------------+-----------+-----------+------------+
| o_CPLD_ESPI_D2      | OUTPUT    | LVCMOS18  |            |
+---------------------+-----------+-----------+------------+
| o_CPLD_ESPI_D1      | OUTPUT    | LVCMOS18  | OUT        |
+---------------------+-----------+-----------+------------+
| i_CPLD_ESPI_D0      | INPUT     | LVCMOS18  | IN         |
+---------------------+-----------+-----------+------------+
| o_PAL_BMC_PERST_N_R | OUTPUT    | LVCMOS33  |            |
+---------------------+-----------+-----------+------------+
| o_SS_PAL_LOAD_N_R   | OUTPUT    | LVCMOS33  |            |
+---------------------+-----------+-----------+------------+
| i_SS_PAL_DATA_IN_R  | INPUT     | LVCMOS33  | IN         |
+---------------------+-----------+-----------+------------+
| o_SS_PAL_DATA_OUT_R | OUTPUT    | LVCMOS33  |            |
+---------------------+-----------+-----------+------------+
| o_SS_PAL_CLK_R      | OUTPUT    | LVCMOS33  |            |
+---------------------+-----------+-----------+------------+
| i_I2C2_PAL_SCL      | INPUT     | LVCMOS33  | IN         |
+---------------------+-----------+-----------+------------+
| o_CPLD_SGPIO1_MOSI_R| OUTPUT    | LVCMOS33  |            |
+---------------------+-----------+-----------+------------+
| o_CPLD_SGPIO1_LD_N_R| OUTPUT    | LVCMOS33  |            |
+---------------------+-----------+-----------+------------+
| o_CPLD_SGPIO0_MOSI_R| OUTPUT    | LVCMOS33  |            |
+---------------------+-----------+-----------+------------+
| o_CPLD_SGPIO0_LD_N_R| OUTPUT    | LVCMOS33  |            |
+---------------------+-----------+-----------+------------+
| i_CPLD_SGPIO0_MISO_R| INPUT     | LVCMOS33  | IN         |
+---------------------+-----------+-----------+------------+
| o_CPLD_SGPIO0_CLK_R | OUTPUT    | LVCMOS33  |            |
+---------------------+-----------+-----------+------------+
| o_CLK_DB2000_1_2_OE_N| OUTPUT    | LVCMOS33  |            |
+---------------------+-----------+-----------+------------+
| o_CLK_DB2000_1_1_OE_N| OUTPUT    | LVCMOS33  |            |
+---------------------+-----------+-----------+------------+
| o_PAL_DB2000_2_PWRGD_R| OUTPUT    | LVCMOS33  |            |
+---------------------+-----------+-----------+------------+
| i_CLK_25M_CPLD      | INPUT     | LVCMOS33  |            |
+---------------------+-----------+-----------+------------+




                                   Page 22




Design:  BM_H13DSP_M                                   Date:  11/18/25  16:01:50

Removed logic
-------------

Block pll_inst/VCC undriven or does not drive anything - clipped.
Block pon_reset_inst/GND undriven or does not drive anything - clipped.
Block db_inst_pwr_btn/GND undriven or does not drive anything - clipped.
Block db_inst_pwr_btn/VCC undriven or does not drive anything - clipped.
Block db_vr_ocp_low/GND undriven or does not drive anything - clipped.
Block db_vr_ocp_low/VCC undriven or does not drive anything - clipped.
Block sync_cpu_data_low/GND undriven or does not drive anything - clipped.
Block sync_cpu_data_low/VCC undriven or does not drive anything - clipped.
Block db_cpu_thermtrip/VCC undriven or does not drive anything - clipped.
Block db_cpu_thermtrip/GND undriven or does not drive anything - clipped.
Block db_inst_amd_cpu_prsnt/GND undriven or does not drive anything - clipped.
Block db_inst_amd_cpu_prsnt/VCC undriven or does not drive anything - clipped.
Block inst_mcpld_to_scpld_p2s/VCC undriven or does not drive anything - clipped.
     
Block inst_mcpld_to_cmucpld_p2s/VCC undriven or does not drive anything -
     clipped.
Block bmc_ctl_pwrbtn_u0/VCC undriven or does not drive anything - clipped.
Block bmc_ctl_pwrbtn_u0/GND undriven or does not drive anything - clipped.
Block bmc_ctl_pwrbtn_u0/Edge_Detect_u0/VCC undriven or does not drive anything -
     clipped.
Block Edge_Detect_U2/GND undriven or does not drive anything - clipped.
Block Edge_Detect_U2/VCC undriven or does not drive anything - clipped.
Block edge_delay_inst_cpupwrok/GND undriven or does not drive anything -
     clipped.
Block edge_delay_inst_cpupwrok/VCC undriven or does not drive anything -
     clipped.
Block thermtrip_int/GND undriven or does not drive anything - clipped.
Block thermtrip_int/VCC undriven or does not drive anything - clipped.
Block thermtrip_int/_CPU_THERMTRIP_DETECT_BLOCK_[0].inst_cpu_thermtrip_fault_det
     /GND undriven or does not drive anything - clipped.
Block thermtrip_int/_CPU_THERMTRIP_DETECT_BLOCK_[0].inst_cpu_thermtrip_fault_det
     /VCC undriven or does not drive anything - clipped.
Block thermtrip_int/_CPU_THERMTRIP_DETECT_BLOCK_[1].inst_cpu_thermtrip_fault_det
     /GND undriven or does not drive anything - clipped.
Block thermtrip_int/_CPU_THERMTRIP_DETECT_BLOCK_[1].inst_cpu_thermtrip_fault_det
     /VCC undriven or does not drive anything - clipped.
Block Signal_Latch_THERMTRIP0/GND undriven or does not drive anything - clipped.
     
Block Signal_Latch_THERMTRIP0/VCC undriven or does not drive anything - clipped.
     
Block Signal_Latch_THERMTRIP0/Edge_Detect_0/GND undriven or does not drive
     anything - clipped.
Block Signal_Latch_THERMTRIP0/Edge_Detect_0/VCC undriven or does not drive
     anything - clipped.
Block Signal_Latch_THERMTRIP1/GND undriven or does not drive anything - clipped.
     
Block Signal_Latch_THERMTRIP1/VCC undriven or does not drive anything - clipped.
     
Block Signal_Latch_THERMTRIP1/Edge_Detect_0/GND undriven or does not drive
     anything - clipped.
Block Signal_Latch_THERMTRIP1/Edge_Detect_0/VCC undriven or does not drive
     anything - clipped.
Block cpu_module_u1/GND undriven or does not drive anything - clipped.
Block cpu_module_u1/VCC undriven or does not drive anything - clipped.
Block pwrseq_master_inst/VCC undriven or does not drive anything - clipped.

                                   Page 23




Design:  BM_H13DSP_M                                   Date:  11/18/25  16:01:50

Removed logic (cont)
--------------------
Block pwrseq_slave_inst/GND undriven or does not drive anything - clipped.
Block p1v0_stby_m2_check_inst/GND undriven or does not drive anything - clipped.
     
Block p1v0_stby_m2_check_inst/VCC undriven or does not drive anything - clipped.
     
Block p1v0_stby_m2_fault_detect_inst/GND undriven or does not drive anything -
     clipped.
Block p1v0_stby_m2_fault_detect_inst/VCC undriven or does not drive anything -
     clipped.
Block error_code_int/GND undriven or does not drive anything - clipped.
Block error_code_int/VCC undriven or does not drive anything - clipped.
Block uart_master_u1/VCC undriven or does not drive anything - clipped.
Block uart_master_u2/VCC undriven or does not drive anything - clipped.
Block pch_cpld_espi_ram_u1/VCC undriven or does not drive anything - clipped.
Block pch_cpld_espi_ram_u1/GND undriven or does not drive anything - clipped.
Block pch_cpld_espi_ram_u1/cpu1_pe0_alloc/GND undriven or does not drive
     anything - clipped.
Block pch_cpld_espi_ram_u1/cpu1_pe0_alloc/VCC undriven or does not drive
     anything - clipped.
Block pch_cpld_espi_ram_u1/cpu1_pe1_alloc/GND undriven or does not drive
     anything - clipped.
Block pch_cpld_espi_ram_u1/cpu1_pe1_alloc/VCC undriven or does not drive
     anything - clipped.
Block pch_cpld_espi_ram_u1/cpu1_pe2_alloc/GND undriven or does not drive
     anything - clipped.
Block pch_cpld_espi_ram_u1/cpu1_pe2_alloc/VCC undriven or does not drive
     anything - clipped.
Block bios_cpld_i2c_ram_u0/GND undriven or does not drive anything - clipped.
Block bios_cpld_i2c_ram_u0/cpu0_ge3_alloc/VCC undriven or does not drive
     anything - clipped.
Block bios_cpld_i2c_ram_u0/cpu1_pe0_alloc/GND undriven or does not drive
     anything - clipped.
Block bios_cpld_i2c_ram_u0/cpu1_pe0_alloc/VCC undriven or does not drive
     anything - clipped.
Block bios_cpld_i2c_ram_u0/cpu1_pe1_alloc/GND undriven or does not drive
     anything - clipped.
Block bios_cpld_i2c_ram_u0/cpu1_pe1_alloc/VCC undriven or does not drive
     anything - clipped.
Block bios_cpld_i2c_ram_u0/cpu1_pe2_alloc/GND undriven or does not drive
     anything - clipped.
Block bios_cpld_i2c_ram_u0/cpu1_pe2_alloc/VCC undriven or does not drive
     anything - clipped.
Block clear_cmos_int/GND undriven or does not drive anything - clipped.
Block clear_cmos_int/VCC undriven or does not drive anything - clipped.
Block clear_cmos_int/clr_cmos_delay_inst/GND undriven or does not drive anything
     - clipped.
Block clear_cmos_int/clr_cmos_delay_inst/VCC undriven or does not drive anything
     - clipped.
Block nmi_ctl_int/GND undriven or does not drive anything - clipped.
Block nmi_ctl_int/VCC undriven or does not drive anything - clipped.
Block nmi_ctl_int/clr_nmi_delay_inst/GND undriven or does not drive anything -
     clipped.
Block nmi_ctl_int/clr_nmi_delay_inst/VCC undriven or does not drive anything -
     clipped.
Block edge_delay_dc_pwr_on_2s/GND undriven or does not drive anything - clipped.
     

                                   Page 24




Design:  BM_H13DSP_M                                   Date:  11/18/25  16:01:50

Removed logic (cont)
--------------------
Block edge_delay_dc_pwr_on_2s/VCC undriven or does not drive anything - clipped.
     
Block pvt_gpi_4u_gpu_zt_inst/VCC undriven or does not drive anything - clipped.
Block pvt_gpi_4u_gpu_zt_inst/GND undriven or does not drive anything - clipped.
Block bmc_cpld_i2c_ram_u0/VCC undriven or does not drive anything - clipped.
Block bmc_cpld_i2c_ram_u0/GND undriven or does not drive anything - clipped.
Signal i_CPLD_ESPI_RESET_N_c_i was merged into signal i_CPLD_ESPI_RESET_N_c
Signal pon_reset_n_i was merged into signal pon_reset_n
Signal bios_espi_link.io_data_out_10_.CN was merged into signal
     i_CPLD_ESPI_CLK_c
Signal bios_espi_link/put_iowr_short_en_RNIFSIBH_0 was merged into signal
     bios_espi_link/N_9_0
Signal un1_w_u3_nc7_sw was merged into signal r_zt_board_prsnt_n
Signal un1_w_u3_nc7_sw2 was merged into signal r_zt2_board_prsnt_n
Signal
     bios_cpld_i2c_ram_u0/i2c_slave_bmc_u0/i2c_slave_basic0_u0/r_data_in_lock_i
     was merged into signal
     bios_cpld_i2c_ram_u0/i2c_slave_bmc_u0/i2c_slave_basic0_u0/r_data_in_lock
Signal r_sda_en_0_i was merged into signal
     bios_cpld_i2c_ram_u0/i2c_slave_bmc_u0/i2c_slave_basic0_u0/r_sda_en_0
Signal bmc_cpld_i2c_ram_u0/i2c_slave_bmc_u0/i2c_slave_basic0_u0/r_data_in_lock_i
     was merged into signal
     bmc_cpld_i2c_ram_u0/i2c_slave_bmc_u0/i2c_slave_basic0_u0/r_data_in_lock
Signal r_sda_en_i was merged into signal
     bmc_cpld_i2c_ram_u0/i2c_slave_bmc_u0/i2c_slave_basic0_u0/r_sda_en
Signal pll_inst/GND undriven or does not drive anything - clipped.
Signal timer_gen_inst/GND undriven or does not drive anything - clipped.
Signal inst_i2c_update_flash_config/VCC undriven or does not drive anything -
     clipped.
Signal inst_i2c_update_flash_config/GND undriven or does not drive anything -
     clipped.
Signal inst_scpld_to_mcpld_s2p/GND undriven or does not drive anything -
     clipped.
Signal inst_mcpld_to_scpld_p2s/GND undriven or does not drive anything -
     clipped.
Signal inst_cmucpld_to_mcpld_s2p/GND undriven or does not drive anything -
     clipped.
Signal inst_mcpld_to_cmucpld_p2s/GND undriven or does not drive anything -
     clipped.
Signal bmc_ctl_pwrbtn_u0/Edge_Detect_u0/GND undriven or does not drive anything
     - clipped.
Signal pwrseq_master_inst/GND undriven or does not drive anything - clipped.
Signal uart_master_u1/GND undriven or does not drive anything - clipped.
Signal uart_master_u2/GND undriven or does not drive anything - clipped.
Signal bios_espi_link/GND undriven or does not drive anything - clipped.
Signal bios_cpld_i2c_ram_u0/VCC undriven or does not drive anything - clipped.
Signal bios_cpld_i2c_ram_u0/cpu0_ge3_alloc/GND undriven or does not drive
     anything - clipped.
Signal bios_cpld_i2c_ram_u0/i2c_slave_bmc_u0/GND undriven or does not drive
     anything - clipped.
Signal bios_cpld_i2c_ram_u0/i2c_slave_bmc_u0/i2c_slave_basic0_u0/GND undriven or
     does not drive anything - clipped.
Signal bmc_cpld_i2c_ram_u0/i2c_slave_bmc_u0/GND undriven or does not drive
     anything - clipped.
Signal bmc_cpld_i2c_ram_u0/i2c_slave_bmc_u0/i2c_slave_basic0_u0/GND undriven or
     does not drive anything - clipped.

                                   Page 25




Design:  BM_H13DSP_M                                   Date:  11/18/25  16:01:50

Removed logic (cont)
--------------------
Signal pll_inst/CLKINTFB undriven or does not drive anything - clipped.
Signal pll_inst/DPHSRC undriven or does not drive anything - clipped.
Signal pll_inst/PLLACK undriven or does not drive anything - clipped.
Signal pll_inst/PLLDATO0 undriven or does not drive anything - clipped.
Signal pll_inst/PLLDATO1 undriven or does not drive anything - clipped.
Signal pll_inst/PLLDATO2 undriven or does not drive anything - clipped.
Signal pll_inst/PLLDATO3 undriven or does not drive anything - clipped.
Signal pll_inst/PLLDATO4 undriven or does not drive anything - clipped.
Signal pll_inst/PLLDATO5 undriven or does not drive anything - clipped.
Signal pll_inst/PLLDATO6 undriven or does not drive anything - clipped.
Signal pll_inst/PLLDATO7 undriven or does not drive anything - clipped.
Signal pll_inst/REFCLK undriven or does not drive anything - clipped.
Signal pll_inst/INTLOCK undriven or does not drive anything - clipped.
Signal pll_inst/CLKOS3 undriven or does not drive anything - clipped.
Signal pll_inst/CLKOS2 undriven or does not drive anything - clipped.
Signal timer_gen_inst/sec_tmr_cry_0_COUT[13] undriven or does not drive anything
     - clipped.
Signal timer_gen_inst/usec_tmr_cry_0_S0[0] undriven or does not drive anything -
     clipped.
Signal timer_gen_inst/N_22 undriven or does not drive anything - clipped.
Signal timer_gen_inst/usec_tmr_cry_0_COUT[3] undriven or does not drive anything
     - clipped.
Signal timer_gen_inst/sec_tmr_cry_0_S0[0] undriven or does not drive anything -
     clipped.
Signal timer_gen_inst/N_21 undriven or does not drive anything - clipped.
Signal inst_i2c_update_flash_config/CFGSTDBY undriven or does not drive anything
     - clipped.
Signal inst_i2c_update_flash_config/CFGWAKE undriven or does not drive anything
     - clipped.
Signal inst_i2c_update_flash_config/wbc_ufm_irq undriven or does not drive
     anything - clipped.
Signal inst_i2c_update_flash_config/TCOC undriven or does not drive anything -
     clipped.
Signal inst_i2c_update_flash_config/TCINT undriven or does not drive anything -
     clipped.
Signal inst_i2c_update_flash_config/SPIIRQO undriven or does not drive anything
     - clipped.
Signal inst_i2c_update_flash_config/SPICSNEN undriven or does not drive anything
     - clipped.
Signal inst_i2c_update_flash_config/SPIMCSN7 undriven or does not drive anything
     - clipped.
Signal inst_i2c_update_flash_config/SPIMCSN6 undriven or does not drive anything
     - clipped.
Signal inst_i2c_update_flash_config/SPIMCSN5 undriven or does not drive anything
     - clipped.
Signal inst_i2c_update_flash_config/SPIMCSN4 undriven or does not drive anything
     - clipped.
Signal inst_i2c_update_flash_config/SPIMCSN3 undriven or does not drive anything
     - clipped.
Signal inst_i2c_update_flash_config/SPIMCSN2 undriven or does not drive anything
     - clipped.
Signal inst_i2c_update_flash_config/SPIMCSN1 undriven or does not drive anything
     - clipped.
Signal inst_i2c_update_flash_config/SPIMCSN0 undriven or does not drive anything
     - clipped.
Signal inst_i2c_update_flash_config/SPIMOSIEN undriven or does not drive

                                   Page 26




Design:  BM_H13DSP_M                                   Date:  11/18/25  16:01:50

Removed logic (cont)
--------------------
     anything - clipped.
Signal inst_i2c_update_flash_config/SPIMOSIO undriven or does not drive anything
     - clipped.
Signal inst_i2c_update_flash_config/SPIMISOEN undriven or does not drive
     anything - clipped.
Signal inst_i2c_update_flash_config/SPIMISOO undriven or does not drive anything
     - clipped.
Signal inst_i2c_update_flash_config/SPISCKEN undriven or does not drive anything
     - clipped.
Signal inst_i2c_update_flash_config/SPISCKO undriven or does not drive anything
     - clipped.
Signal inst_i2c_update_flash_config/I2C2IRQO undriven or does not drive anything
     - clipped.
Signal inst_i2c_update_flash_config/i2c1_irqo undriven or does not drive
     anything - clipped.
Signal inst_i2c_update_flash_config/I2C2SDAOEN undriven or does not drive
     anything - clipped.
Signal inst_i2c_update_flash_config/I2C2SDAO undriven or does not drive anything
     - clipped.
Signal inst_i2c_update_flash_config/I2C2SCLOEN undriven or does not drive
     anything - clipped.
Signal inst_i2c_update_flash_config/I2C2SCLO undriven or does not drive anything
     - clipped.
Signal inst_i2c_update_flash_config/PLLDATO0_0 undriven or does not drive
     anything - clipped.
Signal inst_i2c_update_flash_config/PLLDATO1_0 undriven or does not drive
     anything - clipped.
Signal inst_i2c_update_flash_config/PLLDATO2_0 undriven or does not drive
     anything - clipped.
Signal inst_i2c_update_flash_config/PLLDATO3_0 undriven or does not drive
     anything - clipped.
Signal inst_i2c_update_flash_config/PLLDATO4_0 undriven or does not drive
     anything - clipped.
Signal inst_i2c_update_flash_config/PLLDATO5_0 undriven or does not drive
     anything - clipped.
Signal inst_i2c_update_flash_config/PLLDATO6_0 undriven or does not drive
     anything - clipped.
Signal inst_i2c_update_flash_config/PLLDATO7_0 undriven or does not drive
     anything - clipped.
Signal inst_i2c_update_flash_config/PLLADRO0 undriven or does not drive anything
     - clipped.
Signal inst_i2c_update_flash_config/PLLADRO1 undriven or does not drive anything
     - clipped.
Signal inst_i2c_update_flash_config/PLLADRO2 undriven or does not drive anything
     - clipped.
Signal inst_i2c_update_flash_config/PLLADRO3 undriven or does not drive anything
     - clipped.
Signal inst_i2c_update_flash_config/PLLADRO4 undriven or does not drive anything
     - clipped.
Signal inst_i2c_update_flash_config/PLLWEO undriven or does not drive anything -
     clipped.
Signal inst_i2c_update_flash_config/PLL1STBO undriven or does not drive anything
     - clipped.
Signal inst_i2c_update_flash_config/PLL0STBO undriven or does not drive anything
     - clipped.
Signal inst_i2c_update_flash_config/PLLRSTO undriven or does not drive anything

                                   Page 27




Design:  BM_H13DSP_M                                   Date:  11/18/25  16:01:50

Removed logic (cont)
--------------------
     - clipped.
Signal inst_i2c_update_flash_config/PLLCLKO undriven or does not drive anything
     - clipped.
Signal inst_i2c_update_flash_config/wb_ack_o undriven or does not drive anything
     - clipped.
Signal inst_i2c_update_flash_config/wb_dat_o_1[0] undriven or does not drive
     anything - clipped.
Signal inst_i2c_update_flash_config/wb_dat_o_1[1] undriven or does not drive
     anything - clipped.
Signal inst_i2c_update_flash_config/wb_dat_o_1[2] undriven or does not drive
     anything - clipped.
Signal inst_i2c_update_flash_config/wb_dat_o_1[3] undriven or does not drive
     anything - clipped.
Signal inst_i2c_update_flash_config/wb_dat_o_1[4] undriven or does not drive
     anything - clipped.
Signal inst_i2c_update_flash_config/wb_dat_o_1[5] undriven or does not drive
     anything - clipped.
Signal inst_i2c_update_flash_config/wb_dat_o_1[6] undriven or does not drive
     anything - clipped.
Signal inst_i2c_update_flash_config/wb_dat_o_1[7] undriven or does not drive
     anything - clipped.
Signal inst_scpld_to_mcpld_s2p/un3_cnt_cry_0_0_S1 undriven or does not drive
     anything - clipped.
Signal inst_scpld_to_mcpld_s2p/un3_cnt_cry_0_0_S0 undriven or does not drive
     anything - clipped.
Signal inst_scpld_to_mcpld_s2p/N_92 undriven or does not drive anything -
     clipped.
Signal inst_scpld_to_mcpld_s2p/un3_cnt_cry_7_0_COUT undriven or does not drive
     anything - clipped.
Signal inst_mcpld_to_scpld_p2s/cnt_cry_0_S0[0] undriven or does not drive
     anything - clipped.
Signal inst_mcpld_to_scpld_p2s/N_1 undriven or does not drive anything -
     clipped.
Signal inst_mcpld_to_scpld_p2s/cnt_s_0_S1[7] undriven or does not drive anything
     - clipped.
Signal inst_mcpld_to_scpld_p2s/cnt_s_0_COUT[7] undriven or does not drive
     anything - clipped.
Signal inst_cmucpld_to_mcpld_s2p/un19_cnt_cry_0_0_S1 undriven or does not drive
     anything - clipped.
Signal inst_cmucpld_to_mcpld_s2p/un19_cnt_cry_0_0_S0 undriven or does not drive
     anything - clipped.
Signal inst_cmucpld_to_mcpld_s2p/N_173 undriven or does not drive anything -
     clipped.
Signal inst_cmucpld_to_mcpld_s2p/un19_cnt_s_7_0_S1 undriven or does not drive
     anything - clipped.
Signal inst_cmucpld_to_mcpld_s2p/un19_cnt_s_7_0_COUT undriven or does not drive
     anything - clipped.
Signal inst_mcpld_to_cmucpld_p2s/cnt_cry_0_S0_0[0] undriven or does not drive
     anything - clipped.
Signal inst_mcpld_to_cmucpld_p2s/N_1 undriven or does not drive anything -
     clipped.
Signal inst_mcpld_to_cmucpld_p2s/cnt_cry_0_COUT[5] undriven or does not drive
     anything - clipped.
Signal pwrseq_master_inst/wdt_counter_cry_0_S0[0] undriven or does not drive
     anything - clipped.
Signal pwrseq_master_inst/N_1 undriven or does not drive anything - clipped.

                                   Page 28




Design:  BM_H13DSP_M                                   Date:  11/18/25  16:01:50

Removed logic (cont)
--------------------
Signal pwrseq_master_inst/wdt_counter_s_0_S1[9] undriven or does not drive
     anything - clipped.
Signal pwrseq_master_inst/wdt_counter_s_0_COUT[9] undriven or does not drive
     anything - clipped.
Signal uart_master_u1/bps_count_bit_cry_0_S0[0] undriven or does not drive
     anything - clipped.
Signal uart_master_u1/N_1 undriven or does not drive anything - clipped.
Signal uart_master_u1/bps_count_bit_s_0_S1[5] undriven or does not drive
     anything - clipped.
Signal uart_master_u1/bps_count_bit_s_0_COUT[5] undriven or does not drive
     anything - clipped.
Signal uart_master_u1/data_count_cry_0_S0[0] undriven or does not drive anything
     - clipped.
Signal uart_master_u1/N_2 undriven or does not drive anything - clipped.
Signal uart_master_u1/data_count_cry_0_COUT[3] undriven or does not drive
     anything - clipped.
Signal uart_master_u2/bps_count_bit_cry_0_S0_0[0] undriven or does not drive
     anything - clipped.
Signal uart_master_u2/N_1 undriven or does not drive anything - clipped.
Signal uart_master_u2/bps_count_bit_s_0_S1_0[5] undriven or does not drive
     anything - clipped.
Signal uart_master_u2/bps_count_bit_s_0_COUT_0[5] undriven or does not drive
     anything - clipped.
Signal uart_master_u2/data_count_cry_0_S0_0[0] undriven or does not drive
     anything - clipped.
Signal uart_master_u2/N_2 undriven or does not drive anything - clipped.
Signal uart_master_u2/data_count_cry_0_COUT_0[3] undriven or does not drive
     anything - clipped.
Signal bios_espi_link/oob_data_trans_en8_a_4_cry_0_0_S1 undriven or does not
     drive anything - clipped.
Signal bios_espi_link/oob_data_trans_en8_a_4_cry_0_0_S0 undriven or does not
     drive anything - clipped.
Signal bios_espi_link/N_94 undriven or does not drive anything - clipped.
Signal bios_espi_link/oob_data_trans_en8_a_4_cry_7_0_COUT undriven or does not
     drive anything - clipped.
Signal bios_espi_link/vwire_rd_trans_en8_0_I_1_0_S1 undriven or does not drive
     anything - clipped.
Signal bios_espi_link/vwire_rd_trans_en8_0_I_1_0_S0 undriven or does not drive
     anything - clipped.
Signal bios_espi_link/N_95 undriven or does not drive anything - clipped.
Signal bios_espi_link/vwire_rd_trans_en8_0_I_9_0_S1 undriven or does not drive
     anything - clipped.
Signal bios_espi_link/vwire_rd_trans_en8_0_I_9_0_S0 undriven or does not drive
     anything - clipped.
Signal bios_espi_link/vwire_rd_trans_en8_0_I_21_0_S1 undriven or does not drive
     anything - clipped.
Signal bios_espi_link/vwire_rd_trans_en8_0_I_21_0_S0 undriven or does not drive
     anything - clipped.
Signal bios_espi_link/vwire_rd_trans_en8_0_I_27_0_S1 undriven or does not drive
     anything - clipped.
Signal bios_espi_link/vwire_rd_trans_en8_0_I_27_0_COUT undriven or does not
     drive anything - clipped.
Signal bios_cpld_i2c_ram_u0/i2c_slave_bmc_u0/un1_r_i2c_command_temp_1_m_0_cry_0_
     S1_0 undriven or does not drive anything - clipped.
Signal bios_cpld_i2c_ram_u0/i2c_slave_bmc_u0/un1_r_i2c_command_temp_1_m_0_cry_0_
     S0_0 undriven or does not drive anything - clipped.

                                   Page 29




Design:  BM_H13DSP_M                                   Date:  11/18/25  16:01:50

Removed logic (cont)
--------------------
Signal bios_cpld_i2c_ram_u0/i2c_slave_bmc_u0/N_1 undriven or does not drive
     anything - clipped.
Signal bios_cpld_i2c_ram_u0/i2c_slave_bmc_u0/un1_r_i2c_command_temp_1_m_0_s_15_S
     1_0 undriven or does not drive anything - clipped.
Signal bios_cpld_i2c_ram_u0/i2c_slave_bmc_u0/un1_r_i2c_command_temp_1_m_0_s_15_C
     OUT_0 undriven or does not drive anything - clipped.
Signal bios_cpld_i2c_ram_u0/i2c_slave_bmc_u0/r_read_byte_cnt_cry_0_S0[0]
     undriven or does not drive anything - clipped.
Signal bios_cpld_i2c_ram_u0/i2c_slave_bmc_u0/N_2 undriven or does not drive
     anything - clipped.
Signal bios_cpld_i2c_ram_u0/i2c_slave_bmc_u0/r_read_byte_cnt_s_0_S1[15] undriven
     or does not drive anything - clipped.
Signal bios_cpld_i2c_ram_u0/i2c_slave_bmc_u0/r_read_byte_cnt_s_0_COUT[15]
     undriven or does not drive anything - clipped.
Signal bios_cpld_i2c_ram_u0/i2c_slave_bmc_u0/r_write_byte_cnt_cry_0_S0[0]
     undriven or does not drive anything - clipped.
Signal bios_cpld_i2c_ram_u0/i2c_slave_bmc_u0/N_3 undriven or does not drive
     anything - clipped.
Signal bios_cpld_i2c_ram_u0/i2c_slave_bmc_u0/r_write_byte_cnt_s_0_S1[15]
     undriven or does not drive anything - clipped.
Signal bios_cpld_i2c_ram_u0/i2c_slave_bmc_u0/r_write_byte_cnt_s_0_COUT[15]
     undriven or does not drive anything - clipped.
Signal bios_cpld_i2c_ram_u0/i2c_slave_bmc_u0/un1_r_i2c_command_temp_0_4_cry_1_S1
     _0 undriven or does not drive anything - clipped.
Signal bios_cpld_i2c_ram_u0/i2c_slave_bmc_u0/un1_r_i2c_command_temp_0_4_cry_1_S0
     _0 undriven or does not drive anything - clipped.
Signal bios_cpld_i2c_ram_u0/i2c_slave_bmc_u0/N_4 undriven or does not drive
     anything - clipped.
Signal bios_cpld_i2c_ram_u0/i2c_slave_bmc_u0/un1_r_i2c_command_temp_0_4_cry_14_C
     OUT_0 undriven or does not drive anything - clipped.
Signal bios_cpld_i2c_ram_u0/i2c_slave_bmc_u0/un1_r_i2c_command_temp_0_cry_0_0_S1
     _0 undriven or does not drive anything - clipped.
Signal bios_cpld_i2c_ram_u0/i2c_slave_bmc_u0/un1_r_i2c_command_temp_0_cry_0_0_S0
     _0 undriven or does not drive anything - clipped.
Signal bios_cpld_i2c_ram_u0/i2c_slave_bmc_u0/N_5 undriven or does not drive
     anything - clipped.
Signal
     bios_cpld_i2c_ram_u0/i2c_slave_bmc_u0/un1_r_i2c_command_temp_0_s_15_0_S1_0
     undriven or does not drive anything - clipped.
Signal bios_cpld_i2c_ram_u0/i2c_slave_bmc_u0/un1_r_i2c_command_temp_0_s_15_0_COU
     T_0 undriven or does not drive anything - clipped.
Signal bios_cpld_i2c_ram_u0/i2c_slave_bmc_u0/i2c_slave_basic0_u0/r_timeout_cnt_c
     ry_0_S0[0] undriven or does not drive anything - clipped.
Signal bios_cpld_i2c_ram_u0/i2c_slave_bmc_u0/i2c_slave_basic0_u0/N_21 undriven
     or does not drive anything - clipped.
Signal bios_cpld_i2c_ram_u0/i2c_slave_bmc_u0/i2c_slave_basic0_u0/r_timeout_cnt_s
     _0_S1[5] undriven or does not drive anything - clipped.
Signal bios_cpld_i2c_ram_u0/i2c_slave_bmc_u0/i2c_slave_basic0_u0/r_timeout_cnt_s
     _0_COUT[5] undriven or does not drive anything - clipped.
Signal bmc_cpld_i2c_ram_u0/i2c_slave_bmc_u0/un1_r_i2c_command_temp_1_m_0_cry_0_0
     _S1 undriven or does not drive anything - clipped.
Signal bmc_cpld_i2c_ram_u0/i2c_slave_bmc_u0/un1_r_i2c_command_temp_1_m_0_cry_0_0
     _S0 undriven or does not drive anything - clipped.
Signal bmc_cpld_i2c_ram_u0/i2c_slave_bmc_u0/N_2 undriven or does not drive
     anything - clipped.
Signal bmc_cpld_i2c_ram_u0/i2c_slave_bmc_u0/un1_r_i2c_command_temp_1_m_0_s_15_0_

                                   Page 30




Design:  BM_H13DSP_M                                   Date:  11/18/25  16:01:50

Removed logic (cont)
--------------------
     S1 undriven or does not drive anything - clipped.
Signal bmc_cpld_i2c_ram_u0/i2c_slave_bmc_u0/un1_r_i2c_command_temp_1_m_0_s_15_0_
     COUT undriven or does not drive anything - clipped.
Signal bmc_cpld_i2c_ram_u0/i2c_slave_bmc_u0/r_read_byte_cnt_cry_0_S0_0[0]
     undriven or does not drive anything - clipped.
Signal bmc_cpld_i2c_ram_u0/i2c_slave_bmc_u0/N_3 undriven or does not drive
     anything - clipped.
Signal bmc_cpld_i2c_ram_u0/i2c_slave_bmc_u0/r_read_byte_cnt_s_0_S1_0[15]
     undriven or does not drive anything - clipped.
Signal bmc_cpld_i2c_ram_u0/i2c_slave_bmc_u0/r_read_byte_cnt_s_0_COUT_0[15]
     undriven or does not drive anything - clipped.
Signal bmc_cpld_i2c_ram_u0/i2c_slave_bmc_u0/r_write_byte_cnt_cry_0_S0_0[0]
     undriven or does not drive anything - clipped.
Signal bmc_cpld_i2c_ram_u0/i2c_slave_bmc_u0/N_4 undriven or does not drive
     anything - clipped.
Signal bmc_cpld_i2c_ram_u0/i2c_slave_bmc_u0/r_write_byte_cnt_s_0_S1_0[15]
     undriven or does not drive anything - clipped.
Signal bmc_cpld_i2c_ram_u0/i2c_slave_bmc_u0/r_write_byte_cnt_s_0_COUT_0[15]
     undriven or does not drive anything - clipped.
Signal
     bmc_cpld_i2c_ram_u0/i2c_slave_bmc_u0/un1_r_i2c_command_temp_0_4_cry_1_0_S1
     undriven or does not drive anything - clipped.
Signal
     bmc_cpld_i2c_ram_u0/i2c_slave_bmc_u0/un1_r_i2c_command_temp_0_4_cry_1_0_S0
     undriven or does not drive anything - clipped.
Signal bmc_cpld_i2c_ram_u0/i2c_slave_bmc_u0/N_5 undriven or does not drive
     anything - clipped.
Signal bmc_cpld_i2c_ram_u0/i2c_slave_bmc_u0/un1_r_i2c_command_temp_0_4_cry_14_0_
     COUT undriven or does not drive anything - clipped.
Signal bmc_cpld_i2c_ram_u0/i2c_slave_bmc_u0/un1_r_i2c_command_temp_0_cry_0_0_S1
     undriven or does not drive anything - clipped.
Signal bmc_cpld_i2c_ram_u0/i2c_slave_bmc_u0/un1_r_i2c_command_temp_0_cry_0_0_S0
     undriven or does not drive anything - clipped.
Signal bmc_cpld_i2c_ram_u0/i2c_slave_bmc_u0/N_6 undriven or does not drive
     anything - clipped.
Signal bmc_cpld_i2c_ram_u0/i2c_slave_bmc_u0/un1_r_i2c_command_temp_0_s_15_0_S1
     undriven or does not drive anything - clipped.
Signal bmc_cpld_i2c_ram_u0/i2c_slave_bmc_u0/un1_r_i2c_command_temp_0_s_15_0_COUT
     undriven or does not drive anything - clipped.
Signal bmc_cpld_i2c_ram_u0/i2c_slave_bmc_u0/i2c_slave_basic0_u0/r_timeout_cnt_cr
     y_0_S0_0[0] undriven or does not drive anything - clipped.
Signal bmc_cpld_i2c_ram_u0/i2c_slave_bmc_u0/i2c_slave_basic0_u0/N_21 undriven or
     does not drive anything - clipped.
Signal bmc_cpld_i2c_ram_u0/i2c_slave_bmc_u0/i2c_slave_basic0_u0/r_timeout_cnt_s_
     0_S1_0[5] undriven or does not drive anything - clipped.
Signal bmc_cpld_i2c_ram_u0/i2c_slave_bmc_u0/i2c_slave_basic0_u0/r_timeout_cnt_s_
     0_COUT_0[5] undriven or does not drive anything - clipped.
Signal inst_osch_SEDSTDBY undriven or does not drive anything - clipped.
Block i_CPLD_ESPI_RESET_N_pad_RNIUGVP2 was optimized away.
Block pon_reset_inst/reset1_reg_RNILMDB6[2] was optimized away.
Block bios_espi_link/io_data_out_10_.CN was optimized away.
Block bios_espi_link/put_iowr_short_en_RNIFSIBH_0 was optimized away.
Block bios_cpld_i2c_ram_u0/un1_w_u3_nc7_sw was optimized away.
Block bios_cpld_i2c_ram_u0/un1_w_u3_nc7_sw2 was optimized away.
Block bios_cpld_i2c_ram_u0/i2c_slave_bmc_u0/i2c_slave_basic0_u0/r_data_in_lock_R
     NISNIL5 was optimized away.

                                   Page 31




Design:  BM_H13DSP_M                                   Date:  11/18/25  16:01:50

Removed logic (cont)
--------------------
Block bios_cpld_i2c_ram_u0/i2c_slave_bmc_u0/i2c_slave_basic0_u0/r_sda_en_RNIEP4M
     1 was optimized away.
Block bmc_cpld_i2c_ram_u0/i2c_slave_bmc_u0/i2c_slave_basic0_u0/r_data_in_lock_RN
     I1ISM5 was optimized away.
Block bmc_cpld_i2c_ram_u0/i2c_slave_bmc_u0/i2c_slave_basic0_u0/r_sda_en_RNIJLQ95
     was optimized away.
Block pll_inst/GND was optimized away.
Block timer_gen_inst/GND was optimized away.
Block inst_i2c_update_flash_config/VCC was optimized away.
Block inst_i2c_update_flash_config/GND was optimized away.
Block inst_scpld_to_mcpld_s2p/GND was optimized away.
Block inst_mcpld_to_scpld_p2s/GND was optimized away.
Block inst_cmucpld_to_mcpld_s2p/GND was optimized away.
Block inst_mcpld_to_cmucpld_p2s/GND was optimized away.
Block bmc_ctl_pwrbtn_u0/Edge_Detect_u0/GND was optimized away.
Block pwrseq_master_inst/GND was optimized away.
Block uart_master_u1/GND was optimized away.
Block uart_master_u2/GND was optimized away.
Block bios_espi_link/GND was optimized away.
Block bios_cpld_i2c_ram_u0/VCC was optimized away.
Block bios_cpld_i2c_ram_u0/cpu0_ge3_alloc/GND was optimized away.
Block bios_cpld_i2c_ram_u0/i2c_slave_bmc_u0/GND was optimized away.
Block bios_cpld_i2c_ram_u0/i2c_slave_bmc_u0/i2c_slave_basic0_u0/GND was
     optimized away.
Block bmc_cpld_i2c_ram_u0/i2c_slave_bmc_u0/GND was optimized away.
Block bmc_cpld_i2c_ram_u0/i2c_slave_bmc_u0/i2c_slave_basic0_u0/GND was optimized
     away.

     

PLL/DLL Summary
---------------

PLL 1:                                     Pin/Node Value
  PLL Instance Name:                                pll_inst/PLLInst_0
  PLL Type:                                         EHXPLLJ
  Input Clock:                             PIN      i_CLK_25M_CPLD_c
  Output Clock(P):                         NODE     clk_50m
  Output Clock(S):                         NODE     clk_25m
  Output Clock(S2):                                 NONE
  Output Clock(S3):                                 NONE
  Feedback Signal:                         NODE     clk_50m
  Reset Signal:                            NODE
       pll_inst/i_PWRGD_P3V3_STBY_c_i
  M Divider Reset Signal:                           NONE
  C Divider Reset Signal:                           NONE
  D Divider Reset Signal:                           NONE
  Standby Signal:                                   NONE
  PLL LOCK signal:                         NODE     pll_lock
  PLL Data bus CLK Signal:                          NONE
  PLL Data bus Strobe Signal:                       NONE
  PLL Data bus Reset Signal:                        NONE
  PLL Data bus Write Enable Signal:                 NONE
  PLL Data bus Address0:                            NONE
  PLL Data bus Address1:                            NONE
  PLL Data bus Address2:                            NONE

                                   Page 32




Design:  BM_H13DSP_M                                   Date:  11/18/25  16:01:50

PLL/DLL Summary (cont)
----------------------
  PLL Data bus Address3:                            NONE
  PLL Data bus Address4:                            NONE
  PLL Data In bus Data0:                            NONE
  PLL Data In bus Data1:                            NONE
  PLL Data In bus Data2:                            NONE
  PLL Data In bus Data3:                            NONE
  PLL Data In bus Data4:                            NONE
  PLL Data In bus Data5:                            NONE
  PLL Data In bus Data6:                            NONE
  PLL Data In bus Data7:                            NONE
  PLL Data bus Acknowledge:                         NONE
  PLL Data Out bus Data0:                           NONE
  PLL Data Out bus Data1:                           NONE
  PLL Data Out bus Data2:                           NONE
  PLL Data Out bus Data3:                           NONE
  PLL Data Out bus Data4:                           NONE
  PLL Data Out bus Data5:                           NONE
  PLL Data Out bus Data6:                           NONE
  PLL Data Out bus Data7:                           NONE
  Input Clock Frequency (MHz):                      25.0000
  Output Clock(P) Frequency (MHz):                  50.0000
  Output Clock(S) Frequency (MHz):                  25.0000
  Output Clock(S2) Frequency (MHz):                 NA
  Output Clock(S3) Frequency (MHz):                 NA
  CLKOP Post Divider A Input:                       DIVA
  CLKOS Post Divider B Input:                       DIVB
  CLKOS2 Post Divider C Input:                      DIVC
  CLKOS3 Post Divider D Input:                      DIVD
  Pre Divider A Input:                              VCO_PHASE
  Pre Divider B Input:                              VCO_PHASE
  Pre Divider C Input:                              VCO_PHASE
  Pre Divider D Input:                              VCO_PHASE
  VCO Bypass A Input:                               VCO_PHASE
  VCO Bypass B Input:                               VCO_PHASE
  VCO Bypass C Input:                               VCO_PHASE
  VCO Bypass D Input:                               VCO_PHASE
  FB_MODE:                                          CLKOP
  CLKI Divider:                                     1
  CLKFB Divider:                                    2
  CLKOP Divider:                                    10
  CLKOS Divider:                                    20
  CLKOS2 Divider:                                   1
  CLKOS3 Divider:                                   1
  Fractional N Divider:                             0
  CLKOP Desired Phase Shift(degree):                0
  CLKOP Trim Option Rising/Falling:                 RISING
  CLKOP Trim Option Delay:                          0
  CLKOS Desired Phase Shift(degree):                0
  CLKOS Trim Option Rising/Falling:                 RISING
  CLKOS Trim Option Delay:                          0
  CLKOS2 Desired Phase Shift(degree):               0
  CLKOS3 Desired Phase Shift(degree):               0





                                   Page 33




Design:  BM_H13DSP_M                                   Date:  11/18/25  16:01:50

OSC Summary
-----------

OSC 1:                                     Pin/Node Value
  OSC Instance Name:                                inst_osch
  OSC Type:                                         OSCH
  STDBY Input:                                      NONE
  OSC Output:                              NODE     wb_clk
  OSC Nominal Frequency (MHz):                      4.29

Embedded Functional Block Connection Summary
--------------------------------------------

   Desired WISHBONE clock frequency: 4.3 MHz
   Clock source:                     wb_clk
   Reset source:                     pon_reset_n
   Functions mode:
      I2C #1 (Primary) Function:     ENABLED
      I2C #2 (Secondary) Function:   DISABLED
      SPI Function:                  DISABLED
      Timer/Counter Function:        DISABLED
      Timer/Counter Mode:            WB
      UFM Connection:                ENABLED
      PLL0 Connection:               DISABLED
      PLL1 Connection:               DISABLED
   I2C Function Summary:
   --------------------
      I2C Component:          PRIMARY
      I2C Addressing:         7BIT
      I2C Performance:        100kHz
      Slave Address:          0b1000001
      General Call:           DISABLED
      I2C Wake Up:            DISABLED
      I2C Component:          UFM/Configuration
      I2C Addressing:         7BIT
      I2C Performance:        100kHz
      Slave Address:          0b1000000
   SPI Function Summary:
   --------------------
      None
   Timer/Counter Function Summary:
   ------------------------------
      None
   UFM Function Summary:
   --------------------
      UFM Utilization:        General Purpose Flash Memory
      Initialized UFM Pages:  1 Pages (1*128 Bits)
      Available General
      Purpose Flash Memory:   2046 Pages (2046*128 Bits)

           EBR Blocks with Unique
      Initialization Data:    0

           WID		EBR Instance
      ---		------------




                                   Page 34




Design:  BM_H13DSP_M                                   Date:  11/18/25  16:01:50

ASIC Components
---------------

Instance Name: inst_osch
         Type: OSCH
Instance Name: inst_i2c_update_flash_config/EFBInst_0
         Type: EFB
Instance Name: pll_inst/PLLInst_0
         Type: EHXPLLJ

GSR Usage
---------

GSR Component:
   The local reset signal 'pon_reset_n' of the design has been inferred as
        Global Set Reset (GSR). The reset signal used for GSR control is
        'pon_reset_n'.
        

     GSR Property:
   The design components with GSR property set to ENABLED will respond to global
        set reset while the components with GSR property set to DISABLED will
        not.
        

     Components on inferred reset domain with GSR Property disabled
--------------------------------------------------------------

     These components have the GSR property set to DISABLED and are on the
     inferred reset domain. The components will respond to the reset signal
     'pon_reset_n' via the local reset on the component and not the GSR
     component.

     Type and number of components of the type: 
   Register = 8 
   EFB = 1

     Type and instance name of component: 
   Register : inst_mcpld_to_scpld_p2s/so
   Register : inst_mcpld_to_cmucpld_p2s/so
   Register : pwrseq_master_inst/power_seq_sm[5]
   Register : pwrseq_master_inst/power_seq_sm[4]
   Register : pwrseq_master_inst/power_seq_sm[3]
   Register : pwrseq_master_inst/power_seq_sm[2]
   Register : pwrseq_master_inst/power_seq_sm[1]
   Register : pwrseq_master_inst/power_seq_sm[0]
   EFB : inst_i2c_update_flash_config/EFBInst_0

Run Time and Memory Usage
-------------------------

   Total CPU Time: 2 secs  
   Total REAL Time: 3 secs  
   Peak Memory Usage: 89 MB
        




                                   Page 35


Copyright (c) 1991-1994 by NeoCAD Inc. All rights reserved.
     Copyright (c) 1995 AT&T Corp.   All rights reserved.
     Copyright (c) 1995-2001 Lucent Technologies Inc.  All rights reserved.
     Copyright (c) 2001 Agere Systems   All rights reserved.
     Copyright (c) 2002-2024 Lattice Semiconductor Corporation,  All rights
     reserved.
