
synpwrap -msg -prj "BM_H13DSP_S_impl1_synplify.tcl" -log "BM_H13DSP_S_impl1.srf"
Copyright (C) 1992-2024 Lattice Semiconductor Corporation. All rights reserved.
Lattice Diamond Version 3.14.0.75.2
    <postMsg mid="2011000" type="Info"    dynamic="0" navigation="0"  />

==contents of BM_H13DSP_S_impl1.srf
#Build: Synplify Pro (R) V-2023.09L-2, Build 349R, Sep 17 2024
#install: C:\lscc\diamond\3_14\synpbase
#OS: Windows 10 or later
#Hostname: X02567XL

# Tue Nov 18 14:49:37 2025

#Implementation: impl1


Copyright (C) 1994-2023 Synopsys, Inc.
This Synopsys software and all associated documentation are proprietary to Synopsys, Inc.
and may only be used pursuant to the terms and conditions of a written license agreement
with Synopsys, Inc. All other use, reproduction, modification, or distribution of the
Synopsys software or the associated documentation is strictly prohibited.
Tool: Synplify Pro (R)
Build: V-2023.09L-2
Install: C:\lscc\diamond\3_14\synpbase
OS: Windows 10 or later
Hostname: X02567XL

Implementation : impl1
Synopsys HDL Compiler, Version comp202309synp1, Build 349R, Built Sep 17 2024 08:16:26, @

@N|Running in 64-bit mode
###########################################################[

Copyright (C) 1994-2023 Synopsys, Inc.
This Synopsys software and all associated documentation are proprietary to Synopsys, Inc.
and may only be used pursuant to the terms and conditions of a written license agreement
with Synopsys, Inc. All other use, reproduction, modification, or distribution of the
Synopsys software or the associated documentation is strictly prohibited.
Tool: Synplify Pro (R)
Build: V-2023.09L-2
Install: C:\lscc\diamond\3_14\synpbase
OS: Windows 10 or later
Hostname: X02567XL

Implementation : impl1
Synopsys Verilog Compiler, Version comp202309synp1, Build 349R, Built Sep 17 2024 08:16:26, @

@N|Running in 64-bit mode
@I::"C:\lscc\diamond\3_14\synpbase\lib\lucent\machxo3lf.v" (library work)
@I::"C:\lscc\diamond\3_14\synpbase\lib\lucent\pmi_def.v" (library work)
@I::"C:\lscc\diamond\3_14\synpbase\lib\vlog\hypermods.v" (library __hyper__lib__)
@I::"D:\FH_MB_powerup_1106_shixu_ok_exit_fault_change_right_addcpuprsnt_ok_add_pull_down_add_pwrbmc_ctrl\MB\09\BM_H13DSP_S\rtl\source\BM_H13DSP_S_TOP.v" (library work)
@I:"D:\FH_MB_powerup_1106_shixu_ok_exit_fault_change_right_addcpuprsnt_ok_add_pull_down_add_pwrbmc_ctrl\MB\09\BM_H13DSP_S\rtl\source\BM_H13DSP_S_TOP.v":"D:\FH_MB_powerup_1106_shixu_ok_exit_fault_change_right_addcpuprsnt_ok_add_pull_down_add_pwrbmc_ctrl\MB\09\BM_H13DSP_S\rtl\include\BM_H13DSP_S_VA_PORT.v" (library work)
@W: CG1337 :"D:\FH_MB_powerup_1106_shixu_ok_exit_fault_change_right_addcpuprsnt_ok_add_pull_down_add_pwrbmc_ctrl\MB\09\BM_H13DSP_S\rtl\source\BM_H13DSP_S_TOP.v":1086:8:1086:27|Net w_p0_mciop0a_slot_id is not declared.
@W: CG1337 :"D:\FH_MB_powerup_1106_shixu_ok_exit_fault_change_right_addcpuprsnt_ok_add_pull_down_add_pwrbmc_ctrl\MB\09\BM_H13DSP_S\rtl\source\BM_H13DSP_S_TOP.v":1087:8:1087:27|Net w_p0_mciop0c_slot_id is not declared.
@I::"D:\FH_MB_powerup_1106_shixu_ok_exit_fault_change_right_addcpuprsnt_ok_add_pull_down_add_pwrbmc_ctrl\MB\09\BM_H13DSP_S\rtl\source\common\ClkDiv.v" (library work)
@I::"D:\FH_MB_powerup_1106_shixu_ok_exit_fault_change_right_addcpuprsnt_ok_add_pull_down_add_pwrbmc_ctrl\MB\09\BM_H13DSP_S\rtl\source\common\ClkDivTree.v" (library work)
@I::"D:\FH_MB_powerup_1106_shixu_ok_exit_fault_change_right_addcpuprsnt_ok_add_pull_down_add_pwrbmc_ctrl\MB\09\BM_H13DSP_S\rtl\source\common\delay.v" (library work)
@I::"D:\FH_MB_powerup_1106_shixu_ok_exit_fault_change_right_addcpuprsnt_ok_add_pull_down_add_pwrbmc_ctrl\MB\09\BM_H13DSP_S\rtl\source\common\edge_delay.v" (library work)
@I::"D:\FH_MB_powerup_1106_shixu_ok_exit_fault_change_right_addcpuprsnt_ok_add_pull_down_add_pwrbmc_ctrl\MB\09\BM_H13DSP_S\rtl\source\common\edge_detect.v" (library work)
@I::"D:\FH_MB_powerup_1106_shixu_ok_exit_fault_change_right_addcpuprsnt_ok_add_pull_down_add_pwrbmc_ctrl\MB\09\BM_H13DSP_S\rtl\source\common\lowpass_filter.v" (library work)
@I::"D:\FH_MB_powerup_1106_shixu_ok_exit_fault_change_right_addcpuprsnt_ok_add_pull_down_add_pwrbmc_ctrl\MB\09\BM_H13DSP_S\rtl\source\common\pon_reset.v" (library work)
@I::"D:\FH_MB_powerup_1106_shixu_ok_exit_fault_change_right_addcpuprsnt_ok_add_pull_down_add_pwrbmc_ctrl\MB\09\BM_H13DSP_S\rtl\source\common\synclib.v" (library work)
@I::"D:\FH_MB_powerup_1106_shixu_ok_exit_fault_change_right_addcpuprsnt_ok_add_pull_down_add_pwrbmc_ctrl\MB\09\BM_H13DSP_S\rtl\source\common\UID_Function.v" (library work)
@I::"D:\FH_MB_powerup_1106_shixu_ok_exit_fault_change_right_addcpuprsnt_ok_add_pull_down_add_pwrbmc_ctrl\MB\09\BM_H13DSP_S\rtl\source\common\timer_gen_50mhz.v" (library work)
@I::"D:\FH_MB_powerup_1106_shixu_ok_exit_fault_change_right_addcpuprsnt_ok_add_pull_down_add_pwrbmc_ctrl\MB\09\BM_H13DSP_S\rtl\source\74LV165\pvt_gpi.v" (library work)
@I::"D:\FH_MB_powerup_1106_shixu_ok_exit_fault_change_right_addcpuprsnt_ok_add_pull_down_add_pwrbmc_ctrl\MB\09\BM_H13DSP_S\rtl\source\bmc_i2c\bmc_cpld_i2c_ram.v" (library work)
@I::"D:\FH_MB_powerup_1106_shixu_ok_exit_fault_change_right_addcpuprsnt_ok_add_pull_down_add_pwrbmc_ctrl\MB\09\BM_H13DSP_S\rtl\source\bmc_i2c\i2c_slave_basic0.v" (library work)
@I::"D:\FH_MB_powerup_1106_shixu_ok_exit_fault_change_right_addcpuprsnt_ok_add_pull_down_add_pwrbmc_ctrl\MB\09\BM_H13DSP_S\rtl\source\bmc_i2c\i2c_slave_bmc.v" (library work)
@I::"D:\FH_MB_powerup_1106_shixu_ok_exit_fault_change_right_addcpuprsnt_ok_add_pull_down_add_pwrbmc_ctrl\MB\09\BM_H13DSP_S\rtl\source\uart\aux_uart_master.v" (library work)
@I::"D:\FH_MB_powerup_1106_shixu_ok_exit_fault_change_right_addcpuprsnt_ok_add_pull_down_add_pwrbmc_ctrl\MB\09\BM_H13DSP_S\rtl\source\uart\mcio_uart_master.v" (library work)
@I::"D:\FH_MB_powerup_1106_shixu_ok_exit_fault_change_right_addcpuprsnt_ok_add_pull_down_add_pwrbmc_ctrl\MB\09\BM_H13DSP_S\rtl\source\IIC_Update\I2C_UPDATE.v" (library work)
@I::"D:\FH_MB_powerup_1106_shixu_ok_exit_fault_change_right_addcpuprsnt_ok_add_pull_down_add_pwrbmc_ctrl\MB\09\BM_H13DSP_S\rtl\source\PLL\pll_i25M_o50M_o25M.v" (library work)
@I::"D:\FH_MB_powerup_1106_shixu_ok_exit_fault_change_right_addcpuprsnt_ok_add_pull_down_add_pwrbmc_ctrl\MB\09\BM_H13DSP_S\rtl\source\SGPIO_SLAVE\s2p_slave.v" (library work)
@I::"D:\FH_MB_powerup_1106_shixu_ok_exit_fault_change_right_addcpuprsnt_ok_add_pull_down_add_pwrbmc_ctrl\MB\09\BM_H13DSP_S\rtl\source\SGPIO_SLAVE\p2s_slave.v" (library work)
@I::"D:\FH_MB_powerup_1106_shixu_ok_exit_fault_change_right_addcpuprsnt_ok_add_pull_down_add_pwrbmc_ctrl\MB\09\BM_H13DSP_S\rtl\source\74HC164\s2p_164.v" (library work)
Verilog syntax check successful!
File D:\FH_MB_powerup_1106_shixu_ok_exit_fault_change_right_addcpuprsnt_ok_add_pull_down_add_pwrbmc_ctrl\MB\09\BM_H13DSP_S\rtl\source\BM_H13DSP_S_TOP.v changed - recompiling
Selecting top level module BM_H13DSP_S
@N: CG179 :"D:\FH_MB_powerup_1106_shixu_ok_exit_fault_change_right_addcpuprsnt_ok_add_pull_down_add_pwrbmc_ctrl\MB\09\BM_H13DSP_S\rtl\source\SGPIO_SLAVE\s2p_slave.v":38:32:38:37|Removing redundant assignment.
@N: CG179 :"D:\FH_MB_powerup_1106_shixu_ok_exit_fault_change_right_addcpuprsnt_ok_add_pull_down_add_pwrbmc_ctrl\MB\09\BM_H13DSP_S\rtl\source\SGPIO_SLAVE\p2s_slave.v":38:32:38:37|Removing redundant assignment.
@N: CG179 :"D:\FH_MB_powerup_1106_shixu_ok_exit_fault_change_right_addcpuprsnt_ok_add_pull_down_add_pwrbmc_ctrl\MB\09\BM_H13DSP_S\rtl\source\uart\mcio_uart_master.v":66:32:66:37|Removing redundant assignment.
@N: CG364 :"C:\lscc\diamond\3_14\synpbase\lib\lucent\machxo3lf.v":1124:7:1124:9|Synthesizing module VLO in library work.
Running optimization stage 1 on VLO .......
Finished optimization stage 1 on VLO (CPU Time 0h:00m:00s, Memory Used current: 94MB peak: 95MB)
@N: CG364 :"C:\lscc\diamond\3_14\synpbase\lib\lucent\machxo3lf.v":1696:7:1696:13|Synthesizing module EHXPLLJ in library work.
Running optimization stage 1 on EHXPLLJ .......
Finished optimization stage 1 on EHXPLLJ (CPU Time 0h:00m:00s, Memory Used current: 94MB peak: 95MB)
@N: CG364 :"D:\FH_MB_powerup_1106_shixu_ok_exit_fault_change_right_addcpuprsnt_ok_add_pull_down_add_pwrbmc_ctrl\MB\09\BM_H13DSP_S\rtl\source\PLL\pll_i25M_o50M_o25M.v":8:7:8:24|Synthesizing module pll_i25M_o50M_o25M in library work.
Running optimization stage 1 on pll_i25M_o50M_o25M .......
Finished optimization stage 1 on pll_i25M_o50M_o25M (CPU Time 0h:00m:00s, Memory Used current: 94MB peak: 95MB)
@N: CG364 :"D:\FH_MB_powerup_1106_shixu_ok_exit_fault_change_right_addcpuprsnt_ok_add_pull_down_add_pwrbmc_ctrl\MB\09\BM_H13DSP_S\rtl\source\common\pon_reset.v":15:7:15:15|Synthesizing module pon_reset in library work.
Running optimization stage 1 on pon_reset .......
Finished optimization stage 1 on pon_reset (CPU Time 0h:00m:00s, Memory Used current: 94MB peak: 95MB)
@N: CG364 :"D:\FH_MB_powerup_1106_shixu_ok_exit_fault_change_right_addcpuprsnt_ok_add_pull_down_add_pwrbmc_ctrl\MB\09\BM_H13DSP_S\rtl\source\common\timer_gen_50mhz.v":3:7:3:15|Synthesizing module timer_gen in library work.
@N: CG179 :"D:\FH_MB_powerup_1106_shixu_ok_exit_fault_change_right_addcpuprsnt_ok_add_pull_down_add_pwrbmc_ctrl\MB\09\BM_H13DSP_S\rtl\source\common\timer_gen_50mhz.v":82:54:82:61|Removing redundant assignment.
@N: CG179 :"D:\FH_MB_powerup_1106_shixu_ok_exit_fault_change_right_addcpuprsnt_ok_add_pull_down_add_pwrbmc_ctrl\MB\09\BM_H13DSP_S\rtl\source\common\timer_gen_50mhz.v":83:54:83:60|Removing redundant assignment.
@N: CG179 :"D:\FH_MB_powerup_1106_shixu_ok_exit_fault_change_right_addcpuprsnt_ok_add_pull_down_add_pwrbmc_ctrl\MB\09\BM_H13DSP_S\rtl\source\common\timer_gen_50mhz.v":145:39:145:47|Removing redundant assignment.
@N: CG179 :"D:\FH_MB_powerup_1106_shixu_ok_exit_fault_change_right_addcpuprsnt_ok_add_pull_down_add_pwrbmc_ctrl\MB\09\BM_H13DSP_S\rtl\source\common\timer_gen_50mhz.v":146:41:146:47|Removing redundant assignment.
@N: CG179 :"D:\FH_MB_powerup_1106_shixu_ok_exit_fault_change_right_addcpuprsnt_ok_add_pull_down_add_pwrbmc_ctrl\MB\09\BM_H13DSP_S\rtl\source\common\timer_gen_50mhz.v":147:41:147:47|Removing redundant assignment.
@N: CG179 :"D:\FH_MB_powerup_1106_shixu_ok_exit_fault_change_right_addcpuprsnt_ok_add_pull_down_add_pwrbmc_ctrl\MB\09\BM_H13DSP_S\rtl\source\common\timer_gen_50mhz.v":148:41:148:49|Removing redundant assignment.
@N: CG179 :"D:\FH_MB_powerup_1106_shixu_ok_exit_fault_change_right_addcpuprsnt_ok_add_pull_down_add_pwrbmc_ctrl\MB\09\BM_H13DSP_S\rtl\source\common\timer_gen_50mhz.v":149:41:149:48|Removing redundant assignment.
@N: CG179 :"D:\FH_MB_powerup_1106_shixu_ok_exit_fault_change_right_addcpuprsnt_ok_add_pull_down_add_pwrbmc_ctrl\MB\09\BM_H13DSP_S\rtl\source\common\timer_gen_50mhz.v":239:68:239:77|Removing redundant assignment.
@N: CG179 :"D:\FH_MB_powerup_1106_shixu_ok_exit_fault_change_right_addcpuprsnt_ok_add_pull_down_add_pwrbmc_ctrl\MB\09\BM_H13DSP_S\rtl\source\common\timer_gen_50mhz.v":240:63:240:71|Removing redundant assignment.
Running optimization stage 1 on timer_gen .......
Finished optimization stage 1 on timer_gen (CPU Time 0h:00m:00s, Memory Used current: 95MB peak: 96MB)
@N: CG364 :"D:\FH_MB_powerup_1106_shixu_ok_exit_fault_change_right_addcpuprsnt_ok_add_pull_down_add_pwrbmc_ctrl\MB\09\BM_H13DSP_S\rtl\source\common\ClkDiv.v":38:7:38:12|Synthesizing module ClkDiv in library work.

	MAX_DIV_BITS=32'b00000000000000000000000000000110
	MAX_DIV_CNT=32'b00000000000000000000000000110001
   Generated name = ClkDiv_6s_49s
@N: CG179 :"D:\FH_MB_powerup_1106_shixu_ok_exit_fault_change_right_addcpuprsnt_ok_add_pull_down_add_pwrbmc_ctrl\MB\09\BM_H13DSP_S\rtl\source\common\ClkDiv.v":98:28:98:37|Removing redundant assignment.
Running optimization stage 1 on ClkDiv_6s_49s .......
Finished optimization stage 1 on ClkDiv_6s_49s (CPU Time 0h:00m:00s, Memory Used current: 95MB peak: 96MB)
@N: CG364 :"D:\FH_MB_powerup_1106_shixu_ok_exit_fault_change_right_addcpuprsnt_ok_add_pull_down_add_pwrbmc_ctrl\MB\09\BM_H13DSP_S\rtl\source\common\ClkDiv.v":38:7:38:12|Synthesizing module ClkDiv in library work.

	MAX_DIV_BITS=32'b00000000000000000000000000000101
	MAX_DIV_CNT=32'b00000000000000000000000000001001
   Generated name = ClkDiv_5s_9s
Running optimization stage 1 on ClkDiv_5s_9s .......
Finished optimization stage 1 on ClkDiv_5s_9s (CPU Time 0h:00m:00s, Memory Used current: 95MB peak: 96MB)
@N: CG364 :"D:\FH_MB_powerup_1106_shixu_ok_exit_fault_change_right_addcpuprsnt_ok_add_pull_down_add_pwrbmc_ctrl\MB\09\BM_H13DSP_S\rtl\source\common\ClkDiv.v":38:7:38:12|Synthesizing module ClkDiv in library work.

	MAX_DIV_BITS=32'b00000000000000000000000000000011
	MAX_DIV_CNT=32'b00000000000000000000000000000100
   Generated name = ClkDiv_3s_4s
Running optimization stage 1 on ClkDiv_3s_4s .......
Finished optimization stage 1 on ClkDiv_3s_4s (CPU Time 0h:00m:00s, Memory Used current: 95MB peak: 96MB)
@N: CG364 :"D:\FH_MB_powerup_1106_shixu_ok_exit_fault_change_right_addcpuprsnt_ok_add_pull_down_add_pwrbmc_ctrl\MB\09\BM_H13DSP_S\rtl\source\common\ClkDiv.v":38:7:38:12|Synthesizing module ClkDiv in library work.

	MAX_DIV_BITS=32'b00000000000000000000000000000100
	MAX_DIV_CNT=32'b00000000000000000000000000001001
   Generated name = ClkDiv_4s_9s
Running optimization stage 1 on ClkDiv_4s_9s .......
Finished optimization stage 1 on ClkDiv_4s_9s (CPU Time 0h:00m:00s, Memory Used current: 95MB peak: 96MB)
@N: CG364 :"D:\FH_MB_powerup_1106_shixu_ok_exit_fault_change_right_addcpuprsnt_ok_add_pull_down_add_pwrbmc_ctrl\MB\09\BM_H13DSP_S\rtl\source\common\ClkDiv.v":38:7:38:12|Synthesizing module ClkDiv in library work.

	MAX_DIV_BITS=32'b00000000000000000000000000000001
	MAX_DIV_CNT=32'b00000000000000000000000000000001
   Generated name = ClkDiv_1s_1s
Running optimization stage 1 on ClkDiv_1s_1s .......
Finished optimization stage 1 on ClkDiv_1s_1s (CPU Time 0h:00m:00s, Memory Used current: 95MB peak: 96MB)
@N: CG364 :"D:\FH_MB_powerup_1106_shixu_ok_exit_fault_change_right_addcpuprsnt_ok_add_pull_down_add_pwrbmc_ctrl\MB\09\BM_H13DSP_S\rtl\source\common\ClkDiv.v":38:7:38:12|Synthesizing module ClkDiv in library work.

	MAX_DIV_BITS=32'b00000000000000000000000000000101
	MAX_DIV_CNT=32'b00000000000000000000000000011000
   Generated name = ClkDiv_5s_24s
Running optimization stage 1 on ClkDiv_5s_24s .......
Finished optimization stage 1 on ClkDiv_5s_24s (CPU Time 0h:00m:00s, Memory Used current: 95MB peak: 96MB)
@N: CG364 :"D:\FH_MB_powerup_1106_shixu_ok_exit_fault_change_right_addcpuprsnt_ok_add_pull_down_add_pwrbmc_ctrl\MB\09\BM_H13DSP_S\rtl\source\common\ClkDiv.v":38:7:38:12|Synthesizing module ClkDiv in library work.

	MAX_DIV_BITS=32'b00000000000000000000000000000101
	MAX_DIV_CNT=32'b00000000000000000000000000010011
   Generated name = ClkDiv_5s_19s
Running optimization stage 1 on ClkDiv_5s_19s .......
Finished optimization stage 1 on ClkDiv_5s_19s (CPU Time 0h:00m:00s, Memory Used current: 95MB peak: 96MB)
@N: CG364 :"D:\FH_MB_powerup_1106_shixu_ok_exit_fault_change_right_addcpuprsnt_ok_add_pull_down_add_pwrbmc_ctrl\MB\09\BM_H13DSP_S\rtl\source\common\ClkDivTree.v":34:7:34:16|Synthesizing module ClkDivTree in library work.
Running optimization stage 1 on ClkDivTree .......
Finished optimization stage 1 on ClkDivTree (CPU Time 0h:00m:00s, Memory Used current: 95MB peak: 96MB)
@N: CG364 :"C:\lscc\diamond\3_14\synpbase\lib\lucent\machxo3lf.v":1759:7:1759:10|Synthesizing module OSCH in library work.
Running optimization stage 1 on OSCH .......
Finished optimization stage 1 on OSCH (CPU Time 0h:00m:00s, Memory Used current: 95MB peak: 96MB)
@N: CG364 :"C:\lscc\diamond\3_14\synpbase\lib\lucent\machxo3lf.v":1120:7:1120:9|Synthesizing module VHI in library work.
Running optimization stage 1 on VHI .......
Finished optimization stage 1 on VHI (CPU Time 0h:00m:00s, Memory Used current: 95MB peak: 96MB)
@N: CG364 :"C:\lscc\diamond\3_14\synpbase\lib\lucent\machxo3lf.v":82:7:82:8|Synthesizing module BB in library work.
Running optimization stage 1 on BB .......
Finished optimization stage 1 on BB (CPU Time 0h:00m:00s, Memory Used current: 95MB peak: 96MB)
@N: CG364 :"C:\lscc\diamond\3_14\synpbase\lib\lucent\machxo3lf.v":1766:7:1766:9|Synthesizing module EFB in library work.
Running optimization stage 1 on EFB .......
Finished optimization stage 1 on EFB (CPU Time 0h:00m:00s, Memory Used current: 95MB peak: 96MB)
@N: CG364 :"D:\FH_MB_powerup_1106_shixu_ok_exit_fault_change_right_addcpuprsnt_ok_add_pull_down_add_pwrbmc_ctrl\MB\09\BM_H13DSP_S\rtl\source\IIC_Update\I2C_UPDATE.v":8:7:8:16|Synthesizing module I2C_UPDATE in library work.
Running optimization stage 1 on I2C_UPDATE .......
Finished optimization stage 1 on I2C_UPDATE (CPU Time 0h:00m:00s, Memory Used current: 95MB peak: 96MB)
@N: CG364 :"D:\FH_MB_powerup_1106_shixu_ok_exit_fault_change_right_addcpuprsnt_ok_add_pull_down_add_pwrbmc_ctrl\MB\09\BM_H13DSP_S\rtl\source\SGPIO_SLAVE\s2p_slave.v":18:7:18:15|Synthesizing module s2p_slave in library work.

	NBIT=32'b00000000000000000000000011001000
	DEFAULT_STATE=64'b0000000000000000000000000000000000000000000000000000000000000000
	WCNT=32'b00000000000000000000000000001000
   Generated name = s2p_slave_200s_8s_Z1
Running optimization stage 1 on s2p_slave_200s_8s_Z1 .......
Finished optimization stage 1 on s2p_slave_200s_8s_Z1 (CPU Time 0h:00m:00s, Memory Used current: 96MB peak: 97MB)
@N: CG364 :"D:\FH_MB_powerup_1106_shixu_ok_exit_fault_change_right_addcpuprsnt_ok_add_pull_down_add_pwrbmc_ctrl\MB\09\BM_H13DSP_S\rtl\source\SGPIO_SLAVE\p2s_slave.v":19:7:19:15|Synthesizing module p2s_slave in library work.

	NBIT=32'b00000000000000000000000011001000
	WCNT=32'b00000000000000000000000000001000
   Generated name = p2s_slave_200s_8s
Running optimization stage 1 on p2s_slave_200s_8s .......
@W: CL265 :"D:\FH_MB_powerup_1106_shixu_ok_exit_fault_change_right_addcpuprsnt_ok_add_pull_down_add_pwrbmc_ctrl\MB\09\BM_H13DSP_S\rtl\source\SGPIO_SLAVE\p2s_slave.v":51:2:51:7|Removing unused bit 2 of sld_n_r[2:0]. Either assign all bits or reduce the width of the signal.
@A: CL282 :"D:\FH_MB_powerup_1106_shixu_ok_exit_fault_change_right_addcpuprsnt_ok_add_pull_down_add_pwrbmc_ctrl\MB\09\BM_H13DSP_S\rtl\source\SGPIO_SLAVE\p2s_slave.v":66:0:66:5|Feedback mux created for signal so. It is possible a set/reset assignment for this is signal missing. To improve timing and area, specify a set/reset value.
Finished optimization stage 1 on p2s_slave_200s_8s (CPU Time 0h:00m:00s, Memory Used current: 98MB peak: 98MB)
@N: CG364 :"D:\FH_MB_powerup_1106_shixu_ok_exit_fault_change_right_addcpuprsnt_ok_add_pull_down_add_pwrbmc_ctrl\MB\09\BM_H13DSP_S\rtl\source\uart\mcio_uart_master.v":25:7:25:17|Synthesizing module UART_MASTER in library work.

	NBIT_IN=32'b00000000000000000000000000010000
	NBIT_OUT=32'b00000000000000000000000000010000
	BPS_COUNT_NUM=32'b00000000000000000000000000110000
	START_COUNT_NUM=32'b00000000000000000000000000011000
	NBIT_IN6=32'b00000000000000000000000000010110
	NBIT_OUT6=32'b00000000000000000000000000010110
	WCNT=32'b00000000000000000000000000000101
	BPS_CNT=32'b00000000000000000000000000000110
	WAIT_T=5'b00011
	IDLE=3'b000
	START=3'b001
	DATA_OUT=3'b010
	WAIT=3'b011
	RESTART=3'b100
	DATA_IN=3'b101
   Generated name = UART_MASTER_Z2
@N: CG179 :"D:\FH_MB_powerup_1106_shixu_ok_exit_fault_change_right_addcpuprsnt_ok_add_pull_down_add_pwrbmc_ctrl\MB\09\BM_H13DSP_S\rtl\source\uart\mcio_uart_master.v":227:71:227:80|Removing redundant assignment.
Running optimization stage 1 on UART_MASTER_Z2 .......
@A: CL282 :"D:\FH_MB_powerup_1106_shixu_ok_exit_fault_change_right_addcpuprsnt_ok_add_pull_down_add_pwrbmc_ctrl\MB\09\BM_H13DSP_S\rtl\source\uart\mcio_uart_master.v":201:0:201:5|Feedback mux created for signal reg_par_data_out[21:0]. It is possible a set/reset assignment for this is signal missing. To improve timing and area, specify a set/reset value.
Finished optimization stage 1 on UART_MASTER_Z2 (CPU Time 0h:00m:00s, Memory Used current: 98MB peak: 99MB)
@N: CG364 :"D:\FH_MB_powerup_1106_shixu_ok_exit_fault_change_right_addcpuprsnt_ok_add_pull_down_add_pwrbmc_ctrl\MB\09\BM_H13DSP_S\rtl\source\common\delay.v":8:7:8:11|Synthesizing module delay in library work.

	COUNT=32'b00000000010011000100101101000000
	TOTAL_BITS=32'b00000000000000000000000000010111
   Generated name = delay_5000000s_23s
@N: CG179 :"D:\FH_MB_powerup_1106_shixu_ok_exit_fault_change_right_addcpuprsnt_ok_add_pull_down_add_pwrbmc_ctrl\MB\09\BM_H13DSP_S\rtl\source\common\delay.v":49:13:49:18|Removing redundant assignment.
Running optimization stage 1 on delay_5000000s_23s .......
Finished optimization stage 1 on delay_5000000s_23s (CPU Time 0h:00m:00s, Memory Used current: 99MB peak: 100MB)
@N: CG364 :"D:\FH_MB_powerup_1106_shixu_ok_exit_fault_change_right_addcpuprsnt_ok_add_pull_down_add_pwrbmc_ctrl\MB\09\BM_H13DSP_S\rtl\source\common\lowpass_filter.v":20:7:20:20|Synthesizing module lowpass_filter in library work.

	TOTAL_STAGES=32'b00000000000000000000000000000011
	INIT_VALUE=1'b1
	LOW=1'b0
	HIGH=1'b1
	Z=1'bz
	STAGES=32'b00000000000000000000000000000100
   Generated name = lowpass_filter_3_1_0_1_4_Z3
@N: CG179 :"D:\FH_MB_powerup_1106_shixu_ok_exit_fault_change_right_addcpuprsnt_ok_add_pull_down_add_pwrbmc_ctrl\MB\09\BM_H13DSP_S\rtl\source\common\lowpass_filter.v":61:21:61:26|Removing redundant assignment.
@N: CG179 :"D:\FH_MB_powerup_1106_shixu_ok_exit_fault_change_right_addcpuprsnt_ok_add_pull_down_add_pwrbmc_ctrl\MB\09\BM_H13DSP_S\rtl\source\common\lowpass_filter.v":75:26:75:35|Removing redundant assignment.
Running optimization stage 1 on lowpass_filter_3_1_0_1_4_Z3 .......
Finished optimization stage 1 on lowpass_filter_3_1_0_1_4_Z3 (CPU Time 0h:00m:00s, Memory Used current: 99MB peak: 100MB)
@N: CG364 :"D:\FH_MB_powerup_1106_shixu_ok_exit_fault_change_right_addcpuprsnt_ok_add_pull_down_add_pwrbmc_ctrl\MB\09\BM_H13DSP_S\rtl\source\common\edge_detect.v":9:7:9:17|Synthesizing module Edge_Detect in library work.
Running optimization stage 1 on Edge_Detect .......
Finished optimization stage 1 on Edge_Detect (CPU Time 0h:00m:00s, Memory Used current: 99MB peak: 100MB)
@N: CG364 :"D:\FH_MB_powerup_1106_shixu_ok_exit_fault_change_right_addcpuprsnt_ok_add_pull_down_add_pwrbmc_ctrl\MB\09\BM_H13DSP_S\rtl\source\common\UID_Function.v":27:7:27:18|Synthesizing module UID_Function in library work.

	LONG_PRESS=4'b0101
	LOW=1'b0
	HIGH=1'b1
	Z=1'bz
	CNT_1S=32'b00000000000000000000000000011111
	CNT_6S=32'b00000000000000000000000010011010
	CNT_9S=32'b00000000000000000000000011110111
	UID_OFF=8'b00000000
	UID_ON=8'b11111111
	UID_BLK_NHZ=8'b00000001
   Generated name = UID_Function_5_0_1_31s_154_247_0_255_1_Z4
@N: CG179 :"D:\FH_MB_powerup_1106_shixu_ok_exit_fault_change_right_addcpuprsnt_ok_add_pull_down_add_pwrbmc_ctrl\MB\09\BM_H13DSP_S\rtl\source\common\UID_Function.v":122:24:122:35|Removing redundant assignment.
@N: CG179 :"D:\FH_MB_powerup_1106_shixu_ok_exit_fault_change_right_addcpuprsnt_ok_add_pull_down_add_pwrbmc_ctrl\MB\09\BM_H13DSP_S\rtl\source\common\UID_Function.v":134:23:134:33|Removing redundant assignment.
@N: CG179 :"D:\FH_MB_powerup_1106_shixu_ok_exit_fault_change_right_addcpuprsnt_ok_add_pull_down_add_pwrbmc_ctrl\MB\09\BM_H13DSP_S\rtl\source\common\UID_Function.v":157:27:157:41|Removing redundant assignment.
@N: CG179 :"D:\FH_MB_powerup_1106_shixu_ok_exit_fault_change_right_addcpuprsnt_ok_add_pull_down_add_pwrbmc_ctrl\MB\09\BM_H13DSP_S\rtl\source\common\UID_Function.v":167:23:167:33|Removing redundant assignment.
@N: CG179 :"D:\FH_MB_powerup_1106_shixu_ok_exit_fault_change_right_addcpuprsnt_ok_add_pull_down_add_pwrbmc_ctrl\MB\09\BM_H13DSP_S\rtl\source\common\UID_Function.v":264:35:264:57|Removing redundant assignment.
@N: CG179 :"D:\FH_MB_powerup_1106_shixu_ok_exit_fault_change_right_addcpuprsnt_ok_add_pull_down_add_pwrbmc_ctrl\MB\09\BM_H13DSP_S\rtl\source\common\UID_Function.v":295:22:295:31|Removing redundant assignment.
@N: CG179 :"D:\FH_MB_powerup_1106_shixu_ok_exit_fault_change_right_addcpuprsnt_ok_add_pull_down_add_pwrbmc_ctrl\MB\09\BM_H13DSP_S\rtl\source\common\UID_Function.v":318:27:318:42|Removing redundant assignment.
Running optimization stage 1 on UID_Function_5_0_1_31s_154_247_0_255_1_Z4 .......
Finished optimization stage 1 on UID_Function_5_0_1_31s_154_247_0_255_1_Z4 (CPU Time 0h:00m:00s, Memory Used current: 99MB peak: 100MB)
@N: CG364 :"D:\FH_MB_powerup_1106_shixu_ok_exit_fault_change_right_addcpuprsnt_ok_add_pull_down_add_pwrbmc_ctrl\MB\09\BM_H13DSP_S\rtl\source\common\edge_delay.v":23:7:23:16|Synthesizing module edge_delay in library work.

	CNTR_NBITS=32'b00000000000000000000000000000110
	DEF_OUTPUT=1'b0
	DELAY_MODE=1'b0
   Generated name = edge_delay_6s_0_0
@N: CG179 :"D:\FH_MB_powerup_1106_shixu_ok_exit_fault_change_right_addcpuprsnt_ok_add_pull_down_add_pwrbmc_ctrl\MB\09\BM_H13DSP_S\rtl\source\common\edge_delay.v":62:67:62:75|Removing redundant assignment.
@N: CG179 :"D:\FH_MB_powerup_1106_shixu_ok_exit_fault_change_right_addcpuprsnt_ok_add_pull_down_add_pwrbmc_ctrl\MB\09\BM_H13DSP_S\rtl\source\common\edge_delay.v":63:67:63:78|Removing redundant assignment.
Running optimization stage 1 on edge_delay_6s_0_0 .......
Finished optimization stage 1 on edge_delay_6s_0_0 (CPU Time 0h:00m:00s, Memory Used current: 99MB peak: 100MB)
@N: CG364 :"D:\FH_MB_powerup_1106_shixu_ok_exit_fault_change_right_addcpuprsnt_ok_add_pull_down_add_pwrbmc_ctrl\MB\09\BM_H13DSP_S\rtl\source\bmc_i2c\i2c_slave_basic0.v":8:7:8:22|Synthesizing module i2c_slave_basic0 in library work.

	TOTAL_STAGES=32'b00000000000000000000000000000011
	DLY_LEN=32'b00000000000000000000000000010000
   Generated name = i2c_slave_basic0_3s_16s
@N: CG179 :"D:\FH_MB_powerup_1106_shixu_ok_exit_fault_change_right_addcpuprsnt_ok_add_pull_down_add_pwrbmc_ctrl\MB\09\BM_H13DSP_S\rtl\source\bmc_i2c\i2c_slave_basic0.v":264:21:264:29|Removing redundant assignment.
@N: CG179 :"D:\FH_MB_powerup_1106_shixu_ok_exit_fault_change_right_addcpuprsnt_ok_add_pull_down_add_pwrbmc_ctrl\MB\09\BM_H13DSP_S\rtl\source\bmc_i2c\i2c_slave_basic0.v":587:36:587:45|Removing redundant assignment.
@N: CG179 :"D:\FH_MB_powerup_1106_shixu_ok_exit_fault_change_right_addcpuprsnt_ok_add_pull_down_add_pwrbmc_ctrl\MB\09\BM_H13DSP_S\rtl\source\bmc_i2c\i2c_slave_basic0.v":637:25:637:37|Removing redundant assignment.
Running optimization stage 1 on i2c_slave_basic0_3s_16s .......
@W: CL169 :"D:\FH_MB_powerup_1106_shixu_ok_exit_fault_change_right_addcpuprsnt_ok_add_pull_down_add_pwrbmc_ctrl\MB\09\BM_H13DSP_S\rtl\source\bmc_i2c\i2c_slave_basic0.v":229:0:229:5|Pruning unused register r_scl_1. Make sure that there are no unused intermediate registers.
@A: CL291 :"D:\FH_MB_powerup_1106_shixu_ok_exit_fault_change_right_addcpuprsnt_ok_add_pull_down_add_pwrbmc_ctrl\MB\09\BM_H13DSP_S\rtl\source\bmc_i2c\i2c_slave_basic0.v":120:0:120:5|Register r_sampledData_scl_q with asynchronous load is being synthesized in compatability mode. A synthesis/simulation mismatch is possible.
@A: CL291 :"D:\FH_MB_powerup_1106_shixu_ok_exit_fault_change_right_addcpuprsnt_ok_add_pull_down_add_pwrbmc_ctrl\MB\09\BM_H13DSP_S\rtl\source\bmc_i2c\i2c_slave_basic0.v":149:0:149:5|Register r_sampledData_sda_q with asynchronous load is being synthesized in compatability mode. A synthesis/simulation mismatch is possible.
@A: CL282 :"D:\FH_MB_powerup_1106_shixu_ok_exit_fault_change_right_addcpuprsnt_ok_add_pull_down_add_pwrbmc_ctrl\MB\09\BM_H13DSP_S\rtl\source\bmc_i2c\i2c_slave_basic0.v":279:0:279:5|Feedback mux created for signal r_I2c_address[6:0]. It is possible a set/reset assignment for this is signal missing. To improve timing and area, specify a set/reset value.
Finished optimization stage 1 on i2c_slave_basic0_3s_16s (CPU Time 0h:00m:00s, Memory Used current: 99MB peak: 100MB)
@N: CG364 :"D:\FH_MB_powerup_1106_shixu_ok_exit_fault_change_right_addcpuprsnt_ok_add_pull_down_add_pwrbmc_ctrl\MB\09\BM_H13DSP_S\rtl\source\bmc_i2c\i2c_slave_bmc.v":10:7:10:19|Synthesizing module i2c_slave_bmc in library work.

	DLY_LEN=32'b00000000000000000000000000010000
   Generated name = i2c_slave_bmc_16s
Running optimization stage 1 on i2c_slave_bmc_16s .......
@W: CL118 :"D:\FH_MB_powerup_1106_shixu_ok_exit_fault_change_right_addcpuprsnt_ok_add_pull_down_add_pwrbmc_ctrl\MB\09\BM_H13DSP_S\rtl\source\bmc_i2c\i2c_slave_bmc.v":133:25:133:109|Latch generated from always block for signal w_i2c_command[15:0]; possible missing assignment in an if or case statement.
Finished optimization stage 1 on i2c_slave_bmc_16s (CPU Time 0h:00m:00s, Memory Used current: 99MB peak: 100MB)
@N: CG364 :"D:\FH_MB_powerup_1106_shixu_ok_exit_fault_change_right_addcpuprsnt_ok_add_pull_down_add_pwrbmc_ctrl\MB\09\BM_H13DSP_S\rtl\source\bmc_i2c\bmc_cpld_i2c_ram.v":2:7:2:22|Synthesizing module bmc_cpld_i2c_ram in library work.

	DLY_LEN=32'b00000000000000000000000000010000
   Generated name = bmc_cpld_i2c_ram_16s
@W: CG133 :"D:\FH_MB_powerup_1106_shixu_ok_exit_fault_change_right_addcpuprsnt_ok_add_pull_down_add_pwrbmc_ctrl\MB\09\BM_H13DSP_S\rtl\source\bmc_i2c\bmc_cpld_i2c_ram.v":326:10:326:19|Object r_reg_0011 is declared but not assigned. Either assign a value or remove the declaration.
Running optimization stage 1 on bmc_cpld_i2c_ram_16s .......
@W: CL271 :"D:\FH_MB_powerup_1106_shixu_ok_exit_fault_change_right_addcpuprsnt_ok_add_pull_down_add_pwrbmc_ctrl\MB\09\BM_H13DSP_S\rtl\source\bmc_i2c\bmc_cpld_i2c_ram.v":701:0:701:5|Pruning unused bits 7 to 2 of r_reg_000d[7:0]. If this is not the intended behavior, drive the inputs with valid values, or inputs from the top level.
Finished optimization stage 1 on bmc_cpld_i2c_ram_16s (CPU Time 0h:00m:00s, Memory Used current: 101MB peak: 102MB)
@N: CG364 :"D:\FH_MB_powerup_1106_shixu_ok_exit_fault_change_right_addcpuprsnt_ok_add_pull_down_add_pwrbmc_ctrl\MB\09\BM_H13DSP_S\rtl\include\BM_H13DSP_S_VA_PORT.v":23:8:23:18|Synthesizing module BM_H13DSP_S in library work.
@N: CG179 :"D:\FH_MB_powerup_1106_shixu_ok_exit_fault_change_right_addcpuprsnt_ok_add_pull_down_add_pwrbmc_ctrl\MB\09\BM_H13DSP_S\rtl\source\BM_H13DSP_S_TOP.v":937:34:937:59|Removing redundant assignment.
@W: CG781 :"D:\FH_MB_powerup_1106_shixu_ok_exit_fault_change_right_addcpuprsnt_ok_add_pull_down_add_pwrbmc_ctrl\MB\09\BM_H13DSP_S\rtl\source\BM_H13DSP_S_TOP.v":187:10:187:10|Input wb_rst_i on instance inst_i2c_update_flash_config is undriven; assigning to 0.  Simulation mismatch possible. Either assign the input or remove the declaration. 
@W: CG781 :"D:\FH_MB_powerup_1106_shixu_ok_exit_fault_change_right_addcpuprsnt_ok_add_pull_down_add_pwrbmc_ctrl\MB\09\BM_H13DSP_S\rtl\source\BM_H13DSP_S_TOP.v":188:10:188:10|Input wb_cyc_i on instance inst_i2c_update_flash_config is undriven; assigning to 0.  Simulation mismatch possible. Either assign the input or remove the declaration. 
@W: CG781 :"D:\FH_MB_powerup_1106_shixu_ok_exit_fault_change_right_addcpuprsnt_ok_add_pull_down_add_pwrbmc_ctrl\MB\09\BM_H13DSP_S\rtl\source\BM_H13DSP_S_TOP.v":189:10:189:10|Input wb_stb_i on instance inst_i2c_update_flash_config is undriven; assigning to 0.  Simulation mismatch possible. Either assign the input or remove the declaration. 
@W: CG781 :"D:\FH_MB_powerup_1106_shixu_ok_exit_fault_change_right_addcpuprsnt_ok_add_pull_down_add_pwrbmc_ctrl\MB\09\BM_H13DSP_S\rtl\source\BM_H13DSP_S_TOP.v":190:9:190:9|Input wb_we_i on instance inst_i2c_update_flash_config is undriven; assigning to 0.  Simulation mismatch possible. Either assign the input or remove the declaration. 
@W: CG781 :"D:\FH_MB_powerup_1106_shixu_ok_exit_fault_change_right_addcpuprsnt_ok_add_pull_down_add_pwrbmc_ctrl\MB\09\BM_H13DSP_S\rtl\source\BM_H13DSP_S_TOP.v":191:10:191:10|Input wb_adr_i on instance inst_i2c_update_flash_config is undriven; assigning to 0.  Simulation mismatch possible. Either assign the input or remove the declaration. 
@W: CG781 :"D:\FH_MB_powerup_1106_shixu_ok_exit_fault_change_right_addcpuprsnt_ok_add_pull_down_add_pwrbmc_ctrl\MB\09\BM_H13DSP_S\rtl\source\BM_H13DSP_S_TOP.v":192:10:192:10|Input wb_dat_i on instance inst_i2c_update_flash_config is undriven; assigning to 0.  Simulation mismatch possible. Either assign the input or remove the declaration. 
@W: CG781 :"D:\FH_MB_powerup_1106_shixu_ok_exit_fault_change_right_addcpuprsnt_ok_add_pull_down_add_pwrbmc_ctrl\MB\09\BM_H13DSP_S\rtl\source\BM_H13DSP_S_TOP.v":2195:1:2195:19|Input i_ocp1_prsnt_n on instance bmc_cpld_i2c_ram_u0 is undriven; assigning to 0.  Simulation mismatch possible. Either assign the input or remove the declaration. 
@W: CG781 :"D:\FH_MB_powerup_1106_shixu_ok_exit_fault_change_right_addcpuprsnt_ok_add_pull_down_add_pwrbmc_ctrl\MB\09\BM_H13DSP_S\rtl\source\BM_H13DSP_S_TOP.v":2195:1:2195:19|Input i_CPU1_PGD_PVCCD on instance bmc_cpld_i2c_ram_u0 is undriven; assigning to 0.  Simulation mismatch possible. Either assign the input or remove the declaration. 
@W: CG781 :"D:\FH_MB_powerup_1106_shixu_ok_exit_fault_change_right_addcpuprsnt_ok_add_pull_down_add_pwrbmc_ctrl\MB\09\BM_H13DSP_S\rtl\source\BM_H13DSP_S_TOP.v":2195:1:2195:19|Input i_PGD_PVNN_MAIN_CPU1 on instance bmc_cpld_i2c_ram_u0 is undriven; assigning to 0.  Simulation mismatch possible. Either assign the input or remove the declaration. 
@W: CG781 :"D:\FH_MB_powerup_1106_shixu_ok_exit_fault_change_right_addcpuprsnt_ok_add_pull_down_add_pwrbmc_ctrl\MB\09\BM_H13DSP_S\rtl\source\BM_H13DSP_S_TOP.v":2195:1:2195:19|Input i_PGD_PVPP_HBM_CPU1 on instance bmc_cpld_i2c_ram_u0 is undriven; assigning to 0.  Simulation mismatch possible. Either assign the input or remove the declaration. 
@W: CG360 :"D:\FH_MB_powerup_1106_shixu_ok_exit_fault_change_right_addcpuprsnt_ok_add_pull_down_add_pwrbmc_ctrl\MB\09\BM_H13DSP_S\rtl\include\BM_H13DSP_S_VA_PORT.v":317:7:317:23|Removing wire o_PCIE_SATA_RST_N, as there is no assignment to it.
@W: CG360 :"D:\FH_MB_powerup_1106_shixu_ok_exit_fault_change_right_addcpuprsnt_ok_add_pull_down_add_pwrbmc_ctrl\MB\09\BM_H13DSP_S\rtl\include\BM_H13DSP_S_VA_PORT.v":378:7:378:26|Removing wire o_CPLD1_CPLD2_RSV1_R, as there is no assignment to it.
@W: CG360 :"D:\FH_MB_powerup_1106_shixu_ok_exit_fault_change_right_addcpuprsnt_ok_add_pull_down_add_pwrbmc_ctrl\MB\09\BM_H13DSP_S\rtl\source\BM_H13DSP_S_TOP.v":43:5:43:12|Removing wire clk_2p5m, as there is no assignment to it.
@W: CG360 :"D:\FH_MB_powerup_1106_shixu_ok_exit_fault_change_right_addcpuprsnt_ok_add_pull_down_add_pwrbmc_ctrl\MB\09\BM_H13DSP_S\rtl\source\BM_H13DSP_S_TOP.v":57:5:57:14|Removing wire t16ms_tick, as there is no assignment to it.
@W: CG360 :"D:\FH_MB_powerup_1106_shixu_ok_exit_fault_change_right_addcpuprsnt_ok_add_pull_down_add_pwrbmc_ctrl\MB\09\BM_H13DSP_S\rtl\source\BM_H13DSP_S_TOP.v":241:8:241:21|Removing wire db_i_ps1_prsnt, as there is no assignment to it.
@W: CG360 :"D:\FH_MB_powerup_1106_shixu_ok_exit_fault_change_right_addcpuprsnt_ok_add_pull_down_add_pwrbmc_ctrl\MB\09\BM_H13DSP_S\rtl\source\BM_H13DSP_S_TOP.v":242:8:242:22|Removing wire db_i_ps1_dcok_n, as there is no assignment to it.
@W: CG360 :"D:\FH_MB_powerup_1106_shixu_ok_exit_fault_change_right_addcpuprsnt_ok_add_pull_down_add_pwrbmc_ctrl\MB\09\BM_H13DSP_S\rtl\source\BM_H13DSP_S_TOP.v":243:8:243:25|Removing wire db_i_ps1_smb_alert, as there is no assignment to it.
@W: CG360 :"D:\FH_MB_powerup_1106_shixu_ok_exit_fault_change_right_addcpuprsnt_ok_add_pull_down_add_pwrbmc_ctrl\MB\09\BM_H13DSP_S\rtl\source\BM_H13DSP_S_TOP.v":244:8:244:24|Removing wire db_i_ps1_acfail_n, as there is no assignment to it.
@W: CG360 :"D:\FH_MB_powerup_1106_shixu_ok_exit_fault_change_right_addcpuprsnt_ok_add_pull_down_add_pwrbmc_ctrl\MB\09\BM_H13DSP_S\rtl\source\BM_H13DSP_S_TOP.v":245:8:245:21|Removing wire db_i_ps2_prsnt, as there is no assignment to it.
@W: CG360 :"D:\FH_MB_powerup_1106_shixu_ok_exit_fault_change_right_addcpuprsnt_ok_add_pull_down_add_pwrbmc_ctrl\MB\09\BM_H13DSP_S\rtl\source\BM_H13DSP_S_TOP.v":246:8:246:22|Removing wire db_i_ps2_dcok_n, as there is no assignment to it.
@W: CG360 :"D:\FH_MB_powerup_1106_shixu_ok_exit_fault_change_right_addcpuprsnt_ok_add_pull_down_add_pwrbmc_ctrl\MB\09\BM_H13DSP_S\rtl\source\BM_H13DSP_S_TOP.v":247:8:247:25|Removing wire db_i_ps2_smb_alert, as there is no assignment to it.
@W: CG360 :"D:\FH_MB_powerup_1106_shixu_ok_exit_fault_change_right_addcpuprsnt_ok_add_pull_down_add_pwrbmc_ctrl\MB\09\BM_H13DSP_S\rtl\source\BM_H13DSP_S_TOP.v":248:8:248:24|Removing wire db_i_ps2_acfail_n, as there is no assignment to it.
@W: CG360 :"D:\FH_MB_powerup_1106_shixu_ok_exit_fault_change_right_addcpuprsnt_ok_add_pull_down_add_pwrbmc_ctrl\MB\09\BM_H13DSP_S\rtl\source\BM_H13DSP_S_TOP.v":249:8:249:21|Removing wire db_i_ps3_prsnt, as there is no assignment to it.
@W: CG360 :"D:\FH_MB_powerup_1106_shixu_ok_exit_fault_change_right_addcpuprsnt_ok_add_pull_down_add_pwrbmc_ctrl\MB\09\BM_H13DSP_S\rtl\source\BM_H13DSP_S_TOP.v":250:8:250:21|Removing wire db_i_ps4_prsnt, as there is no assignment to it.
@W: CG360 :"D:\FH_MB_powerup_1106_shixu_ok_exit_fault_change_right_addcpuprsnt_ok_add_pull_down_add_pwrbmc_ctrl\MB\09\BM_H13DSP_S\rtl\source\BM_H13DSP_S_TOP.v":251:8:251:26|Removing wire db_i_pal_ocp1_pwrgd, as there is no assignment to it.
@W: CG360 :"D:\FH_MB_powerup_1106_shixu_ok_exit_fault_change_right_addcpuprsnt_ok_add_pull_down_add_pwrbmc_ctrl\MB\09\BM_H13DSP_S\rtl\source\BM_H13DSP_S_TOP.v":252:8:252:24|Removing wire db_i_pal_ocp1_pgd, as there is no assignment to it.
@W: CG360 :"D:\FH_MB_powerup_1106_shixu_ok_exit_fault_change_right_addcpuprsnt_ok_add_pull_down_add_pwrbmc_ctrl\MB\09\BM_H13DSP_S\rtl\source\BM_H13DSP_S_TOP.v":253:8:253:23|Removing wire db_i_uid_sw_in_n, as there is no assignment to it.
@W: CG360 :"D:\FH_MB_powerup_1106_shixu_ok_exit_fault_change_right_addcpuprsnt_ok_add_pull_down_add_pwrbmc_ctrl\MB\09\BM_H13DSP_S\rtl\source\BM_H13DSP_S_TOP.v":256:8:256:27|Removing wire w_PWRGD_P12V_PS3_PS4, as there is no assignment to it.
@W: CG360 :"D:\FH_MB_powerup_1106_shixu_ok_exit_fault_change_right_addcpuprsnt_ok_add_pull_down_add_pwrbmc_ctrl\MB\09\BM_H13DSP_S\rtl\source\BM_H13DSP_S_TOP.v":258:8:258:23|Removing wire w_PS3_PS4_ACFAIL, as there is no assignment to it.
@W: CG360 :"D:\FH_MB_powerup_1106_shixu_ok_exit_fault_change_right_addcpuprsnt_ok_add_pull_down_add_pwrbmc_ctrl\MB\09\BM_H13DSP_S\rtl\source\BM_H13DSP_S_TOP.v":325:8:325:23|Removing wire w_p12v_slot_3_on, as there is no assignment to it.
@W: CG360 :"D:\FH_MB_powerup_1106_shixu_ok_exit_fault_change_right_addcpuprsnt_ok_add_pull_down_add_pwrbmc_ctrl\MB\09\BM_H13DSP_S\rtl\source\BM_H13DSP_S_TOP.v":326:8:326:23|Removing wire w_p12v_slot_4_on, as there is no assignment to it.
@W: CG360 :"D:\FH_MB_powerup_1106_shixu_ok_exit_fault_change_right_addcpuprsnt_ok_add_pull_down_add_pwrbmc_ctrl\MB\09\BM_H13DSP_S\rtl\source\BM_H13DSP_S_TOP.v":327:8:327:23|Removing wire w_p12v_slot_5_on, as there is no assignment to it.
@W: CG360 :"D:\FH_MB_powerup_1106_shixu_ok_exit_fault_change_right_addcpuprsnt_ok_add_pull_down_add_pwrbmc_ctrl\MB\09\BM_H13DSP_S\rtl\source\BM_H13DSP_S_TOP.v":328:8:328:23|Removing wire w_p12v_slot_6_on, as there is no assignment to it.
@W: CG360 :"D:\FH_MB_powerup_1106_shixu_ok_exit_fault_change_right_addcpuprsnt_ok_add_pull_down_add_pwrbmc_ctrl\MB\09\BM_H13DSP_S\rtl\source\BM_H13DSP_S_TOP.v":329:8:329:23|Removing wire w_p12v_slot_7_on, as there is no assignment to it.
@W: CG360 :"D:\FH_MB_powerup_1106_shixu_ok_exit_fault_change_right_addcpuprsnt_ok_add_pull_down_add_pwrbmc_ctrl\MB\09\BM_H13DSP_S\rtl\source\BM_H13DSP_S_TOP.v":330:8:330:23|Removing wire w_p12v_slot_8_on, as there is no assignment to it.
@W: CG360 :"D:\FH_MB_powerup_1106_shixu_ok_exit_fault_change_right_addcpuprsnt_ok_add_pull_down_add_pwrbmc_ctrl\MB\09\BM_H13DSP_S\rtl\source\BM_H13DSP_S_TOP.v":331:8:331:23|Removing wire w_p12v_slot_9_on, as there is no assignment to it.
@W: CG360 :"D:\FH_MB_powerup_1106_shixu_ok_exit_fault_change_right_addcpuprsnt_ok_add_pull_down_add_pwrbmc_ctrl\MB\09\BM_H13DSP_S\rtl\source\BM_H13DSP_S_TOP.v":332:8:332:25|Removing wire w_p12v_slot_3_on_r, as there is no assignment to it.
@W: CG360 :"D:\FH_MB_powerup_1106_shixu_ok_exit_fault_change_right_addcpuprsnt_ok_add_pull_down_add_pwrbmc_ctrl\MB\09\BM_H13DSP_S\rtl\source\BM_H13DSP_S_TOP.v":333:8:333:25|Removing wire w_p12v_slot_4_on_r, as there is no assignment to it.
@W: CG360 :"D:\FH_MB_powerup_1106_shixu_ok_exit_fault_change_right_addcpuprsnt_ok_add_pull_down_add_pwrbmc_ctrl\MB\09\BM_H13DSP_S\rtl\source\BM_H13DSP_S_TOP.v":334:8:334:25|Removing wire w_p12v_slot_5_on_r, as there is no assignment to it.
@W: CG360 :"D:\FH_MB_powerup_1106_shixu_ok_exit_fault_change_right_addcpuprsnt_ok_add_pull_down_add_pwrbmc_ctrl\MB\09\BM_H13DSP_S\rtl\source\BM_H13DSP_S_TOP.v":335:8:335:25|Removing wire w_p12v_slot_6_on_r, as there is no assignment to it.
@W: CG360 :"D:\FH_MB_powerup_1106_shixu_ok_exit_fault_change_right_addcpuprsnt_ok_add_pull_down_add_pwrbmc_ctrl\MB\09\BM_H13DSP_S\rtl\source\BM_H13DSP_S_TOP.v":336:8:336:25|Removing wire w_p12v_slot_7_on_r, as there is no assignment to it.
@W: CG360 :"D:\FH_MB_powerup_1106_shixu_ok_exit_fault_change_right_addcpuprsnt_ok_add_pull_down_add_pwrbmc_ctrl\MB\09\BM_H13DSP_S\rtl\source\BM_H13DSP_S_TOP.v":337:8:337:25|Removing wire w_p12v_slot_8_on_r, as there is no assignment to it.
@W: CG360 :"D:\FH_MB_powerup_1106_shixu_ok_exit_fault_change_right_addcpuprsnt_ok_add_pull_down_add_pwrbmc_ctrl\MB\09\BM_H13DSP_S\rtl\source\BM_H13DSP_S_TOP.v":338:8:338:25|Removing wire w_p12v_slot_9_on_r, as there is no assignment to it.
@W: CG360 :"D:\FH_MB_powerup_1106_shixu_ok_exit_fault_change_right_addcpuprsnt_ok_add_pull_down_add_pwrbmc_ctrl\MB\09\BM_H13DSP_S\rtl\source\BM_H13DSP_S_TOP.v":346:8:346:30|Removing wire w_pal_ocp1_mainpwr_on_r, as there is no assignment to it.
@W: CG360 :"D:\FH_MB_powerup_1106_shixu_ok_exit_fault_change_right_addcpuprsnt_ok_add_pull_down_add_pwrbmc_ctrl\MB\09\BM_H13DSP_S\rtl\source\BM_H13DSP_S_TOP.v":347:8:347:29|Removing wire w_pal_ocp1_auxpwr_on_r, as there is no assignment to it.
@W: CG360 :"D:\FH_MB_powerup_1106_shixu_ok_exit_fault_change_right_addcpuprsnt_ok_add_pull_down_add_pwrbmc_ctrl\MB\09\BM_H13DSP_S\rtl\source\BM_H13DSP_S_TOP.v":348:8:348:22|Removing wire w_ps3_p12v_on_r, as there is no assignment to it.
@W: CG360 :"D:\FH_MB_powerup_1106_shixu_ok_exit_fault_change_right_addcpuprsnt_ok_add_pull_down_add_pwrbmc_ctrl\MB\09\BM_H13DSP_S\rtl\source\BM_H13DSP_S_TOP.v":349:8:349:22|Removing wire w_ps4_p12v_on_r, as there is no assignment to it.
@W: CG360 :"D:\FH_MB_powerup_1106_shixu_ok_exit_fault_change_right_addcpuprsnt_ok_add_pull_down_add_pwrbmc_ctrl\MB\09\BM_H13DSP_S\rtl\source\BM_H13DSP_S_TOP.v":517:10:517:22|Removing wire pvti_ss_count, as there is no assignment to it.
@W: CG360 :"D:\FH_MB_powerup_1106_shixu_ok_exit_fault_change_right_addcpuprsnt_ok_add_pull_down_add_pwrbmc_ctrl\MB\09\BM_H13DSP_S\rtl\source\BM_H13DSP_S_TOP.v":627:15:627:23|Removing wire w_bf_type, as there is no assignment to it.
@W: CG360 :"D:\FH_MB_powerup_1106_shixu_ok_exit_fault_change_right_addcpuprsnt_ok_add_pull_down_add_pwrbmc_ctrl\MB\09\BM_H13DSP_S\rtl\source\BM_H13DSP_S_TOP.v":842:8:842:13|Removing wire w_SW_1, as there is no assignment to it.
@W: CG360 :"D:\FH_MB_powerup_1106_shixu_ok_exit_fault_change_right_addcpuprsnt_ok_add_pull_down_add_pwrbmc_ctrl\MB\09\BM_H13DSP_S\rtl\source\BM_H13DSP_S_TOP.v":844:8:844:13|Removing wire w_SW_3, as there is no assignment to it.
@W: CG360 :"D:\FH_MB_powerup_1106_shixu_ok_exit_fault_change_right_addcpuprsnt_ok_add_pull_down_add_pwrbmc_ctrl\MB\09\BM_H13DSP_S\rtl\source\BM_H13DSP_S_TOP.v":845:8:845:13|Removing wire w_SW_4, as there is no assignment to it.
@W: CG360 :"D:\FH_MB_powerup_1106_shixu_ok_exit_fault_change_right_addcpuprsnt_ok_add_pull_down_add_pwrbmc_ctrl\MB\09\BM_H13DSP_S\rtl\source\BM_H13DSP_S_TOP.v":846:8:846:13|Removing wire w_SW_5, as there is no assignment to it.
@W: CG360 :"D:\FH_MB_powerup_1106_shixu_ok_exit_fault_change_right_addcpuprsnt_ok_add_pull_down_add_pwrbmc_ctrl\MB\09\BM_H13DSP_S\rtl\source\BM_H13DSP_S_TOP.v":847:8:847:13|Removing wire w_SW_6, as there is no assignment to it.
@W: CG360 :"D:\FH_MB_powerup_1106_shixu_ok_exit_fault_change_right_addcpuprsnt_ok_add_pull_down_add_pwrbmc_ctrl\MB\09\BM_H13DSP_S\rtl\source\BM_H13DSP_S_TOP.v":848:8:848:13|Removing wire w_SW_7, as there is no assignment to it.
@W: CG360 :"D:\FH_MB_powerup_1106_shixu_ok_exit_fault_change_right_addcpuprsnt_ok_add_pull_down_add_pwrbmc_ctrl\MB\09\BM_H13DSP_S\rtl\source\BM_H13DSP_S_TOP.v":849:8:849:13|Removing wire w_SW_8, as there is no assignment to it.
@W: CG360 :"D:\FH_MB_powerup_1106_shixu_ok_exit_fault_change_right_addcpuprsnt_ok_add_pull_down_add_pwrbmc_ctrl\MB\09\BM_H13DSP_S\rtl\source\BM_H13DSP_S_TOP.v":1525:8:1525:26|Removing wire w_ocp1_prsnt_invert, as there is no assignment to it.
Running optimization stage 1 on BM_H13DSP_S .......
@W: CL318 :"D:\FH_MB_powerup_1106_shixu_ok_exit_fault_change_right_addcpuprsnt_ok_add_pull_down_add_pwrbmc_ctrl\MB\09\BM_H13DSP_S\rtl\include\BM_H13DSP_S_VA_PORT.v":317:7:317:23|*Output o_PCIE_SATA_RST_N has undriven bits; assigning undriven bits to 'Z'.  Simulation mismatch possible. Assign all bits of the output.
@W: CL318 :"D:\FH_MB_powerup_1106_shixu_ok_exit_fault_change_right_addcpuprsnt_ok_add_pull_down_add_pwrbmc_ctrl\MB\09\BM_H13DSP_S\rtl\include\BM_H13DSP_S_VA_PORT.v":378:7:378:26|*Output o_CPLD1_CPLD2_RSV1_R has undriven bits; assigning undriven bits to 'Z'.  Simulation mismatch possible. Assign all bits of the output.
@W: CL168 :"D:\FH_MB_powerup_1106_shixu_ok_exit_fault_change_right_addcpuprsnt_ok_add_pull_down_add_pwrbmc_ctrl\MB\09\BM_H13DSP_S\rtl\source\BM_H13DSP_S_TOP.v":1904:48:1904:76|Removing instance edge_delay_slot_9_on_dly_10ms because it does not drive other instances. To preserve this instance, use the syn_noprune synthesis directive.
@W: CL168 :"D:\FH_MB_powerup_1106_shixu_ok_exit_fault_change_right_addcpuprsnt_ok_add_pull_down_add_pwrbmc_ctrl\MB\09\BM_H13DSP_S\rtl\source\BM_H13DSP_S_TOP.v":1896:48:1896:76|Removing instance edge_delay_slot_8_on_dly_10ms because it does not drive other instances. To preserve this instance, use the syn_noprune synthesis directive.
@W: CL168 :"D:\FH_MB_powerup_1106_shixu_ok_exit_fault_change_right_addcpuprsnt_ok_add_pull_down_add_pwrbmc_ctrl\MB\09\BM_H13DSP_S\rtl\source\BM_H13DSP_S_TOP.v":1888:48:1888:76|Removing instance edge_delay_slot_7_on_dly_10ms because it does not drive other instances. To preserve this instance, use the syn_noprune synthesis directive.
@W: CL168 :"D:\FH_MB_powerup_1106_shixu_ok_exit_fault_change_right_addcpuprsnt_ok_add_pull_down_add_pwrbmc_ctrl\MB\09\BM_H13DSP_S\rtl\source\BM_H13DSP_S_TOP.v":1880:48:1880:76|Removing instance edge_delay_slot_6_on_dly_10ms because it does not drive other instances. To preserve this instance, use the syn_noprune synthesis directive.
@W: CL168 :"D:\FH_MB_powerup_1106_shixu_ok_exit_fault_change_right_addcpuprsnt_ok_add_pull_down_add_pwrbmc_ctrl\MB\09\BM_H13DSP_S\rtl\source\BM_H13DSP_S_TOP.v":1871:48:1871:76|Removing instance edge_delay_slot_5_on_dly_10ms because it does not drive other instances. To preserve this instance, use the syn_noprune synthesis directive.
@W: CL168 :"D:\FH_MB_powerup_1106_shixu_ok_exit_fault_change_right_addcpuprsnt_ok_add_pull_down_add_pwrbmc_ctrl\MB\09\BM_H13DSP_S\rtl\source\BM_H13DSP_S_TOP.v":1862:48:1862:76|Removing instance edge_delay_slot_4_on_dly_10ms because it does not drive other instances. To preserve this instance, use the syn_noprune synthesis directive.
@W: CL168 :"D:\FH_MB_powerup_1106_shixu_ok_exit_fault_change_right_addcpuprsnt_ok_add_pull_down_add_pwrbmc_ctrl\MB\09\BM_H13DSP_S\rtl\source\BM_H13DSP_S_TOP.v":1853:48:1853:76|Removing instance edge_delay_slot_3_on_dly_10ms because it does not drive other instances. To preserve this instance, use the syn_noprune synthesis directive.
@W: CL168 :"D:\FH_MB_powerup_1106_shixu_ok_exit_fault_change_right_addcpuprsnt_ok_add_pull_down_add_pwrbmc_ctrl\MB\09\BM_H13DSP_S\rtl\source\BM_H13DSP_S_TOP.v":159:11:159:21|Removing instance mClkDivTree because it does not drive other instances. To preserve this instance, use the syn_noprune synthesis directive.
@W: CL169 :"D:\FH_MB_powerup_1106_shixu_ok_exit_fault_change_right_addcpuprsnt_ok_add_pull_down_add_pwrbmc_ctrl\MB\09\BM_H13DSP_S\rtl\source\BM_H13DSP_S_TOP.v":1765:0:1765:5|Pruning unused register r_pal_mb_switch_en_n_r. Make sure that there are no unused intermediate registers.
@W: CL169 :"D:\FH_MB_powerup_1106_shixu_ok_exit_fault_change_right_addcpuprsnt_ok_add_pull_down_add_pwrbmc_ctrl\MB\09\BM_H13DSP_S\rtl\source\BM_H13DSP_S_TOP.v":1765:0:1765:5|Pruning unused register r_pal_biosrom_io11. Make sure that there are no unused intermediate registers.
@W: CL169 :"D:\FH_MB_powerup_1106_shixu_ok_exit_fault_change_right_addcpuprsnt_ok_add_pull_down_add_pwrbmc_ctrl\MB\09\BM_H13DSP_S\rtl\source\BM_H13DSP_S_TOP.v":1706:0:1706:5|Pruning unused register r_led_pwrbtn_gr. Make sure that there are no unused intermediate registers.
@W: CL169 :"D:\FH_MB_powerup_1106_shixu_ok_exit_fault_change_right_addcpuprsnt_ok_add_pull_down_add_pwrbmc_ctrl\MB\09\BM_H13DSP_S\rtl\source\BM_H13DSP_S_TOP.v":1706:0:1706:5|Pruning unused register r_led_pwrbtn_amb. Make sure that there are no unused intermediate registers.
@W: CL169 :"D:\FH_MB_powerup_1106_shixu_ok_exit_fault_change_right_addcpuprsnt_ok_add_pull_down_add_pwrbmc_ctrl\MB\09\BM_H13DSP_S\rtl\source\BM_H13DSP_S_TOP.v":1664:0:1664:5|Pruning unused register r_pal_led_hel_red_r. Make sure that there are no unused intermediate registers.
@W: CL169 :"D:\FH_MB_powerup_1106_shixu_ok_exit_fault_change_right_addcpuprsnt_ok_add_pull_down_add_pwrbmc_ctrl\MB\09\BM_H13DSP_S\rtl\source\BM_H13DSP_S_TOP.v":1664:0:1664:5|Pruning unused register r_pal_led_hel_gr_r. Make sure that there are no unused intermediate registers.
@W: CL169 :"D:\FH_MB_powerup_1106_shixu_ok_exit_fault_change_right_addcpuprsnt_ok_add_pull_down_add_pwrbmc_ctrl\MB\09\BM_H13DSP_S\rtl\source\BM_H13DSP_S_TOP.v":1608:0:1608:5|Pruning unused register r_BMC_UID_CPLD_N. Make sure that there are no unused intermediate registers.
@W: CL169 :"D:\FH_MB_powerup_1106_shixu_ok_exit_fault_change_right_addcpuprsnt_ok_add_pull_down_add_pwrbmc_ctrl\MB\09\BM_H13DSP_S\rtl\source\BM_H13DSP_S_TOP.v":1608:0:1608:5|Pruning unused register r_uid_led_ctl[7:0]. Make sure that there are no unused intermediate registers.
@W: CL169 :"D:\FH_MB_powerup_1106_shixu_ok_exit_fault_change_right_addcpuprsnt_ok_add_pull_down_add_pwrbmc_ctrl\MB\09\BM_H13DSP_S\rtl\source\BM_H13DSP_S_TOP.v":921:0:921:5|Pruning unused register mb_sgpio_fail. Make sure that there are no unused intermediate registers.
@W: CL271 :"D:\FH_MB_powerup_1106_shixu_ok_exit_fault_change_right_addcpuprsnt_ok_add_pull_down_add_pwrbmc_ctrl\MB\09\BM_H13DSP_S\rtl\source\BM_H13DSP_S_TOP.v":921:0:921:5|Pruning unused bits 191 to 29 of mcpld_to_scpld_data_filter[191:0]. If this is not the intended behavior, drive the inputs with valid values, or inputs from the top level.
@W: CL271 :"D:\FH_MB_powerup_1106_shixu_ok_exit_fault_change_right_addcpuprsnt_ok_add_pull_down_add_pwrbmc_ctrl\MB\09\BM_H13DSP_S\rtl\source\BM_H13DSP_S_TOP.v":921:0:921:5|Pruning unused bits 18 to 17 of mcpld_to_scpld_data_filter[191:0]. If this is not the intended behavior, drive the inputs with valid values, or inputs from the top level.
@W: CL271 :"D:\FH_MB_powerup_1106_shixu_ok_exit_fault_change_right_addcpuprsnt_ok_add_pull_down_add_pwrbmc_ctrl\MB\09\BM_H13DSP_S\rtl\source\BM_H13DSP_S_TOP.v":921:0:921:5|Pruning unused bits 15 to 13 of mcpld_to_scpld_data_filter[191:0]. If this is not the intended behavior, drive the inputs with valid values, or inputs from the top level.
@W: CL271 :"D:\FH_MB_powerup_1106_shixu_ok_exit_fault_change_right_addcpuprsnt_ok_add_pull_down_add_pwrbmc_ctrl\MB\09\BM_H13DSP_S\rtl\source\BM_H13DSP_S_TOP.v":921:0:921:5|Pruning unused bits 11 to 7 of mcpld_to_scpld_data_filter[191:0]. If this is not the intended behavior, drive the inputs with valid values, or inputs from the top level.
@W: CL271 :"D:\FH_MB_powerup_1106_shixu_ok_exit_fault_change_right_addcpuprsnt_ok_add_pull_down_add_pwrbmc_ctrl\MB\09\BM_H13DSP_S\rtl\source\BM_H13DSP_S_TOP.v":921:0:921:5|Pruning unused bits 5 to 2 of mcpld_to_scpld_data_filter[191:0]. If this is not the intended behavior, drive the inputs with valid values, or inputs from the top level.
@W: CL265 :"D:\FH_MB_powerup_1106_shixu_ok_exit_fault_change_right_addcpuprsnt_ok_add_pull_down_add_pwrbmc_ctrl\MB\09\BM_H13DSP_S\rtl\source\BM_H13DSP_S_TOP.v":921:0:921:5|Removing unused bit 0 of mcpld_to_scpld_data_filter[191:0]. Either assign all bits or reduce the width of the signal.
@W: CL259 :"D:\FH_MB_powerup_1106_shixu_ok_exit_fault_change_right_addcpuprsnt_ok_add_pull_down_add_pwrbmc_ctrl\MB\09\BM_H13DSP_S\rtl\source\BM_H13DSP_S_TOP.v":94:21:94:24|Duplicate LOC attributes found on net
@W: CL259 :"D:\FH_MB_powerup_1106_shixu_ok_exit_fault_change_right_addcpuprsnt_ok_add_pull_down_add_pwrbmc_ctrl\MB\09\BM_H13DSP_S\rtl\source\BM_H13DSP_S_TOP.v":2011:30:2011:33|Duplicate LOC attributes found on net
@W: CL259 :"D:\FH_MB_powerup_1106_shixu_ok_exit_fault_change_right_addcpuprsnt_ok_add_pull_down_add_pwrbmc_ctrl\MB\09\BM_H13DSP_S\rtl\source\BM_H13DSP_S_TOP.v":2011:30:2011:33|Duplicate LOC attributes found on net
@W: CL259 :"D:\FH_MB_powerup_1106_shixu_ok_exit_fault_change_right_addcpuprsnt_ok_add_pull_down_add_pwrbmc_ctrl\MB\09\BM_H13DSP_S\rtl\source\BM_H13DSP_S_TOP.v":2011:30:2011:33|Duplicate LOC attributes found on net
@W: CL259 :"D:\FH_MB_powerup_1106_shixu_ok_exit_fault_change_right_addcpuprsnt_ok_add_pull_down_add_pwrbmc_ctrl\MB\09\BM_H13DSP_S\rtl\source\BM_H13DSP_S_TOP.v":2011:30:2011:33|Duplicate LOC attributes found on net
@W: CL259 :"D:\FH_MB_powerup_1106_shixu_ok_exit_fault_change_right_addcpuprsnt_ok_add_pull_down_add_pwrbmc_ctrl\MB\09\BM_H13DSP_S\rtl\source\BM_H13DSP_S_TOP.v":2011:30:2011:33|Duplicate LOC attributes found on net
@W: CL259 :"D:\FH_MB_powerup_1106_shixu_ok_exit_fault_change_right_addcpuprsnt_ok_add_pull_down_add_pwrbmc_ctrl\MB\09\BM_H13DSP_S\rtl\source\bmc_i2c\i2c_slave_basic0.v":124:41:124:41|Duplicate LOC attributes found on net
@W: CL259 :"D:\FH_MB_powerup_1106_shixu_ok_exit_fault_change_right_addcpuprsnt_ok_add_pull_down_add_pwrbmc_ctrl\MB\09\BM_H13DSP_S\rtl\source\bmc_i2c\i2c_slave_basic0.v":124:41:124:41|Duplicate LOC attributes found on net
@W: CL259 :"D:\FH_MB_powerup_1106_shixu_ok_exit_fault_change_right_addcpuprsnt_ok_add_pull_down_add_pwrbmc_ctrl\MB\09\BM_H13DSP_S\rtl\source\BM_H13DSP_S_TOP.v":2011:30:2011:33|Duplicate LOC attributes found on net
@W: CL259 :"D:\FH_MB_powerup_1106_shixu_ok_exit_fault_change_right_addcpuprsnt_ok_add_pull_down_add_pwrbmc_ctrl\MB\09\BM_H13DSP_S\rtl\source\BM_H13DSP_S_TOP.v":630:44:630:47|Duplicate LOC attributes found on net
@W: CL259 :"D:\FH_MB_powerup_1106_shixu_ok_exit_fault_change_right_addcpuprsnt_ok_add_pull_down_add_pwrbmc_ctrl\MB\09\BM_H13DSP_S\rtl\source\BM_H13DSP_S_TOP.v":2011:30:2011:33|Duplicate LOC attributes found on net
@W: CL259 :"D:\FH_MB_powerup_1106_shixu_ok_exit_fault_change_right_addcpuprsnt_ok_add_pull_down_add_pwrbmc_ctrl\MB\09\BM_H13DSP_S\rtl\source\BM_H13DSP_S_TOP.v":630:44:630:47|Duplicate LOC attributes found on net
@W: CL259 :"D:\FH_MB_powerup_1106_shixu_ok_exit_fault_change_right_addcpuprsnt_ok_add_pull_down_add_pwrbmc_ctrl\MB\09\BM_H13DSP_S\rtl\source\BM_H13DSP_S_TOP.v":630:44:630:47|Duplicate LOC attributes found on net
@W: CL259 :"D:\FH_MB_powerup_1106_shixu_ok_exit_fault_change_right_addcpuprsnt_ok_add_pull_down_add_pwrbmc_ctrl\MB\09\BM_H13DSP_S\rtl\source\BM_H13DSP_S_TOP.v":2011:30:2011:33|Duplicate LOC attributes found on net
@W: CL259 :"D:\FH_MB_powerup_1106_shixu_ok_exit_fault_change_right_addcpuprsnt_ok_add_pull_down_add_pwrbmc_ctrl\MB\09\BM_H13DSP_S\rtl\source\BM_H13DSP_S_TOP.v":2011:30:2011:33|Duplicate LOC attributes found on net
@W: CL259 :"D:\FH_MB_powerup_1106_shixu_ok_exit_fault_change_right_addcpuprsnt_ok_add_pull_down_add_pwrbmc_ctrl\MB\09\BM_H13DSP_S\rtl\source\BM_H13DSP_S_TOP.v":2011:30:2011:33|Duplicate LOC attributes found on net
@W: CL259 :"D:\FH_MB_powerup_1106_shixu_ok_exit_fault_change_right_addcpuprsnt_ok_add_pull_down_add_pwrbmc_ctrl\MB\09\BM_H13DSP_S\rtl\source\BM_H13DSP_S_TOP.v":2011:30:2011:33|Duplicate LOC attributes found on net
@W: CL259 :"D:\FH_MB_powerup_1106_shixu_ok_exit_fault_change_right_addcpuprsnt_ok_add_pull_down_add_pwrbmc_ctrl\MB\09\BM_H13DSP_S\rtl\source\BM_H13DSP_S_TOP.v":2011:30:2011:33|Duplicate LOC attributes found on net
@W: CL259 :"D:\FH_MB_powerup_1106_shixu_ok_exit_fault_change_right_addcpuprsnt_ok_add_pull_down_add_pwrbmc_ctrl\MB\09\BM_H13DSP_S\rtl\source\BM_H13DSP_S_TOP.v":2011:30:2011:33|Duplicate LOC attributes found on net
@W: CL259 :"D:\FH_MB_powerup_1106_shixu_ok_exit_fault_change_right_addcpuprsnt_ok_add_pull_down_add_pwrbmc_ctrl\MB\09\BM_H13DSP_S\rtl\source\BM_H13DSP_S_TOP.v":2011:30:2011:33|Duplicate LOC attributes found on net
@W: CL259 :"D:\FH_MB_powerup_1106_shixu_ok_exit_fault_change_right_addcpuprsnt_ok_add_pull_down_add_pwrbmc_ctrl\MB\09\BM_H13DSP_S\rtl\source\BM_H13DSP_S_TOP.v":2011:30:2011:33|Duplicate LOC attributes found on net
@W: CL259 :"D:\FH_MB_powerup_1106_shixu_ok_exit_fault_change_right_addcpuprsnt_ok_add_pull_down_add_pwrbmc_ctrl\MB\09\BM_H13DSP_S\rtl\source\BM_H13DSP_S_TOP.v":2011:30:2011:33|Duplicate LOC attributes found on net
@W: CL259 :"D:\FH_MB_powerup_1106_shixu_ok_exit_fault_change_right_addcpuprsnt_ok_add_pull_down_add_pwrbmc_ctrl\MB\09\BM_H13DSP_S\rtl\source\BM_H13DSP_S_TOP.v":2011:30:2011:33|Duplicate LOC attributes found on net
@W: CL259 :"D:\FH_MB_powerup_1106_shixu_ok_exit_fault_change_right_addcpuprsnt_ok_add_pull_down_add_pwrbmc_ctrl\MB\09\BM_H13DSP_S\rtl\source\BM_H13DSP_S_TOP.v":2011:30:2011:33|Duplicate LOC attributes found on net
@W: CL259 :"D:\FH_MB_powerup_1106_shixu_ok_exit_fault_change_right_addcpuprsnt_ok_add_pull_down_add_pwrbmc_ctrl\MB\09\BM_H13DSP_S\rtl\source\BM_H13DSP_S_TOP.v":2011:30:2011:33|Duplicate LOC attributes found on net
@W: CL259 :"D:\FH_MB_powerup_1106_shixu_ok_exit_fault_change_right_addcpuprsnt_ok_add_pull_down_add_pwrbmc_ctrl\MB\09\BM_H13DSP_S\rtl\source\BM_H13DSP_S_TOP.v":2011:30:2011:33|Duplicate LOC attributes found on net
@W: CL259 :"D:\FH_MB_powerup_1106_shixu_ok_exit_fault_change_right_addcpuprsnt_ok_add_pull_down_add_pwrbmc_ctrl\MB\09\BM_H13DSP_S\rtl\source\BM_H13DSP_S_TOP.v":2011:30:2011:33|Duplicate LOC attributes found on net
@W: CL259 :"D:\FH_MB_powerup_1106_shixu_ok_exit_fault_change_right_addcpuprsnt_ok_add_pull_down_add_pwrbmc_ctrl\MB\09\BM_H13DSP_S\rtl\source\BM_H13DSP_S_TOP.v":2011:30:2011:33|Duplicate LOC attributes found on net
@W: CL259 :"D:\FH_MB_powerup_1106_shixu_ok_exit_fault_change_right_addcpuprsnt_ok_add_pull_down_add_pwrbmc_ctrl\MB\09\BM_H13DSP_S\rtl\source\BM_H13DSP_S_TOP.v":2011:30:2011:33|Duplicate LOC attributes found on net
@W: CL259 :"D:\FH_MB_powerup_1106_shixu_ok_exit_fault_change_right_addcpuprsnt_ok_add_pull_down_add_pwrbmc_ctrl\MB\09\BM_H13DSP_S\rtl\source\BM_H13DSP_S_TOP.v":2011:30:2011:33|Duplicate LOC attributes found on net
@W: CL259 :"D:\FH_MB_powerup_1106_shixu_ok_exit_fault_change_right_addcpuprsnt_ok_add_pull_down_add_pwrbmc_ctrl\MB\09\BM_H13DSP_S\rtl\source\BM_H13DSP_S_TOP.v":2011:30:2011:33|Duplicate LOC attributes found on net
@W: CL259 :"D:\FH_MB_powerup_1106_shixu_ok_exit_fault_change_right_addcpuprsnt_ok_add_pull_down_add_pwrbmc_ctrl\MB\09\BM_H13DSP_S\rtl\source\BM_H13DSP_S_TOP.v":2011:30:2011:33|Duplicate LOC attributes found on net
@W: CL259 :"D:\FH_MB_powerup_1106_shixu_ok_exit_fault_change_right_addcpuprsnt_ok_add_pull_down_add_pwrbmc_ctrl\MB\09\BM_H13DSP_S\rtl\source\BM_H13DSP_S_TOP.v":94:21:94:24|Duplicate LOC attributes found on net
@W: CL259 :"D:\FH_MB_powerup_1106_shixu_ok_exit_fault_change_right_addcpuprsnt_ok_add_pull_down_add_pwrbmc_ctrl\MB\09\BM_H13DSP_S\rtl\source\BM_H13DSP_S_TOP.v":2011:30:2011:33|Duplicate LOC attributes found on net
@W: CL259 :"D:\FH_MB_powerup_1106_shixu_ok_exit_fault_change_right_addcpuprsnt_ok_add_pull_down_add_pwrbmc_ctrl\MB\09\BM_H13DSP_S\rtl\source\BM_H13DSP_S_TOP.v":2011:30:2011:33|Duplicate LOC attributes found on net
@W: CL259 :"D:\FH_MB_powerup_1106_shixu_ok_exit_fault_change_right_addcpuprsnt_ok_add_pull_down_add_pwrbmc_ctrl\MB\09\BM_H13DSP_S\rtl\source\BM_H13DSP_S_TOP.v":2011:30:2011:33|Duplicate LOC attributes found on net
Finished optimization stage 1 on BM_H13DSP_S (CPU Time 0h:00m:00s, Memory Used current: 102MB peak: 103MB)
Running optimization stage 2 on BM_H13DSP_S .......
@W: CL156 :"D:\FH_MB_powerup_1106_shixu_ok_exit_fault_change_right_addcpuprsnt_ok_add_pull_down_add_pwrbmc_ctrl\MB\09\BM_H13DSP_S\rtl\source\BM_H13DSP_S_TOP.v":622:13:622:35|*Input scpld_to_mcpld_p2s_data[199:0] to expression [instance] has undriven bits; assigning undriven bits to 0.  Simulation mismatch possible. Assign all bits of the input.
@W: CL156 :"D:\FH_MB_powerup_1106_shixu_ok_exit_fault_change_right_addcpuprsnt_ok_add_pull_down_add_pwrbmc_ctrl\MB\09\BM_H13DSP_S\rtl\source\BM_H13DSP_S_TOP.v":253:8:253:23|*Input db_i_uid_sw_in_n to expression [instance] has undriven bits; assigning undriven bits to 0.  Simulation mismatch possible. Assign all bits of the input.
@W: CL156 :"D:\FH_MB_powerup_1106_shixu_ok_exit_fault_change_right_addcpuprsnt_ok_add_pull_down_add_pwrbmc_ctrl\MB\09\BM_H13DSP_S\rtl\source\BM_H13DSP_S_TOP.v":1525:8:1525:26|*Input w_ocp1_prsnt_invert to expression [or] has undriven bits; assigning undriven bits to 0.  Simulation mismatch possible. Assign all bits of the input.
@W: CL156 :"D:\FH_MB_powerup_1106_shixu_ok_exit_fault_change_right_addcpuprsnt_ok_add_pull_down_add_pwrbmc_ctrl\MB\09\BM_H13DSP_S\rtl\source\BM_H13DSP_S_TOP.v":1525:8:1525:26|*Input w_ocp1_prsnt_invert to expression [mux] has undriven bits; assigning undriven bits to 0.  Simulation mismatch possible. Assign all bits of the input.
@W: CL156 :"D:\FH_MB_powerup_1106_shixu_ok_exit_fault_change_right_addcpuprsnt_ok_add_pull_down_add_pwrbmc_ctrl\MB\09\BM_H13DSP_S\rtl\source\BM_H13DSP_S_TOP.v":1525:8:1525:26|*Input w_ocp1_prsnt_invert to expression [mux] has undriven bits; assigning undriven bits to 0.  Simulation mismatch possible. Assign all bits of the input.
@N: CL159 :"D:\FH_MB_powerup_1106_shixu_ok_exit_fault_change_right_addcpuprsnt_ok_add_pull_down_add_pwrbmc_ctrl\MB\09\BM_H13DSP_S\rtl\include\BM_H13DSP_S_VA_PORT.v":45:8:45:13|Input i_SW_2 is unused.
@N: CL159 :"D:\FH_MB_powerup_1106_shixu_ok_exit_fault_change_right_addcpuprsnt_ok_add_pull_down_add_pwrbmc_ctrl\MB\09\BM_H13DSP_S\rtl\include\BM_H13DSP_S_VA_PORT.v":59:8:59:31|Input i_PAL_TPM_MODULE_PRSNT_N is unused.
@N: CL159 :"D:\FH_MB_powerup_1106_shixu_ok_exit_fault_change_right_addcpuprsnt_ok_add_pull_down_add_pwrbmc_ctrl\MB\09\BM_H13DSP_S\rtl\include\BM_H13DSP_S_VA_PORT.v":271:8:271:28|Input i_P0_MCIOP4A_CB_ID1_R is unused.
@N: CL159 :"D:\FH_MB_powerup_1106_shixu_ok_exit_fault_change_right_addcpuprsnt_ok_add_pull_down_add_pwrbmc_ctrl\MB\09\BM_H13DSP_S\rtl\include\BM_H13DSP_S_VA_PORT.v":289:8:289:28|Input i_P1_MCIOP4A_CB_ID1_R is unused.
@N: CL159 :"D:\FH_MB_powerup_1106_shixu_ok_exit_fault_change_right_addcpuprsnt_ok_add_pull_down_add_pwrbmc_ctrl\MB\09\BM_H13DSP_S\rtl\include\BM_H13DSP_S_VA_PORT.v":331:8:331:27|Input i_PAL_S5_CPU_SHTDN_R is unused.
@N: CL159 :"D:\FH_MB_powerup_1106_shixu_ok_exit_fault_change_right_addcpuprsnt_ok_add_pull_down_add_pwrbmc_ctrl\MB\09\BM_H13DSP_S\rtl\include\BM_H13DSP_S_VA_PORT.v":359:8:359:28|Input i_PAL_MEN_CPU_SHTDN_R is unused.
@N: CL159 :"D:\FH_MB_powerup_1106_shixu_ok_exit_fault_change_right_addcpuprsnt_ok_add_pull_down_add_pwrbmc_ctrl\MB\09\BM_H13DSP_S\rtl\include\BM_H13DSP_S_VA_PORT.v":379:8:379:27|Input i_CPLD1_CPLD2_RSV2_R is unused.
Finished optimization stage 2 on BM_H13DSP_S (CPU Time 0h:00m:00s, Memory Used current: 101MB peak: 103MB)
Running optimization stage 2 on bmc_cpld_i2c_ram_16s .......
@N: CL159 :"D:\FH_MB_powerup_1106_shixu_ok_exit_fault_change_right_addcpuprsnt_ok_add_pull_down_add_pwrbmc_ctrl\MB\09\BM_H13DSP_S\rtl\source\bmc_i2c\bmc_cpld_i2c_ram.v":117:19:117:32|Input i_ocp1_prsnt_n is unused.
@N: CL159 :"D:\FH_MB_powerup_1106_shixu_ok_exit_fault_change_right_addcpuprsnt_ok_add_pull_down_add_pwrbmc_ctrl\MB\09\BM_H13DSP_S\rtl\source\bmc_i2c\bmc_cpld_i2c_ram.v":124:19:124:34|Input i_CPU1_PGD_PVCCD is unused.
@N: CL159 :"D:\FH_MB_powerup_1106_shixu_ok_exit_fault_change_right_addcpuprsnt_ok_add_pull_down_add_pwrbmc_ctrl\MB\09\BM_H13DSP_S\rtl\source\bmc_i2c\bmc_cpld_i2c_ram.v":125:19:125:38|Input i_PGD_PVNN_MAIN_CPU1 is unused.
@N: CL159 :"D:\FH_MB_powerup_1106_shixu_ok_exit_fault_change_right_addcpuprsnt_ok_add_pull_down_add_pwrbmc_ctrl\MB\09\BM_H13DSP_S\rtl\source\bmc_i2c\bmc_cpld_i2c_ram.v":126:19:126:37|Input i_PGD_PVPP_HBM_CPU1 is unused.
Finished optimization stage 2 on bmc_cpld_i2c_ram_16s (CPU Time 0h:00m:00s, Memory Used current: 105MB peak: 105MB)
Running optimization stage 2 on i2c_slave_bmc_16s .......
Finished optimization stage 2 on i2c_slave_bmc_16s (CPU Time 0h:00m:00s, Memory Used current: 103MB peak: 105MB)
Running optimization stage 2 on i2c_slave_basic0_3s_16s .......
@W: CL190 :"D:\FH_MB_powerup_1106_shixu_ok_exit_fault_change_right_addcpuprsnt_ok_add_pull_down_add_pwrbmc_ctrl\MB\09\BM_H13DSP_S\rtl\source\bmc_i2c\i2c_slave_basic0.v":628:0:628:5|Optimizing register bit r_timeout_cnt[6] to a constant 0. To keep the instance, apply constraint syn_preserve=1 on the instance.
@W: CL190 :"D:\FH_MB_powerup_1106_shixu_ok_exit_fault_change_right_addcpuprsnt_ok_add_pull_down_add_pwrbmc_ctrl\MB\09\BM_H13DSP_S\rtl\source\bmc_i2c\i2c_slave_basic0.v":628:0:628:5|Optimizing register bit r_timeout_cnt[7] to a constant 0. To keep the instance, apply constraint syn_preserve=1 on the instance.
@W: CL279 :"D:\FH_MB_powerup_1106_shixu_ok_exit_fault_change_right_addcpuprsnt_ok_add_pull_down_add_pwrbmc_ctrl\MB\09\BM_H13DSP_S\rtl\source\bmc_i2c\i2c_slave_basic0.v":628:0:628:5|Pruning register bits 7 to 6 of r_timeout_cnt[7:0]. If this is not the intended behavior, drive the inputs with valid values, or inputs from the top level.
@N: CL201 :"D:\FH_MB_powerup_1106_shixu_ok_exit_fault_change_right_addcpuprsnt_ok_add_pull_down_add_pwrbmc_ctrl\MB\09\BM_H13DSP_S\rtl\source\bmc_i2c\i2c_slave_basic0.v":279:0:279:5|Trying to extract state machine for register r_I2C_state.
Extracted state machine for register r_I2C_state
State machine has 20 reachable states with original encodings of:
   00000
   00001
   00010
   00011
   00100
   00101
   00110
   00111
   01000
   01001
   01010
   01011
   01100
   01101
   01110
   01111
   10000
   10001
   10010
   10011
Finished optimization stage 2 on i2c_slave_basic0_3s_16s (CPU Time 0h:00m:00s, Memory Used current: 104MB peak: 105MB)
Running optimization stage 2 on edge_delay_6s_0_0 .......
Finished optimization stage 2 on edge_delay_6s_0_0 (CPU Time 0h:00m:00s, Memory Used current: 104MB peak: 105MB)
Running optimization stage 2 on UID_Function_5_0_1_31s_154_247_0_255_1_Z4 .......
@N: CL201 :"D:\FH_MB_powerup_1106_shixu_ok_exit_fault_change_right_addcpuprsnt_ok_add_pull_down_add_pwrbmc_ctrl\MB\09\BM_H13DSP_S\rtl\source\common\UID_Function.v":171:0:171:5|Trying to extract state machine for register r_flag_uid.
Extracted state machine for register r_flag_uid
State machine has 3 reachable states with original encodings of:
   00000000
   00000001
   11111111
Finished optimization stage 2 on UID_Function_5_0_1_31s_154_247_0_255_1_Z4 (CPU Time 0h:00m:00s, Memory Used current: 104MB peak: 109MB)
Running optimization stage 2 on Edge_Detect .......
Finished optimization stage 2 on Edge_Detect (CPU Time 0h:00m:00s, Memory Used current: 104MB peak: 109MB)
Running optimization stage 2 on lowpass_filter_3_1_0_1_4_Z3 .......
Finished optimization stage 2 on lowpass_filter_3_1_0_1_4_Z3 (CPU Time 0h:00m:00s, Memory Used current: 104MB peak: 109MB)
Running optimization stage 2 on delay_5000000s_23s .......
Finished optimization stage 2 on delay_5000000s_23s (CPU Time 0h:00m:00s, Memory Used current: 104MB peak: 109MB)
Running optimization stage 2 on UART_MASTER_Z2 .......
@N: CL201 :"D:\FH_MB_powerup_1106_shixu_ok_exit_fault_change_right_addcpuprsnt_ok_add_pull_down_add_pwrbmc_ctrl\MB\09\BM_H13DSP_S\rtl\source\uart\mcio_uart_master.v":95:0:95:5|Trying to extract state machine for register curr_state.
Extracted state machine for register curr_state
State machine has 6 reachable states with original encodings of:
   000
   001
   010
   011
   100
   101
Finished optimization stage 2 on UART_MASTER_Z2 (CPU Time 0h:00m:00s, Memory Used current: 104MB peak: 109MB)
Running optimization stage 2 on p2s_slave_200s_8s .......
Finished optimization stage 2 on p2s_slave_200s_8s (CPU Time 0h:00m:00s, Memory Used current: 104MB peak: 109MB)
Running optimization stage 2 on s2p_slave_200s_8s_Z1 .......
Finished optimization stage 2 on s2p_slave_200s_8s_Z1 (CPU Time 0h:00m:00s, Memory Used current: 104MB peak: 109MB)
Running optimization stage 2 on I2C_UPDATE .......
Finished optimization stage 2 on I2C_UPDATE (CPU Time 0h:00m:00s, Memory Used current: 104MB peak: 109MB)
Running optimization stage 2 on EFB .......
Finished optimization stage 2 on EFB (CPU Time 0h:00m:00s, Memory Used current: 104MB peak: 109MB)
Running optimization stage 2 on BB .......
Finished optimization stage 2 on BB (CPU Time 0h:00m:00s, Memory Used current: 104MB peak: 109MB)
Running optimization stage 2 on VHI .......
Finished optimization stage 2 on VHI (CPU Time 0h:00m:00s, Memory Used current: 104MB peak: 109MB)
Running optimization stage 2 on OSCH .......
Finished optimization stage 2 on OSCH (CPU Time 0h:00m:00s, Memory Used current: 104MB peak: 109MB)
Running optimization stage 2 on ClkDivTree .......
Finished optimization stage 2 on ClkDivTree (CPU Time 0h:00m:00s, Memory Used current: 104MB peak: 109MB)
Running optimization stage 2 on ClkDiv_5s_19s .......
Finished optimization stage 2 on ClkDiv_5s_19s (CPU Time 0h:00m:00s, Memory Used current: 104MB peak: 109MB)
Running optimization stage 2 on ClkDiv_5s_24s .......
Finished optimization stage 2 on ClkDiv_5s_24s (CPU Time 0h:00m:00s, Memory Used current: 104MB peak: 109MB)
Running optimization stage 2 on ClkDiv_1s_1s .......
Finished optimization stage 2 on ClkDiv_1s_1s (CPU Time 0h:00m:00s, Memory Used current: 104MB peak: 109MB)
Running optimization stage 2 on ClkDiv_4s_9s .......
Finished optimization stage 2 on ClkDiv_4s_9s (CPU Time 0h:00m:00s, Memory Used current: 104MB peak: 109MB)
Running optimization stage 2 on ClkDiv_3s_4s .......
Finished optimization stage 2 on ClkDiv_3s_4s (CPU Time 0h:00m:00s, Memory Used current: 104MB peak: 109MB)
Running optimization stage 2 on ClkDiv_5s_9s .......
Finished optimization stage 2 on ClkDiv_5s_9s (CPU Time 0h:00m:00s, Memory Used current: 104MB peak: 109MB)
Running optimization stage 2 on ClkDiv_6s_49s .......
Finished optimization stage 2 on ClkDiv_6s_49s (CPU Time 0h:00m:00s, Memory Used current: 104MB peak: 109MB)
Running optimization stage 2 on timer_gen .......
Finished optimization stage 2 on timer_gen (CPU Time 0h:00m:00s, Memory Used current: 104MB peak: 109MB)
Running optimization stage 2 on pon_reset .......
Finished optimization stage 2 on pon_reset (CPU Time 0h:00m:00s, Memory Used current: 104MB peak: 109MB)
Running optimization stage 2 on pll_i25M_o50M_o25M .......
Finished optimization stage 2 on pll_i25M_o50M_o25M (CPU Time 0h:00m:00s, Memory Used current: 104MB peak: 109MB)
Running optimization stage 2 on EHXPLLJ .......
Finished optimization stage 2 on EHXPLLJ (CPU Time 0h:00m:00s, Memory Used current: 104MB peak: 109MB)
Running optimization stage 2 on VLO .......
Finished optimization stage 2 on VLO (CPU Time 0h:00m:00s, Memory Used current: 104MB peak: 109MB)

For a summary of runtime per design unit, please see file:
==========================================================
@L: D:\FH_MB_powerup_1106_shixu_ok_exit_fault_change_right_addcpuprsnt_ok_add_pull_down_add_pwrbmc_ctrl\MB\09\BM_H13DSP_S\pro\impl1\synwork\layer0.duruntime



At c_ver Exit (Real Time elapsed 0h:00m:09s; CPU Time elapsed 0h:00m:09s; Memory used current: 104MB peak: 109MB)

Process took 0h:00m:09s realtime, 0h:00m:09s cputime

Process completed successfully.
# Tue Nov 18 14:49:47 2025

###########################################################]
###########################################################[

Copyright (C) 1994-2023 Synopsys, Inc.
This Synopsys software and all associated documentation are proprietary to Synopsys, Inc.
and may only be used pursuant to the terms and conditions of a written license agreement
with Synopsys, Inc. All other use, reproduction, modification, or distribution of the
Synopsys software or the associated documentation is strictly prohibited.
Tool: Synplify Pro (R)
Build: V-2023.09L-2
Install: C:\lscc\diamond\3_14\synpbase
OS: Windows 10 or later
Hostname: X02567XL

Implementation : impl1
Synopsys Synopsys Netlist Linker, Version comp202309synp1, Build 349R, Built Sep 17 2024 08:16:26, @

@N|Running in 64-bit mode

At syn_nfilter Exit (Real Time elapsed 0h:00m:00s; CPU Time elapsed 0h:00m:00s; Memory used current: 93MB peak: 94MB)

Process took 0h:00m:01s realtime, 0h:00m:01s cputime

Process completed successfully.
# Tue Nov 18 14:49:47 2025

###########################################################]

For a summary of runtime and memory usage for all design units, please see file:
==========================================================
@L: D:\FH_MB_powerup_1106_shixu_ok_exit_fault_change_right_addcpuprsnt_ok_add_pull_down_add_pwrbmc_ctrl\MB\09\BM_H13DSP_S\pro\impl1\synwork\BM_H13DSP_S_impl1_comp.rt.csv

@END

At c_hdl Exit (Real Time elapsed 0h:00m:10s; CPU Time elapsed 0h:00m:10s; Memory used current: 22MB peak: 22MB)

Process took 0h:00m:10s realtime, 0h:00m:10s cputime

Process completed successfully.
# Tue Nov 18 14:49:47 2025

###########################################################]
###########################################################[

Copyright (C) 1994-2023 Synopsys, Inc.
This Synopsys software and all associated documentation are proprietary to Synopsys, Inc.
and may only be used pursuant to the terms and conditions of a written license agreement
with Synopsys, Inc. All other use, reproduction, modification, or distribution of the
Synopsys software or the associated documentation is strictly prohibited.
Tool: Synplify Pro (R)
Build: V-2023.09L-2
Install: C:\lscc\diamond\3_14\synpbase
OS: Windows 10 or later
Hostname: X02567XL

Implementation : impl1
Synopsys Synopsys Netlist Linker, Version comp202309synp1, Build 349R, Built Sep 17 2024 08:16:26, @

@N|Running in 64-bit mode
File D:\FH_MB_powerup_1106_shixu_ok_exit_fault_change_right_addcpuprsnt_ok_add_pull_down_add_pwrbmc_ctrl\MB\09\BM_H13DSP_S\pro\impl1\synwork\BM_H13DSP_S_impl1_comp.srs changed - recompiling

At syn_nfilter Exit (Real Time elapsed 0h:00m:00s; CPU Time elapsed 0h:00m:00s; Memory used current: 94MB peak: 95MB)

Process took 0h:00m:01s realtime, 0h:00m:01s cputime

Process completed successfully.
# Tue Nov 18 14:49:49 2025

###########################################################]
# Tue Nov 18 14:49:49 2025


Copyright (C) 1994-2023 Synopsys, Inc.
This Synopsys software and all associated documentation are proprietary to Synopsys, Inc.
and may only be used pursuant to the terms and conditions of a written license agreement
with Synopsys, Inc. All other use, reproduction, modification, or distribution of the
Synopsys software or the associated documentation is strictly prohibited.
Tool: Synplify Pro (R)
Build: V-2023.09L-2
Install: C:\lscc\diamond\3_14\synpbase
OS: Windows 10 or later
Hostname: X02567XL

Implementation : impl1
Synopsys Lattice Technology Pre-mapping, Version map202309lat, Build 191R, Built Sep 17 2024 10:38:50, @


Mapper Startup Complete (Real Time elapsed 0h:00m:00s; CPU Time elapsed 0h:00m:00s; Memory used current: 181MB peak: 181MB)


Done reading skeleton netlist (Real Time elapsed 0h:00m:00s; CPU Time elapsed 0h:00m:00s; Memory used current: 186MB peak: 197MB)

@A: MF827 |No constraint file specified.
@L: D:\FH_MB_powerup_1106_shixu_ok_exit_fault_change_right_addcpuprsnt_ok_add_pull_down_add_pwrbmc_ctrl\MB\09\BM_H13DSP_S\pro\impl1\BM_H13DSP_S_impl1_scck.rpt 
See clock summary report "D:\FH_MB_powerup_1106_shixu_ok_exit_fault_change_right_addcpuprsnt_ok_add_pull_down_add_pwrbmc_ctrl\MB\09\BM_H13DSP_S\pro\impl1\BM_H13DSP_S_impl1_scck.rpt"
@N: MF916 |Option synthesis_strategy=base is enabled. 
@N: MF248 |Running in 64-bit mode.
@N: MF666 |Clock conversion enabled. (Command "set_option -fix_gated_and_generated_clocks 1" in the project file.)

Design Input Complete (Real Time elapsed 0h:00m:00s; CPU Time elapsed 0h:00m:00s; Memory used current: 195MB peak: 197MB)


Mapper Initialization Complete (Real Time elapsed 0h:00m:00s; CPU Time elapsed 0h:00m:00s; Memory used current: 195MB peak: 197MB)


Start loading timing files (Real Time elapsed 0h:00m:00s; CPU Time elapsed 0h:00m:00s; Memory used current: 207MB peak: 207MB)


Finished loading timing files (Real Time elapsed 0h:00m:00s; CPU Time elapsed 0h:00m:00s; Memory used current: 207MB peak: 209MB)

NConnInternalConnection caching is on

Starting HSTDM IP insertion (Real Time elapsed 0h:00m:00s; CPU Time elapsed 0h:00m:00s; Memory used current: 262MB peak: 262MB)


Finished HSTDM IP insertion (Real Time elapsed 0h:00m:00s; CPU Time elapsed 0h:00m:01s; Memory used current: 262MB peak: 263MB)

@N: MO111 :"d:\fh_mb_powerup_1106_shixu_ok_exit_fault_change_right_addcpuprsnt_ok_add_pull_down_add_pwrbmc_ctrl\mb\09\bm_h13dsp_s\rtl\source\bm_h13dsp_s_top.v":253:8:253:23|Tristate driver db_i_uid_sw_in_n (in view: work.BM_H13DSP_S(verilog)) on net db_i_uid_sw_in_n (in view: work.BM_H13DSP_S(verilog)) has its enable tied to GND.
@N: MO111 :"d:\fh_mb_powerup_1106_shixu_ok_exit_fault_change_right_addcpuprsnt_ok_add_pull_down_add_pwrbmc_ctrl\mb\09\bm_h13dsp_s\rtl\source\bm_h13dsp_s_top.v":2011:30:2011:33|Tristate driver o_BIOS_FLASH_RESET_R_N (in view: work.BM_H13DSP_S(verilog)) on net o_BIOS_FLASH_RESET_R_N (in view: work.BM_H13DSP_S(verilog)) has its enable tied to GND.
@N: MO111 :"d:\fh_mb_powerup_1106_shixu_ok_exit_fault_change_right_addcpuprsnt_ok_add_pull_down_add_pwrbmc_ctrl\mb\09\bm_h13dsp_s\rtl\include\bm_h13dsp_s_va_port.v":378:7:378:26|Tristate driver o_CPLD1_CPLD2_RSV1_R (in view: work.BM_H13DSP_S(verilog)) on net o_CPLD1_CPLD2_RSV1_R (in view: work.BM_H13DSP_S(verilog)) has its enable tied to GND.
@N: MO111 :"d:\fh_mb_powerup_1106_shixu_ok_exit_fault_change_right_addcpuprsnt_ok_add_pull_down_add_pwrbmc_ctrl\mb\09\bm_h13dsp_s\rtl\source\bm_h13dsp_s_top.v":2011:30:2011:33|Tristate driver o_CPLD_SGPIO1_MISO (in view: work.BM_H13DSP_S(verilog)) on net o_CPLD_SGPIO1_MISO (in view: work.BM_H13DSP_S(verilog)) has its enable tied to GND.
@N: MO111 :"d:\fh_mb_powerup_1106_shixu_ok_exit_fault_change_right_addcpuprsnt_ok_add_pull_down_add_pwrbmc_ctrl\mb\09\bm_h13dsp_s\rtl\source\bm_h13dsp_s_top.v":2011:30:2011:33|Tristate driver o_M2_GPIO6_R (in view: work.BM_H13DSP_S(verilog)) on net o_M2_GPIO6_R (in view: work.BM_H13DSP_S(verilog)) has its enable tied to GND.
@N: MO111 :"d:\fh_mb_powerup_1106_shixu_ok_exit_fault_change_right_addcpuprsnt_ok_add_pull_down_add_pwrbmc_ctrl\mb\09\bm_h13dsp_s\rtl\source\bm_h13dsp_s_top.v":2011:30:2011:33|Tristate driver o_M2_GPIO7_R (in view: work.BM_H13DSP_S(verilog)) on net o_M2_GPIO7_R (in view: work.BM_H13DSP_S(verilog)) has its enable tied to GND.
@N: MO111 :"d:\fh_mb_powerup_1106_shixu_ok_exit_fault_change_right_addcpuprsnt_ok_add_pull_down_add_pwrbmc_ctrl\mb\09\bm_h13dsp_s\rtl\source\bm_h13dsp_s_top.v":2011:30:2011:33|Tristate driver o_P0_MCIOG3A_RSV_R (in view: work.BM_H13DSP_S(verilog)) on net o_P0_MCIOG3A_RSV_R (in view: work.BM_H13DSP_S(verilog)) has its enable tied to GND.
@N: MO111 :"d:\fh_mb_powerup_1106_shixu_ok_exit_fault_change_right_addcpuprsnt_ok_add_pull_down_add_pwrbmc_ctrl\mb\09\bm_h13dsp_s\rtl\source\bm_h13dsp_s_top.v":2011:30:2011:33|Tristate driver o_P0_MCIOG3C_RSV_R (in view: work.BM_H13DSP_S(verilog)) on net o_P0_MCIOG3C_RSV_R (in view: work.BM_H13DSP_S(verilog)) has its enable tied to GND.
@N: MO111 :"d:\fh_mb_powerup_1106_shixu_ok_exit_fault_change_right_addcpuprsnt_ok_add_pull_down_add_pwrbmc_ctrl\mb\09\bm_h13dsp_s\rtl\source\bm_h13dsp_s_top.v":2011:30:2011:33|Tristate driver o_P0_MCIOP0A_CLK (in view: work.BM_H13DSP_S(verilog)) on net o_P0_MCIOP0A_CLK (in view: work.BM_H13DSP_S(verilog)) has its enable tied to GND.
@N: MO111 :"d:\fh_mb_powerup_1106_shixu_ok_exit_fault_change_right_addcpuprsnt_ok_add_pull_down_add_pwrbmc_ctrl\mb\09\bm_h13dsp_s\rtl\source\bm_h13dsp_s_top.v":2011:30:2011:33|Tristate driver o_P0_MCIOP0A_LD (in view: work.BM_H13DSP_S(verilog)) on net o_P0_MCIOP0A_LD (in view: work.BM_H13DSP_S(verilog)) has its enable tied to GND.

Started DisTri Cleanup (Real Time elapsed 0h:00m:01s; CPU Time elapsed 0h:00m:01s; Memory used current: 263MB peak: 263MB)


Finished DisTri Cleanup (Real Time elapsed 0h:00m:01s; CPU Time elapsed 0h:00m:01s; Memory used current: 263MB peak: 263MB)

@N: BN115 :"d:\fh_mb_powerup_1106_shixu_ok_exit_fault_change_right_addcpuprsnt_ok_add_pull_down_add_pwrbmc_ctrl\mb\09\bm_h13dsp_s\rtl\source\common\uid_function.v":354:1:354:17|Removing instance lowpass_filter_U1 (in view: work.UID_Function_5_0_1_31s_154_247_0_255_1_Z4(verilog)) because it does not drive other instances.
@N: BN362 :"d:\fh_mb_powerup_1106_shixu_ok_exit_fault_change_right_addcpuprsnt_ok_add_pull_down_add_pwrbmc_ctrl\mb\09\bm_h13dsp_s\rtl\source\common\uid_function.v":114:0:114:5|Removing sequential instance r_uid_status[7:0] (in view: work.UID_Function_5_0_1_31s_154_247_0_255_1_Z4(verilog)) of type view:PrimLib.dffpatre(prim) because it does not drive other instances.
@N: BN115 :"d:\fh_mb_powerup_1106_shixu_ok_exit_fault_change_right_addcpuprsnt_ok_add_pull_down_add_pwrbmc_ctrl\mb\09\bm_h13dsp_s\rtl\source\bm_h13dsp_s_top.v":1543:5:1543:30|Removing instance ocp1_prsnt_invert_dly100ms (in view: work.BM_H13DSP_S(verilog)) because it does not drive other instances.
@N: BN362 :"d:\fh_mb_powerup_1106_shixu_ok_exit_fault_change_right_addcpuprsnt_ok_add_pull_down_add_pwrbmc_ctrl\mb\09\bm_h13dsp_s\rtl\source\common\pon_reset.v":76:0:76:5|Removing sequential instance pon_reset_db_n (in view: work.pon_reset(verilog)) of type view:PrimLib.dffr(prim) because it does not drive other instances.
@N: BN362 :"d:\fh_mb_powerup_1106_shixu_ok_exit_fault_change_right_addcpuprsnt_ok_add_pull_down_add_pwrbmc_ctrl\mb\09\bm_h13dsp_s\rtl\source\common\pon_reset.v":61:0:61:5|Removing sequential instance pgd_aux_system_sasd (in view: work.pon_reset(verilog)) of type view:PrimLib.sdffr(prim) because it does not drive other instances.
@N: BN362 :"d:\fh_mb_powerup_1106_shixu_ok_exit_fault_change_right_addcpuprsnt_ok_add_pull_down_add_pwrbmc_ctrl\mb\09\bm_h13dsp_s\rtl\source\common\timer_gen_50mhz.v":47:2:47:7|Removing sequential instance t40ns (in view: work.timer_gen(verilog)) of type view:PrimLib.dffr(prim) because it does not drive other instances.
@N: BN362 :"d:\fh_mb_powerup_1106_shixu_ok_exit_fault_change_right_addcpuprsnt_ok_add_pull_down_add_pwrbmc_ctrl\mb\09\bm_h13dsp_s\rtl\source\common\timer_gen_50mhz.v":47:2:47:7|Removing sequential instance t160ns (in view: work.timer_gen(verilog)) of type view:PrimLib.dffr(prim) because it does not drive other instances.
@N: BN362 :"d:\fh_mb_powerup_1106_shixu_ok_exit_fault_change_right_addcpuprsnt_ok_add_pull_down_add_pwrbmc_ctrl\mb\09\bm_h13dsp_s\rtl\source\common\timer_gen_50mhz.v":87:0:87:5|Removing sequential instance t1us (in view: work.timer_gen(verilog)) of type view:PrimLib.dffr(prim) because it does not drive other instances.
@N: BN362 :"d:\fh_mb_powerup_1106_shixu_ok_exit_fault_change_right_addcpuprsnt_ok_add_pull_down_add_pwrbmc_ctrl\mb\09\bm_h13dsp_s\rtl\source\common\timer_gen_50mhz.v":87:0:87:5|Removing sequential instance t2us (in view: work.timer_gen(verilog)) of type view:PrimLib.dffr(prim) because it does not drive other instances.
@N: BN362 :"d:\fh_mb_powerup_1106_shixu_ok_exit_fault_change_right_addcpuprsnt_ok_add_pull_down_add_pwrbmc_ctrl\mb\09\bm_h13dsp_s\rtl\source\common\timer_gen_50mhz.v":87:0:87:5|Removing sequential instance t128us (in view: work.timer_gen(verilog)) of type view:PrimLib.dffr(prim) because it does not drive other instances.
@N: BN362 :"d:\fh_mb_powerup_1106_shixu_ok_exit_fault_change_right_addcpuprsnt_ok_add_pull_down_add_pwrbmc_ctrl\mb\09\bm_h13dsp_s\rtl\source\common\timer_gen_50mhz.v":87:0:87:5|Removing sequential instance t512us (in view: work.timer_gen(verilog)) of type view:PrimLib.dffr(prim) because it does not drive other instances.
@N: BN362 :"d:\fh_mb_powerup_1106_shixu_ok_exit_fault_change_right_addcpuprsnt_ok_add_pull_down_add_pwrbmc_ctrl\mb\09\bm_h13dsp_s\rtl\source\common\timer_gen_50mhz.v":87:0:87:5|Removing sequential instance t2ms (in view: work.timer_gen(verilog)) of type view:PrimLib.dffr(prim) because it does not drive other instances.
@N: BN362 :"d:\fh_mb_powerup_1106_shixu_ok_exit_fault_change_right_addcpuprsnt_ok_add_pull_down_add_pwrbmc_ctrl\mb\09\bm_h13dsp_s\rtl\source\common\timer_gen_50mhz.v":87:0:87:5|Removing sequential instance t16ms (in view: work.timer_gen(verilog)) of type view:PrimLib.dffr(prim) because it does not drive other instances.
@N: BN362 :"d:\fh_mb_powerup_1106_shixu_ok_exit_fault_change_right_addcpuprsnt_ok_add_pull_down_add_pwrbmc_ctrl\mb\09\bm_h13dsp_s\rtl\source\common\timer_gen_50mhz.v":87:0:87:5|Removing sequential instance t64ms (in view: work.timer_gen(verilog)) of type view:PrimLib.dffr(prim) because it does not drive other instances.
@N: BN362 :"d:\fh_mb_powerup_1106_shixu_ok_exit_fault_change_right_addcpuprsnt_ok_add_pull_down_add_pwrbmc_ctrl\mb\09\bm_h13dsp_s\rtl\source\common\timer_gen_50mhz.v":87:0:87:5|Removing sequential instance t256ms (in view: work.timer_gen(verilog)) of type view:PrimLib.dffr(prim) because it does not drive other instances.
@N: BN362 :"d:\fh_mb_powerup_1106_shixu_ok_exit_fault_change_right_addcpuprsnt_ok_add_pull_down_add_pwrbmc_ctrl\mb\09\bm_h13dsp_s\rtl\source\uart\mcio_uart_master.v":252:0:252:5|Removing sequential instance par_data_out[15:0] (in view: work.UART_MASTER_Z2_19(verilog)) of type view:PrimLib.dffre(prim) because it does not drive other instances.
@N: BN362 :"d:\fh_mb_powerup_1106_shixu_ok_exit_fault_change_right_addcpuprsnt_ok_add_pull_down_add_pwrbmc_ctrl\mb\09\bm_h13dsp_s\rtl\source\uart\mcio_uart_master.v":252:0:252:5|Removing sequential instance error_flag (in view: work.UART_MASTER_Z2_19(verilog)) of type view:PrimLib.dffre(prim) because it does not drive other instances.
@N: BN362 :"d:\fh_mb_powerup_1106_shixu_ok_exit_fault_change_right_addcpuprsnt_ok_add_pull_down_add_pwrbmc_ctrl\mb\09\bm_h13dsp_s\rtl\source\uart\mcio_uart_master.v":252:0:252:5|Removing sequential instance par_data_out[15:0] (in view: work.UART_MASTER_Z2_18(verilog)) of type view:PrimLib.dffre(prim) because it does not drive other instances.
@N: BN362 :"d:\fh_mb_powerup_1106_shixu_ok_exit_fault_change_right_addcpuprsnt_ok_add_pull_down_add_pwrbmc_ctrl\mb\09\bm_h13dsp_s\rtl\source\uart\mcio_uart_master.v":252:0:252:5|Removing sequential instance error_flag (in view: work.UART_MASTER_Z2_18(verilog)) of type view:PrimLib.dffre(prim) because it does not drive other instances.
@N: BN362 :"d:\fh_mb_powerup_1106_shixu_ok_exit_fault_change_right_addcpuprsnt_ok_add_pull_down_add_pwrbmc_ctrl\mb\09\bm_h13dsp_s\rtl\source\uart\mcio_uart_master.v":252:0:252:5|Removing sequential instance error_flag (in view: work.UART_MASTER_Z2_17(verilog)) of type view:PrimLib.dffre(prim) because it does not drive other instances.
@N: BN362 :"d:\fh_mb_powerup_1106_shixu_ok_exit_fault_change_right_addcpuprsnt_ok_add_pull_down_add_pwrbmc_ctrl\mb\09\bm_h13dsp_s\rtl\source\uart\mcio_uart_master.v":252:0:252:5|Removing sequential instance error_flag (in view: work.UART_MASTER_Z2_16(verilog)) of type view:PrimLib.dffre(prim) because it does not drive other instances.
@N: BN362 :"d:\fh_mb_powerup_1106_shixu_ok_exit_fault_change_right_addcpuprsnt_ok_add_pull_down_add_pwrbmc_ctrl\mb\09\bm_h13dsp_s\rtl\source\uart\mcio_uart_master.v":252:0:252:5|Removing sequential instance error_flag (in view: work.UART_MASTER_Z2_15(verilog)) of type view:PrimLib.dffre(prim) because it does not drive other instances.
@N: BN362 :"d:\fh_mb_powerup_1106_shixu_ok_exit_fault_change_right_addcpuprsnt_ok_add_pull_down_add_pwrbmc_ctrl\mb\09\bm_h13dsp_s\rtl\source\uart\mcio_uart_master.v":252:0:252:5|Removing sequential instance error_flag (in view: work.UART_MASTER_Z2_14(verilog)) of type view:PrimLib.dffre(prim) because it does not drive other instances.
@N: BN362 :"d:\fh_mb_powerup_1106_shixu_ok_exit_fault_change_right_addcpuprsnt_ok_add_pull_down_add_pwrbmc_ctrl\mb\09\bm_h13dsp_s\rtl\source\uart\mcio_uart_master.v":252:0:252:5|Removing sequential instance error_flag (in view: work.UART_MASTER_Z2_13(verilog)) of type view:PrimLib.dffre(prim) because it does not drive other instances.
@N: BN362 :"d:\fh_mb_powerup_1106_shixu_ok_exit_fault_change_right_addcpuprsnt_ok_add_pull_down_add_pwrbmc_ctrl\mb\09\bm_h13dsp_s\rtl\source\uart\mcio_uart_master.v":252:0:252:5|Removing sequential instance error_flag (in view: work.UART_MASTER_Z2_12(verilog)) of type view:PrimLib.dffre(prim) because it does not drive other instances.
@N: BN362 :"d:\fh_mb_powerup_1106_shixu_ok_exit_fault_change_right_addcpuprsnt_ok_add_pull_down_add_pwrbmc_ctrl\mb\09\bm_h13dsp_s\rtl\source\uart\mcio_uart_master.v":252:0:252:5|Removing sequential instance error_flag (in view: work.UART_MASTER_Z2_11(verilog)) of type view:PrimLib.dffre(prim) because it does not drive other instances.
@N: BN362 :"d:\fh_mb_powerup_1106_shixu_ok_exit_fault_change_right_addcpuprsnt_ok_add_pull_down_add_pwrbmc_ctrl\mb\09\bm_h13dsp_s\rtl\source\uart\mcio_uart_master.v":252:0:252:5|Removing sequential instance error_flag (in view: work.UART_MASTER_Z2_10(verilog)) of type view:PrimLib.dffre(prim) because it does not drive other instances.
@N: BN362 :"d:\fh_mb_powerup_1106_shixu_ok_exit_fault_change_right_addcpuprsnt_ok_add_pull_down_add_pwrbmc_ctrl\mb\09\bm_h13dsp_s\rtl\source\uart\mcio_uart_master.v":252:0:252:5|Removing sequential instance error_flag (in view: work.UART_MASTER_Z2_9(verilog)) of type view:PrimLib.dffre(prim) because it does not drive other instances.
@N: BN362 :"d:\fh_mb_powerup_1106_shixu_ok_exit_fault_change_right_addcpuprsnt_ok_add_pull_down_add_pwrbmc_ctrl\mb\09\bm_h13dsp_s\rtl\source\uart\mcio_uart_master.v":252:0:252:5|Removing sequential instance error_flag (in view: work.UART_MASTER_Z2_8(verilog)) of type view:PrimLib.dffre(prim) because it does not drive other instances.
@N: BN362 :"d:\fh_mb_powerup_1106_shixu_ok_exit_fault_change_right_addcpuprsnt_ok_add_pull_down_add_pwrbmc_ctrl\mb\09\bm_h13dsp_s\rtl\source\uart\mcio_uart_master.v":252:0:252:5|Removing sequential instance error_flag (in view: work.UART_MASTER_Z2_7(verilog)) of type view:PrimLib.dffre(prim) because it does not drive other instances.
@N: BN362 :"d:\fh_mb_powerup_1106_shixu_ok_exit_fault_change_right_addcpuprsnt_ok_add_pull_down_add_pwrbmc_ctrl\mb\09\bm_h13dsp_s\rtl\source\uart\mcio_uart_master.v":252:0:252:5|Removing sequential instance error_flag (in view: work.UART_MASTER_Z2_6(verilog)) of type view:PrimLib.dffre(prim) because it does not drive other instances.
@N: BN362 :"d:\fh_mb_powerup_1106_shixu_ok_exit_fault_change_right_addcpuprsnt_ok_add_pull_down_add_pwrbmc_ctrl\mb\09\bm_h13dsp_s\rtl\source\uart\mcio_uart_master.v":252:0:252:5|Removing sequential instance error_flag (in view: work.UART_MASTER_Z2_5(verilog)) of type view:PrimLib.dffre(prim) because it does not drive other instances.
@N: BN362 :"d:\fh_mb_powerup_1106_shixu_ok_exit_fault_change_right_addcpuprsnt_ok_add_pull_down_add_pwrbmc_ctrl\mb\09\bm_h13dsp_s\rtl\source\uart\mcio_uart_master.v":252:0:252:5|Removing sequential instance error_flag (in view: work.UART_MASTER_Z2_4(verilog)) of type view:PrimLib.dffre(prim) because it does not drive other instances.
@N: BN362 :"d:\fh_mb_powerup_1106_shixu_ok_exit_fault_change_right_addcpuprsnt_ok_add_pull_down_add_pwrbmc_ctrl\mb\09\bm_h13dsp_s\rtl\source\uart\mcio_uart_master.v":252:0:252:5|Removing sequential instance error_flag (in view: work.UART_MASTER_Z2_3(verilog)) of type view:PrimLib.dffre(prim) because it does not drive other instances.
@N: BN362 :"d:\fh_mb_powerup_1106_shixu_ok_exit_fault_change_right_addcpuprsnt_ok_add_pull_down_add_pwrbmc_ctrl\mb\09\bm_h13dsp_s\rtl\source\uart\mcio_uart_master.v":252:0:252:5|Removing sequential instance error_flag (in view: work.UART_MASTER_Z2_2(verilog)) of type view:PrimLib.dffre(prim) because it does not drive other instances.
@N: BN362 :"d:\fh_mb_powerup_1106_shixu_ok_exit_fault_change_right_addcpuprsnt_ok_add_pull_down_add_pwrbmc_ctrl\mb\09\bm_h13dsp_s\rtl\source\uart\mcio_uart_master.v":252:0:252:5|Removing sequential instance error_flag (in view: work.UART_MASTER_Z2_1(verilog)) of type view:PrimLib.dffre(prim) because it does not drive other instances.
@N: BN362 :"d:\fh_mb_powerup_1106_shixu_ok_exit_fault_change_right_addcpuprsnt_ok_add_pull_down_add_pwrbmc_ctrl\mb\09\bm_h13dsp_s\rtl\source\uart\mcio_uart_master.v":252:0:252:5|Removing sequential instance error_flag (in view: work.UART_MASTER_Z2_0(verilog)) of type view:PrimLib.dffre(prim) because it does not drive other instances.
@N: BN362 :"d:\fh_mb_powerup_1106_shixu_ok_exit_fault_change_right_addcpuprsnt_ok_add_pull_down_add_pwrbmc_ctrl\mb\09\bm_h13dsp_s\rtl\source\common\uid_function.v":171:0:171:5|Removing sequential instance r_BMC_UID_CPLD_N (in view: work.UID_Function_5_0_1_31s_154_247_0_255_1_Z4(verilog)) of type view:PrimLib.dffs(prim) because it does not drive other instances.
@N: BN362 :"d:\fh_mb_powerup_1106_shixu_ok_exit_fault_change_right_addcpuprsnt_ok_add_pull_down_add_pwrbmc_ctrl\mb\09\bm_h13dsp_s\rtl\source\common\uid_function.v":171:0:171:5|Removing sequential instance r_uid_act_st[7:0] (in view: work.UID_Function_5_0_1_31s_154_247_0_255_1_Z4(verilog)) of type view:PrimLib.dffre(prim) because it does not drive other instances.
@N: BN362 :"d:\fh_mb_powerup_1106_shixu_ok_exit_fault_change_right_addcpuprsnt_ok_add_pull_down_add_pwrbmc_ctrl\mb\09\bm_h13dsp_s\rtl\source\common\pon_reset.v":61:0:61:5|Removing sequential instance pgd_aux_system_reg (in view: work.pon_reset(verilog)) of type view:PrimLib.sdffr(prim) because it does not drive other instances.
@N: BN362 :"d:\fh_mb_powerup_1106_shixu_ok_exit_fault_change_right_addcpuprsnt_ok_add_pull_down_add_pwrbmc_ctrl\mb\09\bm_h13dsp_s\rtl\source\common\edge_detect.v":59:0:59:5|Removing sequential instance r_signal_d (in view: work.Edge_Detect_2(verilog)) of type view:PrimLib.dffr(prim) because it does not drive other instances.
@N: BN362 :"d:\fh_mb_powerup_1106_shixu_ok_exit_fault_change_right_addcpuprsnt_ok_add_pull_down_add_pwrbmc_ctrl\mb\09\bm_h13dsp_s\rtl\source\common\edge_detect.v":59:0:59:5|Removing sequential instance r_signal_d (in view: work.Edge_Detect_0(verilog)) of type view:PrimLib.dffr(prim) because it does not drive other instances.
@N: BN362 :"d:\fh_mb_powerup_1106_shixu_ok_exit_fault_change_right_addcpuprsnt_ok_add_pull_down_add_pwrbmc_ctrl\mb\09\bm_h13dsp_s\rtl\source\common\edge_detect.v":59:0:59:5|Removing sequential instance r_signal_c (in view: work.Edge_Detect_2(verilog)) of type view:PrimLib.dffr(prim) because it does not drive other instances.
@N: BN362 :"d:\fh_mb_powerup_1106_shixu_ok_exit_fault_change_right_addcpuprsnt_ok_add_pull_down_add_pwrbmc_ctrl\mb\09\bm_h13dsp_s\rtl\source\common\edge_detect.v":59:0:59:5|Removing sequential instance r_signal_c (in view: work.Edge_Detect_0(verilog)) of type view:PrimLib.dffr(prim) because it does not drive other instances.
@N: BN362 :"d:\fh_mb_powerup_1106_shixu_ok_exit_fault_change_right_addcpuprsnt_ok_add_pull_down_add_pwrbmc_ctrl\mb\09\bm_h13dsp_s\rtl\source\uart\mcio_uart_master.v":201:0:201:5|Removing sequential instance reg_par_data_out[21:0] (in view: work.UART_MASTER_Z2_19(verilog)) of type view:PrimLib.dffe(prim) because it does not drive other instances.
@N: BN362 :"d:\fh_mb_powerup_1106_shixu_ok_exit_fault_change_right_addcpuprsnt_ok_add_pull_down_add_pwrbmc_ctrl\mb\09\bm_h13dsp_s\rtl\source\uart\mcio_uart_master.v":201:0:201:5|Removing sequential instance reg_par_data_out[21:0] (in view: work.UART_MASTER_Z2_18(verilog)) of type view:PrimLib.dffe(prim) because it does not drive other instances.
@N: BN362 :"d:\fh_mb_powerup_1106_shixu_ok_exit_fault_change_right_addcpuprsnt_ok_add_pull_down_add_pwrbmc_ctrl\mb\09\bm_h13dsp_s\rtl\source\common\uid_function.v":171:0:171:5|Removing sequential instance r_flag_uid[2:0] (in view: work.UID_Function_5_0_1_31s_154_247_0_255_1_Z4(verilog)) of type view:PrimLib.statemachine(prim) because it does not drive other instances.
@N: BN115 :"d:\fh_mb_powerup_1106_shixu_ok_exit_fault_change_right_addcpuprsnt_ok_add_pull_down_add_pwrbmc_ctrl\mb\09\bm_h13dsp_s\rtl\source\common\uid_function.v":377:12:377:25|Removing instance Edge_Detect_U1 (in view: work.UID_Function_5_0_1_31s_154_247_0_255_1_Z4(verilog)) because it does not drive other instances.
@N: BN362 :"d:\fh_mb_powerup_1106_shixu_ok_exit_fault_change_right_addcpuprsnt_ok_add_pull_down_add_pwrbmc_ctrl\mb\09\bm_h13dsp_s\rtl\source\common\edge_detect.v":59:0:59:5|Removing sequential instance r_signal_d (in view: work.Edge_Detect_1(verilog)) of type view:PrimLib.dffr(prim) because it does not drive other instances.
@N: BN362 :"d:\fh_mb_powerup_1106_shixu_ok_exit_fault_change_right_addcpuprsnt_ok_add_pull_down_add_pwrbmc_ctrl\mb\09\bm_h13dsp_s\rtl\source\common\edge_detect.v":59:0:59:5|Removing sequential instance r_signal_c (in view: work.Edge_Detect_1(verilog)) of type view:PrimLib.dffr(prim) because it does not drive other instances.
@N: BN362 :"d:\fh_mb_powerup_1106_shixu_ok_exit_fault_change_right_addcpuprsnt_ok_add_pull_down_add_pwrbmc_ctrl\mb\09\bm_h13dsp_s\rtl\source\common\uid_function.v":125:0:125:5|Removing sequential instance r_cnt_pulse[8:0] (in view: work.UID_Function_5_0_1_31s_154_247_0_255_1_Z4(verilog)) of type view:PrimLib.dffr(prim) because it does not drive other instances.
@N: BN362 :"d:\fh_mb_powerup_1106_shixu_ok_exit_fault_change_right_addcpuprsnt_ok_add_pull_down_add_pwrbmc_ctrl\mb\09\bm_h13dsp_s\rtl\source\common\uid_function.v":160:0:160:5|Removing sequential instance r_pulse_nHz (in view: work.UID_Function_5_0_1_31s_154_247_0_255_1_Z4(verilog)) of type view:PrimLib.dffre(prim) because it does not drive other instances.
@N: BN362 :"d:\fh_mb_powerup_1106_shixu_ok_exit_fault_change_right_addcpuprsnt_ok_add_pull_down_add_pwrbmc_ctrl\mb\09\bm_h13dsp_s\rtl\source\common\uid_function.v":146:0:146:5|Removing sequential instance r_cnt_pulse_set[9:0] (in view: work.UID_Function_5_0_1_31s_154_247_0_255_1_Z4(verilog)) of type view:PrimLib.dffpatre(prim) because it does not drive other instances.
@N: BN362 :"d:\fh_mb_powerup_1106_shixu_ok_exit_fault_change_right_addcpuprsnt_ok_add_pull_down_add_pwrbmc_ctrl\mb\09\bm_h13dsp_s\rtl\source\common\timer_gen_50mhz.v":230:0:230:5|Removing sequential instance clk_2p5hz (in view: work.timer_gen(verilog)) of type view:PrimLib.dffre(prim) because it does not drive other instances.
@N: BN362 :"d:\fh_mb_powerup_1106_shixu_ok_exit_fault_change_right_addcpuprsnt_ok_add_pull_down_add_pwrbmc_ctrl\mb\09\bm_h13dsp_s\rtl\source\common\timer_gen_50mhz.v":133:0:133:5|Removing sequential instance clk_4hz (in view: work.timer_gen(verilog)) of type view:PrimLib.dffre(prim) because it does not drive other instances.
@N: BN362 :"d:\fh_mb_powerup_1106_shixu_ok_exit_fault_change_right_addcpuprsnt_ok_add_pull_down_add_pwrbmc_ctrl\mb\09\bm_h13dsp_s\rtl\source\common\timer_gen_50mhz.v":133:0:133:5|Removing sequential instance clk_1hz (in view: work.timer_gen(verilog)) of type view:PrimLib.dffre(prim) because it does not drive other instances.
@N: BN362 :"d:\fh_mb_powerup_1106_shixu_ok_exit_fault_change_right_addcpuprsnt_ok_add_pull_down_add_pwrbmc_ctrl\mb\09\bm_h13dsp_s\rtl\source\common\timer_gen_50mhz.v":133:0:133:5|Removing sequential instance clk_0p5hz (in view: work.timer_gen(verilog)) of type view:PrimLib.dffre(prim) because it does not drive other instances.
@N: BN362 :"d:\fh_mb_powerup_1106_shixu_ok_exit_fault_change_right_addcpuprsnt_ok_add_pull_down_add_pwrbmc_ctrl\mb\09\bm_h13dsp_s\rtl\source\common\timer_gen_50mhz.v":87:0:87:5|Removing sequential instance t32us (in view: work.timer_gen(verilog)) of type view:PrimLib.dffr(prim) because it does not drive other instances.
@N: BN362 :"d:\fh_mb_powerup_1106_shixu_ok_exit_fault_change_right_addcpuprsnt_ok_add_pull_down_add_pwrbmc_ctrl\mb\09\bm_h13dsp_s\rtl\source\common\timer_gen_50mhz.v":230:0:230:5|Removing sequential instance t200ms_tmr[2:0] (in view: work.timer_gen(verilog)) of type view:PrimLib.dffpatre(prim) because it does not drive other instances.
@N: BN362 :"d:\fh_mb_powerup_1106_shixu_ok_exit_fault_change_right_addcpuprsnt_ok_add_pull_down_add_pwrbmc_ctrl\mb\09\bm_h13dsp_s\rtl\source\common\timer_gen_50mhz.v":194:0:194:5|Removing sequential instance clk_16m6_q2_count[1:0] (in view: work.timer_gen(verilog)) of type view:PrimLib.dffr(prim) because it does not drive other instances.
@N: BN362 :"d:\fh_mb_powerup_1106_shixu_ok_exit_fault_change_right_addcpuprsnt_ok_add_pull_down_add_pwrbmc_ctrl\mb\09\bm_h13dsp_s\rtl\source\common\timer_gen_50mhz.v":171:0:171:5|Removing sequential instance clk_16m6_q1_count[1:0] (in view: work.timer_gen(verilog)) of type view:PrimLib.dffr(prim) because it does not drive other instances.
@N: BN362 :"d:\fh_mb_powerup_1106_shixu_ok_exit_fault_change_right_addcpuprsnt_ok_add_pull_down_add_pwrbmc_ctrl\mb\09\bm_h13dsp_s\rtl\source\common\timer_gen_50mhz.v":87:0:87:5|Removing sequential instance t512ms (in view: work.timer_gen(verilog)) of type view:PrimLib.dffr(prim) because it does not drive other instances.
@N: BN362 :"d:\fh_mb_powerup_1106_shixu_ok_exit_fault_change_right_addcpuprsnt_ok_add_pull_down_add_pwrbmc_ctrl\mb\09\bm_h13dsp_s\rtl\source\common\timer_gen_50mhz.v":87:0:87:5|Removing sequential instance t1s (in view: work.timer_gen(verilog)) of type view:PrimLib.dffr(prim) because it does not drive other instances.
@N: BN362 :"d:\fh_mb_powerup_1106_shixu_ok_exit_fault_change_right_addcpuprsnt_ok_add_pull_down_add_pwrbmc_ctrl\mb\09\bm_h13dsp_s\rtl\source\common\timer_gen_50mhz.v":37:2:37:7|Removing sequential instance cnt20ns[2:0] (in view: work.timer_gen(verilog)) of type view:PrimLib.dffr(prim) because it does not drive other instances.
@N: BN362 :"d:\fh_mb_powerup_1106_shixu_ok_exit_fault_change_right_addcpuprsnt_ok_add_pull_down_add_pwrbmc_ctrl\mb\09\bm_h13dsp_s\rtl\source\common\timer_gen_50mhz.v":47:2:47:7|Removing sequential instance t80ns (in view: work.timer_gen(verilog)) of type view:PrimLib.dffr(prim) because it does not drive other instances.
@N: BN362 :"d:\fh_mb_powerup_1106_shixu_ok_exit_fault_change_right_addcpuprsnt_ok_add_pull_down_add_pwrbmc_ctrl\mb\09\bm_h13dsp_s\rtl\source\common\timer_gen_50mhz.v":194:0:194:5|Removing sequential instance clk_16m6_q2 (in view: work.timer_gen(verilog)) of type view:PrimLib.dffre(prim) because it does not drive other instances.
@N: BN362 :"d:\fh_mb_powerup_1106_shixu_ok_exit_fault_change_right_addcpuprsnt_ok_add_pull_down_add_pwrbmc_ctrl\mb\09\bm_h13dsp_s\rtl\source\common\timer_gen_50mhz.v":171:0:171:5|Removing sequential instance clk_16m6_q1 (in view: work.timer_gen(verilog)) of type view:PrimLib.dffre(prim) because it does not drive other instances.
@N: BN362 :"d:\fh_mb_powerup_1106_shixu_ok_exit_fault_change_right_addcpuprsnt_ok_add_pull_down_add_pwrbmc_ctrl\mb\09\bm_h13dsp_s\rtl\source\common\timer_gen_50mhz.v":133:0:133:5|Removing sequential instance clk_16khz (in view: work.timer_gen(verilog)) of type view:PrimLib.dffre(prim) because it does not drive other instances.
@N: BN362 :"d:\fh_mb_powerup_1106_shixu_ok_exit_fault_change_right_addcpuprsnt_ok_add_pull_down_add_pwrbmc_ctrl\mb\09\bm_h13dsp_s\rtl\source\common\timer_gen_50mhz.v":133:0:133:5|Removing sequential instance clk_6m25 (in view: work.timer_gen(verilog)) of type view:PrimLib.dffre(prim) because it does not drive other instances.
@N: BN362 :"d:\fh_mb_powerup_1106_shixu_ok_exit_fault_change_right_addcpuprsnt_ok_add_pull_down_add_pwrbmc_ctrl\mb\09\bm_h13dsp_s\rtl\source\common\pon_reset.v":43:0:43:5|Removing sequential instance reset2_reg[2:0] (in view: work.pon_reset(verilog)) of type view:PrimLib.dffr(prim) because it does not drive other instances.
Encoding state machine curr_state[5:0] (in view: work.UART_MASTER_Z2_19(verilog))
original code -> new code
   000 -> 000001
   001 -> 000010
   010 -> 000100
   011 -> 001000
   100 -> 010000
   101 -> 100000
Encoding state machine curr_state[5:0] (in view: work.UART_MASTER_Z2_18(verilog))
original code -> new code
   000 -> 000001
   001 -> 000010
   010 -> 000100
   011 -> 001000
   100 -> 010000
   101 -> 100000
Encoding state machine curr_state[5:0] (in view: work.UART_MASTER_Z2_17(verilog))
original code -> new code
   000 -> 000001
   001 -> 000010
   010 -> 000100
   011 -> 001000
   100 -> 010000
   101 -> 100000
Encoding state machine curr_state[5:0] (in view: work.UART_MASTER_Z2_16(verilog))
original code -> new code
   000 -> 000001
   001 -> 000010
   010 -> 000100
   011 -> 001000
   100 -> 010000
   101 -> 100000
Encoding state machine curr_state[5:0] (in view: work.UART_MASTER_Z2_15(verilog))
original code -> new code
   000 -> 000001
   001 -> 000010
   010 -> 000100
   011 -> 001000
   100 -> 010000
   101 -> 100000
Encoding state machine curr_state[5:0] (in view: work.UART_MASTER_Z2_14(verilog))
original code -> new code
   000 -> 000001
   001 -> 000010
   010 -> 000100
   011 -> 001000
   100 -> 010000
   101 -> 100000
Encoding state machine curr_state[5:0] (in view: work.UART_MASTER_Z2_13(verilog))
original code -> new code
   000 -> 000001
   001 -> 000010
   010 -> 000100
   011 -> 001000
   100 -> 010000
   101 -> 100000
Encoding state machine curr_state[5:0] (in view: work.UART_MASTER_Z2_12(verilog))
original code -> new code
   000 -> 000001
   001 -> 000010
   010 -> 000100
   011 -> 001000
   100 -> 010000
   101 -> 100000
Encoding state machine curr_state[5:0] (in view: work.UART_MASTER_Z2_11(verilog))
original code -> new code
   000 -> 000001
   001 -> 000010
   010 -> 000100
   011 -> 001000
   100 -> 010000
   101 -> 100000
Encoding state machine curr_state[5:0] (in view: work.UART_MASTER_Z2_10(verilog))
original code -> new code
   000 -> 000001
   001 -> 000010
   010 -> 000100
   011 -> 001000
   100 -> 010000
   101 -> 100000
Encoding state machine curr_state[5:0] (in view: work.UART_MASTER_Z2_9(verilog))
original code -> new code
   000 -> 000001
   001 -> 000010
   010 -> 000100
   011 -> 001000
   100 -> 010000
   101 -> 100000
Encoding state machine curr_state[5:0] (in view: work.UART_MASTER_Z2_8(verilog))
original code -> new code
   000 -> 000001
   001 -> 000010
   010 -> 000100
   011 -> 001000
   100 -> 010000
   101 -> 100000
Encoding state machine curr_state[5:0] (in view: work.UART_MASTER_Z2_7(verilog))
original code -> new code
   000 -> 000001
   001 -> 000010
   010 -> 000100
   011 -> 001000
   100 -> 010000
   101 -> 100000
Encoding state machine curr_state[5:0] (in view: work.UART_MASTER_Z2_6(verilog))
original code -> new code
   000 -> 000001
   001 -> 000010
   010 -> 000100
   011 -> 001000
   100 -> 010000
   101 -> 100000
Encoding state machine curr_state[5:0] (in view: work.UART_MASTER_Z2_5(verilog))
original code -> new code
   000 -> 000001
   001 -> 000010
   010 -> 000100
   011 -> 001000
   100 -> 010000
   101 -> 100000
Encoding state machine curr_state[5:0] (in view: work.UART_MASTER_Z2_4(verilog))
original code -> new code
   000 -> 000001
   001 -> 000010
   010 -> 000100
   011 -> 001000
   100 -> 010000
   101 -> 100000
Encoding state machine curr_state[5:0] (in view: work.UART_MASTER_Z2_3(verilog))
original code -> new code
   000 -> 000001
   001 -> 000010
   010 -> 000100
   011 -> 001000
   100 -> 010000
   101 -> 100000
Encoding state machine curr_state[5:0] (in view: work.UART_MASTER_Z2_2(verilog))
original code -> new code
   000 -> 000001
   001 -> 000010
   010 -> 000100
   011 -> 001000
   100 -> 010000
   101 -> 100000
Encoding state machine curr_state[5:0] (in view: work.UART_MASTER_Z2_1(verilog))
original code -> new code
   000 -> 000001
   001 -> 000010
   010 -> 000100
   011 -> 001000
   100 -> 010000
   101 -> 100000
Encoding state machine curr_state[5:0] (in view: work.UART_MASTER_Z2_0(verilog))
original code -> new code
   000 -> 000001
   001 -> 000010
   010 -> 000100
   011 -> 001000
   100 -> 010000
   101 -> 100000
Encoding state machine r_I2C_state[19:0] (in view: work.i2c_slave_basic0_3s_16s(verilog))
original code -> new code
   00000 -> 00000000000000000001
   00001 -> 00000000000000000010
   00010 -> 00000000000000000100
   00011 -> 00000000000000001000
   00100 -> 00000000000000010000
   00101 -> 00000000000000100000
   00110 -> 00000000000001000000
   00111 -> 00000000000010000000
   01000 -> 00000000000100000000
   01001 -> 00000000001000000000
   01010 -> 00000000010000000000
   01011 -> 00000000100000000000
   01100 -> 00000001000000000000
   01101 -> 00000010000000000000
   01110 -> 00000100000000000000
   01111 -> 00001000000000000000
   10000 -> 00010000000000000000
   10001 -> 00100000000000000000
   10010 -> 01000000000000000000
   10011 -> 10000000000000000000

Starting clock optimization phase (Real Time elapsed 0h:00m:01s; CPU Time elapsed 0h:00m:01s; Memory used current: 271MB peak: 271MB)


mixed edge conversion for GCC is OFF
@W: BZ204 :"d:\fh_mb_powerup_1106_shixu_ok_exit_fault_change_right_addcpuprsnt_ok_add_pull_down_add_pwrbmc_ctrl\mb\09\bm_h13dsp_s\rtl\source\pll\pll_i25m_o50m_o25m.v":67:12:67:20|GCC unable to propagate clocks through gate pll_inst.PLLInst_0; all outputs will be treated as enables regardless of whether any inputs are clocks
@W: BZ240 :|GCC encountered Inferred Clock constraint on net GCC considers to be data pll_inst.CLKOP; this will likely lead to failure to convert
@W: BZ240 :|GCC encountered Inferred Clock constraint on net GCC considers to be data pll_inst.CLKOS; this will likely lead to failure to convert
@N: MF578 |Incompatible asynchronous control logic preventing generated clock conversion.
@W: BZ240 :|GCC encountered Inferred Clock constraint on net GCC considers to be data bmc_cpld_i2c_ram_u0.i2c_slave_bmc_u0.w_i2c_command_1; this will likely lead to failure to convert

Finished clock optimization phase (Real Time elapsed 0h:00m:01s; CPU Time elapsed 0h:00m:01s; Memory used current: 271MB peak: 271MB)

@W: BZ101 |Potential glitch can occur at the output of 1 instances  
@N: MT611 :|Automatically generated clock i2c_slave_bmc_16s|w_i2c_command_1_inferred_clock is not used and is being removed

Starting clock optimization report phase (Real Time elapsed 0h:00m:01s; CPU Time elapsed 0h:00m:01s; Memory used current: 272MB peak: 272MB)


Finished clock optimization report phase (Real Time elapsed 0h:00m:01s; CPU Time elapsed 0h:00m:01s; Memory used current: 272MB peak: 272MB)

@N: FX1184 |Applying syn_allowed_resources blockrams=240 on top level netlist BM_H13DSP_S 

Finished netlist restructuring (Real Time elapsed 0h:00m:01s; CPU Time elapsed 0h:00m:01s; Memory used current: 272MB peak: 272MB)



Clock Summary
******************

          Start                                       Requested     Requested     Clock        Clock          Clock
Level     Clock                                       Frequency     Period        Type         Group          Load 
-------------------------------------------------------------------------------------------------------------------
0 -       pll_i25M_o50M_o25M|CLKOP_inferred_clock     100.0 MHz     10.000        inferred     (multiple)     1761 
                                                                                                                   
0 -       pll_i25M_o50M_o25M|CLKOS_inferred_clock     100.0 MHz     10.000        inferred     (multiple)     258  
===================================================================================================================



Clock Load Summary
***********************

                                            Clock     Source                                Clock Pin                                 Non-clock Pin     Non-clock Pin
Clock                                       Load      Pin                                   Seq Example                               Seq Example       Comb Example 
---------------------------------------------------------------------------------------------------------------------------------------------------------------------
pll_i25M_o50M_o25M|CLKOP_inferred_clock     1761      pll_inst.PLLInst_0.CLKOP(EHXPLLJ)     r_pal_bios_online_update_en.C             -                 -            
                                                                                                                                                                     
pll_i25M_o50M_o25M|CLKOS_inferred_clock     258       pll_inst.PLLInst_0.CLKOS(EHXPLLJ)     bmc_cpld_i2c_ram_u0.r_reg_0006[7:0].C     -                 -            
=====================================================================================================================================================================

@W: MT531 :"d:\fh_mb_powerup_1106_shixu_ok_exit_fault_change_right_addcpuprsnt_ok_add_pull_down_add_pwrbmc_ctrl\mb\09\bm_h13dsp_s\rtl\source\bmc_i2c\i2c_slave_bmc.v":133:25:133:109|Found signal identified as System clock which controls 16 sequential elements including bmc_cpld_i2c_ram_u0.i2c_slave_bmc_u0.w_i2c_command[15].  Using this clock, which has no specified timing constraint, can prevent conversion of gated or generated clocks and can adversely impact design performance. 
@W: MT529 :"d:\fh_mb_powerup_1106_shixu_ok_exit_fault_change_right_addcpuprsnt_ok_add_pull_down_add_pwrbmc_ctrl\mb\09\bm_h13dsp_s\rtl\source\common\pon_reset.v":43:0:43:5|Found inferred clock pll_i25M_o50M_o25M|CLKOP_inferred_clock which controls 1761 sequential elements including pon_reset_inst.reset1_reg[2:0]. This clock has no specified timing constraint which may prevent conversion of gated or generated clocks and may adversely impact design performance. 
@W: MT529 :"d:\fh_mb_powerup_1106_shixu_ok_exit_fault_change_right_addcpuprsnt_ok_add_pull_down_add_pwrbmc_ctrl\mb\09\bm_h13dsp_s\rtl\source\bmc_i2c\i2c_slave_basic0.v":279:0:279:5|Found inferred clock pll_i25M_o50M_o25M|CLKOS_inferred_clock which controls 258 sequential elements including bmc_cpld_i2c_ram_u0.i2c_slave_bmc_u0.i2c_slave_basic0_u0.r_I2C_state[19]. This clock has no specified timing constraint which may prevent conversion of gated or generated clocks and may adversely impact design performance. 

ICG Latch Removal Summary:
Number of ICG latches removed: 0
Number of ICG latches not removed:	0


@S |Clock Optimization Summary



#### START OF PREMAP CLOCK OPTIMIZATION REPORT #####[

0 non-gated/non-generated clock tree(s) driving 0 clock pin(s) of sequential element(s)
3 gated/generated clock tree(s) driving 2035 clock pin(s) of sequential element(s)
0 instances converted, 2035 sequential instances remain driven by gated/generated clocks

=============================================================================================== Gated/Generated Clocks ================================================================================================
Clock Tree ID     Driving Element                                              Drive Element Type     Unconverted Fanout     Sample Instance                                            Explanation                    
-----------------------------------------------------------------------------------------------------------------------------------------------------------------------------------------------------------------------
@KP:ckid0_1       pll_inst.PLLInst_0.CLKOS                                     EHXPLLJ                258                    bmc_cpld_i2c_ram_u0.r_i2c_data_in[7:0]                     Clock source is invalid for GCC
@KP:ckid0_3       bmc_cpld_i2c_ram_u0.i2c_slave_bmc_u0.w_i2c_command_1.OUT     and                    16                     bmc_cpld_i2c_ram_u0.i2c_slave_bmc_u0.w_i2c_command[15]     Clock source is invalid for GCC
@KP:ckid0_5       pll_inst.PLLInst_0.CLKOP                                     EHXPLLJ                1761                   mcpld_to_scpld_data_filter[28:19]                          Clock source is invalid for GCC
=======================================================================================================================================================================================================================


##### END OF CLOCK OPTIMIZATION REPORT ######


Summary of user generated gated clocks:
0 user generated gated/generated clock tree(s) driving 0 clock pin(s) of sequential element(s)

@N: FX1143 |Skipping assigning INTERNAL_VREF to iobanks, because the table of mapping from pin to iobank is not initialized.
Finished Pre Mapping Phase.

Starting constraint checker (Real Time elapsed 0h:00m:02s; CPU Time elapsed 0h:00m:02s; Memory used current: 269MB peak: 272MB)


Finished constraint checker preprocessing (Real Time elapsed 0h:00m:02s; CPU Time elapsed 0h:00m:02s; Memory used current: 271MB peak: 272MB)


Finished constraint checker (Real Time elapsed 0h:00m:02s; CPU Time elapsed 0h:00m:02s; Memory used current: 274MB peak: 274MB)

Pre-mapping successful!

At Mapper Exit (Real Time elapsed 0h:00m:02s; CPU Time elapsed 0h:00m:02s; Memory used current: 180MB peak: 274MB)

Process took 0h:00m:02s realtime, 0h:00m:02s cputime
# Tue Nov 18 14:49:52 2025

###########################################################]
Map & Optimize Report

# Tue Nov 18 14:49:52 2025


Copyright (C) 1994-2023 Synopsys, Inc.
This Synopsys software and all associated documentation are proprietary to Synopsys, Inc.
and may only be used pursuant to the terms and conditions of a written license agreement
with Synopsys, Inc. All other use, reproduction, modification, or distribution of the
Synopsys software or the associated documentation is strictly prohibited.
Tool: Synplify Pro (R)
Build: V-2023.09L-2
Install: C:\lscc\diamond\3_14\synpbase
OS: Windows 10 or later
Hostname: X02567XL

Implementation : impl1
Synopsys Lattice Technology Mapper, Version map202309lat, Build 191R, Built Sep 17 2024 10:38:50, @


Mapper Startup Complete (Real Time elapsed 0h:00m:00s; CPU Time elapsed 0h:00m:00s; Memory used current: 181MB peak: 181MB)

@N: MF916 |Option synthesis_strategy=base is enabled. 
@N: MF248 |Running in 64-bit mode.
@N: MF666 |Clock conversion enabled. (Command "set_option -fix_gated_and_generated_clocks 1" in the project file.)

Design Input Complete (Real Time elapsed 0h:00m:00s; CPU Time elapsed 0h:00m:00s; Memory used current: 183MB peak: 197MB)


Mapper Initialization Complete (Real Time elapsed 0h:00m:00s; CPU Time elapsed 0h:00m:00s; Memory used current: 183MB peak: 197MB)


Start loading timing files (Real Time elapsed 0h:00m:00s; CPU Time elapsed 0h:00m:00s; Memory used current: 198MB peak: 198MB)


Finished loading timing files (Real Time elapsed 0h:00m:00s; CPU Time elapsed 0h:00m:00s; Memory used current: 199MB peak: 201MB)



Starting Optimization and Mapping (Real Time elapsed 0h:00m:00s; CPU Time elapsed 0h:00m:00s; Memory used current: 255MB peak: 255MB)

@N: MO111 :"d:\fh_mb_powerup_1106_shixu_ok_exit_fault_change_right_addcpuprsnt_ok_add_pull_down_add_pwrbmc_ctrl\mb\09\bm_h13dsp_s\rtl\include\bm_h13dsp_s_va_port.v":378:7:378:26|Tristate driver o_CPLD1_CPLD2_RSV1_R (in view: work.BM_H13DSP_S(verilog)) on net o_CPLD1_CPLD2_RSV1_R (in view: work.BM_H13DSP_S(verilog)) has its enable tied to GND.
@N: MO111 :"d:\fh_mb_powerup_1106_shixu_ok_exit_fault_change_right_addcpuprsnt_ok_add_pull_down_add_pwrbmc_ctrl\mb\09\bm_h13dsp_s\rtl\source\bm_h13dsp_s_top.v":2011:30:2011:33|Tristate driver o_P0_SPI_TPM_CS_N_3V3 (in view: work.BM_H13DSP_S(verilog)) on net o_P0_SPI_TPM_CS_N_3V3 (in view: work.BM_H13DSP_S(verilog)) has its enable tied to GND.
@N: MO111 :"d:\fh_mb_powerup_1106_shixu_ok_exit_fault_change_right_addcpuprsnt_ok_add_pull_down_add_pwrbmc_ctrl\mb\09\bm_h13dsp_s\rtl\source\bm_h13dsp_s_top.v":2011:30:2011:33|Tristate driver o_M2_GPIO7_R (in view: work.BM_H13DSP_S(verilog)) on net o_M2_GPIO7_R (in view: work.BM_H13DSP_S(verilog)) has its enable tied to GND.
@N: MO111 :"d:\fh_mb_powerup_1106_shixu_ok_exit_fault_change_right_addcpuprsnt_ok_add_pull_down_add_pwrbmc_ctrl\mb\09\bm_h13dsp_s\rtl\source\bm_h13dsp_s_top.v":2011:30:2011:33|Tristate driver o_M2_GPIO6_R (in view: work.BM_H13DSP_S(verilog)) on net o_M2_GPIO6_R (in view: work.BM_H13DSP_S(verilog)) has its enable tied to GND.
@N: MO111 :"d:\fh_mb_powerup_1106_shixu_ok_exit_fault_change_right_addcpuprsnt_ok_add_pull_down_add_pwrbmc_ctrl\mb\09\bm_h13dsp_s\rtl\source\bm_h13dsp_s_top.v":2011:30:2011:33|Tristate driver o_SATA1_RSV (in view: work.BM_H13DSP_S(verilog)) on net o_SATA1_RSV (in view: work.BM_H13DSP_S(verilog)) has its enable tied to GND.
@N: MO111 :"d:\fh_mb_powerup_1106_shixu_ok_exit_fault_change_right_addcpuprsnt_ok_add_pull_down_add_pwrbmc_ctrl\mb\09\bm_h13dsp_s\rtl\source\bm_h13dsp_s_top.v":2011:30:2011:33|Tristate driver o_PAL_SPI1_BMC_HOLD (in view: work.BM_H13DSP_S(verilog)) on net o_PAL_SPI1_BMC_HOLD (in view: work.BM_H13DSP_S(verilog)) has its enable tied to GND.
@N: MO111 :"d:\fh_mb_powerup_1106_shixu_ok_exit_fault_change_right_addcpuprsnt_ok_add_pull_down_add_pwrbmc_ctrl\mb\09\bm_h13dsp_s\rtl\source\bm_h13dsp_s_top.v":2011:30:2011:33|Tristate driver o_BIOS_FLASH_RESET_R_N (in view: work.BM_H13DSP_S(verilog)) on net o_BIOS_FLASH_RESET_R_N (in view: work.BM_H13DSP_S(verilog)) has its enable tied to GND.
@N: MO111 :"d:\fh_mb_powerup_1106_shixu_ok_exit_fault_change_right_addcpuprsnt_ok_add_pull_down_add_pwrbmc_ctrl\mb\09\bm_h13dsp_s\rtl\source\bm_h13dsp_s_top.v":2011:30:2011:33|Tristate driver o_PCIE_SATA_WAKE_R_N (in view: work.BM_H13DSP_S(verilog)) on net o_PCIE_SATA_WAKE_R_N (in view: work.BM_H13DSP_S(verilog)) has its enable tied to GND.
@N: MO111 :"d:\fh_mb_powerup_1106_shixu_ok_exit_fault_change_right_addcpuprsnt_ok_add_pull_down_add_pwrbmc_ctrl\mb\09\bm_h13dsp_s\rtl\include\bm_h13dsp_s_va_port.v":317:7:317:23|Tristate driver o_PCIE_SATA_RST_N (in view: work.BM_H13DSP_S(verilog)) on net o_PCIE_SATA_RST_N (in view: work.BM_H13DSP_S(verilog)) has its enable tied to GND.
@N: MO111 :"d:\fh_mb_powerup_1106_shixu_ok_exit_fault_change_right_addcpuprsnt_ok_add_pull_down_add_pwrbmc_ctrl\mb\09\bm_h13dsp_s\rtl\source\bm_h13dsp_s_top.v":2011:30:2011:33|Tristate driver o_P0_MCIOP0A_LD (in view: work.BM_H13DSP_S(verilog)) on net o_P0_MCIOP0A_LD (in view: work.BM_H13DSP_S(verilog)) has its enable tied to GND.
@W: BN132 :"d:\fh_mb_powerup_1106_shixu_ok_exit_fault_change_right_addcpuprsnt_ok_add_pull_down_add_pwrbmc_ctrl\mb\09\bm_h13dsp_s\rtl\source\common\edge_detect.v":45:0:45:5|Removing sequential instance UID_Function_u0.Edge_Detect_U0.r_signal_a because it is equivalent to instance UID_Function_u0.r0_UID_BTN_ALL_dly. To keep the instance, apply constraint syn_preserve=1 on the instance.
@W: BN132 :"d:\fh_mb_powerup_1106_shixu_ok_exit_fault_change_right_addcpuprsnt_ok_add_pull_down_add_pwrbmc_ctrl\mb\09\bm_h13dsp_s\rtl\source\common\uid_function.v":268:0:268:5|Removing sequential instance UID_Function_u0.r1_UID_BTN_ALL_dly because it is equivalent to instance UID_Function_u0.Edge_Detect_U0.r_signal_b. To keep the instance, apply constraint syn_preserve=1 on the instance.
@W: BN161 :"d:\fh_mb_powerup_1106_shixu_ok_exit_fault_change_right_addcpuprsnt_ok_add_pull_down_add_pwrbmc_ctrl\mb\09\bm_h13dsp_s\rtl\source\uart\mcio_uart_master.v":25:7:25:17|Net ser_data has multiple drivers .
@W: BN161 :"d:\fh_mb_powerup_1106_shixu_ok_exit_fault_change_right_addcpuprsnt_ok_add_pull_down_add_pwrbmc_ctrl\mb\09\bm_h13dsp_s\rtl\source\uart\mcio_uart_master.v":25:7:25:17|Net ser_data has multiple drivers .
@W: BN161 :"d:\fh_mb_powerup_1106_shixu_ok_exit_fault_change_right_addcpuprsnt_ok_add_pull_down_add_pwrbmc_ctrl\mb\09\bm_h13dsp_s\rtl\source\uart\mcio_uart_master.v":25:7:25:17|Net ser_data has multiple drivers .
@W: BN161 :"d:\fh_mb_powerup_1106_shixu_ok_exit_fault_change_right_addcpuprsnt_ok_add_pull_down_add_pwrbmc_ctrl\mb\09\bm_h13dsp_s\rtl\source\uart\mcio_uart_master.v":25:7:25:17|Net ser_data has multiple drivers .
@W: BN161 :"d:\fh_mb_powerup_1106_shixu_ok_exit_fault_change_right_addcpuprsnt_ok_add_pull_down_add_pwrbmc_ctrl\mb\09\bm_h13dsp_s\rtl\source\uart\mcio_uart_master.v":25:7:25:17|Net ser_data has multiple drivers .
@W: BN161 :"d:\fh_mb_powerup_1106_shixu_ok_exit_fault_change_right_addcpuprsnt_ok_add_pull_down_add_pwrbmc_ctrl\mb\09\bm_h13dsp_s\rtl\source\uart\mcio_uart_master.v":25:7:25:17|Net ser_data has multiple drivers .
@W: BN161 :"d:\fh_mb_powerup_1106_shixu_ok_exit_fault_change_right_addcpuprsnt_ok_add_pull_down_add_pwrbmc_ctrl\mb\09\bm_h13dsp_s\rtl\source\uart\mcio_uart_master.v":25:7:25:17|Net ser_data has multiple drivers .
@W: BN161 :"d:\fh_mb_powerup_1106_shixu_ok_exit_fault_change_right_addcpuprsnt_ok_add_pull_down_add_pwrbmc_ctrl\mb\09\bm_h13dsp_s\rtl\source\uart\mcio_uart_master.v":25:7:25:17|Net ser_data has multiple drivers .
@W: BN161 :"d:\fh_mb_powerup_1106_shixu_ok_exit_fault_change_right_addcpuprsnt_ok_add_pull_down_add_pwrbmc_ctrl\mb\09\bm_h13dsp_s\rtl\source\uart\mcio_uart_master.v":25:7:25:17|Net ser_data has multiple drivers .
@W: BN161 :"d:\fh_mb_powerup_1106_shixu_ok_exit_fault_change_right_addcpuprsnt_ok_add_pull_down_add_pwrbmc_ctrl\mb\09\bm_h13dsp_s\rtl\source\uart\mcio_uart_master.v":25:7:25:17|Net ser_data has multiple drivers .
@W: BN161 :"d:\fh_mb_powerup_1106_shixu_ok_exit_fault_change_right_addcpuprsnt_ok_add_pull_down_add_pwrbmc_ctrl\mb\09\bm_h13dsp_s\rtl\source\uart\mcio_uart_master.v":25:7:25:17|Net ser_data has multiple drivers .
@W: BN161 :"d:\fh_mb_powerup_1106_shixu_ok_exit_fault_change_right_addcpuprsnt_ok_add_pull_down_add_pwrbmc_ctrl\mb\09\bm_h13dsp_s\rtl\source\uart\mcio_uart_master.v":25:7:25:17|Net ser_data has multiple drivers .
@W: BN161 :"d:\fh_mb_powerup_1106_shixu_ok_exit_fault_change_right_addcpuprsnt_ok_add_pull_down_add_pwrbmc_ctrl\mb\09\bm_h13dsp_s\rtl\source\uart\mcio_uart_master.v":25:7:25:17|Net ser_data has multiple drivers .
@W: BN161 :"d:\fh_mb_powerup_1106_shixu_ok_exit_fault_change_right_addcpuprsnt_ok_add_pull_down_add_pwrbmc_ctrl\mb\09\bm_h13dsp_s\rtl\source\uart\mcio_uart_master.v":25:7:25:17|Net ser_data has multiple drivers .
@W: BN161 :"d:\fh_mb_powerup_1106_shixu_ok_exit_fault_change_right_addcpuprsnt_ok_add_pull_down_add_pwrbmc_ctrl\mb\09\bm_h13dsp_s\rtl\source\uart\mcio_uart_master.v":25:7:25:17|Net ser_data has multiple drivers .
@W: BN161 :"d:\fh_mb_powerup_1106_shixu_ok_exit_fault_change_right_addcpuprsnt_ok_add_pull_down_add_pwrbmc_ctrl\mb\09\bm_h13dsp_s\rtl\source\uart\mcio_uart_master.v":25:7:25:17|Net ser_data has multiple drivers .
@W: BN161 :"d:\fh_mb_powerup_1106_shixu_ok_exit_fault_change_right_addcpuprsnt_ok_add_pull_down_add_pwrbmc_ctrl\mb\09\bm_h13dsp_s\rtl\source\uart\mcio_uart_master.v":25:7:25:17|Net ser_data has multiple drivers .
@W: BN161 :"d:\fh_mb_powerup_1106_shixu_ok_exit_fault_change_right_addcpuprsnt_ok_add_pull_down_add_pwrbmc_ctrl\mb\09\bm_h13dsp_s\rtl\source\uart\mcio_uart_master.v":25:7:25:17|Net ser_data has multiple drivers .
@W: BN161 :"d:\fh_mb_powerup_1106_shixu_ok_exit_fault_change_right_addcpuprsnt_ok_add_pull_down_add_pwrbmc_ctrl\mb\09\bm_h13dsp_s\rtl\source\uart\mcio_uart_master.v":25:7:25:17|Net ser_data has multiple drivers .
@W: BN161 :"d:\fh_mb_powerup_1106_shixu_ok_exit_fault_change_right_addcpuprsnt_ok_add_pull_down_add_pwrbmc_ctrl\mb\09\bm_h13dsp_s\rtl\source\uart\mcio_uart_master.v":25:7:25:17|Net ser_data has multiple drivers .
@W: BN161 :"d:\fh_mb_powerup_1106_shixu_ok_exit_fault_change_right_addcpuprsnt_ok_add_pull_down_add_pwrbmc_ctrl\mb\09\bm_h13dsp_s\rtl\source\bmc_i2c\i2c_slave_basic0.v":8:7:8:22|Net io_sda has multiple drivers .
@W: BN161 :"d:\fh_mb_powerup_1106_shixu_ok_exit_fault_change_right_addcpuprsnt_ok_add_pull_down_add_pwrbmc_ctrl\mb\09\bm_h13dsp_s\rtl\source\bmc_i2c\i2c_slave_bmc.v":10:7:10:19|Net io_sda has multiple drivers .
@W: BN161 :"d:\fh_mb_powerup_1106_shixu_ok_exit_fault_change_right_addcpuprsnt_ok_add_pull_down_add_pwrbmc_ctrl\mb\09\bm_h13dsp_s\rtl\source\bmc_i2c\bmc_cpld_i2c_ram.v":2:7:2:22|Net io_sda has multiple drivers .
@W: BN161 :"d:\fh_mb_powerup_1106_shixu_ok_exit_fault_change_right_addcpuprsnt_ok_add_pull_down_add_pwrbmc_ctrl\mb\09\bm_h13dsp_s\rtl\include\bm_h13dsp_s_va_port.v":23:8:23:18|Net io_I2C2_PAL2_SDA has multiple drivers .
@W: BN161 :"d:\fh_mb_powerup_1106_shixu_ok_exit_fault_change_right_addcpuprsnt_ok_add_pull_down_add_pwrbmc_ctrl\mb\09\bm_h13dsp_s\rtl\include\bm_h13dsp_s_va_port.v":23:8:23:18|Net o_CPLD_SGPIO1_MISO has multiple drivers .
@W: BN161 :"d:\fh_mb_powerup_1106_shixu_ok_exit_fault_change_right_addcpuprsnt_ok_add_pull_down_add_pwrbmc_ctrl\mb\09\bm_h13dsp_s\rtl\include\bm_h13dsp_s_va_port.v":23:8:23:18|Net io_P0_MCIOP0A_PWR_EN_R has multiple drivers .
@W: BN161 :"d:\fh_mb_powerup_1106_shixu_ok_exit_fault_change_right_addcpuprsnt_ok_add_pull_down_add_pwrbmc_ctrl\mb\09\bm_h13dsp_s\rtl\include\bm_h13dsp_s_va_port.v":23:8:23:18|Net io_P0_MCIOP0C_PWR_EN_R has multiple drivers .
@W: BN161 :"d:\fh_mb_powerup_1106_shixu_ok_exit_fault_change_right_addcpuprsnt_ok_add_pull_down_add_pwrbmc_ctrl\mb\09\bm_h13dsp_s\rtl\include\bm_h13dsp_s_va_port.v":23:8:23:18|Net io_P0_MCIOP1A_PWR_EN_R has multiple drivers .
@W: BN161 :"d:\fh_mb_powerup_1106_shixu_ok_exit_fault_change_right_addcpuprsnt_ok_add_pull_down_add_pwrbmc_ctrl\mb\09\bm_h13dsp_s\rtl\include\bm_h13dsp_s_va_port.v":23:8:23:18|Net io_P0_MCIOP1C_PWR_EN_R has multiple drivers .
@W: BN161 :"d:\fh_mb_powerup_1106_shixu_ok_exit_fault_change_right_addcpuprsnt_ok_add_pull_down_add_pwrbmc_ctrl\mb\09\bm_h13dsp_s\rtl\include\bm_h13dsp_s_va_port.v":23:8:23:18|Net io_P0_MCIOP2A_PWR_EN_R has multiple drivers .
@W: BN161 :"d:\fh_mb_powerup_1106_shixu_ok_exit_fault_change_right_addcpuprsnt_ok_add_pull_down_add_pwrbmc_ctrl\mb\09\bm_h13dsp_s\rtl\include\bm_h13dsp_s_va_port.v":23:8:23:18|Net io_P0_MCIOP2C_PWR_EN_R has multiple drivers .
@W: BN161 :"d:\fh_mb_powerup_1106_shixu_ok_exit_fault_change_right_addcpuprsnt_ok_add_pull_down_add_pwrbmc_ctrl\mb\09\bm_h13dsp_s\rtl\include\bm_h13dsp_s_va_port.v":23:8:23:18|Net io_P0_MCIOP3A_PWR_EN_R has multiple drivers .
@W: BN161 :"d:\fh_mb_powerup_1106_shixu_ok_exit_fault_change_right_addcpuprsnt_ok_add_pull_down_add_pwrbmc_ctrl\mb\09\bm_h13dsp_s\rtl\include\bm_h13dsp_s_va_port.v":23:8:23:18|Net io_P0_MCIOP3C_PWR_EN_R has multiple drivers .
@W: BN161 :"d:\fh_mb_powerup_1106_shixu_ok_exit_fault_change_right_addcpuprsnt_ok_add_pull_down_add_pwrbmc_ctrl\mb\09\bm_h13dsp_s\rtl\include\bm_h13dsp_s_va_port.v":23:8:23:18|Net io_P0_MCIOG3A_PWR_EN_R has multiple drivers .
@W: BN161 :"d:\fh_mb_powerup_1106_shixu_ok_exit_fault_change_right_addcpuprsnt_ok_add_pull_down_add_pwrbmc_ctrl\mb\09\bm_h13dsp_s\rtl\include\bm_h13dsp_s_va_port.v":23:8:23:18|Net io_P0_MCIOG3C_PWR_EN_R has multiple drivers .
@W: BN161 :"d:\fh_mb_powerup_1106_shixu_ok_exit_fault_change_right_addcpuprsnt_ok_add_pull_down_add_pwrbmc_ctrl\mb\09\bm_h13dsp_s\rtl\include\bm_h13dsp_s_va_port.v":23:8:23:18|Net io_P1_MCIOP0A_PWR_EN_R has multiple drivers .
@W: BN161 :"d:\fh_mb_powerup_1106_shixu_ok_exit_fault_change_right_addcpuprsnt_ok_add_pull_down_add_pwrbmc_ctrl\mb\09\bm_h13dsp_s\rtl\include\bm_h13dsp_s_va_port.v":23:8:23:18|Net io_P1_MCIOP0C_PWR_EN_R has multiple drivers .
@W: BN161 :"d:\fh_mb_powerup_1106_shixu_ok_exit_fault_change_right_addcpuprsnt_ok_add_pull_down_add_pwrbmc_ctrl\mb\09\bm_h13dsp_s\rtl\include\bm_h13dsp_s_va_port.v":23:8:23:18|Net io_P1_MCIOP1A_PWR_EN_R has multiple drivers .
@W: BN161 :"d:\fh_mb_powerup_1106_shixu_ok_exit_fault_change_right_addcpuprsnt_ok_add_pull_down_add_pwrbmc_ctrl\mb\09\bm_h13dsp_s\rtl\include\bm_h13dsp_s_va_port.v":23:8:23:18|Net io_P1_MCIOP1C_PWR_EN_R has multiple drivers .
@W: BN161 :"d:\fh_mb_powerup_1106_shixu_ok_exit_fault_change_right_addcpuprsnt_ok_add_pull_down_add_pwrbmc_ctrl\mb\09\bm_h13dsp_s\rtl\include\bm_h13dsp_s_va_port.v":23:8:23:18|Net io_P1_MCIOP2A_PWR_EN_R has multiple drivers .
@W: BN161 :"d:\fh_mb_powerup_1106_shixu_ok_exit_fault_change_right_addcpuprsnt_ok_add_pull_down_add_pwrbmc_ctrl\mb\09\bm_h13dsp_s\rtl\include\bm_h13dsp_s_va_port.v":23:8:23:18|Net io_P1_MCIOP2C_PWR_EN_R has multiple drivers .
@W: BN161 :"d:\fh_mb_powerup_1106_shixu_ok_exit_fault_change_right_addcpuprsnt_ok_add_pull_down_add_pwrbmc_ctrl\mb\09\bm_h13dsp_s\rtl\include\bm_h13dsp_s_va_port.v":23:8:23:18|Net io_P1_MCIOP3A_PWR_EN_R has multiple drivers .
@W: BN161 :"d:\fh_mb_powerup_1106_shixu_ok_exit_fault_change_right_addcpuprsnt_ok_add_pull_down_add_pwrbmc_ctrl\mb\09\bm_h13dsp_s\rtl\include\bm_h13dsp_s_va_port.v":23:8:23:18|Net io_P1_MCIOP3C_PWR_EN_R has multiple drivers .
@W: BN161 :"d:\fh_mb_powerup_1106_shixu_ok_exit_fault_change_right_addcpuprsnt_ok_add_pull_down_add_pwrbmc_ctrl\mb\09\bm_h13dsp_s\rtl\include\bm_h13dsp_s_va_port.v":23:8:23:18|Net io_P1_MCIOG1A_PWR_EN_R has multiple drivers .
@W: BN161 :"d:\fh_mb_powerup_1106_shixu_ok_exit_fault_change_right_addcpuprsnt_ok_add_pull_down_add_pwrbmc_ctrl\mb\09\bm_h13dsp_s\rtl\include\bm_h13dsp_s_va_port.v":23:8:23:18|Net io_P1_MCIOG1C_PWR_EN_R has multiple drivers .
@W: BN161 :"d:\fh_mb_powerup_1106_shixu_ok_exit_fault_change_right_addcpuprsnt_ok_add_pull_down_add_pwrbmc_ctrl\mb\09\bm_h13dsp_s\rtl\include\bm_h13dsp_s_va_port.v":23:8:23:18|Net o_P0_MCIOP0A_RSV_R has multiple drivers .
@W: BN161 :"d:\fh_mb_powerup_1106_shixu_ok_exit_fault_change_right_addcpuprsnt_ok_add_pull_down_add_pwrbmc_ctrl\mb\09\bm_h13dsp_s\rtl\include\bm_h13dsp_s_va_port.v":23:8:23:18|Net o_P0_MCIOP0C_RSV_R has multiple drivers .
@W: BN161 :"d:\fh_mb_powerup_1106_shixu_ok_exit_fault_change_right_addcpuprsnt_ok_add_pull_down_add_pwrbmc_ctrl\mb\09\bm_h13dsp_s\rtl\include\bm_h13dsp_s_va_port.v":23:8:23:18|Net o_P0_MCIOP1C_RSV_R has multiple drivers .
@W: BN161 :"d:\fh_mb_powerup_1106_shixu_ok_exit_fault_change_right_addcpuprsnt_ok_add_pull_down_add_pwrbmc_ctrl\mb\09\bm_h13dsp_s\rtl\include\bm_h13dsp_s_va_port.v":23:8:23:18|Net o_P0_MCIOP2A_RSV_R has multiple drivers .
@W: BN161 :"d:\fh_mb_powerup_1106_shixu_ok_exit_fault_change_right_addcpuprsnt_ok_add_pull_down_add_pwrbmc_ctrl\mb\09\bm_h13dsp_s\rtl\include\bm_h13dsp_s_va_port.v":23:8:23:18|Net o_P0_MCIOP2C_RSV_R has multiple drivers .
@W: BN161 :"d:\fh_mb_powerup_1106_shixu_ok_exit_fault_change_right_addcpuprsnt_ok_add_pull_down_add_pwrbmc_ctrl\mb\09\bm_h13dsp_s\rtl\include\bm_h13dsp_s_va_port.v":23:8:23:18|Net o_P0_MCIOP3A_RSV_R has multiple drivers .
@W: BN161 :"d:\fh_mb_powerup_1106_shixu_ok_exit_fault_change_right_addcpuprsnt_ok_add_pull_down_add_pwrbmc_ctrl\mb\09\bm_h13dsp_s\rtl\include\bm_h13dsp_s_va_port.v":23:8:23:18|Net o_P0_MCIOP3C_RSV_R has multiple drivers .
@W: BN161 :"d:\fh_mb_powerup_1106_shixu_ok_exit_fault_change_right_addcpuprsnt_ok_add_pull_down_add_pwrbmc_ctrl\mb\09\bm_h13dsp_s\rtl\include\bm_h13dsp_s_va_port.v":23:8:23:18|Net o_P0_MCIOG3A_RSV_R has multiple drivers .
@W: BN161 :"d:\fh_mb_powerup_1106_shixu_ok_exit_fault_change_right_addcpuprsnt_ok_add_pull_down_add_pwrbmc_ctrl\mb\09\bm_h13dsp_s\rtl\include\bm_h13dsp_s_va_port.v":23:8:23:18|Net o_P0_MCIOG3C_RSV_R has multiple drivers .
@W: BN161 :"d:\fh_mb_powerup_1106_shixu_ok_exit_fault_change_right_addcpuprsnt_ok_add_pull_down_add_pwrbmc_ctrl\mb\09\bm_h13dsp_s\rtl\include\bm_h13dsp_s_va_port.v":23:8:23:18|Net o_P1_MCIOP0A_RSV_R has multiple drivers .
@W: BN161 :"d:\fh_mb_powerup_1106_shixu_ok_exit_fault_change_right_addcpuprsnt_ok_add_pull_down_add_pwrbmc_ctrl\mb\09\bm_h13dsp_s\rtl\include\bm_h13dsp_s_va_port.v":23:8:23:18|Net o_P1_MCIOP0C_RSV_R has multiple drivers .
@W: BN161 :"d:\fh_mb_powerup_1106_shixu_ok_exit_fault_change_right_addcpuprsnt_ok_add_pull_down_add_pwrbmc_ctrl\mb\09\bm_h13dsp_s\rtl\include\bm_h13dsp_s_va_port.v":23:8:23:18|Net o_P1_MCIOP1A_RSV_R has multiple drivers .
@W: BN161 :"d:\fh_mb_powerup_1106_shixu_ok_exit_fault_change_right_addcpuprsnt_ok_add_pull_down_add_pwrbmc_ctrl\mb\09\bm_h13dsp_s\rtl\include\bm_h13dsp_s_va_port.v":23:8:23:18|Net o_P1_MCIOP1C_RSV_R has multiple drivers .
@W: BN161 :"d:\fh_mb_powerup_1106_shixu_ok_exit_fault_change_right_addcpuprsnt_ok_add_pull_down_add_pwrbmc_ctrl\mb\09\bm_h13dsp_s\rtl\include\bm_h13dsp_s_va_port.v":23:8:23:18|Net o_P1_MCIOP2A_RSV_R has multiple drivers .
@W: BN161 :"d:\fh_mb_powerup_1106_shixu_ok_exit_fault_change_right_addcpuprsnt_ok_add_pull_down_add_pwrbmc_ctrl\mb\09\bm_h13dsp_s\rtl\include\bm_h13dsp_s_va_port.v":23:8:23:18|Net o_P1_MCIOP2C_RSV_R has multiple drivers .
@W: BN161 :"d:\fh_mb_powerup_1106_shixu_ok_exit_fault_change_right_addcpuprsnt_ok_add_pull_down_add_pwrbmc_ctrl\mb\09\bm_h13dsp_s\rtl\include\bm_h13dsp_s_va_port.v":23:8:23:18|Net o_P1_MCIOP3A_RSV_R has multiple drivers .
@W: BN161 :"d:\fh_mb_powerup_1106_shixu_ok_exit_fault_change_right_addcpuprsnt_ok_add_pull_down_add_pwrbmc_ctrl\mb\09\bm_h13dsp_s\rtl\include\bm_h13dsp_s_va_port.v":23:8:23:18|Net o_P1_MCIOP3C_RSV_R has multiple drivers .
@W: BN161 :"d:\fh_mb_powerup_1106_shixu_ok_exit_fault_change_right_addcpuprsnt_ok_add_pull_down_add_pwrbmc_ctrl\mb\09\bm_h13dsp_s\rtl\include\bm_h13dsp_s_va_port.v":23:8:23:18|Net o_P1_MCIOG1A_RSV_R has multiple drivers .
@W: BN161 :"d:\fh_mb_powerup_1106_shixu_ok_exit_fault_change_right_addcpuprsnt_ok_add_pull_down_add_pwrbmc_ctrl\mb\09\bm_h13dsp_s\rtl\include\bm_h13dsp_s_va_port.v":23:8:23:18|Net o_P1_MCIOG1C_RSV_R has multiple drivers .
@W: BN161 :"d:\fh_mb_powerup_1106_shixu_ok_exit_fault_change_right_addcpuprsnt_ok_add_pull_down_add_pwrbmc_ctrl\mb\09\bm_h13dsp_s\rtl\include\bm_h13dsp_s_va_port.v":23:8:23:18|Net o_P0_MCIOP0A_CLK has multiple drivers .
@W: BN161 :"d:\fh_mb_powerup_1106_shixu_ok_exit_fault_change_right_addcpuprsnt_ok_add_pull_down_add_pwrbmc_ctrl\mb\09\bm_h13dsp_s\rtl\include\bm_h13dsp_s_va_port.v":23:8:23:18|Net o_P0_MCIOP0A_LD has multiple drivers .
@W: BN161 :"d:\fh_mb_powerup_1106_shixu_ok_exit_fault_change_right_addcpuprsnt_ok_add_pull_down_add_pwrbmc_ctrl\mb\09\bm_h13dsp_s\rtl\include\bm_h13dsp_s_va_port.v":23:8:23:18|Net o_PCIE_SATA_RST_N has multiple drivers .
@W: BN161 :"d:\fh_mb_powerup_1106_shixu_ok_exit_fault_change_right_addcpuprsnt_ok_add_pull_down_add_pwrbmc_ctrl\mb\09\bm_h13dsp_s\rtl\include\bm_h13dsp_s_va_port.v":23:8:23:18|Net o_PCIE_SATA_WAKE_R_N has multiple drivers .
@W: BN161 :"d:\fh_mb_powerup_1106_shixu_ok_exit_fault_change_right_addcpuprsnt_ok_add_pull_down_add_pwrbmc_ctrl\mb\09\bm_h13dsp_s\rtl\include\bm_h13dsp_s_va_port.v":23:8:23:18|Net o_BIOS_FLASH_RESET_R_N has multiple drivers .
@W: BN161 :"d:\fh_mb_powerup_1106_shixu_ok_exit_fault_change_right_addcpuprsnt_ok_add_pull_down_add_pwrbmc_ctrl\mb\09\bm_h13dsp_s\rtl\include\bm_h13dsp_s_va_port.v":23:8:23:18|Net o_PAL_SPI1_BMC_HOLD has multiple drivers .
@W: BN161 :"d:\fh_mb_powerup_1106_shixu_ok_exit_fault_change_right_addcpuprsnt_ok_add_pull_down_add_pwrbmc_ctrl\mb\09\bm_h13dsp_s\rtl\include\bm_h13dsp_s_va_port.v":23:8:23:18|Net o_SATA1_RSV has multiple drivers .
@W: BN161 :"d:\fh_mb_powerup_1106_shixu_ok_exit_fault_change_right_addcpuprsnt_ok_add_pull_down_add_pwrbmc_ctrl\mb\09\bm_h13dsp_s\rtl\include\bm_h13dsp_s_va_port.v":23:8:23:18|Net o_M2_GPIO6_R has multiple drivers .
@W: BN161 :"d:\fh_mb_powerup_1106_shixu_ok_exit_fault_change_right_addcpuprsnt_ok_add_pull_down_add_pwrbmc_ctrl\mb\09\bm_h13dsp_s\rtl\include\bm_h13dsp_s_va_port.v":23:8:23:18|Net o_M2_GPIO7_R has multiple drivers .
@W: BN161 :"d:\fh_mb_powerup_1106_shixu_ok_exit_fault_change_right_addcpuprsnt_ok_add_pull_down_add_pwrbmc_ctrl\mb\09\bm_h13dsp_s\rtl\include\bm_h13dsp_s_va_port.v":23:8:23:18|Net o_P0_SPI_TPM_CS_N_3V3 has multiple drivers .
@W: BN161 :"d:\fh_mb_powerup_1106_shixu_ok_exit_fault_change_right_addcpuprsnt_ok_add_pull_down_add_pwrbmc_ctrl\mb\09\bm_h13dsp_s\rtl\include\bm_h13dsp_s_va_port.v":23:8:23:18|Net o_CPLD1_CPLD2_RSV1_R has multiple drivers .
@W: BN161 :"d:\fh_mb_powerup_1106_shixu_ok_exit_fault_change_right_addcpuprsnt_ok_add_pull_down_add_pwrbmc_ctrl\mb\09\bm_h13dsp_s\rtl\include\bm_h13dsp_s_va_port.v":23:8:23:18|Net clk_50m has multiple drivers .
@W: BN161 :"d:\fh_mb_powerup_1106_shixu_ok_exit_fault_change_right_addcpuprsnt_ok_add_pull_down_add_pwrbmc_ctrl\mb\09\bm_h13dsp_s\rtl\include\bm_h13dsp_s_va_port.v":23:8:23:18|Net clk_25m has multiple drivers .

Finished RTL optimizations (Real Time elapsed 0h:00m:00s; CPU Time elapsed 0h:00m:00s; Memory used current: 266MB peak: 267MB)

@W: BN161 :"d:\fh_mb_powerup_1106_shixu_ok_exit_fault_change_right_addcpuprsnt_ok_add_pull_down_add_pwrbmc_ctrl\mb\09\bm_h13dsp_s\rtl\include\bm_h13dsp_s_va_port.v":23:8:23:18|Net N_4 has multiple drivers .
@W: BN161 :"d:\fh_mb_powerup_1106_shixu_ok_exit_fault_change_right_addcpuprsnt_ok_add_pull_down_add_pwrbmc_ctrl\mb\09\bm_h13dsp_s\rtl\include\bm_h13dsp_s_va_port.v":23:8:23:18|Net N_5 has multiple drivers .
@W: BN161 :"d:\fh_mb_powerup_1106_shixu_ok_exit_fault_change_right_addcpuprsnt_ok_add_pull_down_add_pwrbmc_ctrl\mb\09\bm_h13dsp_s\rtl\include\bm_h13dsp_s_va_port.v":23:8:23:18|Net N_6 has multiple drivers .
@W: BN161 :"d:\fh_mb_powerup_1106_shixu_ok_exit_fault_change_right_addcpuprsnt_ok_add_pull_down_add_pwrbmc_ctrl\mb\09\bm_h13dsp_s\rtl\include\bm_h13dsp_s_va_port.v":23:8:23:18|Net N_7 has multiple drivers .
@W: BN161 :"d:\fh_mb_powerup_1106_shixu_ok_exit_fault_change_right_addcpuprsnt_ok_add_pull_down_add_pwrbmc_ctrl\mb\09\bm_h13dsp_s\rtl\include\bm_h13dsp_s_va_port.v":23:8:23:18|Net N_8 has multiple drivers .
@W: BN161 :"d:\fh_mb_powerup_1106_shixu_ok_exit_fault_change_right_addcpuprsnt_ok_add_pull_down_add_pwrbmc_ctrl\mb\09\bm_h13dsp_s\rtl\include\bm_h13dsp_s_va_port.v":23:8:23:18|Net N_9 has multiple drivers .
@W: BN161 :"d:\fh_mb_powerup_1106_shixu_ok_exit_fault_change_right_addcpuprsnt_ok_add_pull_down_add_pwrbmc_ctrl\mb\09\bm_h13dsp_s\rtl\include\bm_h13dsp_s_va_port.v":23:8:23:18|Net N_10 has multiple drivers .
@W: BN161 :"d:\fh_mb_powerup_1106_shixu_ok_exit_fault_change_right_addcpuprsnt_ok_add_pull_down_add_pwrbmc_ctrl\mb\09\bm_h13dsp_s\rtl\include\bm_h13dsp_s_va_port.v":23:8:23:18|Net N_11 has multiple drivers .
@W: BN161 :"d:\fh_mb_powerup_1106_shixu_ok_exit_fault_change_right_addcpuprsnt_ok_add_pull_down_add_pwrbmc_ctrl\mb\09\bm_h13dsp_s\rtl\include\bm_h13dsp_s_va_port.v":23:8:23:18|Net N_12 has multiple drivers .
@W: BN161 :"d:\fh_mb_powerup_1106_shixu_ok_exit_fault_change_right_addcpuprsnt_ok_add_pull_down_add_pwrbmc_ctrl\mb\09\bm_h13dsp_s\rtl\include\bm_h13dsp_s_va_port.v":23:8:23:18|Net N_13 has multiple drivers .
@W: BN161 :"d:\fh_mb_powerup_1106_shixu_ok_exit_fault_change_right_addcpuprsnt_ok_add_pull_down_add_pwrbmc_ctrl\mb\09\bm_h13dsp_s\rtl\include\bm_h13dsp_s_va_port.v":23:8:23:18|Net N_14 has multiple drivers .
@W: BN161 :"d:\fh_mb_powerup_1106_shixu_ok_exit_fault_change_right_addcpuprsnt_ok_add_pull_down_add_pwrbmc_ctrl\mb\09\bm_h13dsp_s\rtl\include\bm_h13dsp_s_va_port.v":23:8:23:18|Net N_15 has multiple drivers .
@W: BN161 :"d:\fh_mb_powerup_1106_shixu_ok_exit_fault_change_right_addcpuprsnt_ok_add_pull_down_add_pwrbmc_ctrl\mb\09\bm_h13dsp_s\rtl\include\bm_h13dsp_s_va_port.v":23:8:23:18|Net N_16 has multiple drivers .
@W: BN161 :"d:\fh_mb_powerup_1106_shixu_ok_exit_fault_change_right_addcpuprsnt_ok_add_pull_down_add_pwrbmc_ctrl\mb\09\bm_h13dsp_s\rtl\include\bm_h13dsp_s_va_port.v":23:8:23:18|Net N_17 has multiple drivers .
@N: MO231 :"d:\fh_mb_powerup_1106_shixu_ok_exit_fault_change_right_addcpuprsnt_ok_add_pull_down_add_pwrbmc_ctrl\mb\09\bm_h13dsp_s\rtl\source\common\timer_gen_50mhz.v":71:0:71:5|Found counter in view:work.timer_gen(verilog) instance usec_tmr[4:0] 
@N: MO231 :"d:\fh_mb_powerup_1106_shixu_ok_exit_fault_change_right_addcpuprsnt_ok_add_pull_down_add_pwrbmc_ctrl\mb\09\bm_h13dsp_s\rtl\source\common\timer_gen_50mhz.v":71:0:71:5|Found counter in view:work.timer_gen(verilog) instance sec_tmr[14:0] 
@N: BN362 :"d:\fh_mb_powerup_1106_shixu_ok_exit_fault_change_right_addcpuprsnt_ok_add_pull_down_add_pwrbmc_ctrl\mb\09\bm_h13dsp_s\rtl\source\sgpio_slave\s2p_slave.v":89:2:89:7|Removing sequential instance po_r[195] (in view: work.s2p_slave_200s_8s_Z1(verilog)) because it does not drive other instances.
@N: BN362 :"d:\fh_mb_powerup_1106_shixu_ok_exit_fault_change_right_addcpuprsnt_ok_add_pull_down_add_pwrbmc_ctrl\mb\09\bm_h13dsp_s\rtl\source\sgpio_slave\s2p_slave.v":89:2:89:7|Removing sequential instance po_r[194] (in view: work.s2p_slave_200s_8s_Z1(verilog)) because it does not drive other instances.
@N: BN362 :"d:\fh_mb_powerup_1106_shixu_ok_exit_fault_change_right_addcpuprsnt_ok_add_pull_down_add_pwrbmc_ctrl\mb\09\bm_h13dsp_s\rtl\source\sgpio_slave\s2p_slave.v":89:2:89:7|Removing sequential instance po_r[193] (in view: work.s2p_slave_200s_8s_Z1(verilog)) because it does not drive other instances.
@N: BN362 :"d:\fh_mb_powerup_1106_shixu_ok_exit_fault_change_right_addcpuprsnt_ok_add_pull_down_add_pwrbmc_ctrl\mb\09\bm_h13dsp_s\rtl\source\sgpio_slave\s2p_slave.v":89:2:89:7|Removing sequential instance po_r[192] (in view: work.s2p_slave_200s_8s_Z1(verilog)) because it does not drive other instances.
@N: BN362 :"d:\fh_mb_powerup_1106_shixu_ok_exit_fault_change_right_addcpuprsnt_ok_add_pull_down_add_pwrbmc_ctrl\mb\09\bm_h13dsp_s\rtl\source\sgpio_slave\s2p_slave.v":89:2:89:7|Removing sequential instance po_r[191] (in view: work.s2p_slave_200s_8s_Z1(verilog)) because it does not drive other instances.
@N: BN362 :"d:\fh_mb_powerup_1106_shixu_ok_exit_fault_change_right_addcpuprsnt_ok_add_pull_down_add_pwrbmc_ctrl\mb\09\bm_h13dsp_s\rtl\source\sgpio_slave\s2p_slave.v":89:2:89:7|Removing sequential instance po_r[190] (in view: work.s2p_slave_200s_8s_Z1(verilog)) because it does not drive other instances.
@N: BN362 :"d:\fh_mb_powerup_1106_shixu_ok_exit_fault_change_right_addcpuprsnt_ok_add_pull_down_add_pwrbmc_ctrl\mb\09\bm_h13dsp_s\rtl\source\sgpio_slave\s2p_slave.v":89:2:89:7|Removing sequential instance po_r[189] (in view: work.s2p_slave_200s_8s_Z1(verilog)) because it does not drive other instances.
@N: BN362 :"d:\fh_mb_powerup_1106_shixu_ok_exit_fault_change_right_addcpuprsnt_ok_add_pull_down_add_pwrbmc_ctrl\mb\09\bm_h13dsp_s\rtl\source\sgpio_slave\s2p_slave.v":89:2:89:7|Removing sequential instance po_r[188] (in view: work.s2p_slave_200s_8s_Z1(verilog)) because it does not drive other instances.
@N: BN362 :"d:\fh_mb_powerup_1106_shixu_ok_exit_fault_change_right_addcpuprsnt_ok_add_pull_down_add_pwrbmc_ctrl\mb\09\bm_h13dsp_s\rtl\source\sgpio_slave\s2p_slave.v":89:2:89:7|Removing sequential instance po_r[187] (in view: work.s2p_slave_200s_8s_Z1(verilog)) because it does not drive other instances.
@N: BN362 :"d:\fh_mb_powerup_1106_shixu_ok_exit_fault_change_right_addcpuprsnt_ok_add_pull_down_add_pwrbmc_ctrl\mb\09\bm_h13dsp_s\rtl\source\sgpio_slave\s2p_slave.v":89:2:89:7|Removing sequential instance po_r[186] (in view: work.s2p_slave_200s_8s_Z1(verilog)) because it does not drive other instances.
@N: BN362 :"d:\fh_mb_powerup_1106_shixu_ok_exit_fault_change_right_addcpuprsnt_ok_add_pull_down_add_pwrbmc_ctrl\mb\09\bm_h13dsp_s\rtl\source\sgpio_slave\s2p_slave.v":89:2:89:7|Removing sequential instance po_r[185] (in view: work.s2p_slave_200s_8s_Z1(verilog)) because it does not drive other instances.
@N: BN362 :"d:\fh_mb_powerup_1106_shixu_ok_exit_fault_change_right_addcpuprsnt_ok_add_pull_down_add_pwrbmc_ctrl\mb\09\bm_h13dsp_s\rtl\source\sgpio_slave\s2p_slave.v":89:2:89:7|Removing sequential instance po_r[184] (in view: work.s2p_slave_200s_8s_Z1(verilog)) because it does not drive other instances.
@N: BN362 :"d:\fh_mb_powerup_1106_shixu_ok_exit_fault_change_right_addcpuprsnt_ok_add_pull_down_add_pwrbmc_ctrl\mb\09\bm_h13dsp_s\rtl\source\sgpio_slave\s2p_slave.v":89:2:89:7|Removing sequential instance po_r[183] (in view: work.s2p_slave_200s_8s_Z1(verilog)) because it does not drive other instances.
@N: BN362 :"d:\fh_mb_powerup_1106_shixu_ok_exit_fault_change_right_addcpuprsnt_ok_add_pull_down_add_pwrbmc_ctrl\mb\09\bm_h13dsp_s\rtl\source\sgpio_slave\s2p_slave.v":89:2:89:7|Removing sequential instance po_r[182] (in view: work.s2p_slave_200s_8s_Z1(verilog)) because it does not drive other instances.
@N: BN362 :"d:\fh_mb_powerup_1106_shixu_ok_exit_fault_change_right_addcpuprsnt_ok_add_pull_down_add_pwrbmc_ctrl\mb\09\bm_h13dsp_s\rtl\source\sgpio_slave\s2p_slave.v":89:2:89:7|Removing sequential instance po_r[181] (in view: work.s2p_slave_200s_8s_Z1(verilog)) because it does not drive other instances.
@N: BN362 :"d:\fh_mb_powerup_1106_shixu_ok_exit_fault_change_right_addcpuprsnt_ok_add_pull_down_add_pwrbmc_ctrl\mb\09\bm_h13dsp_s\rtl\source\sgpio_slave\s2p_slave.v":89:2:89:7|Removing sequential instance po_r[180] (in view: work.s2p_slave_200s_8s_Z1(verilog)) because it does not drive other instances.
@N: BN362 :"d:\fh_mb_powerup_1106_shixu_ok_exit_fault_change_right_addcpuprsnt_ok_add_pull_down_add_pwrbmc_ctrl\mb\09\bm_h13dsp_s\rtl\source\sgpio_slave\s2p_slave.v":89:2:89:7|Removing sequential instance po_r[179] (in view: work.s2p_slave_200s_8s_Z1(verilog)) because it does not drive other instances.
@N: BN362 :"d:\fh_mb_powerup_1106_shixu_ok_exit_fault_change_right_addcpuprsnt_ok_add_pull_down_add_pwrbmc_ctrl\mb\09\bm_h13dsp_s\rtl\source\sgpio_slave\s2p_slave.v":89:2:89:7|Removing sequential instance po_r[178] (in view: work.s2p_slave_200s_8s_Z1(verilog)) because it does not drive other instances.
@N: BN362 :"d:\fh_mb_powerup_1106_shixu_ok_exit_fault_change_right_addcpuprsnt_ok_add_pull_down_add_pwrbmc_ctrl\mb\09\bm_h13dsp_s\rtl\source\sgpio_slave\s2p_slave.v":89:2:89:7|Removing sequential instance po_r[177] (in view: work.s2p_slave_200s_8s_Z1(verilog)) because it does not drive other instances.
@N: BN362 :"d:\fh_mb_powerup_1106_shixu_ok_exit_fault_change_right_addcpuprsnt_ok_add_pull_down_add_pwrbmc_ctrl\mb\09\bm_h13dsp_s\rtl\source\sgpio_slave\s2p_slave.v":89:2:89:7|Removing sequential instance po_r[176] (in view: work.s2p_slave_200s_8s_Z1(verilog)) because it does not drive other instances.
@N: BN362 :"d:\fh_mb_powerup_1106_shixu_ok_exit_fault_change_right_addcpuprsnt_ok_add_pull_down_add_pwrbmc_ctrl\mb\09\bm_h13dsp_s\rtl\source\sgpio_slave\s2p_slave.v":89:2:89:7|Removing sequential instance po_r[175] (in view: work.s2p_slave_200s_8s_Z1(verilog)) because it does not drive other instances.
@N: BN362 :"d:\fh_mb_powerup_1106_shixu_ok_exit_fault_change_right_addcpuprsnt_ok_add_pull_down_add_pwrbmc_ctrl\mb\09\bm_h13dsp_s\rtl\source\sgpio_slave\s2p_slave.v":89:2:89:7|Removing sequential instance po_r[174] (in view: work.s2p_slave_200s_8s_Z1(verilog)) because it does not drive other instances.
@N: BN362 :"d:\fh_mb_powerup_1106_shixu_ok_exit_fault_change_right_addcpuprsnt_ok_add_pull_down_add_pwrbmc_ctrl\mb\09\bm_h13dsp_s\rtl\source\sgpio_slave\s2p_slave.v":89:2:89:7|Removing sequential instance po_r[173] (in view: work.s2p_slave_200s_8s_Z1(verilog)) because it does not drive other instances.
@N: BN362 :"d:\fh_mb_powerup_1106_shixu_ok_exit_fault_change_right_addcpuprsnt_ok_add_pull_down_add_pwrbmc_ctrl\mb\09\bm_h13dsp_s\rtl\source\sgpio_slave\s2p_slave.v":89:2:89:7|Removing sequential instance po_r[172] (in view: work.s2p_slave_200s_8s_Z1(verilog)) because it does not drive other instances.
@N: BN362 :"d:\fh_mb_powerup_1106_shixu_ok_exit_fault_change_right_addcpuprsnt_ok_add_pull_down_add_pwrbmc_ctrl\mb\09\bm_h13dsp_s\rtl\source\sgpio_slave\s2p_slave.v":89:2:89:7|Removing sequential instance po_r[171] (in view: work.s2p_slave_200s_8s_Z1(verilog)) because it does not drive other instances.
@N: BN362 :"d:\fh_mb_powerup_1106_shixu_ok_exit_fault_change_right_addcpuprsnt_ok_add_pull_down_add_pwrbmc_ctrl\mb\09\bm_h13dsp_s\rtl\source\sgpio_slave\s2p_slave.v":89:2:89:7|Removing sequential instance po_r[170] (in view: work.s2p_slave_200s_8s_Z1(verilog)) because it does not drive other instances.
@N: BN362 :"d:\fh_mb_powerup_1106_shixu_ok_exit_fault_change_right_addcpuprsnt_ok_add_pull_down_add_pwrbmc_ctrl\mb\09\bm_h13dsp_s\rtl\source\sgpio_slave\s2p_slave.v":89:2:89:7|Removing sequential instance po_r[169] (in view: work.s2p_slave_200s_8s_Z1(verilog)) because it does not drive other instances.
@N: BN362 :"d:\fh_mb_powerup_1106_shixu_ok_exit_fault_change_right_addcpuprsnt_ok_add_pull_down_add_pwrbmc_ctrl\mb\09\bm_h13dsp_s\rtl\source\sgpio_slave\s2p_slave.v":89:2:89:7|Removing sequential instance po_r[168] (in view: work.s2p_slave_200s_8s_Z1(verilog)) because it does not drive other instances.
@N: BN362 :"d:\fh_mb_powerup_1106_shixu_ok_exit_fault_change_right_addcpuprsnt_ok_add_pull_down_add_pwrbmc_ctrl\mb\09\bm_h13dsp_s\rtl\source\sgpio_slave\s2p_slave.v":89:2:89:7|Removing sequential instance po_r[167] (in view: work.s2p_slave_200s_8s_Z1(verilog)) because it does not drive other instances.
@N: BN362 :"d:\fh_mb_powerup_1106_shixu_ok_exit_fault_change_right_addcpuprsnt_ok_add_pull_down_add_pwrbmc_ctrl\mb\09\bm_h13dsp_s\rtl\source\sgpio_slave\s2p_slave.v":89:2:89:7|Removing sequential instance po_r[166] (in view: work.s2p_slave_200s_8s_Z1(verilog)) because it does not drive other instances.
@N: BN362 :"d:\fh_mb_powerup_1106_shixu_ok_exit_fault_change_right_addcpuprsnt_ok_add_pull_down_add_pwrbmc_ctrl\mb\09\bm_h13dsp_s\rtl\source\sgpio_slave\s2p_slave.v":89:2:89:7|Removing sequential instance po_r[165] (in view: work.s2p_slave_200s_8s_Z1(verilog)) because it does not drive other instances.
@N: BN362 :"d:\fh_mb_powerup_1106_shixu_ok_exit_fault_change_right_addcpuprsnt_ok_add_pull_down_add_pwrbmc_ctrl\mb\09\bm_h13dsp_s\rtl\source\sgpio_slave\s2p_slave.v":89:2:89:7|Removing sequential instance po_r[164] (in view: work.s2p_slave_200s_8s_Z1(verilog)) because it does not drive other instances.
@N: BN362 :"d:\fh_mb_powerup_1106_shixu_ok_exit_fault_change_right_addcpuprsnt_ok_add_pull_down_add_pwrbmc_ctrl\mb\09\bm_h13dsp_s\rtl\source\sgpio_slave\s2p_slave.v":89:2:89:7|Removing sequential instance po_r[163] (in view: work.s2p_slave_200s_8s_Z1(verilog)) because it does not drive other instances.
@N: BN362 :"d:\fh_mb_powerup_1106_shixu_ok_exit_fault_change_right_addcpuprsnt_ok_add_pull_down_add_pwrbmc_ctrl\mb\09\bm_h13dsp_s\rtl\source\sgpio_slave\s2p_slave.v":89:2:89:7|Removing sequential instance po_r[162] (in view: work.s2p_slave_200s_8s_Z1(verilog)) because it does not drive other instances.
@N: BN362 :"d:\fh_mb_powerup_1106_shixu_ok_exit_fault_change_right_addcpuprsnt_ok_add_pull_down_add_pwrbmc_ctrl\mb\09\bm_h13dsp_s\rtl\source\sgpio_slave\s2p_slave.v":89:2:89:7|Removing sequential instance po_r[161] (in view: work.s2p_slave_200s_8s_Z1(verilog)) because it does not drive other instances.
@N: BN362 :"d:\fh_mb_powerup_1106_shixu_ok_exit_fault_change_right_addcpuprsnt_ok_add_pull_down_add_pwrbmc_ctrl\mb\09\bm_h13dsp_s\rtl\source\sgpio_slave\s2p_slave.v":89:2:89:7|Removing sequential instance po_r[160] (in view: work.s2p_slave_200s_8s_Z1(verilog)) because it does not drive other instances.
@N: BN362 :"d:\fh_mb_powerup_1106_shixu_ok_exit_fault_change_right_addcpuprsnt_ok_add_pull_down_add_pwrbmc_ctrl\mb\09\bm_h13dsp_s\rtl\source\sgpio_slave\s2p_slave.v":89:2:89:7|Removing sequential instance po_r[159] (in view: work.s2p_slave_200s_8s_Z1(verilog)) because it does not drive other instances.
@N: BN362 :"d:\fh_mb_powerup_1106_shixu_ok_exit_fault_change_right_addcpuprsnt_ok_add_pull_down_add_pwrbmc_ctrl\mb\09\bm_h13dsp_s\rtl\source\sgpio_slave\s2p_slave.v":89:2:89:7|Removing sequential instance po_r[158] (in view: work.s2p_slave_200s_8s_Z1(verilog)) because it does not drive other instances.
@N: BN362 :"d:\fh_mb_powerup_1106_shixu_ok_exit_fault_change_right_addcpuprsnt_ok_add_pull_down_add_pwrbmc_ctrl\mb\09\bm_h13dsp_s\rtl\source\sgpio_slave\s2p_slave.v":89:2:89:7|Removing sequential instance po_r[157] (in view: work.s2p_slave_200s_8s_Z1(verilog)) because it does not drive other instances.
@N: BN362 :"d:\fh_mb_powerup_1106_shixu_ok_exit_fault_change_right_addcpuprsnt_ok_add_pull_down_add_pwrbmc_ctrl\mb\09\bm_h13dsp_s\rtl\source\sgpio_slave\s2p_slave.v":89:2:89:7|Removing sequential instance po_r[156] (in view: work.s2p_slave_200s_8s_Z1(verilog)) because it does not drive other instances.
@N: BN362 :"d:\fh_mb_powerup_1106_shixu_ok_exit_fault_change_right_addcpuprsnt_ok_add_pull_down_add_pwrbmc_ctrl\mb\09\bm_h13dsp_s\rtl\source\sgpio_slave\s2p_slave.v":89:2:89:7|Removing sequential instance po_r[155] (in view: work.s2p_slave_200s_8s_Z1(verilog)) because it does not drive other instances.
@N: BN362 :"d:\fh_mb_powerup_1106_shixu_ok_exit_fault_change_right_addcpuprsnt_ok_add_pull_down_add_pwrbmc_ctrl\mb\09\bm_h13dsp_s\rtl\source\sgpio_slave\s2p_slave.v":89:2:89:7|Removing sequential instance po_r[154] (in view: work.s2p_slave_200s_8s_Z1(verilog)) because it does not drive other instances.
@N: BN362 :"d:\fh_mb_powerup_1106_shixu_ok_exit_fault_change_right_addcpuprsnt_ok_add_pull_down_add_pwrbmc_ctrl\mb\09\bm_h13dsp_s\rtl\source\sgpio_slave\s2p_slave.v":89:2:89:7|Removing sequential instance po_r[153] (in view: work.s2p_slave_200s_8s_Z1(verilog)) because it does not drive other instances.
@N: BN362 :"d:\fh_mb_powerup_1106_shixu_ok_exit_fault_change_right_addcpuprsnt_ok_add_pull_down_add_pwrbmc_ctrl\mb\09\bm_h13dsp_s\rtl\source\sgpio_slave\s2p_slave.v":89:2:89:7|Removing sequential instance po_r[152] (in view: work.s2p_slave_200s_8s_Z1(verilog)) because it does not drive other instances.
@N: BN362 :"d:\fh_mb_powerup_1106_shixu_ok_exit_fault_change_right_addcpuprsnt_ok_add_pull_down_add_pwrbmc_ctrl\mb\09\bm_h13dsp_s\rtl\source\sgpio_slave\s2p_slave.v":89:2:89:7|Removing sequential instance po_r[151] (in view: work.s2p_slave_200s_8s_Z1(verilog)) because it does not drive other instances.
@N: BN362 :"d:\fh_mb_powerup_1106_shixu_ok_exit_fault_change_right_addcpuprsnt_ok_add_pull_down_add_pwrbmc_ctrl\mb\09\bm_h13dsp_s\rtl\source\sgpio_slave\s2p_slave.v":89:2:89:7|Removing sequential instance po_r[150] (in view: work.s2p_slave_200s_8s_Z1(verilog)) because it does not drive other instances.
@N: BN362 :"d:\fh_mb_powerup_1106_shixu_ok_exit_fault_change_right_addcpuprsnt_ok_add_pull_down_add_pwrbmc_ctrl\mb\09\bm_h13dsp_s\rtl\source\sgpio_slave\s2p_slave.v":89:2:89:7|Removing sequential instance po_r[149] (in view: work.s2p_slave_200s_8s_Z1(verilog)) because it does not drive other instances.
@N: BN362 :"d:\fh_mb_powerup_1106_shixu_ok_exit_fault_change_right_addcpuprsnt_ok_add_pull_down_add_pwrbmc_ctrl\mb\09\bm_h13dsp_s\rtl\source\sgpio_slave\s2p_slave.v":89:2:89:7|Removing sequential instance po_r[148] (in view: work.s2p_slave_200s_8s_Z1(verilog)) because it does not drive other instances.
@N: BN362 :"d:\fh_mb_powerup_1106_shixu_ok_exit_fault_change_right_addcpuprsnt_ok_add_pull_down_add_pwrbmc_ctrl\mb\09\bm_h13dsp_s\rtl\source\sgpio_slave\s2p_slave.v":89:2:89:7|Removing sequential instance po_r[147] (in view: work.s2p_slave_200s_8s_Z1(verilog)) because it does not drive other instances.
@N: BN362 :"d:\fh_mb_powerup_1106_shixu_ok_exit_fault_change_right_addcpuprsnt_ok_add_pull_down_add_pwrbmc_ctrl\mb\09\bm_h13dsp_s\rtl\source\sgpio_slave\s2p_slave.v":89:2:89:7|Removing sequential instance po_r[146] (in view: work.s2p_slave_200s_8s_Z1(verilog)) because it does not drive other instances.
@N: BN362 :"d:\fh_mb_powerup_1106_shixu_ok_exit_fault_change_right_addcpuprsnt_ok_add_pull_down_add_pwrbmc_ctrl\mb\09\bm_h13dsp_s\rtl\source\sgpio_slave\s2p_slave.v":89:2:89:7|Removing sequential instance po_r[145] (in view: work.s2p_slave_200s_8s_Z1(verilog)) because it does not drive other instances.
@N: BN362 :"d:\fh_mb_powerup_1106_shixu_ok_exit_fault_change_right_addcpuprsnt_ok_add_pull_down_add_pwrbmc_ctrl\mb\09\bm_h13dsp_s\rtl\source\sgpio_slave\s2p_slave.v":89:2:89:7|Removing sequential instance po_r[144] (in view: work.s2p_slave_200s_8s_Z1(verilog)) because it does not drive other instances.
@N: BN362 :"d:\fh_mb_powerup_1106_shixu_ok_exit_fault_change_right_addcpuprsnt_ok_add_pull_down_add_pwrbmc_ctrl\mb\09\bm_h13dsp_s\rtl\source\sgpio_slave\s2p_slave.v":89:2:89:7|Removing sequential instance po_r[143] (in view: work.s2p_slave_200s_8s_Z1(verilog)) because it does not drive other instances.
@N: BN362 :"d:\fh_mb_powerup_1106_shixu_ok_exit_fault_change_right_addcpuprsnt_ok_add_pull_down_add_pwrbmc_ctrl\mb\09\bm_h13dsp_s\rtl\source\sgpio_slave\s2p_slave.v":89:2:89:7|Removing sequential instance po_r[142] (in view: work.s2p_slave_200s_8s_Z1(verilog)) because it does not drive other instances.
@N: BN362 :"d:\fh_mb_powerup_1106_shixu_ok_exit_fault_change_right_addcpuprsnt_ok_add_pull_down_add_pwrbmc_ctrl\mb\09\bm_h13dsp_s\rtl\source\sgpio_slave\s2p_slave.v":89:2:89:7|Removing sequential instance po_r[141] (in view: work.s2p_slave_200s_8s_Z1(verilog)) because it does not drive other instances.
@N: BN362 :"d:\fh_mb_powerup_1106_shixu_ok_exit_fault_change_right_addcpuprsnt_ok_add_pull_down_add_pwrbmc_ctrl\mb\09\bm_h13dsp_s\rtl\source\sgpio_slave\s2p_slave.v":89:2:89:7|Removing sequential instance po_r[140] (in view: work.s2p_slave_200s_8s_Z1(verilog)) because it does not drive other instances.
@N: BN362 :"d:\fh_mb_powerup_1106_shixu_ok_exit_fault_change_right_addcpuprsnt_ok_add_pull_down_add_pwrbmc_ctrl\mb\09\bm_h13dsp_s\rtl\source\sgpio_slave\s2p_slave.v":89:2:89:7|Removing sequential instance po_r[139] (in view: work.s2p_slave_200s_8s_Z1(verilog)) because it does not drive other instances.
@N: BN362 :"d:\fh_mb_powerup_1106_shixu_ok_exit_fault_change_right_addcpuprsnt_ok_add_pull_down_add_pwrbmc_ctrl\mb\09\bm_h13dsp_s\rtl\source\sgpio_slave\s2p_slave.v":89:2:89:7|Removing sequential instance po_r[138] (in view: work.s2p_slave_200s_8s_Z1(verilog)) because it does not drive other instances.
@N: BN362 :"d:\fh_mb_powerup_1106_shixu_ok_exit_fault_change_right_addcpuprsnt_ok_add_pull_down_add_pwrbmc_ctrl\mb\09\bm_h13dsp_s\rtl\source\sgpio_slave\s2p_slave.v":89:2:89:7|Removing sequential instance po_r[137] (in view: work.s2p_slave_200s_8s_Z1(verilog)) because it does not drive other instances.
@N: BN362 :"d:\fh_mb_powerup_1106_shixu_ok_exit_fault_change_right_addcpuprsnt_ok_add_pull_down_add_pwrbmc_ctrl\mb\09\bm_h13dsp_s\rtl\source\sgpio_slave\s2p_slave.v":89:2:89:7|Removing sequential instance po_r[136] (in view: work.s2p_slave_200s_8s_Z1(verilog)) because it does not drive other instances.
@N: BN362 :"d:\fh_mb_powerup_1106_shixu_ok_exit_fault_change_right_addcpuprsnt_ok_add_pull_down_add_pwrbmc_ctrl\mb\09\bm_h13dsp_s\rtl\source\sgpio_slave\s2p_slave.v":89:2:89:7|Removing sequential instance po_r[135] (in view: work.s2p_slave_200s_8s_Z1(verilog)) because it does not drive other instances.
@N: BN362 :"d:\fh_mb_powerup_1106_shixu_ok_exit_fault_change_right_addcpuprsnt_ok_add_pull_down_add_pwrbmc_ctrl\mb\09\bm_h13dsp_s\rtl\source\sgpio_slave\s2p_slave.v":89:2:89:7|Removing sequential instance po_r[134] (in view: work.s2p_slave_200s_8s_Z1(verilog)) because it does not drive other instances.
@N: BN362 :"d:\fh_mb_powerup_1106_shixu_ok_exit_fault_change_right_addcpuprsnt_ok_add_pull_down_add_pwrbmc_ctrl\mb\09\bm_h13dsp_s\rtl\source\sgpio_slave\s2p_slave.v":89:2:89:7|Removing sequential instance po_r[133] (in view: work.s2p_slave_200s_8s_Z1(verilog)) because it does not drive other instances.
@N: BN362 :"d:\fh_mb_powerup_1106_shixu_ok_exit_fault_change_right_addcpuprsnt_ok_add_pull_down_add_pwrbmc_ctrl\mb\09\bm_h13dsp_s\rtl\source\sgpio_slave\s2p_slave.v":89:2:89:7|Removing sequential instance po_r[132] (in view: work.s2p_slave_200s_8s_Z1(verilog)) because it does not drive other instances.
@N: BN362 :"d:\fh_mb_powerup_1106_shixu_ok_exit_fault_change_right_addcpuprsnt_ok_add_pull_down_add_pwrbmc_ctrl\mb\09\bm_h13dsp_s\rtl\source\sgpio_slave\s2p_slave.v":89:2:89:7|Removing sequential instance po_r[131] (in view: work.s2p_slave_200s_8s_Z1(verilog)) because it does not drive other instances.
@N: BN362 :"d:\fh_mb_powerup_1106_shixu_ok_exit_fault_change_right_addcpuprsnt_ok_add_pull_down_add_pwrbmc_ctrl\mb\09\bm_h13dsp_s\rtl\source\sgpio_slave\s2p_slave.v":89:2:89:7|Removing sequential instance po_r[130] (in view: work.s2p_slave_200s_8s_Z1(verilog)) because it does not drive other instances.
@N: BN362 :"d:\fh_mb_powerup_1106_shixu_ok_exit_fault_change_right_addcpuprsnt_ok_add_pull_down_add_pwrbmc_ctrl\mb\09\bm_h13dsp_s\rtl\source\sgpio_slave\s2p_slave.v":89:2:89:7|Removing sequential instance po_r[129] (in view: work.s2p_slave_200s_8s_Z1(verilog)) because it does not drive other instances.
@N: BN362 :"d:\fh_mb_powerup_1106_shixu_ok_exit_fault_change_right_addcpuprsnt_ok_add_pull_down_add_pwrbmc_ctrl\mb\09\bm_h13dsp_s\rtl\source\sgpio_slave\s2p_slave.v":89:2:89:7|Removing sequential instance po_r[128] (in view: work.s2p_slave_200s_8s_Z1(verilog)) because it does not drive other instances.
@N: BN362 :"d:\fh_mb_powerup_1106_shixu_ok_exit_fault_change_right_addcpuprsnt_ok_add_pull_down_add_pwrbmc_ctrl\mb\09\bm_h13dsp_s\rtl\source\sgpio_slave\s2p_slave.v":89:2:89:7|Removing sequential instance po_r[127] (in view: work.s2p_slave_200s_8s_Z1(verilog)) because it does not drive other instances.
@N: BN362 :"d:\fh_mb_powerup_1106_shixu_ok_exit_fault_change_right_addcpuprsnt_ok_add_pull_down_add_pwrbmc_ctrl\mb\09\bm_h13dsp_s\rtl\source\sgpio_slave\s2p_slave.v":89:2:89:7|Removing sequential instance po_r[126] (in view: work.s2p_slave_200s_8s_Z1(verilog)) because it does not drive other instances.
@N: BN362 :"d:\fh_mb_powerup_1106_shixu_ok_exit_fault_change_right_addcpuprsnt_ok_add_pull_down_add_pwrbmc_ctrl\mb\09\bm_h13dsp_s\rtl\source\sgpio_slave\s2p_slave.v":89:2:89:7|Removing sequential instance po_r[125] (in view: work.s2p_slave_200s_8s_Z1(verilog)) because it does not drive other instances.
@N: BN362 :"d:\fh_mb_powerup_1106_shixu_ok_exit_fault_change_right_addcpuprsnt_ok_add_pull_down_add_pwrbmc_ctrl\mb\09\bm_h13dsp_s\rtl\source\sgpio_slave\s2p_slave.v":89:2:89:7|Removing sequential instance po_r[124] (in view: work.s2p_slave_200s_8s_Z1(verilog)) because it does not drive other instances.
@N: BN362 :"d:\fh_mb_powerup_1106_shixu_ok_exit_fault_change_right_addcpuprsnt_ok_add_pull_down_add_pwrbmc_ctrl\mb\09\bm_h13dsp_s\rtl\source\sgpio_slave\s2p_slave.v":89:2:89:7|Removing sequential instance po_r[123] (in view: work.s2p_slave_200s_8s_Z1(verilog)) because it does not drive other instances.
@N: BN362 :"d:\fh_mb_powerup_1106_shixu_ok_exit_fault_change_right_addcpuprsnt_ok_add_pull_down_add_pwrbmc_ctrl\mb\09\bm_h13dsp_s\rtl\source\sgpio_slave\s2p_slave.v":89:2:89:7|Removing sequential instance po_r[122] (in view: work.s2p_slave_200s_8s_Z1(verilog)) because it does not drive other instances.
@N: BN362 :"d:\fh_mb_powerup_1106_shixu_ok_exit_fault_change_right_addcpuprsnt_ok_add_pull_down_add_pwrbmc_ctrl\mb\09\bm_h13dsp_s\rtl\source\sgpio_slave\s2p_slave.v":89:2:89:7|Removing sequential instance po_r[121] (in view: work.s2p_slave_200s_8s_Z1(verilog)) because it does not drive other instances.
@N: BN362 :"d:\fh_mb_powerup_1106_shixu_ok_exit_fault_change_right_addcpuprsnt_ok_add_pull_down_add_pwrbmc_ctrl\mb\09\bm_h13dsp_s\rtl\source\sgpio_slave\s2p_slave.v":89:2:89:7|Removing sequential instance po_r[120] (in view: work.s2p_slave_200s_8s_Z1(verilog)) because it does not drive other instances.
@N: BN362 :"d:\fh_mb_powerup_1106_shixu_ok_exit_fault_change_right_addcpuprsnt_ok_add_pull_down_add_pwrbmc_ctrl\mb\09\bm_h13dsp_s\rtl\source\sgpio_slave\s2p_slave.v":89:2:89:7|Removing sequential instance po_r[119] (in view: work.s2p_slave_200s_8s_Z1(verilog)) because it does not drive other instances.
@N: BN362 :"d:\fh_mb_powerup_1106_shixu_ok_exit_fault_change_right_addcpuprsnt_ok_add_pull_down_add_pwrbmc_ctrl\mb\09\bm_h13dsp_s\rtl\source\sgpio_slave\s2p_slave.v":89:2:89:7|Removing sequential instance po_r[118] (in view: work.s2p_slave_200s_8s_Z1(verilog)) because it does not drive other instances.
@N: BN362 :"d:\fh_mb_powerup_1106_shixu_ok_exit_fault_change_right_addcpuprsnt_ok_add_pull_down_add_pwrbmc_ctrl\mb\09\bm_h13dsp_s\rtl\source\sgpio_slave\s2p_slave.v":89:2:89:7|Removing sequential instance po_r[117] (in view: work.s2p_slave_200s_8s_Z1(verilog)) because it does not drive other instances.
@N: BN362 :"d:\fh_mb_powerup_1106_shixu_ok_exit_fault_change_right_addcpuprsnt_ok_add_pull_down_add_pwrbmc_ctrl\mb\09\bm_h13dsp_s\rtl\source\sgpio_slave\s2p_slave.v":89:2:89:7|Removing sequential instance po_r[116] (in view: work.s2p_slave_200s_8s_Z1(verilog)) because it does not drive other instances.
@N: BN362 :"d:\fh_mb_powerup_1106_shixu_ok_exit_fault_change_right_addcpuprsnt_ok_add_pull_down_add_pwrbmc_ctrl\mb\09\bm_h13dsp_s\rtl\source\sgpio_slave\s2p_slave.v":89:2:89:7|Removing sequential instance po_r[115] (in view: work.s2p_slave_200s_8s_Z1(verilog)) because it does not drive other instances.
@N: BN362 :"d:\fh_mb_powerup_1106_shixu_ok_exit_fault_change_right_addcpuprsnt_ok_add_pull_down_add_pwrbmc_ctrl\mb\09\bm_h13dsp_s\rtl\source\sgpio_slave\s2p_slave.v":89:2:89:7|Removing sequential instance po_r[114] (in view: work.s2p_slave_200s_8s_Z1(verilog)) because it does not drive other instances.
@N: BN362 :"d:\fh_mb_powerup_1106_shixu_ok_exit_fault_change_right_addcpuprsnt_ok_add_pull_down_add_pwrbmc_ctrl\mb\09\bm_h13dsp_s\rtl\source\sgpio_slave\s2p_slave.v":89:2:89:7|Removing sequential instance po_r[113] (in view: work.s2p_slave_200s_8s_Z1(verilog)) because it does not drive other instances.
@N: BN362 :"d:\fh_mb_powerup_1106_shixu_ok_exit_fault_change_right_addcpuprsnt_ok_add_pull_down_add_pwrbmc_ctrl\mb\09\bm_h13dsp_s\rtl\source\sgpio_slave\s2p_slave.v":89:2:89:7|Removing sequential instance po_r[112] (in view: work.s2p_slave_200s_8s_Z1(verilog)) because it does not drive other instances.
@N: BN362 :"d:\fh_mb_powerup_1106_shixu_ok_exit_fault_change_right_addcpuprsnt_ok_add_pull_down_add_pwrbmc_ctrl\mb\09\bm_h13dsp_s\rtl\source\sgpio_slave\s2p_slave.v":89:2:89:7|Removing sequential instance po_r[111] (in view: work.s2p_slave_200s_8s_Z1(verilog)) because it does not drive other instances.
@N: BN362 :"d:\fh_mb_powerup_1106_shixu_ok_exit_fault_change_right_addcpuprsnt_ok_add_pull_down_add_pwrbmc_ctrl\mb\09\bm_h13dsp_s\rtl\source\sgpio_slave\s2p_slave.v":89:2:89:7|Removing sequential instance po_r[110] (in view: work.s2p_slave_200s_8s_Z1(verilog)) because it does not drive other instances.
@N: BN362 :"d:\fh_mb_powerup_1106_shixu_ok_exit_fault_change_right_addcpuprsnt_ok_add_pull_down_add_pwrbmc_ctrl\mb\09\bm_h13dsp_s\rtl\source\sgpio_slave\s2p_slave.v":89:2:89:7|Removing sequential instance po_r[109] (in view: work.s2p_slave_200s_8s_Z1(verilog)) because it does not drive other instances.
@N: BN362 :"d:\fh_mb_powerup_1106_shixu_ok_exit_fault_change_right_addcpuprsnt_ok_add_pull_down_add_pwrbmc_ctrl\mb\09\bm_h13dsp_s\rtl\source\sgpio_slave\s2p_slave.v":89:2:89:7|Removing sequential instance po_r[108] (in view: work.s2p_slave_200s_8s_Z1(verilog)) because it does not drive other instances.
@N: BN362 :"d:\fh_mb_powerup_1106_shixu_ok_exit_fault_change_right_addcpuprsnt_ok_add_pull_down_add_pwrbmc_ctrl\mb\09\bm_h13dsp_s\rtl\source\sgpio_slave\s2p_slave.v":89:2:89:7|Removing sequential instance po_r[107] (in view: work.s2p_slave_200s_8s_Z1(verilog)) because it does not drive other instances.
@N: BN362 :"d:\fh_mb_powerup_1106_shixu_ok_exit_fault_change_right_addcpuprsnt_ok_add_pull_down_add_pwrbmc_ctrl\mb\09\bm_h13dsp_s\rtl\source\sgpio_slave\s2p_slave.v":89:2:89:7|Removing sequential instance po_r[106] (in view: work.s2p_slave_200s_8s_Z1(verilog)) because it does not drive other instances.
@N: BN362 :"d:\fh_mb_powerup_1106_shixu_ok_exit_fault_change_right_addcpuprsnt_ok_add_pull_down_add_pwrbmc_ctrl\mb\09\bm_h13dsp_s\rtl\source\sgpio_slave\s2p_slave.v":89:2:89:7|Removing sequential instance po_r[105] (in view: work.s2p_slave_200s_8s_Z1(verilog)) because it does not drive other instances.
@N: BN362 :"d:\fh_mb_powerup_1106_shixu_ok_exit_fault_change_right_addcpuprsnt_ok_add_pull_down_add_pwrbmc_ctrl\mb\09\bm_h13dsp_s\rtl\source\sgpio_slave\s2p_slave.v":89:2:89:7|Removing sequential instance po_r[104] (in view: work.s2p_slave_200s_8s_Z1(verilog)) because it does not drive other instances.
@N: BN362 :"d:\fh_mb_powerup_1106_shixu_ok_exit_fault_change_right_addcpuprsnt_ok_add_pull_down_add_pwrbmc_ctrl\mb\09\bm_h13dsp_s\rtl\source\sgpio_slave\s2p_slave.v":89:2:89:7|Removing sequential instance po_r[103] (in view: work.s2p_slave_200s_8s_Z1(verilog)) because it does not drive other instances.
@N: BN362 :"d:\fh_mb_powerup_1106_shixu_ok_exit_fault_change_right_addcpuprsnt_ok_add_pull_down_add_pwrbmc_ctrl\mb\09\bm_h13dsp_s\rtl\source\sgpio_slave\s2p_slave.v":89:2:89:7|Removing sequential instance po_r[102] (in view: work.s2p_slave_200s_8s_Z1(verilog)) because it does not drive other instances.
@N: BN362 :"d:\fh_mb_powerup_1106_shixu_ok_exit_fault_change_right_addcpuprsnt_ok_add_pull_down_add_pwrbmc_ctrl\mb\09\bm_h13dsp_s\rtl\source\sgpio_slave\s2p_slave.v":89:2:89:7|Removing sequential instance po_r[101] (in view: work.s2p_slave_200s_8s_Z1(verilog)) because it does not drive other instances.
@N: BN362 :"d:\fh_mb_powerup_1106_shixu_ok_exit_fault_change_right_addcpuprsnt_ok_add_pull_down_add_pwrbmc_ctrl\mb\09\bm_h13dsp_s\rtl\source\sgpio_slave\s2p_slave.v":89:2:89:7|Removing sequential instance po_r[100] (in view: work.s2p_slave_200s_8s_Z1(verilog)) because it does not drive other instances.
@N: BN362 :"d:\fh_mb_powerup_1106_shixu_ok_exit_fault_change_right_addcpuprsnt_ok_add_pull_down_add_pwrbmc_ctrl\mb\09\bm_h13dsp_s\rtl\source\sgpio_slave\s2p_slave.v":89:2:89:7|Removing sequential instance po_r[99] (in view: work.s2p_slave_200s_8s_Z1(verilog)) because it does not drive other instances.
@N: BN362 :"d:\fh_mb_powerup_1106_shixu_ok_exit_fault_change_right_addcpuprsnt_ok_add_pull_down_add_pwrbmc_ctrl\mb\09\bm_h13dsp_s\rtl\source\sgpio_slave\s2p_slave.v":89:2:89:7|Removing sequential instance po_r[98] (in view: work.s2p_slave_200s_8s_Z1(verilog)) because it does not drive other instances.
@N: BN362 :"d:\fh_mb_powerup_1106_shixu_ok_exit_fault_change_right_addcpuprsnt_ok_add_pull_down_add_pwrbmc_ctrl\mb\09\bm_h13dsp_s\rtl\source\sgpio_slave\s2p_slave.v":89:2:89:7|Removing sequential instance po_r[97] (in view: work.s2p_slave_200s_8s_Z1(verilog)) because it does not drive other instances.
@N: BN362 :"d:\fh_mb_powerup_1106_shixu_ok_exit_fault_change_right_addcpuprsnt_ok_add_pull_down_add_pwrbmc_ctrl\mb\09\bm_h13dsp_s\rtl\source\sgpio_slave\s2p_slave.v":89:2:89:7|Removing sequential instance po_r[96] (in view: work.s2p_slave_200s_8s_Z1(verilog)) because it does not drive other instances.

Only the first 100 messages of id 'BN362' are reported. To see all messages use 'report_messages -log D:\FH_MB_powerup_1106_shixu_ok_exit_fault_change_right_addcpuprsnt_ok_add_pull_down_add_pwrbmc_ctrl\MB\09\BM_H13DSP_S\pro\impl1\synlog\BM_H13DSP_S_impl1_fpga_mapper.srr -id BN362' in the Tcl shell. To see all messages in future runs, use the command 'message_override -limit {BN362} -count unlimited' in the Tcl shell.
@N: MO231 :"d:\fh_mb_powerup_1106_shixu_ok_exit_fault_change_right_addcpuprsnt_ok_add_pull_down_add_pwrbmc_ctrl\mb\09\bm_h13dsp_s\rtl\source\sgpio_slave\s2p_slave.v":79:2:79:7|Found counter in view:work.s2p_slave_200s_8s_Z1(verilog) instance cnt[7:0] 
@N: MO231 :"d:\fh_mb_powerup_1106_shixu_ok_exit_fault_change_right_addcpuprsnt_ok_add_pull_down_add_pwrbmc_ctrl\mb\09\bm_h13dsp_s\rtl\source\sgpio_slave\p2s_slave.v":66:0:66:5|Found counter in view:work.p2s_slave_200s_8s(verilog) instance cnt[7:0] 
@N: MO231 :"d:\fh_mb_powerup_1106_shixu_ok_exit_fault_change_right_addcpuprsnt_ok_add_pull_down_add_pwrbmc_ctrl\mb\09\bm_h13dsp_s\rtl\source\uart\mcio_uart_master.v":201:0:201:5|Found counter in view:work.UART_MASTER_Z2_1(verilog) instance data_count[4:0] 
@N: MO231 :"d:\fh_mb_powerup_1106_shixu_ok_exit_fault_change_right_addcpuprsnt_ok_add_pull_down_add_pwrbmc_ctrl\mb\09\bm_h13dsp_s\rtl\source\uart\mcio_uart_master.v":189:0:189:5|Found counter in view:work.UART_MASTER_Z2_1(verilog) instance bps_count_bit[5:0] 
@N: MO231 :"d:\fh_mb_powerup_1106_shixu_ok_exit_fault_change_right_addcpuprsnt_ok_add_pull_down_add_pwrbmc_ctrl\mb\09\bm_h13dsp_s\rtl\source\uart\mcio_uart_master.v":201:0:201:5|Found counter in view:work.UART_MASTER_Z2_0(verilog) instance data_count[4:0] 
@N: MO231 :"d:\fh_mb_powerup_1106_shixu_ok_exit_fault_change_right_addcpuprsnt_ok_add_pull_down_add_pwrbmc_ctrl\mb\09\bm_h13dsp_s\rtl\source\uart\mcio_uart_master.v":189:0:189:5|Found counter in view:work.UART_MASTER_Z2_0(verilog) instance bps_count_bit[5:0] 
@N: MO231 :"d:\fh_mb_powerup_1106_shixu_ok_exit_fault_change_right_addcpuprsnt_ok_add_pull_down_add_pwrbmc_ctrl\mb\09\bm_h13dsp_s\rtl\source\uart\mcio_uart_master.v":201:0:201:5|Found counter in view:work.UART_MASTER_Z2_19_17(verilog) instance data_count[4:0] 
@N: MO231 :"d:\fh_mb_powerup_1106_shixu_ok_exit_fault_change_right_addcpuprsnt_ok_add_pull_down_add_pwrbmc_ctrl\mb\09\bm_h13dsp_s\rtl\source\uart\mcio_uart_master.v":189:0:189:5|Found counter in view:work.UART_MASTER_Z2_19_17(verilog) instance bps_count_bit[5:0] 
@N: MO231 :"d:\fh_mb_powerup_1106_shixu_ok_exit_fault_change_right_addcpuprsnt_ok_add_pull_down_add_pwrbmc_ctrl\mb\09\bm_h13dsp_s\rtl\source\uart\mcio_uart_master.v":201:0:201:5|Found counter in view:work.UART_MASTER_Z2_19_16(verilog) instance data_count[4:0] 
@N: MO231 :"d:\fh_mb_powerup_1106_shixu_ok_exit_fault_change_right_addcpuprsnt_ok_add_pull_down_add_pwrbmc_ctrl\mb\09\bm_h13dsp_s\rtl\source\uart\mcio_uart_master.v":189:0:189:5|Found counter in view:work.UART_MASTER_Z2_19_16(verilog) instance bps_count_bit[5:0] 
@N: MO231 :"d:\fh_mb_powerup_1106_shixu_ok_exit_fault_change_right_addcpuprsnt_ok_add_pull_down_add_pwrbmc_ctrl\mb\09\bm_h13dsp_s\rtl\source\uart\mcio_uart_master.v":201:0:201:5|Found counter in view:work.UART_MASTER_Z2_19_15(verilog) instance data_count[4:0] 
@N: MO231 :"d:\fh_mb_powerup_1106_shixu_ok_exit_fault_change_right_addcpuprsnt_ok_add_pull_down_add_pwrbmc_ctrl\mb\09\bm_h13dsp_s\rtl\source\uart\mcio_uart_master.v":189:0:189:5|Found counter in view:work.UART_MASTER_Z2_19_15(verilog) instance bps_count_bit[5:0] 
@N: MO231 :"d:\fh_mb_powerup_1106_shixu_ok_exit_fault_change_right_addcpuprsnt_ok_add_pull_down_add_pwrbmc_ctrl\mb\09\bm_h13dsp_s\rtl\source\uart\mcio_uart_master.v":201:0:201:5|Found counter in view:work.UART_MASTER_Z2_19_14(verilog) instance data_count[4:0] 
@N: MO231 :"d:\fh_mb_powerup_1106_shixu_ok_exit_fault_change_right_addcpuprsnt_ok_add_pull_down_add_pwrbmc_ctrl\mb\09\bm_h13dsp_s\rtl\source\uart\mcio_uart_master.v":189:0:189:5|Found counter in view:work.UART_MASTER_Z2_19_14(verilog) instance bps_count_bit[5:0] 
@N: MO231 :"d:\fh_mb_powerup_1106_shixu_ok_exit_fault_change_right_addcpuprsnt_ok_add_pull_down_add_pwrbmc_ctrl\mb\09\bm_h13dsp_s\rtl\source\uart\mcio_uart_master.v":201:0:201:5|Found counter in view:work.UART_MASTER_Z2_19_13(verilog) instance data_count[4:0] 
@N: MO231 :"d:\fh_mb_powerup_1106_shixu_ok_exit_fault_change_right_addcpuprsnt_ok_add_pull_down_add_pwrbmc_ctrl\mb\09\bm_h13dsp_s\rtl\source\uart\mcio_uart_master.v":189:0:189:5|Found counter in view:work.UART_MASTER_Z2_19_13(verilog) instance bps_count_bit[5:0] 
@N: MO231 :"d:\fh_mb_powerup_1106_shixu_ok_exit_fault_change_right_addcpuprsnt_ok_add_pull_down_add_pwrbmc_ctrl\mb\09\bm_h13dsp_s\rtl\source\uart\mcio_uart_master.v":201:0:201:5|Found counter in view:work.UART_MASTER_Z2_19_12(verilog) instance data_count[4:0] 
@N: MO231 :"d:\fh_mb_powerup_1106_shixu_ok_exit_fault_change_right_addcpuprsnt_ok_add_pull_down_add_pwrbmc_ctrl\mb\09\bm_h13dsp_s\rtl\source\uart\mcio_uart_master.v":189:0:189:5|Found counter in view:work.UART_MASTER_Z2_19_12(verilog) instance bps_count_bit[5:0] 
@N: MO231 :"d:\fh_mb_powerup_1106_shixu_ok_exit_fault_change_right_addcpuprsnt_ok_add_pull_down_add_pwrbmc_ctrl\mb\09\bm_h13dsp_s\rtl\source\uart\mcio_uart_master.v":201:0:201:5|Found counter in view:work.UART_MASTER_Z2_19_11(verilog) instance data_count[4:0] 
@N: MO231 :"d:\fh_mb_powerup_1106_shixu_ok_exit_fault_change_right_addcpuprsnt_ok_add_pull_down_add_pwrbmc_ctrl\mb\09\bm_h13dsp_s\rtl\source\uart\mcio_uart_master.v":189:0:189:5|Found counter in view:work.UART_MASTER_Z2_19_11(verilog) instance bps_count_bit[5:0] 
@N: MO231 :"d:\fh_mb_powerup_1106_shixu_ok_exit_fault_change_right_addcpuprsnt_ok_add_pull_down_add_pwrbmc_ctrl\mb\09\bm_h13dsp_s\rtl\source\uart\mcio_uart_master.v":201:0:201:5|Found counter in view:work.UART_MASTER_Z2_19_10(verilog) instance data_count[4:0] 
@N: MO231 :"d:\fh_mb_powerup_1106_shixu_ok_exit_fault_change_right_addcpuprsnt_ok_add_pull_down_add_pwrbmc_ctrl\mb\09\bm_h13dsp_s\rtl\source\uart\mcio_uart_master.v":189:0:189:5|Found counter in view:work.UART_MASTER_Z2_19_10(verilog) instance bps_count_bit[5:0] 
@N: MO231 :"d:\fh_mb_powerup_1106_shixu_ok_exit_fault_change_right_addcpuprsnt_ok_add_pull_down_add_pwrbmc_ctrl\mb\09\bm_h13dsp_s\rtl\source\uart\mcio_uart_master.v":201:0:201:5|Found counter in view:work.UART_MASTER_Z2_19_9(verilog) instance data_count[4:0] 
@N: MO231 :"d:\fh_mb_powerup_1106_shixu_ok_exit_fault_change_right_addcpuprsnt_ok_add_pull_down_add_pwrbmc_ctrl\mb\09\bm_h13dsp_s\rtl\source\uart\mcio_uart_master.v":189:0:189:5|Found counter in view:work.UART_MASTER_Z2_19_9(verilog) instance bps_count_bit[5:0] 
@N: MO231 :"d:\fh_mb_powerup_1106_shixu_ok_exit_fault_change_right_addcpuprsnt_ok_add_pull_down_add_pwrbmc_ctrl\mb\09\bm_h13dsp_s\rtl\source\uart\mcio_uart_master.v":201:0:201:5|Found counter in view:work.UART_MASTER_Z2_19_8(verilog) instance data_count[4:0] 
@N: MO231 :"d:\fh_mb_powerup_1106_shixu_ok_exit_fault_change_right_addcpuprsnt_ok_add_pull_down_add_pwrbmc_ctrl\mb\09\bm_h13dsp_s\rtl\source\uart\mcio_uart_master.v":189:0:189:5|Found counter in view:work.UART_MASTER_Z2_19_8(verilog) instance bps_count_bit[5:0] 
@N: MO231 :"d:\fh_mb_powerup_1106_shixu_ok_exit_fault_change_right_addcpuprsnt_ok_add_pull_down_add_pwrbmc_ctrl\mb\09\bm_h13dsp_s\rtl\source\uart\mcio_uart_master.v":201:0:201:5|Found counter in view:work.UART_MASTER_Z2_19_7(verilog) instance data_count[4:0] 
@N: MO231 :"d:\fh_mb_powerup_1106_shixu_ok_exit_fault_change_right_addcpuprsnt_ok_add_pull_down_add_pwrbmc_ctrl\mb\09\bm_h13dsp_s\rtl\source\uart\mcio_uart_master.v":189:0:189:5|Found counter in view:work.UART_MASTER_Z2_19_7(verilog) instance bps_count_bit[5:0] 
@N: MO231 :"d:\fh_mb_powerup_1106_shixu_ok_exit_fault_change_right_addcpuprsnt_ok_add_pull_down_add_pwrbmc_ctrl\mb\09\bm_h13dsp_s\rtl\source\uart\mcio_uart_master.v":201:0:201:5|Found counter in view:work.UART_MASTER_Z2_19_6(verilog) instance data_count[4:0] 
@N: MO231 :"d:\fh_mb_powerup_1106_shixu_ok_exit_fault_change_right_addcpuprsnt_ok_add_pull_down_add_pwrbmc_ctrl\mb\09\bm_h13dsp_s\rtl\source\uart\mcio_uart_master.v":189:0:189:5|Found counter in view:work.UART_MASTER_Z2_19_6(verilog) instance bps_count_bit[5:0] 
@N: MO231 :"d:\fh_mb_powerup_1106_shixu_ok_exit_fault_change_right_addcpuprsnt_ok_add_pull_down_add_pwrbmc_ctrl\mb\09\bm_h13dsp_s\rtl\source\uart\mcio_uart_master.v":201:0:201:5|Found counter in view:work.UART_MASTER_Z2_19_5(verilog) instance data_count[4:0] 
@N: MO231 :"d:\fh_mb_powerup_1106_shixu_ok_exit_fault_change_right_addcpuprsnt_ok_add_pull_down_add_pwrbmc_ctrl\mb\09\bm_h13dsp_s\rtl\source\uart\mcio_uart_master.v":189:0:189:5|Found counter in view:work.UART_MASTER_Z2_19_5(verilog) instance bps_count_bit[5:0] 
@N: MO231 :"d:\fh_mb_powerup_1106_shixu_ok_exit_fault_change_right_addcpuprsnt_ok_add_pull_down_add_pwrbmc_ctrl\mb\09\bm_h13dsp_s\rtl\source\uart\mcio_uart_master.v":201:0:201:5|Found counter in view:work.UART_MASTER_Z2_19_4(verilog) instance data_count[4:0] 
@N: MO231 :"d:\fh_mb_powerup_1106_shixu_ok_exit_fault_change_right_addcpuprsnt_ok_add_pull_down_add_pwrbmc_ctrl\mb\09\bm_h13dsp_s\rtl\source\uart\mcio_uart_master.v":189:0:189:5|Found counter in view:work.UART_MASTER_Z2_19_4(verilog) instance bps_count_bit[5:0] 
@N: MO231 :"d:\fh_mb_powerup_1106_shixu_ok_exit_fault_change_right_addcpuprsnt_ok_add_pull_down_add_pwrbmc_ctrl\mb\09\bm_h13dsp_s\rtl\source\uart\mcio_uart_master.v":201:0:201:5|Found counter in view:work.UART_MASTER_Z2_19_3(verilog) instance data_count[4:0] 
@N: MO231 :"d:\fh_mb_powerup_1106_shixu_ok_exit_fault_change_right_addcpuprsnt_ok_add_pull_down_add_pwrbmc_ctrl\mb\09\bm_h13dsp_s\rtl\source\uart\mcio_uart_master.v":189:0:189:5|Found counter in view:work.UART_MASTER_Z2_19_3(verilog) instance bps_count_bit[5:0] 
@N: MO231 :"d:\fh_mb_powerup_1106_shixu_ok_exit_fault_change_right_addcpuprsnt_ok_add_pull_down_add_pwrbmc_ctrl\mb\09\bm_h13dsp_s\rtl\source\uart\mcio_uart_master.v":201:0:201:5|Found counter in view:work.UART_MASTER_Z2_19_2(verilog) instance data_count[4:0] 
@N: MO231 :"d:\fh_mb_powerup_1106_shixu_ok_exit_fault_change_right_addcpuprsnt_ok_add_pull_down_add_pwrbmc_ctrl\mb\09\bm_h13dsp_s\rtl\source\uart\mcio_uart_master.v":189:0:189:5|Found counter in view:work.UART_MASTER_Z2_19_2(verilog) instance bps_count_bit[5:0] 
@N: MO231 :"d:\fh_mb_powerup_1106_shixu_ok_exit_fault_change_right_addcpuprsnt_ok_add_pull_down_add_pwrbmc_ctrl\mb\09\bm_h13dsp_s\rtl\source\uart\mcio_uart_master.v":201:0:201:5|Found counter in view:work.UART_MASTER_Z2_19_1(verilog) instance data_count[4:0] 
@N: MO231 :"d:\fh_mb_powerup_1106_shixu_ok_exit_fault_change_right_addcpuprsnt_ok_add_pull_down_add_pwrbmc_ctrl\mb\09\bm_h13dsp_s\rtl\source\uart\mcio_uart_master.v":189:0:189:5|Found counter in view:work.UART_MASTER_Z2_19_1(verilog) instance bps_count_bit[5:0] 
@N: MO231 :"d:\fh_mb_powerup_1106_shixu_ok_exit_fault_change_right_addcpuprsnt_ok_add_pull_down_add_pwrbmc_ctrl\mb\09\bm_h13dsp_s\rtl\source\uart\mcio_uart_master.v":201:0:201:5|Found counter in view:work.UART_MASTER_Z2_19_0(verilog) instance data_count[4:0] 
@N: MO231 :"d:\fh_mb_powerup_1106_shixu_ok_exit_fault_change_right_addcpuprsnt_ok_add_pull_down_add_pwrbmc_ctrl\mb\09\bm_h13dsp_s\rtl\source\uart\mcio_uart_master.v":189:0:189:5|Found counter in view:work.UART_MASTER_Z2_19_0(verilog) instance bps_count_bit[5:0] 
@N: MO231 :"d:\fh_mb_powerup_1106_shixu_ok_exit_fault_change_right_addcpuprsnt_ok_add_pull_down_add_pwrbmc_ctrl\mb\09\bm_h13dsp_s\rtl\source\bmc_i2c\i2c_slave_bmc.v":113:0:113:5|Found counter in view:work.i2c_slave_bmc_16s(verilog) instance r_write_byte_cnt[15:0] 
@N: MO231 :"d:\fh_mb_powerup_1106_shixu_ok_exit_fault_change_right_addcpuprsnt_ok_add_pull_down_add_pwrbmc_ctrl\mb\09\bm_h13dsp_s\rtl\source\bmc_i2c\i2c_slave_bmc.v":103:0:103:5|Found counter in view:work.i2c_slave_bmc_16s(verilog) instance r_read_byte_cnt[15:0] 
@N: MO231 :"d:\fh_mb_powerup_1106_shixu_ok_exit_fault_change_right_addcpuprsnt_ok_add_pull_down_add_pwrbmc_ctrl\mb\09\bm_h13dsp_s\rtl\source\bmc_i2c\i2c_slave_basic0.v":628:0:628:5|Found counter in view:work.i2c_slave_basic0_3s_16s(verilog) instance r_timeout_cnt[5:0] 

Starting factoring (Real Time elapsed 0h:00m:01s; CPU Time elapsed 0h:00m:01s; Memory used current: 273MB peak: 273MB)


Finished factoring (Real Time elapsed 0h:00m:01s; CPU Time elapsed 0h:00m:01s; Memory used current: 279MB peak: 279MB)


Available hyper_sources - for debug and ip models
	None Found

NConnInternalConnection caching is on
@W: BN161 :"d:\fh_mb_powerup_1106_shixu_ok_exit_fault_change_right_addcpuprsnt_ok_add_pull_down_add_pwrbmc_ctrl\mb\09\bm_h13dsp_s\rtl\include\bm_h13dsp_s_va_port.v":23:8:23:18|Net bmc_cpld_i2c_ram_u0.N_215 has multiple drivers .
@W: BN161 :"d:\fh_mb_powerup_1106_shixu_ok_exit_fault_change_right_addcpuprsnt_ok_add_pull_down_add_pwrbmc_ctrl\mb\09\bm_h13dsp_s\rtl\include\bm_h13dsp_s_va_port.v":23:8:23:18|Net bmc_cpld_i2c_ram_u0.N_216 has multiple drivers .
@W: BN161 :"d:\fh_mb_powerup_1106_shixu_ok_exit_fault_change_right_addcpuprsnt_ok_add_pull_down_add_pwrbmc_ctrl\mb\09\bm_h13dsp_s\rtl\include\bm_h13dsp_s_va_port.v":23:8:23:18|Net bmc_cpld_i2c_ram_u0.N_217 has multiple drivers .
@W: BN161 :"d:\fh_mb_powerup_1106_shixu_ok_exit_fault_change_right_addcpuprsnt_ok_add_pull_down_add_pwrbmc_ctrl\mb\09\bm_h13dsp_s\rtl\include\bm_h13dsp_s_va_port.v":23:8:23:18|Net bmc_cpld_i2c_ram_u0.N_218 has multiple drivers .
@W: BN161 :"d:\fh_mb_powerup_1106_shixu_ok_exit_fault_change_right_addcpuprsnt_ok_add_pull_down_add_pwrbmc_ctrl\mb\09\bm_h13dsp_s\rtl\include\bm_h13dsp_s_va_port.v":23:8:23:18|Net bmc_cpld_i2c_ram_u0.N_219 has multiple drivers .
@W: BN161 :"d:\fh_mb_powerup_1106_shixu_ok_exit_fault_change_right_addcpuprsnt_ok_add_pull_down_add_pwrbmc_ctrl\mb\09\bm_h13dsp_s\rtl\include\bm_h13dsp_s_va_port.v":23:8:23:18|Net bmc_cpld_i2c_ram_u0.N_220 has multiple drivers .
@W: BN161 :"d:\fh_mb_powerup_1106_shixu_ok_exit_fault_change_right_addcpuprsnt_ok_add_pull_down_add_pwrbmc_ctrl\mb\09\bm_h13dsp_s\rtl\include\bm_h13dsp_s_va_port.v":23:8:23:18|Net bmc_cpld_i2c_ram_u0.N_221 has multiple drivers .
@W: BN161 :"d:\fh_mb_powerup_1106_shixu_ok_exit_fault_change_right_addcpuprsnt_ok_add_pull_down_add_pwrbmc_ctrl\mb\09\bm_h13dsp_s\rtl\include\bm_h13dsp_s_va_port.v":23:8:23:18|Net bmc_cpld_i2c_ram_u0.N_222 has multiple drivers .
@W: BN161 :"d:\fh_mb_powerup_1106_shixu_ok_exit_fault_change_right_addcpuprsnt_ok_add_pull_down_add_pwrbmc_ctrl\mb\09\bm_h13dsp_s\rtl\include\bm_h13dsp_s_va_port.v":23:8:23:18|Net bmc_cpld_i2c_ram_u0.N_223 has multiple drivers .

Only the first 100 messages of id 'BN161' are reported. To see all messages use 'report_messages -log D:\FH_MB_powerup_1106_shixu_ok_exit_fault_change_right_addcpuprsnt_ok_add_pull_down_add_pwrbmc_ctrl\MB\09\BM_H13DSP_S\pro\impl1\synlog\BM_H13DSP_S_impl1_fpga_mapper.srr -id BN161' in the Tcl shell. To see all messages in future runs, use the command 'message_override -limit {BN161} -count unlimited' in the Tcl shell.

Finished generic timing optimizations - Pass 1 (Real Time elapsed 0h:00m:02s; CPU Time elapsed 0h:00m:02s; Memory used current: 285MB peak: 293MB)


Starting Early Timing Optimization (Real Time elapsed 0h:00m:02s; CPU Time elapsed 0h:00m:02s; Memory used current: 286MB peak: 293MB)


Finished Early Timing Optimization (Real Time elapsed 0h:00m:03s; CPU Time elapsed 0h:00m:03s; Memory used current: 286MB peak: 293MB)


Finished generic timing optimizations - Pass 2 (Real Time elapsed 0h:00m:03s; CPU Time elapsed 0h:00m:03s; Memory used current: 286MB peak: 293MB)


Finished preparing to map (Real Time elapsed 0h:00m:03s; CPU Time elapsed 0h:00m:04s; Memory used current: 286MB peak: 293MB)


Finished technology mapping (Real Time elapsed 0h:00m:05s; CPU Time elapsed 0h:00m:05s; Memory used current: 316MB peak: 359MB)

Pass		 CPU time		Worst Slack		Luts / Registers
------------------------------------------------------------
   1		0h:00m:05s		     1.06ns		1911 /      1318

Finished technology timing optimizations and critical path resynthesis (Real Time elapsed 0h:00m:05s; CPU Time elapsed 0h:00m:05s; Memory used current: 317MB peak: 359MB)

@N: FX164 |The option to pack registers in the IOB has not been specified. Please set syn_useioff attribute.  

Finished restoring hierarchy (Real Time elapsed 0h:00m:06s; CPU Time elapsed 0h:00m:06s; Memory used current: 317MB peak: 359MB)


Starting CDBProcessSetClockGroups... (Real Time elapsed 0h:00m:06s; CPU Time elapsed 0h:00m:06s; Memory used current: 317MB peak: 359MB)


Finished with CDBProcessSetClockGroups (Real Time elapsed 0h:00m:06s; CPU Time elapsed 0h:00m:06s; Memory used current: 317MB peak: 359MB)


Start Writing Netlists (Real Time elapsed 0h:00m:06s; CPU Time elapsed 0h:00m:06s; Memory used current: 249MB peak: 359MB)

Writing Analyst data base D:\FH_MB_powerup_1106_shixu_ok_exit_fault_change_right_addcpuprsnt_ok_add_pull_down_add_pwrbmc_ctrl\MB\09\BM_H13DSP_S\pro\impl1\synwork\BM_H13DSP_S_impl1_m.srm

Finished Writing Netlist Databases (Real Time elapsed 0h:00m:07s; CPU Time elapsed 0h:00m:07s; Memory used current: 309MB peak: 359MB)

Writing EDIF Netlist and constraint files
@N: FX1056 |Writing EDF file: D:\FH_MB_powerup_1106_shixu_ok_exit_fault_change_right_addcpuprsnt_ok_add_pull_down_add_pwrbmc_ctrl\MB\09\BM_H13DSP_S\pro\impl1\BM_H13DSP_S_impl1.edi
@N: BW106 |Synplicity Constraint File capacitance units using default value of 1pF 
@W: BW150 :|Clock i2c_slave_bmc_16s|w_i2c_command_1_inferred_clock in set_clock_groups command cannot be found and will not be forward annotated

Finished Writing EDIF Netlist and constraint files (Real Time elapsed 0h:00m:07s; CPU Time elapsed 0h:00m:07s; Memory used current: 319MB peak: 359MB)


Finished Writing Netlists (Real Time elapsed 0h:00m:07s; CPU Time elapsed 0h:00m:07s; Memory used current: 319MB peak: 359MB)


Start final timing analysis (Real Time elapsed 0h:00m:08s; CPU Time elapsed 0h:00m:08s; Memory used current: 314MB peak: 359MB)

@W: MT246 :"d:\fh_mb_powerup_1106_shixu_ok_exit_fault_change_right_addcpuprsnt_ok_add_pull_down_add_pwrbmc_ctrl\mb\09\bm_h13dsp_s\rtl\source\iic_update\i2c_update.v":92:8:92:16|Blackbox EFB is missing a user supplied timing model. This may have a negative effect on timing analysis and optimizations (Quality of Results)
@W: MT246 :"d:\fh_mb_powerup_1106_shixu_ok_exit_fault_change_right_addcpuprsnt_ok_add_pull_down_add_pwrbmc_ctrl\mb\09\bm_h13dsp_s\rtl\source\pll\pll_i25m_o50m_o25m.v":67:12:67:20|Blackbox EHXPLLJ is missing a user supplied timing model. This may have a negative effect on timing analysis and optimizations (Quality of Results)
@W: MT420 |Found inferred clock pll_i25M_o50M_o25M|CLKOP_inferred_clock with period 10.00ns. Please declare a user-defined clock on net pll_inst.clk_50m.
@W: MT420 |Found inferred clock pll_i25M_o50M_o25M|CLKOS_inferred_clock with period 10.00ns. Please declare a user-defined clock on net pll_inst.clk_25m.


##### START OF TIMING REPORT #####[
# Timing report written on Tue Nov 18 14:50:00 2025
#


Top view:               BM_H13DSP_S
Requested Frequency:    100.0 MHz
Wire load mode:         top
Paths requested:        5
Constraint File(s):    
@N: MT320 |This timing report is an estimate of place and route data. For final timing results, use the FPGA vendor place and route report.

@N: MT322 |Clock constraints include only register-to-register paths associated with each individual clock.



Performance Summary
*******************


Worst slack in design: 0.223

                                            Requested     Estimated     Requested     Estimated               Clock        Clock          
Starting Clock                              Frequency     Frequency     Period        Period        Slack     Type         Group          
------------------------------------------------------------------------------------------------------------------------------------------
pll_i25M_o50M_o25M|CLKOP_inferred_clock     100.0 MHz     117.1 MHz     10.000        8.537         1.463     inferred     (multiple)     
pll_i25M_o50M_o25M|CLKOS_inferred_clock     100.0 MHz     102.3 MHz     10.000        9.777         0.223     inferred     (multiple)     
System                                      100.0 MHz     373.6 MHz     10.000        2.676         7.324     system       system_clkgroup
==========================================================================================================================================





Clock Relationships
*******************

Clocks                                                                            |    rise  to  rise   |    fall  to  fall   |    rise  to  fall   |    fall  to  rise 
------------------------------------------------------------------------------------------------------------------------------------------------------------------------
Starting                                 Ending                                   |  constraint  slack  |  constraint  slack  |  constraint  slack  |  constraint  slack
------------------------------------------------------------------------------------------------------------------------------------------------------------------------
System                                   System                                   |  10.000      7.324  |  No paths    -      |  No paths    -      |  No paths    -    
System                                   pll_i25M_o50M_o25M|CLKOS_inferred_clock  |  10.000      1.320  |  No paths    -      |  No paths    -      |  No paths    -    
pll_i25M_o50M_o25M|CLKOP_inferred_clock  pll_i25M_o50M_o25M|CLKOP_inferred_clock  |  10.000      1.463  |  No paths    -      |  No paths    -      |  No paths    -    
pll_i25M_o50M_o25M|CLKOP_inferred_clock  pll_i25M_o50M_o25M|CLKOS_inferred_clock  |  Diff grp    -      |  No paths    -      |  No paths    -      |  No paths    -    
pll_i25M_o50M_o25M|CLKOS_inferred_clock  System                                   |  10.000      8.923  |  No paths    -      |  No paths    -      |  No paths    -    
pll_i25M_o50M_o25M|CLKOS_inferred_clock  pll_i25M_o50M_o25M|CLKOP_inferred_clock  |  Diff grp    -      |  No paths    -      |  No paths    -      |  No paths    -    
pll_i25M_o50M_o25M|CLKOS_inferred_clock  pll_i25M_o50M_o25M|CLKOS_inferred_clock  |  10.000      0.223  |  No paths    -      |  No paths    -      |  No paths    -    
========================================================================================================================================================================
 Note: 'No paths' indicates there are no paths in the design for that pair of clock edges.
       'Diff grp' indicates that paths exist but the starting clock and ending clock are in different clock groups.



Interface Information 
*********************

No IO constraint found



====================================
Detailed Report for Clock: pll_i25M_o50M_o25M|CLKOP_inferred_clock
====================================



Starting Points with Worst Slack
********************************

                                     Starting                                                                             Arrival          
Instance                             Reference                                   Type        Pin     Net                  Time        Slack
                                     Clock                                                                                                 
-------------------------------------------------------------------------------------------------------------------------------------------
inst_slv_to_mb_p2s.cnt[2]            pll_i25M_o50M_o25M|CLKOP_inferred_clock     FD1P3DX     Q       cnt[2]               1.390       1.463
inst_slv_to_mb_p2s.cnt[1]            pll_i25M_o50M_o25M|CLKOP_inferred_clock     FD1P3DX     Q       cnt[1]               1.344       1.510
inst_slv_to_mb_p2s.cnt[7]            pll_i25M_o50M_o25M|CLKOP_inferred_clock     FD1P3DX     Q       cnt[7]               1.353       1.589
UID_Function_u0.r_cnt_time[7]        pll_i25M_o50M_o25M|CLKOP_inferred_clock     FD1S3DX     Q       r_cnt_time[7]        1.180       1.655
UID_Function_u0.r_cnt_time[5]        pll_i25M_o50M_o25M|CLKOP_inferred_clock     FD1S3DX     Q       r_cnt_time[5]        1.108       1.727
uart_master_u6.bps_count_bit[2]      pll_i25M_o50M_o25M|CLKOP_inferred_clock     FD1P3DX     Q       bps_count_bit[2]     1.044       1.793
uart_master_u13.bps_count_bit[2]     pll_i25M_o50M_o25M|CLKOP_inferred_clock     FD1P3DX     Q       bps_count_bit[2]     1.044       1.793
uart_master_u1.bps_count_bit[2]      pll_i25M_o50M_o25M|CLKOP_inferred_clock     FD1P3DX     Q       bps_count_bit[2]     1.044       1.793
uart_master_u3.bps_count_bit[2]      pll_i25M_o50M_o25M|CLKOP_inferred_clock     FD1P3DX     Q       bps_count_bit[2]     1.044       1.793
uart_master_u14.bps_count_bit[2]     pll_i25M_o50M_o25M|CLKOP_inferred_clock     FD1P3DX     Q       bps_count_bit[2]     1.044       1.793
===========================================================================================================================================


Ending Points with Worst Slack
******************************

                                     Starting                                                                               Required          
Instance                             Reference                                   Type        Pin     Net                    Time         Slack
                                     Clock                                                                                                    
----------------------------------------------------------------------------------------------------------------------------------------------
inst_slv_to_mb_p2s.so                pll_i25M_o50M_o25M|CLKOP_inferred_clock     FD1P3AX     D       so_6                   10.089       1.463
UID_Function_u0.r_cnt_100ms[5]       pll_i25M_o50M_o25M|CLKOP_inferred_clock     FD1S3DX     D       N_190_i                10.089       1.655
UID_Function_u0.r_cnt_100ms[6]       pll_i25M_o50M_o25M|CLKOP_inferred_clock     FD1S3DX     D       N_189_i                10.089       1.655
uart_master_u4.bps_count_bit[5]      pll_i25M_o50M_o25M|CLKOP_inferred_clock     FD1P3DX     D       bps_count_bit_s[5]     9.894        1.793
uart_master_u12.bps_count_bit[5]     pll_i25M_o50M_o25M|CLKOP_inferred_clock     FD1P3DX     D       bps_count_bit_s[5]     9.894        1.793
uart_master_u5.bps_count_bit[5]      pll_i25M_o50M_o25M|CLKOP_inferred_clock     FD1P3DX     D       bps_count_bit_s[5]     9.894        1.793
uart_master_u13.bps_count_bit[5]     pll_i25M_o50M_o25M|CLKOP_inferred_clock     FD1P3DX     D       bps_count_bit_s[5]     9.894        1.793
uart_master_u14.bps_count_bit[5]     pll_i25M_o50M_o25M|CLKOP_inferred_clock     FD1P3DX     D       bps_count_bit_s[5]     9.894        1.793
uart_master_u16.bps_count_bit[5]     pll_i25M_o50M_o25M|CLKOP_inferred_clock     FD1P3DX     D       bps_count_bit_s[5]     9.894        1.793
uart_master_u15.bps_count_bit[5]     pll_i25M_o50M_o25M|CLKOP_inferred_clock     FD1P3DX     D       bps_count_bit_s[5]     9.894        1.793
==============================================================================================================================================



Worst Path Information
***********************


Path information for path number 1: 
      Requested Period:                      10.000
    - Setup time:                            -0.089
    + Clock delay at ending point:           0.000 (ideal)
    = Required time:                         10.089

    - Propagation time:                      8.626
    - Clock delay at starting point:         0.000 (ideal)
    = Slack (non-critical) :                 1.463

    Number of logic level(s):                10
    Starting point:                          inst_slv_to_mb_p2s.cnt[2] / Q
    Ending point:                            inst_slv_to_mb_p2s.so / D
    The start point is clocked by            pll_i25M_o50M_o25M|CLKOP_inferred_clock [rising] (rise=0.000 fall=5.000 period=10.000) on pin CK
    The end   point is clocked by            pll_i25M_o50M_o25M|CLKOP_inferred_clock [rising] (rise=0.000 fall=5.000 period=10.000) on pin CK

Instance / Net                                     Pin      Pin                Arrival     No. of    
Name                                  Type         Name     Dir     Delay      Time        Fan Out(s)
-----------------------------------------------------------------------------------------------------
inst_slv_to_mb_p2s.cnt[2]             FD1P3DX      Q        Out     1.390      1.390 r     -         
cnt[2]                                Net          -        -       -          -           73        
inst_slv_to_mb_p2s.so_3_141_i_a4      ORCALUT4     B        In      0.000      1.390 r     -         
inst_slv_to_mb_p2s.so_3_141_i_a4      ORCALUT4     Z        Out     1.089      2.479 f     -         
N_182                                 Net          -        -       -          -           2         
inst_slv_to_mb_p2s.so_3_70_0_a2_0     ORCALUT4     A        In      0.000      2.479 f     -         
inst_slv_to_mb_p2s.so_3_70_0_a2_0     ORCALUT4     Z        Out     1.017      3.496 f     -         
N_444                                 Net          -        -       -          -           1         
inst_slv_to_mb_p2s.so_3_70_0_0        ORCALUT4     A        In      0.000      3.496 f     -         
inst_slv_to_mb_p2s.so_3_70_0_0        ORCALUT4     Z        Out     1.017      4.513 f     -         
so_3_70_0_0                           Net          -        -       -          -           1         
inst_slv_to_mb_p2s.so_3_78_am         ORCALUT4     D        In      0.000      4.513 f     -         
inst_slv_to_mb_p2s.so_3_78_am         ORCALUT4     Z        Out     1.017      5.529 f     -         
so_3_78_am                            Net          -        -       -          -           1         
inst_slv_to_mb_p2s.so_3_78            PFUMX        BLUT     In      0.000      5.529 f     -         
inst_slv_to_mb_p2s.so_3_78            PFUMX        Z        Out     -0.033     5.496 f     -         
N_171                                 Net          -        -       -          -           1         
inst_slv_to_mb_p2s.so_3_126_d         L6MUX21      D0       In      0.000      5.496 f     -         
inst_slv_to_mb_p2s.so_3_126_d         L6MUX21      Z        Out     0.265      5.761 r     -         
so_3_126_d                            Net          -        -       -          -           1         
inst_slv_to_mb_p2s.so_3_126           ORCALUT4     A        In      0.000      5.761 r     -         
inst_slv_to_mb_p2s.so_3_126           ORCALUT4     Z        Out     1.017      6.778 r     -         
N_219                                 Net          -        -       -          -           1         
inst_slv_to_mb_p2s.so_6_0_bm          ORCALUT4     B        In      0.000      6.778 r     -         
inst_slv_to_mb_p2s.so_6_0_bm          ORCALUT4     Z        Out     1.017      7.795 r     -         
so_6_0_bm                             Net          -        -       -          -           1         
inst_slv_to_mb_p2s.so_6_0             PFUMX        ALUT     In      0.000      7.795 r     -         
inst_slv_to_mb_p2s.so_6_0             PFUMX        Z        Out     0.214      8.009 r     -         
N_89                                  Net          -        -       -          -           1         
inst_slv_to_mb_p2s.so_6_u             ORCALUT4     A        In      0.000      8.009 r     -         
inst_slv_to_mb_p2s.so_6_u             ORCALUT4     Z        Out     0.617      8.626 r     -         
so_6                                  Net          -        -       -          -           1         
inst_slv_to_mb_p2s.so                 FD1P3AX      D        In      0.000      8.626 r     -         
=====================================================================================================




====================================
Detailed Report for Clock: pll_i25M_o50M_o25M|CLKOS_inferred_clock
====================================



Starting Points with Worst Slack
********************************

                                                           Starting                                                                                Arrival          
Instance                                                   Reference                                   Type        Pin     Net                     Time        Slack
                                                           Clock                                                                                                    
--------------------------------------------------------------------------------------------------------------------------------------------------------------------
bmc_cpld_i2c_ram_u0.i2c_slave_bmc_u0.r_i2c_command[8]      pll_i25M_o50M_o25M|CLKOS_inferred_clock     FD1S3BX     Q       w_i2c_command_0[8]      0.972       0.223
bmc_cpld_i2c_ram_u0.i2c_slave_bmc_u0.r_i2c_command[9]      pll_i25M_o50M_o25M|CLKOS_inferred_clock     FD1S3BX     Q       w_i2c_command_0[9]      0.972       0.223
bmc_cpld_i2c_ram_u0.i2c_slave_bmc_u0.r_i2c_command[10]     pll_i25M_o50M_o25M|CLKOS_inferred_clock     FD1S3BX     Q       w_i2c_command_0[10]     0.972       0.223
bmc_cpld_i2c_ram_u0.i2c_slave_bmc_u0.r_i2c_command[11]     pll_i25M_o50M_o25M|CLKOS_inferred_clock     FD1S3BX     Q       w_i2c_command_0[11]     0.972       0.223
bmc_cpld_i2c_ram_u0.i2c_slave_bmc_u0.r_i2c_command[12]     pll_i25M_o50M_o25M|CLKOS_inferred_clock     FD1S3BX     Q       w_i2c_command_0[12]     0.972       0.223
bmc_cpld_i2c_ram_u0.i2c_slave_bmc_u0.r_i2c_command[13]     pll_i25M_o50M_o25M|CLKOS_inferred_clock     FD1S3BX     Q       w_i2c_command_0[13]     0.972       0.223
bmc_cpld_i2c_ram_u0.i2c_slave_bmc_u0.r_i2c_command[14]     pll_i25M_o50M_o25M|CLKOS_inferred_clock     FD1S3BX     Q       w_i2c_command_0[14]     0.972       0.223
bmc_cpld_i2c_ram_u0.i2c_slave_bmc_u0.r_i2c_command[15]     pll_i25M_o50M_o25M|CLKOS_inferred_clock     FD1S3BX     Q       w_i2c_command_0[15]     0.972       0.223
bmc_cpld_i2c_ram_u0.i2c_slave_bmc_u0.r_i2c_command[2]      pll_i25M_o50M_o25M|CLKOS_inferred_clock     FD1S3BX     Q       w_i2c_command_0[2]      1.272       0.463
bmc_cpld_i2c_ram_u0.i2c_slave_bmc_u0.r_i2c_command[4]      pll_i25M_o50M_o25M|CLKOS_inferred_clock     FD1S3BX     Q       w_i2c_command_0[4]      1.256       0.479
====================================================================================================================================================================


Ending Points with Worst Slack
******************************

                                                           Starting                                                                                         Required          
Instance                                                   Reference                                   Type        Pin     Net                              Time         Slack
                                                           Clock                                                                                                              
------------------------------------------------------------------------------------------------------------------------------------------------------------------------------
bmc_cpld_i2c_ram_u0.r_i2c_data_in[5]                       pll_i25M_o50M_o25M|CLKOS_inferred_clock     FD1S3DX     D       r_i2c_data_in_38[5]              10.089       0.223
bmc_cpld_i2c_ram_u0.r_i2c_data_in[3]                       pll_i25M_o50M_o25M|CLKOS_inferred_clock     FD1S3DX     D       r_i2c_data_in_38[3]              10.089       0.463
bmc_cpld_i2c_ram_u0.r_i2c_data_in[4]                       pll_i25M_o50M_o25M|CLKOS_inferred_clock     FD1S3DX     D       r_i2c_data_in_38[4]              10.089       0.463
bmc_cpld_i2c_ram_u0.r_i2c_data_in[7]                       pll_i25M_o50M_o25M|CLKOS_inferred_clock     FD1S3DX     D       r_i2c_data_in_38[7]              10.089       0.463
bmc_cpld_i2c_ram_u0.r_i2c_data_in[0]                       pll_i25M_o50M_o25M|CLKOS_inferred_clock     FD1S3DX     D       r_i2c_data_in_38[0]              10.089       0.503
bmc_cpld_i2c_ram_u0.r_i2c_data_in[1]                       pll_i25M_o50M_o25M|CLKOS_inferred_clock     FD1S3DX     D       r_i2c_data_in_38[1]              10.089       0.631
bmc_cpld_i2c_ram_u0.i2c_slave_bmc_u0.r_i2c_command[15]     pll_i25M_o50M_o25M|CLKOS_inferred_clock     FD1S3BX     D       un1_r_i2c_command_temp_1[15]     10.089       1.038
bmc_cpld_i2c_ram_u0.i2c_slave_bmc_u0.r_i2c_command[13]     pll_i25M_o50M_o25M|CLKOS_inferred_clock     FD1S3BX     D       un1_r_i2c_command_temp_1[13]     10.089       1.181
bmc_cpld_i2c_ram_u0.i2c_slave_bmc_u0.r_i2c_command[14]     pll_i25M_o50M_o25M|CLKOS_inferred_clock     FD1S3BX     D       un1_r_i2c_command_temp_1[14]     10.089       1.181
bmc_cpld_i2c_ram_u0.i2c_slave_bmc_u0.r_i2c_command[11]     pll_i25M_o50M_o25M|CLKOS_inferred_clock     FD1S3BX     D       un1_r_i2c_command_temp_1[11]     10.089       1.324
==============================================================================================================================================================================



Worst Path Information
***********************


Path information for path number 1: 
      Requested Period:                      10.000
    - Setup time:                            -0.089
    + Clock delay at ending point:           0.000 (ideal)
    = Required time:                         10.089

    - Propagation time:                      9.866
    - Clock delay at starting point:         0.000 (ideal)
    = Slack (critical) :                     0.223

    Number of logic level(s):                8
    Starting point:                          bmc_cpld_i2c_ram_u0.i2c_slave_bmc_u0.r_i2c_command[8] / Q
    Ending point:                            bmc_cpld_i2c_ram_u0.r_i2c_data_in[5] / D
    The start point is clocked by            pll_i25M_o50M_o25M|CLKOS_inferred_clock [rising] (rise=0.000 fall=5.000 period=10.000) on pin CK
    The end   point is clocked by            pll_i25M_o50M_o25M|CLKOS_inferred_clock [rising] (rise=0.000 fall=5.000 period=10.000) on pin CK

Instance / Net                                                                 Pin      Pin               Arrival     No. of    
Name                                                              Type         Name     Dir     Delay     Time        Fan Out(s)
--------------------------------------------------------------------------------------------------------------------------------
bmc_cpld_i2c_ram_u0.i2c_slave_bmc_u0.r_i2c_command[8]             FD1S3BX      Q        Out     0.972     0.972 r     -         
w_i2c_command_0[8]                                                Net          -        -       -         -           1         
bmc_cpld_i2c_ram_u0.r_i2c_data_in_38_0_iv_0_o2_2_4[2]             ORCALUT4     A        In      0.000     0.972 r     -         
bmc_cpld_i2c_ram_u0.r_i2c_data_in_38_0_iv_0_o2_2_4[2]             ORCALUT4     Z        Out     1.225     2.197 r     -         
r_i2c_data_in_38_0_iv_0_o2_2_4[2]                                 Net          -        -       -         -           5         
bmc_cpld_i2c_ram_u0.r_i2c_data_in_38_0_iv_0_o2_0[2]               ORCALUT4     A        In      0.000     2.197 r     -         
bmc_cpld_i2c_ram_u0.r_i2c_data_in_38_0_iv_0_o2_0[2]               ORCALUT4     Z        Out     1.313     3.509 r     -         
N_145                                                             Net          -        -       -         -           16        
bmc_cpld_i2c_ram_u0.r_i2c_data_in_38_1_iv_0_o2_0[0]               ORCALUT4     A        In      0.000     3.509 r     -         
bmc_cpld_i2c_ram_u0.r_i2c_data_in_38_1_iv_0_o2_0[0]               ORCALUT4     Z        Out     1.233     4.742 r     -         
N_146                                                             Net          -        -       -         -           6         
bmc_cpld_i2c_ram_u0.r_i2c_data_in_38_1_iv_0_a2_19[0]              ORCALUT4     A        In      0.000     4.742 r     -         
bmc_cpld_i2c_ram_u0.r_i2c_data_in_38_1_iv_0_a2_19[0]              ORCALUT4     Z        Out     1.249     5.991 f     -         
N_477                                                             Net          -        -       -         -           7         
bmc_cpld_i2c_ram_u0.r_i2c_data_in_38_1_iv_0_a2_19_RNIJ4SHJ[0]     ORCALUT4     A        In      0.000     5.991 f     -         
bmc_cpld_i2c_ram_u0.r_i2c_data_in_38_1_iv_0_a2_19_RNIJ4SHJ[0]     ORCALUT4     Z        Out     1.225     7.216 f     -         
r_i2c_data_in72                                                   Net          -        -       -         -           5         
bmc_cpld_i2c_ram_u0.r_i2c_data_in_38_1_iv_0_14[5]                 ORCALUT4     C        In      0.000     7.216 f     -         
bmc_cpld_i2c_ram_u0.r_i2c_data_in_38_1_iv_0_14[5]                 ORCALUT4     Z        Out     1.017     8.233 f     -         
r_i2c_data_in_38_1_iv_0_14[5]                                     Net          -        -       -         -           1         
bmc_cpld_i2c_ram_u0.r_i2c_data_in_38_1_iv_0_16[5]                 ORCALUT4     D        In      0.000     8.233 f     -         
bmc_cpld_i2c_ram_u0.r_i2c_data_in_38_1_iv_0_16[5]                 ORCALUT4     Z        Out     1.017     9.249 f     -         
r_i2c_data_in_38_1_iv_0_16[5]                                     Net          -        -       -         -           1         
bmc_cpld_i2c_ram_u0.r_i2c_data_in_38_1_iv_0[5]                    ORCALUT4     C        In      0.000     9.249 f     -         
bmc_cpld_i2c_ram_u0.r_i2c_data_in_38_1_iv_0[5]                    ORCALUT4     Z        Out     0.617     9.866 f     -         
r_i2c_data_in_38[5]                                               Net          -        -       -         -           1         
bmc_cpld_i2c_ram_u0.r_i2c_data_in[5]                              FD1S3DX      D        In      0.000     9.866 f     -         
================================================================================================================================




====================================
Detailed Report for Clock: System
====================================



Starting Points with Worst Slack
********************************

                                                           Starting                                                 Arrival          
Instance                                                   Reference     Type        Pin     Net                    Time        Slack
                                                           Clock                                                                     
-------------------------------------------------------------------------------------------------------------------------------------
bmc_cpld_i2c_ram_u0.i2c_slave_bmc_u0.w_i2c_command[1]      System        FD1S1AY     Q       w_i2c_command_0[1]     1.108       1.320
bmc_cpld_i2c_ram_u0.i2c_slave_bmc_u0.w_i2c_command[2]      System        FD1S1AY     Q       w_i2c_command[2]       1.044       1.527
bmc_cpld_i2c_ram_u0.i2c_slave_bmc_u0.w_i2c_command[3]      System        FD1S1AY     Q       w_i2c_command_0[3]     1.044       1.527
bmc_cpld_i2c_ram_u0.i2c_slave_bmc_u0.w_i2c_command[4]      System        FD1S1AY     Q       w_i2c_command[4]       1.044       1.670
bmc_cpld_i2c_ram_u0.i2c_slave_bmc_u0.w_i2c_command[5]      System        FD1S1AY     Q       w_i2c_command_0[5]     1.044       1.670
bmc_cpld_i2c_ram_u0.i2c_slave_bmc_u0.w_i2c_command[6]      System        FD1S1AY     Q       w_i2c_command[6]       1.044       1.813
bmc_cpld_i2c_ram_u0.i2c_slave_bmc_u0.w_i2c_command[7]      System        FD1S1AY     Q       w_i2c_command[7]       1.044       1.813
bmc_cpld_i2c_ram_u0.i2c_slave_bmc_u0.w_i2c_command[8]      System        FD1S1AY     Q       w_i2c_command[8]       1.044       1.956
bmc_cpld_i2c_ram_u0.i2c_slave_bmc_u0.w_i2c_command[9]      System        FD1S1AY     Q       w_i2c_command[9]       1.044       1.956
bmc_cpld_i2c_ram_u0.i2c_slave_bmc_u0.w_i2c_command[10]     System        FD1S1AY     Q       w_i2c_command[10]      1.044       2.098
=====================================================================================================================================


Ending Points with Worst Slack
******************************

                                                           Starting                                                           Required          
Instance                                                   Reference     Type        Pin     Net                              Time         Slack
                                                           Clock                                                                                
------------------------------------------------------------------------------------------------------------------------------------------------
bmc_cpld_i2c_ram_u0.i2c_slave_bmc_u0.r_i2c_command[15]     System        FD1S3BX     D       un1_r_i2c_command_temp_1[15]     10.089       1.320
bmc_cpld_i2c_ram_u0.i2c_slave_bmc_u0.r_i2c_command[13]     System        FD1S3BX     D       un1_r_i2c_command_temp_1[13]     10.089       1.463
bmc_cpld_i2c_ram_u0.i2c_slave_bmc_u0.r_i2c_command[14]     System        FD1S3BX     D       un1_r_i2c_command_temp_1[14]     10.089       1.463
bmc_cpld_i2c_ram_u0.i2c_slave_bmc_u0.r_i2c_command[11]     System        FD1S3BX     D       un1_r_i2c_command_temp_1[11]     10.089       1.606
bmc_cpld_i2c_ram_u0.i2c_slave_bmc_u0.r_i2c_command[12]     System        FD1S3BX     D       un1_r_i2c_command_temp_1[12]     10.089       1.606
bmc_cpld_i2c_ram_u0.i2c_slave_bmc_u0.r_i2c_command[9]      System        FD1S3BX     D       un1_r_i2c_command_temp_1[9]      10.089       1.749
bmc_cpld_i2c_ram_u0.i2c_slave_bmc_u0.r_i2c_command[10]     System        FD1S3BX     D       un1_r_i2c_command_temp_1[10]     10.089       1.749
bmc_cpld_i2c_ram_u0.i2c_slave_bmc_u0.r_i2c_command[7]      System        FD1S3BX     D       un1_r_i2c_command_temp_1[7]      10.089       1.892
bmc_cpld_i2c_ram_u0.i2c_slave_bmc_u0.r_i2c_command[8]      System        FD1S3BX     D       un1_r_i2c_command_temp_1[8]      10.089       1.892
bmc_cpld_i2c_ram_u0.i2c_slave_bmc_u0.r_i2c_command[5]      System        FD1S3BX     D       un1_r_i2c_command_temp_1[5]      10.089       2.034
================================================================================================================================================



Worst Path Information
***********************


Path information for path number 1: 
      Requested Period:                      10.000
    - Setup time:                            -0.089
    + Clock delay at ending point:           0.000 (ideal)
    = Required time:                         10.089

    - Propagation time:                      8.768
    - Clock delay at starting point:         0.000 (ideal)
    - Estimated clock delay at start point:  -0.000
    = Slack (non-critical) :                 1.320

    Number of logic level(s):                11
    Starting point:                          bmc_cpld_i2c_ram_u0.i2c_slave_bmc_u0.w_i2c_command[1] / Q
    Ending point:                            bmc_cpld_i2c_ram_u0.i2c_slave_bmc_u0.r_i2c_command[15] / D
    The start point is clocked by            System [rising] on pin CK
    The end   point is clocked by            pll_i25M_o50M_o25M|CLKOS_inferred_clock [rising] (rise=0.000 fall=5.000 period=10.000) on pin CK

Instance / Net                                                                           Pin      Pin               Arrival     No. of    
Name                                                                        Type         Name     Dir     Delay     Time        Fan Out(s)
------------------------------------------------------------------------------------------------------------------------------------------
bmc_cpld_i2c_ram_u0.i2c_slave_bmc_u0.w_i2c_command[1]                       FD1S1AY      Q        Out     1.108     1.108 r     -         
w_i2c_command_0[1]                                                          Net          -        -       -         -           3         
bmc_cpld_i2c_ram_u0.i2c_slave_bmc_u0.un1_r_i2c_command_temp_0_4_cry_1_0     CCU2D        A1       In      0.000     1.108 r     -         
bmc_cpld_i2c_ram_u0.i2c_slave_bmc_u0.un1_r_i2c_command_temp_0_4_cry_1_0     CCU2D        COUT     Out     1.544     2.652 r     -         
un1_r_i2c_command_temp_0_4_cry_1                                            Net          -        -       -         -           1         
bmc_cpld_i2c_ram_u0.i2c_slave_bmc_u0.un1_r_i2c_command_temp_0_4_cry_2_0     CCU2D        CIN      In      0.000     2.652 r     -         
bmc_cpld_i2c_ram_u0.i2c_slave_bmc_u0.un1_r_i2c_command_temp_0_4_cry_2_0     CCU2D        S0       Out     1.549     4.201 r     -         
un1_r_i2c_command_temp_0_4[2]                                               Net          -        -       -         -           1         
bmc_cpld_i2c_ram_u0.i2c_slave_bmc_u0.un1_r_i2c_command_temp_0_cry_1_0       CCU2D        A1       In      0.000     4.201 r     -         
bmc_cpld_i2c_ram_u0.i2c_slave_bmc_u0.un1_r_i2c_command_temp_0_cry_1_0       CCU2D        COUT     Out     1.544     5.746 r     -         
un1_r_i2c_command_temp_0_cry_2                                              Net          -        -       -         -           1         
bmc_cpld_i2c_ram_u0.i2c_slave_bmc_u0.un1_r_i2c_command_temp_0_cry_3_0       CCU2D        CIN      In      0.000     5.746 r     -         
bmc_cpld_i2c_ram_u0.i2c_slave_bmc_u0.un1_r_i2c_command_temp_0_cry_3_0       CCU2D        COUT     Out     0.143     5.889 r     -         
un1_r_i2c_command_temp_0_cry_4                                              Net          -        -       -         -           1         
bmc_cpld_i2c_ram_u0.i2c_slave_bmc_u0.un1_r_i2c_command_temp_0_cry_5_0       CCU2D        CIN      In      0.000     5.889 r     -         
bmc_cpld_i2c_ram_u0.i2c_slave_bmc_u0.un1_r_i2c_command_temp_0_cry_5_0       CCU2D        COUT     Out     0.143     6.031 r     -         
un1_r_i2c_command_temp_0_cry_6                                              Net          -        -       -         -           1         
bmc_cpld_i2c_ram_u0.i2c_slave_bmc_u0.un1_r_i2c_command_temp_0_cry_7_0       CCU2D        CIN      In      0.000     6.031 r     -         
bmc_cpld_i2c_ram_u0.i2c_slave_bmc_u0.un1_r_i2c_command_temp_0_cry_7_0       CCU2D        COUT     Out     0.143     6.174 r     -         
un1_r_i2c_command_temp_0_cry_8                                              Net          -        -       -         -           1         
bmc_cpld_i2c_ram_u0.i2c_slave_bmc_u0.un1_r_i2c_command_temp_0_cry_9_0       CCU2D        CIN      In      0.000     6.174 r     -         
bmc_cpld_i2c_ram_u0.i2c_slave_bmc_u0.un1_r_i2c_command_temp_0_cry_9_0       CCU2D        COUT     Out     0.143     6.317 r     -         
un1_r_i2c_command_temp_0_cry_10                                             Net          -        -       -         -           1         
bmc_cpld_i2c_ram_u0.i2c_slave_bmc_u0.un1_r_i2c_command_temp_0_cry_11_0      CCU2D        CIN      In      0.000     6.317 r     -         
bmc_cpld_i2c_ram_u0.i2c_slave_bmc_u0.un1_r_i2c_command_temp_0_cry_11_0      CCU2D        COUT     Out     0.143     6.460 r     -         
un1_r_i2c_command_temp_0_cry_12                                             Net          -        -       -         -           1         
bmc_cpld_i2c_ram_u0.i2c_slave_bmc_u0.un1_r_i2c_command_temp_0_cry_13_0      CCU2D        CIN      In      0.000     6.460 r     -         
bmc_cpld_i2c_ram_u0.i2c_slave_bmc_u0.un1_r_i2c_command_temp_0_cry_13_0      CCU2D        COUT     Out     0.143     6.603 r     -         
un1_r_i2c_command_temp_0_cry_14                                             Net          -        -       -         -           1         
bmc_cpld_i2c_ram_u0.i2c_slave_bmc_u0.un1_r_i2c_command_temp_0_s_15_0        CCU2D        CIN      In      0.000     6.603 r     -         
bmc_cpld_i2c_ram_u0.i2c_slave_bmc_u0.un1_r_i2c_command_temp_0_s_15_0        CCU2D        S0       Out     1.549     8.152 r     -         
un1_r_i2c_command_temp_10[15]                                               Net          -        -       -         -           1         
bmc_cpld_i2c_ram_u0.i2c_slave_bmc_u0.un1_r_i2c_command_temp_1_m[15]         ORCALUT4     B        In      0.000     8.152 r     -         
bmc_cpld_i2c_ram_u0.i2c_slave_bmc_u0.un1_r_i2c_command_temp_1_m[15]         ORCALUT4     Z        Out     0.617     8.768 r     -         
un1_r_i2c_command_temp_1[15]                                                Net          -        -       -         -           1         
bmc_cpld_i2c_ram_u0.i2c_slave_bmc_u0.r_i2c_command[15]                      FD1S3BX      D        In      0.000     8.768 r     -         
==========================================================================================================================================



##### END OF TIMING REPORT #####]

Timing exceptions that could not be applied

Finished final timing analysis (Real Time elapsed 0h:00m:08s; CPU Time elapsed 0h:00m:08s; Memory used current: 316MB peak: 359MB)


Finished timing report (Real Time elapsed 0h:00m:08s; CPU Time elapsed 0h:00m:08s; Memory used current: 316MB peak: 359MB)

---------------------------------------
Resource Usage Report
Part: lcmxo3lf_6900c-5

Register bits: 1340 of 54912 (2%)
Latch bits:      22
PIC Latch:       0
I/O cells:       285


Details:
BB:             23
CCU2D:          218
EFB:            1
EHXPLLJ:        1
FD1P3AX:        224
FD1P3BX:        79
FD1P3DX:        560
FD1S1AY:        16
FD1S1D:         6
FD1S3AX:        2
FD1S3BX:        90
FD1S3DX:        351
GSR:            1
IB:             155
IFS1P3BX:       1
IFS1P3DX:       22
INV:            23
L6MUX21:        9
OB:             76
OBZ:            31
OFS1P3BX:       8
OFS1P3DX:       3
ORCALUT4:       1860
OSCH:           1
PFUMX:          38
PUR:            1
VHI:            34
VLO:            34
Mapper successful!

At Mapper Exit (Real Time elapsed 0h:00m:08s; CPU Time elapsed 0h:00m:08s; Memory used current: 147MB peak: 359MB)

Process took 0h:00m:08s realtime, 0h:00m:08s cputime
# Tue Nov 18 14:50:01 2025

###########################################################]


Synthesis exit by 0.

edif2ngd  -l "MachXO3LF" -d LCMXO3LF-6900C -path "D:/FH_MB_powerup_1106_shixu_ok_exit_fault_change_right_addcpuprsnt_ok_add_pull_down_add_pwrbmc_ctrl/MB/09/BM_H13DSP_S/pro/impl1" -path "D:/FH_MB_powerup_1106_shixu_ok_exit_fault_change_right_addcpuprsnt_ok_add_pull_down_add_pwrbmc_ctrl/MB/09/BM_H13DSP_S/pro"   "D:/FH_MB_powerup_1106_shixu_ok_exit_fault_change_right_addcpuprsnt_ok_add_pull_down_add_pwrbmc_ctrl/MB/09/BM_H13DSP_S/pro/impl1/BM_H13DSP_S_impl1.edi" "BM_H13DSP_S_impl1.ngo"   
edif2ngd:  version Diamond (64-bit) 3.14.0.75.2

Copyright (c) 1991-1994 by NeoCAD Inc. All rights reserved.
Copyright (c) 1995 AT&T Corp.   All rights reserved.
Copyright (c) 1995-2001 Lucent Technologies Inc.  All rights reserved.
Copyright (c) 2001 Agere Systems   All rights reserved.
Copyright (c) 2002-2024 Lattice Semiconductor Corporation,  All rights reserved.
    <postMsg mid="1121028" type="Warning" dynamic="1" navigation="0" arg0="DLY_LEN"  />
    <postMsg mid="1121028" type="Warning" dynamic="1" navigation="0" arg0="TOTAL_STAGES"  />
    <postMsg mid="1121028" type="Warning" dynamic="1" navigation="0" arg0="TOTAL_STAGES"  />
    <postMsg mid="1121028" type="Warning" dynamic="1" navigation="0" arg0="DLY_LEN"  />
    <postMsg mid="1121028" type="Warning" dynamic="1" navigation="0" arg0="DLY_LEN"  />
    <postMsg mid="1121028" type="Warning" dynamic="1" navigation="0" arg0="TOTAL_STAGES"  />
    <postMsg mid="1121028" type="Warning" dynamic="1" navigation="0" arg0="DLY_LEN"  />
    <postMsg mid="1121028" type="Warning" dynamic="1" navigation="0" arg0="DLY_LEN"  />
    <postMsg mid="1121028" type="Warning" dynamic="1" navigation="0" arg0="TOTAL_STAGES"  />
    <postMsg mid="1121028" type="Warning" dynamic="1" navigation="0" arg0="LONG_PRESS"  />
    <postMsg mid="1121028" type="Warning" dynamic="1" navigation="0" arg0="START_COUNT_NUM"  />
    <postMsg mid="1121028" type="Warning" dynamic="1" navigation="0" arg0="BPS_COUNT_NUM"  />
    <postMsg mid="1121028" type="Warning" dynamic="1" navigation="0" arg0="NBIT_OUT"  />
    <postMsg mid="1121028" type="Warning" dynamic="1" navigation="0" arg0="NBIT_IN"  />
    <postMsg mid="1121028" type="Warning" dynamic="1" navigation="0" arg0="START_COUNT_NUM"  />
    <postMsg mid="1121028" type="Warning" dynamic="1" navigation="0" arg0="BPS_COUNT_NUM"  />
    <postMsg mid="1121028" type="Warning" dynamic="1" navigation="0" arg0="NBIT_OUT"  />
    <postMsg mid="1121028" type="Warning" dynamic="1" navigation="0" arg0="NBIT_IN"  />
    <postMsg mid="1121028" type="Warning" dynamic="1" navigation="0" arg0="START_COUNT_NUM"  />
    <postMsg mid="1121028" type="Warning" dynamic="1" navigation="0" arg0="BPS_COUNT_NUM"  />
    <postMsg mid="1121028" type="Warning" dynamic="1" navigation="0" arg0="NBIT_OUT"  />
    <postMsg mid="1121028" type="Warning" dynamic="1" navigation="0" arg0="NBIT_IN"  />
    <postMsg mid="1121028" type="Warning" dynamic="1" navigation="0" arg0="START_COUNT_NUM"  />
    <postMsg mid="1121028" type="Warning" dynamic="1" navigation="0" arg0="BPS_COUNT_NUM"  />
    <postMsg mid="1121028" type="Warning" dynamic="1" navigation="0" arg0="NBIT_OUT"  />
    <postMsg mid="1121028" type="Warning" dynamic="1" navigation="0" arg0="NBIT_IN"  />
    <postMsg mid="1121028" type="Warning" dynamic="1" navigation="0" arg0="START_COUNT_NUM"  />
    <postMsg mid="1121028" type="Warning" dynamic="1" navigation="0" arg0="BPS_COUNT_NUM"  />
    <postMsg mid="1121028" type="Warning" dynamic="1" navigation="0" arg0="NBIT_OUT"  />
    <postMsg mid="1121028" type="Warning" dynamic="1" navigation="0" arg0="NBIT_IN"  />
    <postMsg mid="1121028" type="Warning" dynamic="1" navigation="0" arg0="START_COUNT_NUM"  />
    <postMsg mid="1121028" type="Warning" dynamic="1" navigation="0" arg0="BPS_COUNT_NUM"  />
    <postMsg mid="1121028" type="Warning" dynamic="1" navigation="0" arg0="NBIT_OUT"  />
    <postMsg mid="1121028" type="Warning" dynamic="1" navigation="0" arg0="NBIT_IN"  />
    <postMsg mid="1121028" type="Warning" dynamic="1" navigation="0" arg0="START_COUNT_NUM"  />
    <postMsg mid="1121028" type="Warning" dynamic="1" navigation="0" arg0="BPS_COUNT_NUM"  />
    <postMsg mid="1121028" type="Warning" dynamic="1" navigation="0" arg0="NBIT_OUT"  />
    <postMsg mid="1121028" type="Warning" dynamic="1" navigation="0" arg0="NBIT_IN"  />
    <postMsg mid="1121028" type="Warning" dynamic="1" navigation="0" arg0="START_COUNT_NUM"  />
    <postMsg mid="1121028" type="Warning" dynamic="1" navigation="0" arg0="BPS_COUNT_NUM"  />
    <postMsg mid="1121028" type="Warning" dynamic="1" navigation="0" arg0="NBIT_OUT"  />
    <postMsg mid="1121028" type="Warning" dynamic="1" navigation="0" arg0="NBIT_IN"  />
    <postMsg mid="1121028" type="Warning" dynamic="1" navigation="0" arg0="START_COUNT_NUM"  />
    <postMsg mid="1121028" type="Warning" dynamic="1" navigation="0" arg0="BPS_COUNT_NUM"  />
    <postMsg mid="1121028" type="Warning" dynamic="1" navigation="0" arg0="NBIT_OUT"  />
    <postMsg mid="1121028" type="Warning" dynamic="1" navigation="0" arg0="NBIT_IN"  />
    <postMsg mid="1121028" type="Warning" dynamic="1" navigation="0" arg0="START_COUNT_NUM"  />
    <postMsg mid="1121028" type="Warning" dynamic="1" navigation="0" arg0="BPS_COUNT_NUM"  />
    <postMsg mid="1121028" type="Warning" dynamic="1" navigation="0" arg0="NBIT_OUT"  />
    <postMsg mid="1121028" type="Warning" dynamic="1" navigation="0" arg0="NBIT_IN"  />
    <postMsg mid="1121028" type="Warning" dynamic="1" navigation="0" arg0="START_COUNT_NUM"  />
    <postMsg mid="1121028" type="Warning" dynamic="1" navigation="0" arg0="BPS_COUNT_NUM"  />
    <postMsg mid="1121028" type="Warning" dynamic="1" navigation="0" arg0="NBIT_OUT"  />
    <postMsg mid="1121028" type="Warning" dynamic="1" navigation="0" arg0="NBIT_IN"  />
    <postMsg mid="1121028" type="Warning" dynamic="1" navigation="0" arg0="START_COUNT_NUM"  />
    <postMsg mid="1121028" type="Warning" dynamic="1" navigation="0" arg0="BPS_COUNT_NUM"  />
    <postMsg mid="1121028" type="Warning" dynamic="1" navigation="0" arg0="NBIT_OUT"  />
    <postMsg mid="1121028" type="Warning" dynamic="1" navigation="0" arg0="NBIT_IN"  />
    <postMsg mid="1121028" type="Warning" dynamic="1" navigation="0" arg0="START_COUNT_NUM"  />
    <postMsg mid="1121028" type="Warning" dynamic="1" navigation="0" arg0="BPS_COUNT_NUM"  />
    <postMsg mid="1121028" type="Warning" dynamic="1" navigation="0" arg0="NBIT_OUT"  />
    <postMsg mid="1121028" type="Warning" dynamic="1" navigation="0" arg0="NBIT_IN"  />
    <postMsg mid="1121028" type="Warning" dynamic="1" navigation="0" arg0="START_COUNT_NUM"  />
    <postMsg mid="1121028" type="Warning" dynamic="1" navigation="0" arg0="BPS_COUNT_NUM"  />
    <postMsg mid="1121028" type="Warning" dynamic="1" navigation="0" arg0="NBIT_OUT"  />
    <postMsg mid="1121028" type="Warning" dynamic="1" navigation="0" arg0="NBIT_IN"  />
    <postMsg mid="1121028" type="Warning" dynamic="1" navigation="0" arg0="START_COUNT_NUM"  />
    <postMsg mid="1121028" type="Warning" dynamic="1" navigation="0" arg0="BPS_COUNT_NUM"  />
    <postMsg mid="1121028" type="Warning" dynamic="1" navigation="0" arg0="NBIT_OUT"  />
    <postMsg mid="1121028" type="Warning" dynamic="1" navigation="0" arg0="NBIT_IN"  />
    <postMsg mid="1121028" type="Warning" dynamic="1" navigation="0" arg0="START_COUNT_NUM"  />
    <postMsg mid="1121028" type="Warning" dynamic="1" navigation="0" arg0="BPS_COUNT_NUM"  />
    <postMsg mid="1121028" type="Warning" dynamic="1" navigation="0" arg0="NBIT_OUT"  />
    <postMsg mid="1121028" type="Warning" dynamic="1" navigation="0" arg0="NBIT_IN"  />
    <postMsg mid="1121028" type="Warning" dynamic="1" navigation="0" arg0="START_COUNT_NUM"  />
    <postMsg mid="1121028" type="Warning" dynamic="1" navigation="0" arg0="BPS_COUNT_NUM"  />
    <postMsg mid="1121028" type="Warning" dynamic="1" navigation="0" arg0="NBIT_OUT"  />
    <postMsg mid="1121028" type="Warning" dynamic="1" navigation="0" arg0="NBIT_IN"  />
    <postMsg mid="1121028" type="Warning" dynamic="1" navigation="0" arg0="START_COUNT_NUM"  />
    <postMsg mid="1121028" type="Warning" dynamic="1" navigation="0" arg0="BPS_COUNT_NUM"  />
    <postMsg mid="1121028" type="Warning" dynamic="1" navigation="0" arg0="NBIT_OUT"  />
    <postMsg mid="1121028" type="Warning" dynamic="1" navigation="0" arg0="NBIT_IN"  />
    <postMsg mid="1121028" type="Warning" dynamic="1" navigation="0" arg0="START_COUNT_NUM"  />
    <postMsg mid="1121028" type="Warning" dynamic="1" navigation="0" arg0="BPS_COUNT_NUM"  />
    <postMsg mid="1121028" type="Warning" dynamic="1" navigation="0" arg0="NBIT_OUT"  />
    <postMsg mid="1121028" type="Warning" dynamic="1" navigation="0" arg0="NBIT_IN"  />
    <postMsg mid="1121028" type="Warning" dynamic="1" navigation="0" arg0="START_COUNT_NUM"  />
    <postMsg mid="1121028" type="Warning" dynamic="1" navigation="0" arg0="BPS_COUNT_NUM"  />
    <postMsg mid="1121028" type="Warning" dynamic="1" navigation="0" arg0="NBIT_OUT"  />
    <postMsg mid="1121028" type="Warning" dynamic="1" navigation="0" arg0="NBIT_IN"  />
    <postMsg mid="1121028" type="Warning" dynamic="1" navigation="0" arg0="NBIT"  />
    <postMsg mid="1121028" type="Warning" dynamic="1" navigation="0" arg0="DEFAULT_STATE"  />
    <postMsg mid="1121028" type="Warning" dynamic="1" navigation="0" arg0="NBIT"  />
    <postMsg mid="1121028" type="Warning" dynamic="1" navigation="0" arg0="NBIT"  />
    <postMsg mid="1121028" type="Warning" dynamic="1" navigation="0" arg0="NBIT"  />
    <postMsg mid="1121028" type="Warning" dynamic="1" navigation="0" arg0="NBIT_IN"  />
    <postMsg mid="1121028" type="Warning" dynamic="1" navigation="0" arg0="NBIT_OUT"  />
    <postMsg mid="1121028" type="Warning" dynamic="1" navigation="0" arg0="BPS_COUNT_NUM"  />
    <postMsg mid="1121028" type="Warning" dynamic="1" navigation="0" arg0="START_COUNT_NUM"  />
    <postMsg mid="1121028" type="Warning" dynamic="1" navigation="0" arg0="NBIT_IN"  />
    <postMsg mid="1121028" type="Warning" dynamic="1" navigation="0" arg0="NBIT_OUT"  />
    <postMsg mid="1121028" type="Warning" dynamic="1" navigation="0" arg0="BPS_COUNT_NUM"  />
    <postMsg mid="1121028" type="Warning" dynamic="1" navigation="0" arg0="START_COUNT_NUM"  />
    <postMsg mid="1121028" type="Warning" dynamic="1" navigation="0" arg0="NBIT_IN"  />
    <postMsg mid="1121028" type="Warning" dynamic="1" navigation="0" arg0="NBIT_OUT"  />
    <postMsg mid="1121028" type="Warning" dynamic="1" navigation="0" arg0="BPS_COUNT_NUM"  />
    <postMsg mid="1121028" type="Warning" dynamic="1" navigation="0" arg0="START_COUNT_NUM"  />
    <postMsg mid="1121028" type="Warning" dynamic="1" navigation="0" arg0="NBIT_IN"  />
    <postMsg mid="1121028" type="Warning" dynamic="1" navigation="0" arg0="NBIT_OUT"  />
    <postMsg mid="1121028" type="Warning" dynamic="1" navigation="0" arg0="BPS_COUNT_NUM"  />
    <postMsg mid="1121028" type="Warning" dynamic="1" navigation="0" arg0="START_COUNT_NUM"  />
    <postMsg mid="1121028" type="Warning" dynamic="1" navigation="0" arg0="NBIT_IN"  />
    <postMsg mid="1121028" type="Warning" dynamic="1" navigation="0" arg0="NBIT_OUT"  />
    <postMsg mid="1121028" type="Warning" dynamic="1" navigation="0" arg0="BPS_COUNT_NUM"  />
    <postMsg mid="1121028" type="Warning" dynamic="1" navigation="0" arg0="START_COUNT_NUM"  />
    <postMsg mid="1121028" type="Warning" dynamic="1" navigation="0" arg0="NBIT_IN"  />
    <postMsg mid="1121028" type="Warning" dynamic="1" navigation="0" arg0="NBIT_OUT"  />
    <postMsg mid="1121028" type="Warning" dynamic="1" navigation="0" arg0="BPS_COUNT_NUM"  />
    <postMsg mid="1121028" type="Warning" dynamic="1" navigation="0" arg0="START_COUNT_NUM"  />
    <postMsg mid="1121028" type="Warning" dynamic="1" navigation="0" arg0="NBIT_IN"  />
    <postMsg mid="1121028" type="Warning" dynamic="1" navigation="0" arg0="NBIT_OUT"  />
    <postMsg mid="1121028" type="Warning" dynamic="1" navigation="0" arg0="BPS_COUNT_NUM"  />
    <postMsg mid="1121028" type="Warning" dynamic="1" navigation="0" arg0="START_COUNT_NUM"  />
    <postMsg mid="1121028" type="Warning" dynamic="1" navigation="0" arg0="NBIT_IN"  />
    <postMsg mid="1121028" type="Warning" dynamic="1" navigation="0" arg0="NBIT_OUT"  />
    <postMsg mid="1121028" type="Warning" dynamic="1" navigation="0" arg0="BPS_COUNT_NUM"  />
    <postMsg mid="1121028" type="Warning" dynamic="1" navigation="0" arg0="START_COUNT_NUM"  />
    <postMsg mid="1121028" type="Warning" dynamic="1" navigation="0" arg0="NBIT_IN"  />
    <postMsg mid="1121028" type="Warning" dynamic="1" navigation="0" arg0="NBIT_OUT"  />
    <postMsg mid="1121028" type="Warning" dynamic="1" navigation="0" arg0="BPS_COUNT_NUM"  />
    <postMsg mid="1121028" type="Warning" dynamic="1" navigation="0" arg0="START_COUNT_NUM"  />
    <postMsg mid="1121028" type="Warning" dynamic="1" navigation="0" arg0="NBIT_IN"  />
    <postMsg mid="1121028" type="Warning" dynamic="1" navigation="0" arg0="NBIT_OUT"  />
    <postMsg mid="1121028" type="Warning" dynamic="1" navigation="0" arg0="BPS_COUNT_NUM"  />
    <postMsg mid="1121028" type="Warning" dynamic="1" navigation="0" arg0="START_COUNT_NUM"  />
    <postMsg mid="1121028" type="Warning" dynamic="1" navigation="0" arg0="NBIT_IN"  />
    <postMsg mid="1121028" type="Warning" dynamic="1" navigation="0" arg0="NBIT_OUT"  />
    <postMsg mid="1121028" type="Warning" dynamic="1" navigation="0" arg0="BPS_COUNT_NUM"  />
    <postMsg mid="1121028" type="Warning" dynamic="1" navigation="0" arg0="START_COUNT_NUM"  />
    <postMsg mid="1121028" type="Warning" dynamic="1" navigation="0" arg0="NBIT_IN"  />
    <postMsg mid="1121028" type="Warning" dynamic="1" navigation="0" arg0="NBIT_OUT"  />
    <postMsg mid="1121028" type="Warning" dynamic="1" navigation="0" arg0="BPS_COUNT_NUM"  />
    <postMsg mid="1121028" type="Warning" dynamic="1" navigation="0" arg0="START_COUNT_NUM"  />
    <postMsg mid="1121028" type="Warning" dynamic="1" navigation="0" arg0="NBIT_IN"  />
    <postMsg mid="1121028" type="Warning" dynamic="1" navigation="0" arg0="NBIT_OUT"  />
    <postMsg mid="1121028" type="Warning" dynamic="1" navigation="0" arg0="BPS_COUNT_NUM"  />
    <postMsg mid="1121028" type="Warning" dynamic="1" navigation="0" arg0="START_COUNT_NUM"  />
    <postMsg mid="1121028" type="Warning" dynamic="1" navigation="0" arg0="NBIT_IN"  />
    <postMsg mid="1121028" type="Warning" dynamic="1" navigation="0" arg0="NBIT_OUT"  />
    <postMsg mid="1121028" type="Warning" dynamic="1" navigation="0" arg0="BPS_COUNT_NUM"  />
    <postMsg mid="1121028" type="Warning" dynamic="1" navigation="0" arg0="START_COUNT_NUM"  />
    <postMsg mid="1121028" type="Warning" dynamic="1" navigation="0" arg0="NBIT_IN"  />
    <postMsg mid="1121028" type="Warning" dynamic="1" navigation="0" arg0="NBIT_OUT"  />
    <postMsg mid="1121028" type="Warning" dynamic="1" navigation="0" arg0="BPS_COUNT_NUM"  />
    <postMsg mid="1121028" type="Warning" dynamic="1" navigation="0" arg0="START_COUNT_NUM"  />
    <postMsg mid="1121028" type="Warning" dynamic="1" navigation="0" arg0="NBIT_IN"  />
    <postMsg mid="1121028" type="Warning" dynamic="1" navigation="0" arg0="NBIT_OUT"  />
    <postMsg mid="1121028" type="Warning" dynamic="1" navigation="0" arg0="BPS_COUNT_NUM"  />
    <postMsg mid="1121028" type="Warning" dynamic="1" navigation="0" arg0="START_COUNT_NUM"  />
    <postMsg mid="1121028" type="Warning" dynamic="1" navigation="0" arg0="NBIT_IN"  />
    <postMsg mid="1121028" type="Warning" dynamic="1" navigation="0" arg0="NBIT_OUT"  />
    <postMsg mid="1121028" type="Warning" dynamic="1" navigation="0" arg0="BPS_COUNT_NUM"  />
    <postMsg mid="1121028" type="Warning" dynamic="1" navigation="0" arg0="START_COUNT_NUM"  />
    <postMsg mid="1121028" type="Warning" dynamic="1" navigation="0" arg0="NBIT_IN"  />
    <postMsg mid="1121028" type="Warning" dynamic="1" navigation="0" arg0="NBIT_OUT"  />
    <postMsg mid="1121028" type="Warning" dynamic="1" navigation="0" arg0="BPS_COUNT_NUM"  />
    <postMsg mid="1121028" type="Warning" dynamic="1" navigation="0" arg0="START_COUNT_NUM"  />
    <postMsg mid="1121028" type="Warning" dynamic="1" navigation="0" arg0="NBIT_IN"  />
    <postMsg mid="1121028" type="Warning" dynamic="1" navigation="0" arg0="NBIT_OUT"  />
    <postMsg mid="1121028" type="Warning" dynamic="1" navigation="0" arg0="BPS_COUNT_NUM"  />
    <postMsg mid="1121028" type="Warning" dynamic="1" navigation="0" arg0="START_COUNT_NUM"  />
    <postMsg mid="1121028" type="Warning" dynamic="1" navigation="0" arg0="NBIT_IN"  />
    <postMsg mid="1121028" type="Warning" dynamic="1" navigation="0" arg0="NBIT_OUT"  />
    <postMsg mid="1121028" type="Warning" dynamic="1" navigation="0" arg0="BPS_COUNT_NUM"  />
    <postMsg mid="1121028" type="Warning" dynamic="1" navigation="0" arg0="START_COUNT_NUM"  />
    <postMsg mid="1121028" type="Warning" dynamic="1" navigation="0" arg0="LONG_PRESS"  />
    <postMsg mid="1121028" type="Warning" dynamic="1" navigation="0" arg0="DLY_LEN"  />
Writing the design to BM_H13DSP_S_impl1.ngo...

Total CPU Time: 0 secs  
Total REAL Time: 0 secs  
Peak Memory Usage: 23 MB


ngdbuild  -a "MachXO3LF" -d LCMXO3LF-6900C  -p "C:/lscc/diamond/3_14/ispfpga/xo3c00f/data"  -p "D:/FH_MB_powerup_1106_shixu_ok_exit_fault_change_right_addcpuprsnt_ok_add_pull_down_add_pwrbmc_ctrl/MB/09/BM_H13DSP_S/pro/impl1" -p "D:/FH_MB_powerup_1106_shixu_ok_exit_fault_change_right_addcpuprsnt_ok_add_pull_down_add_pwrbmc_ctrl/MB/09/BM_H13DSP_S/pro"  "BM_H13DSP_S_impl1.ngo" "BM_H13DSP_S_impl1.ngd"  	
ngdbuild:  version Diamond (64-bit) 3.14.0.75.2

Copyright (c) 1991-1994 by NeoCAD Inc. All rights reserved.
Copyright (c) 1995 AT&T Corp.   All rights reserved.
Copyright (c) 1995-2001 Lucent Technologies Inc.  All rights reserved.
Copyright (c) 2001 Agere Systems   All rights reserved.
Copyright (c) 2002-2024 Lattice Semiconductor Corporation,  All rights reserved.
Reading 'BM_H13DSP_S_impl1.ngo' ...
Loading NGL library 'C:/lscc/diamond/3_14/ispfpga/xo2c00a/data/xo2alib.ngl'...
Loading NGL library 'C:/lscc/diamond/3_14/ispfpga/xo2c00/data/xo2clib.ngl'...
Loading NGL library 'C:/lscc/diamond/3_14/ispfpga/mg5g00/data/mg5glib.ngl'...
Loading NGL library 'C:/lscc/diamond/3_14/ispfpga/or5g00/data/orc5glib.ngl'...


Running DRC...

    <postMsg mid="1166052" type="Warning" dynamic="2" navigation="1" arg0="logical" arg1="inst_osch_SEDSTDBY" arg2="inst_osch_SEDSTDBY"  />
    <postMsg mid="1166052" type="Warning" dynamic="2" navigation="1" arg0="logical" arg1="i_SW_2" arg2="i_SW_2"  />
    <postMsg mid="1166052" type="Warning" dynamic="2" navigation="1" arg0="logical" arg1="i_PAL_TPM_MODULE_PRSNT_N" arg2="i_PAL_TPM_MODULE_PRSNT_N"  />
    <postMsg mid="1166052" type="Warning" dynamic="2" navigation="1" arg0="logical" arg1="i_P0_MCIOP4A_CB_ID1_R" arg2="i_P0_MCIOP4A_CB_ID1_R"  />
    <postMsg mid="1166052" type="Warning" dynamic="2" navigation="1" arg0="logical" arg1="i_P1_MCIOP4A_CB_ID1_R" arg2="i_P1_MCIOP4A_CB_ID1_R"  />
    <postMsg mid="1166052" type="Warning" dynamic="2" navigation="1" arg0="logical" arg1="i_PAL_S5_CPU_SHTDN_R" arg2="i_PAL_S5_CPU_SHTDN_R"  />
    <postMsg mid="1166052" type="Warning" dynamic="2" navigation="1" arg0="logical" arg1="i_PAL_MEN_CPU_SHTDN_R" arg2="i_PAL_MEN_CPU_SHTDN_R"  />
    <postMsg mid="1166052" type="Warning" dynamic="2" navigation="1" arg0="logical" arg1="i_CPLD1_CPLD2_RSV2_R" arg2="i_CPLD1_CPLD2_RSV2_R"  />
    <postMsg mid="1163101" type="Warning" dynamic="1" navigation="0" arg0="8"  />

Design Results:
   3867 blocks expanded
Complete the first expansion.
Writing 'BM_H13DSP_S_impl1.ngd' ...
Total CPU Time: 0 secs 
Total REAL Time: 0 secs 
Peak Memory Usage: 35 MB


map -a "MachXO3LF" -p LCMXO3LF-6900C -t CABGA400 -s 5 -oc Commercial   "BM_H13DSP_S_impl1.ngd" -o "BM_H13DSP_S_impl1_map.ncd" -pr "BM_H13DSP_S_impl1.prf" -mp "BM_H13DSP_S_impl1.mrp" -lpf "D:/FH_MB_powerup_1106_shixu_ok_exit_fault_change_right_addcpuprsnt_ok_add_pull_down_add_pwrbmc_ctrl/MB/09/BM_H13DSP_S/pro/impl1/BM_H13DSP_S_impl1_synplify.lpf" -lpf "D:/FH_MB_powerup_1106_shixu_ok_exit_fault_change_right_addcpuprsnt_ok_add_pull_down_add_pwrbmc_ctrl/MB/09/BM_H13DSP_S/pro/BM_H13DSP_S.lpf"  -c 0           
map:  version Diamond (64-bit) 3.14.0.75.2

Copyright (c) 1991-1994 by NeoCAD Inc. All rights reserved.
Copyright (c) 1995 AT&T Corp.   All rights reserved.
Copyright (c) 1995-2001 Lucent Technologies Inc.  All rights reserved.
Copyright (c) 2001 Agere Systems   All rights reserved.
Copyright (c) 2002-2024 Lattice Semiconductor Corporation,  All rights reserved.
   Process the file: BM_H13DSP_S_impl1.ngd
   Picdevice="LCMXO3LF-6900C"

   Pictype="CABGA400"

   Picspeed=5

   Remove unused logic

   Do not produce over sized NCDs.

Part used: LCMXO3LF-6900CCABGA400, Performance used: 5.

Loading device for application baspr from file 'xo3c6900.nph' in environment: C:/lscc/diamond/3_14/ispfpga.
    <postMsg mid="1100644" type="Warning" dynamic="2" navigation="2" arg0="D:/FH_MB_powerup_1106_shixu_ok_exit_fault_change_right_addcpuprsnt_ok_add_pull_down_add_pwrbmc_ctrl/MB/09/BM_H13DSP_S/pro/BM_H13DSP_S.lpf(10): Semantic error in &quot;IOBUF PORT &quot;io_I2C7_2_UPDATE_SCL&quot; OPENDRAIN=ON IO_TYPE=LVCMOS33 ;&quot;: " arg1="io_I2C7_2_UPDATE_SCL" arg2="D:/FH_MB_powerup_1106_shixu_ok_exit_fault_change_right_addcpuprsnt_ok_add_pull_down_add_pwrbmc_ctrl/MB/09/BM_H13DSP_S/pro/BM_H13DSP_S.lpf" arg3="10"  />
    <postMsg mid="1100644" type="Warning" dynamic="2" navigation="2" arg0="D:/FH_MB_powerup_1106_shixu_ok_exit_fault_change_right_addcpuprsnt_ok_add_pull_down_add_pwrbmc_ctrl/MB/09/BM_H13DSP_S/pro/BM_H13DSP_S.lpf(11): Semantic error in &quot;IOBUF PORT &quot;io_I2C7_2_UPDATE_SDA&quot; OPENDRAIN=ON IO_TYPE=LVCMOS33 ;&quot;: " arg1="io_I2C7_2_UPDATE_SDA" arg2="D:/FH_MB_powerup_1106_shixu_ok_exit_fault_change_right_addcpuprsnt_ok_add_pull_down_add_pwrbmc_ctrl/MB/09/BM_H13DSP_S/pro/BM_H13DSP_S.lpf" arg3="11"  />
    <postMsg mid="1100644" type="Warning" dynamic="2" navigation="2" arg0="D:/FH_MB_powerup_1106_shixu_ok_exit_fault_change_right_addcpuprsnt_ok_add_pull_down_add_pwrbmc_ctrl/MB/09/BM_H13DSP_S/pro/BM_H13DSP_S.lpf(12): Semantic error in &quot;IOBUF PORT &quot;io_I2C7_PAL2_SDA&quot; OPENDRAIN=ON IO_TYPE=LVCMOS33 ;&quot;: " arg1="io_I2C7_PAL2_SDA" arg2="D:/FH_MB_powerup_1106_shixu_ok_exit_fault_change_right_addcpuprsnt_ok_add_pull_down_add_pwrbmc_ctrl/MB/09/BM_H13DSP_S/pro/BM_H13DSP_S.lpf" arg3="12"  />
Package Status:                     Final          Version 1.17.

Running general design DRC...

Removing unused logic...

Optimizing...

3 CCU2 constant inputs absorbed.

    <postMsg mid="51001030" type="Warning" dynamic="1" navigation="0" arg0="pon_reset_n"  />
    <postMsg mid="52101273" type="Warning" dynamic="0" navigation="0"  />
    <postMsg mid="52101033" type="Warning" dynamic="2" navigation="0" arg0="6900L" arg1="LCMXO3LF-6900C"  />
    <postMsg mid="51001046" type="Warning" dynamic="1" navigation="0" arg0="i_SW_2"  />
    <postMsg mid="51001046" type="Warning" dynamic="1" navigation="0" arg0="i_PAL_TPM_MODULE_PRSNT_N"  />
    <postMsg mid="51001046" type="Warning" dynamic="1" navigation="0" arg0="i_P0_MCIOP4A_CB_ID1_R"  />
    <postMsg mid="51001046" type="Warning" dynamic="1" navigation="0" arg0="i_P1_MCIOP4A_CB_ID1_R"  />
    <postMsg mid="51001046" type="Warning" dynamic="1" navigation="0" arg0="i_PAL_S5_CPU_SHTDN_R"  />
    <postMsg mid="51001046" type="Warning" dynamic="1" navigation="0" arg0="i_PAL_MEN_CPU_SHTDN_R"  />
    <postMsg mid="51001046" type="Warning" dynamic="1" navigation="0" arg0="i_CPLD1_CPLD2_RSV2_R"  />



Design Summary:
   Number of registers:   1362 out of  7872 (17%)
      PFU registers:         1328 out of  6864 (19%)
      PIO registers:           34 out of  1008 (3%)
   Number of SLICEs:      1167 out of  3432 (34%)
      SLICEs as Logic/ROM:   1167 out of  3432 (34%)
      SLICEs as RAM:            0 out of  2574 (0%)
      SLICEs as Carry:        218 out of  3432 (6%)
   Number of LUT4s:        2325 out of  6864 (34%)
      Number used as logic LUTs:        1889
      Number used as distributed RAM:     0
      Number used as ripple logic:      436
      Number used as shift registers:     0
   Number of PIO sites used: 285 + 4(JTAG) out of 336 (86%)
   Number of block RAMs:  0 out of 26 (0%)
   Number of GSRs:        1 out of 1 (100%)
   EFB used :        Yes
   JTAG used :       No
   Readback used :   No
   Oscillator used : Yes
   Startup used :    No
   POR :             On
   Bandgap :         On
   Number of Power Controller:  0 out of 1 (0%)
   Number of Dynamic Bank Controller (BCINRD):  0 out of 6 (0%)
   Number of Dynamic Bank Controller (BCLVDSO):  0 out of 1 (0%)
   Number of DCCA:  0 out of 8 (0%)
   Number of DCMA:  0 out of 2 (0%)
   Number of PLLs:  1 out of 2 (50%)
   Number of DQSDLLs:  0 out of 2 (0%)
   Number of CLKDIVC:  0 out of 4 (0%)
   Number of ECLKSYNCA:  0 out of 4 (0%)
   Number of ECLKBRIDGECS:  0 out of 2 (0%)
   Notes:-
      1. Total number of LUT4s = (Number of logic LUT4s) + 2*(Number of distributed RAMs) + 2*(Number of ripple logic)
      2. Number of logic LUT4s does not include count of distributed RAM and ripple logic.
   Number of clocks:  8
     Net wb_clk: 1 loads, 1 rising, 0 falling (Driver: inst_osch )
     Net clk_50m: 769 loads, 769 rising, 0 falling (Driver: pll_inst/PLLInst_0 )
     Net clk_25m: 151 loads, 151 rising, 0 falling (Driver: pll_inst/PLLInst_0 )
     Net bmc_cpld_i2c_ram_u0/i2c_slave_bmc_u0/w_i2c_command_1_i: 8 loads, 8 rising, 0 falling (Driver: bmc_cpld_i2c_ram_u0/i2c_slave_bmc_u0/w_i2c_command_1_0_a2 )
     Net bmc_cpld_i2c_ram_u0/i2c_slave_bmc_u0/i2c_slave_basic0_u0/un2_w_rst_1: 2 loads, 2 rising, 0 falling (Driver: bmc_cpld_i2c_ram_u0/i2c_slave_bmc_u0/i2c_slave_basic0_u0/un2_w_rst_1 )
     Net bmc_cpld_i2c_ram_u0/i2c_slave_bmc_u0/i2c_slave_basic0_u0/un2_w_rst_2: 2 loads, 2 rising, 0 falling (Driver: bmc_cpld_i2c_ram_u0/i2c_slave_bmc_u0/i2c_slave_basic0_u0/un2_w_rst_2 )
     Net inst_i2c_update_flash_config/i2c1_scli: 1 loads, 1 rising, 0 falling (Driver: PIO io_I2C2_2_UPDATE_SCL )
     Net i_CLK_PAL2_IN_25M_c: 1 loads, 1 rising, 0 falling (Driver: PIO i_CLK_PAL2_IN_25M )
   Number of Clock Enables:  403
     Net mcpld_to_scpld_data_filter4: 13 loads, 2 LSLICEs
     Net bmc_cpld_i2c_ram_u0/i2c_slave_bmc_u0/i2c_slave_basic0_u0/o_data_out_RNO[1]: 1 loads, 1 LSLICEs
     Net bmc_cpld_i2c_ram_u0/i2c_slave_bmc_u0/i2c_slave_basic0_u0/o_data_out_RNO[2]: 1 loads, 1 LSLICEs
     Net bmc_cpld_i2c_ram_u0/i2c_slave_bmc_u0/i2c_slave_basic0_u0/o_data_out_RNO[3]: 1 loads, 1 LSLICEs
     Net bmc_cpld_i2c_ram_u0/i2c_slave_bmc_u0/i2c_slave_basic0_u0/o_data_out_RNO[4]: 1 loads, 1 LSLICEs
     Net bmc_cpld_i2c_ram_u0/i2c_slave_bmc_u0/i2c_slave_basic0_u0/o_data_out_RNO[5]: 1 loads, 1 LSLICEs
     Net bmc_cpld_i2c_ram_u0/i2c_slave_bmc_u0/i2c_slave_basic0_u0/o_data_out_RNO[6]: 1 loads, 1 LSLICEs
     Net bmc_cpld_i2c_ram_u0/i2c_slave_bmc_u0/i2c_slave_basic0_u0/o_data_out_RNO[7]: 1 loads, 1 LSLICEs
     Net bmc_cpld_i2c_ram_u0/i2c_slave_bmc_u0/i2c_slave_basic0_u0/o_data_out_RNO[0]: 1 loads, 1 LSLICEs
     Net bmc_cpld_i2c_ram_u0/i2c_slave_bmc_u0/i2c_slave_basic0_u0/r_I2C_RW_1_sqmuxa: 1 loads, 1 LSLICEs
     Net bmc_cpld_i2c_ram_u0/i2c_slave_bmc_u0/i2c_slave_basic0_u0/r_I2c_address_RNO[0]: 1 loads, 1 LSLICEs
     Net bmc_cpld_i2c_ram_u0/i2c_slave_bmc_u0/i2c_slave_basic0_u0/r_I2c_address_RNO[1]: 1 loads, 1 LSLICEs
     Net bmc_cpld_i2c_ram_u0/i2c_slave_bmc_u0/i2c_slave_basic0_u0/r_I2c_address_RNO[2]: 1 loads, 1 LSLICEs
     Net bmc_cpld_i2c_ram_u0/i2c_slave_bmc_u0/i2c_slave_basic0_u0/r_I2c_address_RNO[3]: 1 loads, 1 LSLICEs
     Net bmc_cpld_i2c_ram_u0/i2c_slave_bmc_u0/i2c_slave_basic0_u0/r_I2c_address_RNO[4]: 1 loads, 1 LSLICEs
     Net bmc_cpld_i2c_ram_u0/i2c_slave_bmc_u0/i2c_slave_basic0_u0/r_I2c_address_RNO[5]: 1 loads, 1 LSLICEs
     Net bmc_cpld_i2c_ram_u0/i2c_slave_bmc_u0/i2c_slave_basic0_u0/r_I2c_address_RNO[6]: 1 loads, 1 LSLICEs
     Net bmc_cpld_i2c_ram_u0/i2c_slave_bmc_u0/i2c_slave_basic0_u0/N_211_i: 4 loads, 4 LSLICEs
     Net bmc_cpld_i2c_ram_u0/i2c_slave_bmc_u0/i2c_slave_basic0_u0/r_timeout_cnte: 4 loads, 4 LSLICEs
     Net bmc_cpld_i2c_ram_u0/i2c_slave_bmc_u0/i2c_slave_basic0_u0/r_glitchlessSignal_sda_d_1_sqmuxa_i: 1 loads, 1 LSLICEs
     Net bmc_cpld_i2c_ram_u0/i2c_slave_bmc_u0/i2c_slave_basic0_u0/r_glitchlessSignal_scl_d_1_sqmuxa_i: 1 loads, 1 LSLICEs
     Net bmc_cpld_i2c_ram_u0/i2c_slave_bmc_u0/i2c_slave_basic0_u0/r_data_in_lock: 4 loads, 4 LSLICEs
     Net bmc_cpld_i2c_ram_u0/i2c_slave_bmc_u0/i2c_slave_basic0_u0/N_250_i: 4 loads, 4 LSLICEs
     Net pon_reset_n: 1 loads, 1 LSLICEs
     Net bmc_cpld_i2c_ram_u0/i2c_slave_bmc_u0/r_write_byte_cnte: 9 loads, 9 LSLICEs
     Net bmc_cpld_i2c_ram_u0/r_reg_00725: 4 loads, 4 LSLICEs
     Net bmc_cpld_i2c_ram_u0/r_reg_000e5: 4 loads, 4 LSLICEs
     Net bmc_cpld_i2c_ram_u0/r_reg_00255: 4 loads, 4 LSLICEs
     Net bmc_cpld_i2c_ram_u0/r_reg_00104: 4 loads, 4 LSLICEs
     Net bmc_cpld_i2c_ram_u0/r_reg_002c5: 4 loads, 4 LSLICEs
     Net bmc_cpld_i2c_ram_u0/i2c_slave_bmc_u0/w_data_vld_pos: 9 loads, 9 LSLICEs
     Net bmc_cpld_i2c_ram_u0/i2c_slave_bmc_u0/r_i2c_command_tempce[0]: 4 loads, 4 LSLICEs
     Net bmc_cpld_i2c_ram_u0/i2c_slave_bmc_u0/r_i2c_command_tempce[8]: 4 loads, 4 LSLICEs
     Net bmc_cpld_i2c_ram_u0/r_reg_00284: 4 loads, 4 LSLICEs
     Net bmc_cpld_i2c_ram_u0/r_reg_00275: 4 loads, 4 LSLICEs
     Net bmc_cpld_i2c_ram_u0/r_reg_00265: 4 loads, 4 LSLICEs
     Net bmc_cpld_i2c_ram_u0/r_reg_002b5: 4 loads, 4 LSLICEs
     Net bmc_cpld_i2c_ram_u0/N_32: 2 loads, 2 LSLICEs
     Net bmc_cpld_i2c_ram_u0/r_reg_00064: 4 loads, 4 LSLICEs
     Net t32ms_tick: 2 loads, 2 LSLICEs
     Net UID_Function_u0/lowpass_filter_U0/un1_r_data_out8: 1 loads, 1 LSLICEs
     Net UID_Function_u0/un1_i_clr_flag_short_1_0: 1 loads, 1 LSLICEs
     Net UID_Function_u0/un1_i_clr_flag_long_1: 1 loads, 1 LSLICEs
     Net UID_Function_u0/un1_r_BMC_EXTRST_CPLD_OUT_N8_1_0: 1 loads, 1 LSLICEs
     Net uart_master_u18/N_62_i: 1 loads, 1 LSLICEs
     Net uart_master_u18/reg_par_data_outce_16[0]: 1 loads, 1 LSLICEs
     Net uart_master_u18/reg_par_data_outce_16[1]: 1 loads, 1 LSLICEs
     Net uart_master_u18/reg_par_data_outce_16[2]: 1 loads, 1 LSLICEs
     Net uart_master_u18/reg_par_data_outce_16[4]: 1 loads, 1 LSLICEs
     Net uart_master_u18/reg_par_data_outce_16[5]: 1 loads, 1 LSLICEs
     Net uart_master_u18/reg_par_data_outce_16[6]: 1 loads, 1 LSLICEs
     Net uart_master_u18/reg_par_data_outce_16[7]: 1 loads, 1 LSLICEs
     Net uart_master_u18/reg_par_data_outce_16[8]: 1 loads, 1 LSLICEs
     Net uart_master_u18/reg_par_data_outce_16[9]: 1 loads, 1 LSLICEs
     Net uart_master_u18/reg_par_data_outce_16[10]: 1 loads, 1 LSLICEs
     Net uart_master_u18/reg_par_data_outce_16[19]: 1 loads, 1 LSLICEs
     Net uart_master_u18/reg_par_data_outce_16[20]: 1 loads, 1 LSLICEs
     Net uart_master_u18/N_97_i_0: 1 loads, 1 LSLICEs
     Net uart_master_u18/error_flag_0_sqmuxa: 4 loads, 4 LSLICEs
     Net uart_master_u18/data_counte: 3 loads, 3 LSLICEs
     Net uart_master_u18/bps_count_bite: 4 loads, 4 LSLICEs
     Net reg_par_data_outce_16[21]: 1 loads, 0 LSLICEs
     Net uart_master_u17/N_62_i: 1 loads, 1 LSLICEs
     Net uart_master_u17/reg_par_data_outce_15[0]: 1 loads, 1 LSLICEs
     Net uart_master_u17/reg_par_data_outce_15[1]: 1 loads, 1 LSLICEs
     Net uart_master_u17/reg_par_data_outce_15[2]: 1 loads, 1 LSLICEs
     Net uart_master_u17/reg_par_data_outce_15[4]: 1 loads, 1 LSLICEs
     Net uart_master_u17/reg_par_data_outce_15[5]: 1 loads, 1 LSLICEs
     Net uart_master_u17/reg_par_data_outce_15[6]: 1 loads, 1 LSLICEs
     Net uart_master_u17/reg_par_data_outce_15[7]: 1 loads, 1 LSLICEs
     Net uart_master_u17/reg_par_data_outce_15[8]: 1 loads, 1 LSLICEs
     Net uart_master_u17/reg_par_data_outce_15[9]: 1 loads, 1 LSLICEs
     Net uart_master_u17/reg_par_data_outce_15[10]: 1 loads, 1 LSLICEs
     Net uart_master_u17/reg_par_data_outce_15[19]: 1 loads, 1 LSLICEs
     Net uart_master_u17/reg_par_data_outce_15[20]: 1 loads, 1 LSLICEs
     Net uart_master_u17/N_97_i_0: 1 loads, 1 LSLICEs
     Net uart_master_u17/error_flag_0_sqmuxa: 4 loads, 4 LSLICEs
     Net uart_master_u17/data_counte: 3 loads, 3 LSLICEs
     Net uart_master_u17/bps_count_bite: 4 loads, 4 LSLICEs
     Net reg_par_data_outce_15[21]: 1 loads, 0 LSLICEs
     Net uart_master_u16/N_62_i: 1 loads, 1 LSLICEs
     Net uart_master_u16/reg_par_data_outce_14[0]: 1 loads, 1 LSLICEs
     Net uart_master_u16/reg_par_data_outce_14[1]: 1 loads, 1 LSLICEs
     Net uart_master_u16/reg_par_data_outce_14[2]: 1 loads, 1 LSLICEs
     Net uart_master_u16/reg_par_data_outce_14[4]: 1 loads, 1 LSLICEs
     Net uart_master_u16/reg_par_data_outce_14[5]: 1 loads, 1 LSLICEs
     Net uart_master_u16/reg_par_data_outce_14[6]: 1 loads, 1 LSLICEs
     Net uart_master_u16/reg_par_data_outce_14[7]: 1 loads, 1 LSLICEs
     Net uart_master_u16/reg_par_data_outce_14[8]: 1 loads, 1 LSLICEs
     Net uart_master_u16/reg_par_data_outce_14[9]: 1 loads, 1 LSLICEs
     Net uart_master_u16/reg_par_data_outce_14[10]: 1 loads, 1 LSLICEs
     Net uart_master_u16/reg_par_data_outce_14[19]: 1 loads, 1 LSLICEs
     Net uart_master_u16/reg_par_data_outce_14[20]: 1 loads, 1 LSLICEs
     Net uart_master_u16/N_97_i_0: 1 loads, 1 LSLICEs
     Net uart_master_u16/error_flag_0_sqmuxa: 4 loads, 4 LSLICEs
     Net uart_master_u16/data_counte: 3 loads, 3 LSLICEs
     Net uart_master_u16/bps_count_bite: 4 loads, 4 LSLICEs
     Net reg_par_data_outce_14[21]: 1 loads, 0 LSLICEs
     Net uart_master_u15/N_62_i: 1 loads, 1 LSLICEs
     Net uart_master_u15/reg_par_data_outce_13[0]: 1 loads, 1 LSLICEs
     Net uart_master_u15/reg_par_data_outce_13[1]: 1 loads, 1 LSLICEs
     Net uart_master_u15/reg_par_data_outce_13[2]: 1 loads, 1 LSLICEs
     Net uart_master_u15/reg_par_data_outce_13[4]: 1 loads, 1 LSLICEs
     Net uart_master_u15/reg_par_data_outce_13[5]: 1 loads, 1 LSLICEs
     Net uart_master_u15/reg_par_data_outce_13[6]: 1 loads, 1 LSLICEs
     Net uart_master_u15/reg_par_data_outce_13[7]: 1 loads, 1 LSLICEs
     Net uart_master_u15/reg_par_data_outce_13[8]: 1 loads, 1 LSLICEs
     Net uart_master_u15/reg_par_data_outce_13[9]: 1 loads, 1 LSLICEs
     Net uart_master_u15/reg_par_data_outce_13[10]: 1 loads, 1 LSLICEs
     Net uart_master_u15/reg_par_data_outce_13[19]: 1 loads, 1 LSLICEs
     Net uart_master_u15/reg_par_data_outce_13[20]: 1 loads, 1 LSLICEs
     Net uart_master_u15/N_97_i_0: 1 loads, 1 LSLICEs
     Net uart_master_u15/error_flag_0_sqmuxa: 4 loads, 4 LSLICEs
     Net uart_master_u15/data_counte: 3 loads, 3 LSLICEs
     Net uart_master_u15/bps_count_bite: 4 loads, 4 LSLICEs
     Net reg_par_data_outce_13[21]: 1 loads, 0 LSLICEs
     Net uart_master_u14/N_62_i: 1 loads, 1 LSLICEs
     Net uart_master_u14/reg_par_data_outce_12[0]: 1 loads, 1 LSLICEs
     Net uart_master_u14/reg_par_data_outce_12[1]: 1 loads, 1 LSLICEs
     Net uart_master_u14/reg_par_data_outce_12[2]: 1 loads, 1 LSLICEs
     Net uart_master_u14/reg_par_data_outce_12[4]: 1 loads, 1 LSLICEs
     Net uart_master_u14/reg_par_data_outce_12[5]: 1 loads, 1 LSLICEs
     Net uart_master_u14/reg_par_data_outce_12[6]: 1 loads, 1 LSLICEs
     Net uart_master_u14/reg_par_data_outce_12[7]: 1 loads, 1 LSLICEs
     Net uart_master_u14/reg_par_data_outce_12[8]: 1 loads, 1 LSLICEs
     Net uart_master_u14/reg_par_data_outce_12[9]: 1 loads, 1 LSLICEs
     Net uart_master_u14/reg_par_data_outce_12[10]: 1 loads, 1 LSLICEs
     Net uart_master_u14/reg_par_data_outce_12[19]: 1 loads, 1 LSLICEs
     Net uart_master_u14/reg_par_data_outce_12[20]: 1 loads, 1 LSLICEs
     Net uart_master_u14/N_97_i_0: 1 loads, 1 LSLICEs
     Net uart_master_u14/error_flag_0_sqmuxa: 4 loads, 4 LSLICEs
     Net uart_master_u14/data_counte: 3 loads, 3 LSLICEs
     Net uart_master_u14/bps_count_bite: 4 loads, 4 LSLICEs
     Net reg_par_data_outce_12[21]: 1 loads, 0 LSLICEs
     Net uart_master_u13/N_62_i: 1 loads, 1 LSLICEs
     Net uart_master_u13/reg_par_data_outce_11[0]: 1 loads, 1 LSLICEs
     Net uart_master_u13/reg_par_data_outce_11[1]: 1 loads, 1 LSLICEs
     Net uart_master_u13/reg_par_data_outce_11[2]: 1 loads, 1 LSLICEs
     Net uart_master_u13/reg_par_data_outce_11[4]: 1 loads, 1 LSLICEs
     Net uart_master_u13/reg_par_data_outce_11[5]: 1 loads, 1 LSLICEs
     Net uart_master_u13/reg_par_data_outce_11[6]: 1 loads, 1 LSLICEs
     Net uart_master_u13/reg_par_data_outce_11[7]: 1 loads, 1 LSLICEs
     Net uart_master_u13/reg_par_data_outce_11[8]: 1 loads, 1 LSLICEs
     Net uart_master_u13/reg_par_data_outce_11[9]: 1 loads, 1 LSLICEs
     Net uart_master_u13/reg_par_data_outce_11[10]: 1 loads, 1 LSLICEs
     Net uart_master_u13/reg_par_data_outce_11[19]: 1 loads, 1 LSLICEs
     Net uart_master_u13/reg_par_data_outce_11[20]: 1 loads, 1 LSLICEs
     Net uart_master_u13/N_97_i_0: 1 loads, 1 LSLICEs
     Net uart_master_u13/error_flag_0_sqmuxa: 4 loads, 4 LSLICEs
     Net uart_master_u13/data_counte: 3 loads, 3 LSLICEs
     Net uart_master_u13/bps_count_bite: 4 loads, 4 LSLICEs
     Net reg_par_data_outce_11[21]: 1 loads, 0 LSLICEs
     Net uart_master_u12/N_62_i: 1 loads, 1 LSLICEs
     Net uart_master_u12/reg_par_data_outce_10[0]: 1 loads, 1 LSLICEs
     Net uart_master_u12/reg_par_data_outce_10[1]: 1 loads, 1 LSLICEs
     Net uart_master_u12/reg_par_data_outce_10[2]: 1 loads, 1 LSLICEs
     Net uart_master_u12/reg_par_data_outce_10[4]: 1 loads, 1 LSLICEs
     Net uart_master_u12/reg_par_data_outce_10[5]: 1 loads, 1 LSLICEs
     Net uart_master_u12/reg_par_data_outce_10[6]: 1 loads, 1 LSLICEs
     Net uart_master_u12/reg_par_data_outce_10[7]: 1 loads, 1 LSLICEs
     Net uart_master_u12/reg_par_data_outce_10[8]: 1 loads, 1 LSLICEs
     Net uart_master_u12/reg_par_data_outce_10[9]: 1 loads, 1 LSLICEs
     Net uart_master_u12/reg_par_data_outce_10[10]: 1 loads, 1 LSLICEs
     Net uart_master_u12/reg_par_data_outce_10[19]: 1 loads, 1 LSLICEs
     Net uart_master_u12/reg_par_data_outce_10[20]: 1 loads, 1 LSLICEs
     Net uart_master_u12/N_97_i_0: 1 loads, 1 LSLICEs
     Net uart_master_u12/error_flag_0_sqmuxa: 4 loads, 4 LSLICEs
     Net uart_master_u12/data_counte: 3 loads, 3 LSLICEs
     Net uart_master_u12/bps_count_bite: 4 loads, 4 LSLICEs
     Net reg_par_data_outce_10[21]: 1 loads, 0 LSLICEs
     Net uart_master_u11/N_62_i: 1 loads, 1 LSLICEs
     Net uart_master_u11/reg_par_data_outce_9[0]: 1 loads, 1 LSLICEs
     Net uart_master_u11/reg_par_data_outce_9[1]: 1 loads, 1 LSLICEs
     Net uart_master_u11/reg_par_data_outce_9[2]: 1 loads, 1 LSLICEs
     Net uart_master_u11/reg_par_data_outce_9[4]: 1 loads, 1 LSLICEs
     Net uart_master_u11/reg_par_data_outce_9[5]: 1 loads, 1 LSLICEs
     Net uart_master_u11/reg_par_data_outce_9[6]: 1 loads, 1 LSLICEs
     Net uart_master_u11/reg_par_data_outce_9[7]: 1 loads, 1 LSLICEs
     Net uart_master_u11/reg_par_data_outce_9[8]: 1 loads, 1 LSLICEs
     Net uart_master_u11/reg_par_data_outce_9[9]: 1 loads, 1 LSLICEs
     Net uart_master_u11/reg_par_data_outce_9[10]: 1 loads, 1 LSLICEs
     Net uart_master_u11/reg_par_data_outce_9[19]: 1 loads, 1 LSLICEs
     Net uart_master_u11/reg_par_data_outce_9[20]: 1 loads, 1 LSLICEs
     Net uart_master_u11/N_97_i_0: 1 loads, 1 LSLICEs
     Net uart_master_u11/error_flag_0_sqmuxa: 4 loads, 4 LSLICEs
     Net uart_master_u11/data_counte: 3 loads, 3 LSLICEs
     Net uart_master_u11/bps_count_bite: 4 loads, 4 LSLICEs
     Net reg_par_data_outce_9[21]: 1 loads, 0 LSLICEs
     Net uart_master_u10/N_62_i: 1 loads, 1 LSLICEs
     Net uart_master_u10/reg_par_data_outce_8[0]: 1 loads, 1 LSLICEs
     Net uart_master_u10/reg_par_data_outce_8[1]: 1 loads, 1 LSLICEs
     Net uart_master_u10/reg_par_data_outce_8[2]: 1 loads, 1 LSLICEs
     Net uart_master_u10/reg_par_data_outce_8[4]: 1 loads, 1 LSLICEs
     Net uart_master_u10/reg_par_data_outce_8[5]: 1 loads, 1 LSLICEs
     Net uart_master_u10/reg_par_data_outce_8[6]: 1 loads, 1 LSLICEs
     Net uart_master_u10/reg_par_data_outce_8[7]: 1 loads, 1 LSLICEs
     Net uart_master_u10/reg_par_data_outce_8[8]: 1 loads, 1 LSLICEs
     Net uart_master_u10/reg_par_data_outce_8[9]: 1 loads, 1 LSLICEs
     Net uart_master_u10/reg_par_data_outce_8[10]: 1 loads, 1 LSLICEs
     Net uart_master_u10/reg_par_data_outce_8[19]: 1 loads, 1 LSLICEs
     Net uart_master_u10/reg_par_data_outce_8[20]: 1 loads, 1 LSLICEs
     Net uart_master_u10/N_97_i_0: 1 loads, 1 LSLICEs
     Net uart_master_u10/error_flag_0_sqmuxa: 4 loads, 4 LSLICEs
     Net uart_master_u10/data_counte: 3 loads, 3 LSLICEs
     Net uart_master_u10/bps_count_bite: 4 loads, 4 LSLICEs
     Net reg_par_data_outce_8[21]: 1 loads, 0 LSLICEs
     Net uart_master_u9/N_62_i: 1 loads, 1 LSLICEs
     Net uart_master_u9/reg_par_data_outce_7[0]: 1 loads, 1 LSLICEs
     Net uart_master_u9/reg_par_data_outce_7[1]: 1 loads, 1 LSLICEs
     Net uart_master_u9/reg_par_data_outce_7[2]: 1 loads, 1 LSLICEs
     Net uart_master_u9/reg_par_data_outce_7[4]: 1 loads, 1 LSLICEs
     Net uart_master_u9/reg_par_data_outce_7[5]: 1 loads, 1 LSLICEs
     Net uart_master_u9/reg_par_data_outce_7[6]: 1 loads, 1 LSLICEs
     Net uart_master_u9/reg_par_data_outce_7[7]: 1 loads, 1 LSLICEs
     Net uart_master_u9/reg_par_data_outce_7[8]: 1 loads, 1 LSLICEs
     Net uart_master_u9/reg_par_data_outce_7[9]: 1 loads, 1 LSLICEs
     Net uart_master_u9/reg_par_data_outce_7[10]: 1 loads, 1 LSLICEs
     Net uart_master_u9/reg_par_data_outce_7[19]: 1 loads, 1 LSLICEs
     Net uart_master_u9/reg_par_data_outce_7[20]: 1 loads, 1 LSLICEs
     Net uart_master_u9/N_97_i_0: 1 loads, 1 LSLICEs
     Net uart_master_u9/error_flag_0_sqmuxa: 4 loads, 4 LSLICEs
     Net uart_master_u9/data_counte: 3 loads, 3 LSLICEs
     Net uart_master_u9/bps_count_bite: 4 loads, 4 LSLICEs
     Net reg_par_data_outce_7[21]: 1 loads, 0 LSLICEs
     Net uart_master_u8/N_62_i: 1 loads, 1 LSLICEs
     Net uart_master_u8/reg_par_data_outce_6[0]: 1 loads, 1 LSLICEs
     Net uart_master_u8/reg_par_data_outce_6[1]: 1 loads, 1 LSLICEs
     Net uart_master_u8/reg_par_data_outce_6[2]: 1 loads, 1 LSLICEs
     Net uart_master_u8/reg_par_data_outce_6[4]: 1 loads, 1 LSLICEs
     Net uart_master_u8/reg_par_data_outce_6[5]: 1 loads, 1 LSLICEs
     Net uart_master_u8/reg_par_data_outce_6[6]: 1 loads, 1 LSLICEs
     Net uart_master_u8/reg_par_data_outce_6[7]: 1 loads, 1 LSLICEs
     Net uart_master_u8/reg_par_data_outce_6[8]: 1 loads, 1 LSLICEs
     Net uart_master_u8/reg_par_data_outce_6[9]: 1 loads, 1 LSLICEs
     Net uart_master_u8/reg_par_data_outce_6[10]: 1 loads, 1 LSLICEs
     Net uart_master_u8/reg_par_data_outce_6[19]: 1 loads, 1 LSLICEs
     Net uart_master_u8/reg_par_data_outce_6[20]: 1 loads, 1 LSLICEs
     Net uart_master_u8/N_97_i_0: 1 loads, 1 LSLICEs
     Net uart_master_u8/error_flag_0_sqmuxa: 4 loads, 4 LSLICEs
     Net uart_master_u8/data_counte: 3 loads, 3 LSLICEs
     Net uart_master_u8/bps_count_bite: 4 loads, 4 LSLICEs
     Net reg_par_data_outce_6[21]: 1 loads, 0 LSLICEs
     Net uart_master_u7/N_62_i: 1 loads, 1 LSLICEs
     Net uart_master_u7/reg_par_data_outce_5[0]: 1 loads, 1 LSLICEs
     Net uart_master_u7/reg_par_data_outce_5[1]: 1 loads, 1 LSLICEs
     Net uart_master_u7/reg_par_data_outce_5[2]: 1 loads, 1 LSLICEs
     Net uart_master_u7/reg_par_data_outce_5[4]: 1 loads, 1 LSLICEs
     Net uart_master_u7/reg_par_data_outce_5[5]: 1 loads, 1 LSLICEs
     Net uart_master_u7/reg_par_data_outce_5[6]: 1 loads, 1 LSLICEs
     Net uart_master_u7/reg_par_data_outce_5[7]: 1 loads, 1 LSLICEs
     Net uart_master_u7/reg_par_data_outce_5[8]: 1 loads, 1 LSLICEs
     Net uart_master_u7/reg_par_data_outce_5[9]: 1 loads, 1 LSLICEs
     Net uart_master_u7/reg_par_data_outce_5[10]: 1 loads, 1 LSLICEs
     Net uart_master_u7/reg_par_data_outce_5[19]: 1 loads, 1 LSLICEs
     Net uart_master_u7/reg_par_data_outce_5[20]: 1 loads, 1 LSLICEs
     Net uart_master_u7/N_97_i_0: 1 loads, 1 LSLICEs
     Net uart_master_u7/error_flag_0_sqmuxa: 4 loads, 4 LSLICEs
     Net uart_master_u7/data_counte: 3 loads, 3 LSLICEs
     Net uart_master_u7/bps_count_bite: 4 loads, 4 LSLICEs
     Net reg_par_data_outce_5[21]: 1 loads, 0 LSLICEs
     Net uart_master_u6/N_62_i: 1 loads, 1 LSLICEs
     Net uart_master_u6/reg_par_data_outce_4[0]: 1 loads, 1 LSLICEs
     Net uart_master_u6/reg_par_data_outce_4[1]: 1 loads, 1 LSLICEs
     Net uart_master_u6/reg_par_data_outce_4[2]: 1 loads, 1 LSLICEs
     Net uart_master_u6/reg_par_data_outce_4[4]: 1 loads, 1 LSLICEs
     Net uart_master_u6/reg_par_data_outce_4[5]: 1 loads, 1 LSLICEs
     Net uart_master_u6/reg_par_data_outce_4[6]: 1 loads, 1 LSLICEs
     Net uart_master_u6/reg_par_data_outce_4[7]: 1 loads, 1 LSLICEs
     Net uart_master_u6/reg_par_data_outce_4[8]: 1 loads, 1 LSLICEs
     Net uart_master_u6/reg_par_data_outce_4[9]: 1 loads, 1 LSLICEs
     Net uart_master_u6/reg_par_data_outce_4[10]: 1 loads, 1 LSLICEs
     Net uart_master_u6/reg_par_data_outce_4[19]: 1 loads, 1 LSLICEs
     Net uart_master_u6/reg_par_data_outce_4[20]: 1 loads, 1 LSLICEs
     Net uart_master_u6/N_97_i_0: 1 loads, 1 LSLICEs
     Net uart_master_u6/error_flag_0_sqmuxa: 4 loads, 4 LSLICEs
     Net uart_master_u6/data_counte: 3 loads, 3 LSLICEs
     Net uart_master_u6/bps_count_bite: 4 loads, 4 LSLICEs
     Net reg_par_data_outce_4[21]: 1 loads, 0 LSLICEs
     Net uart_master_u5/N_62_i: 1 loads, 1 LSLICEs
     Net uart_master_u5/reg_par_data_outce_3[0]: 1 loads, 1 LSLICEs
     Net uart_master_u5/reg_par_data_outce_3[1]: 1 loads, 1 LSLICEs
     Net uart_master_u5/reg_par_data_outce_3[2]: 1 loads, 1 LSLICEs
     Net uart_master_u5/reg_par_data_outce_3[4]: 1 loads, 1 LSLICEs
     Net uart_master_u5/reg_par_data_outce_3[5]: 1 loads, 1 LSLICEs
     Net uart_master_u5/reg_par_data_outce_3[6]: 1 loads, 1 LSLICEs
     Net uart_master_u5/reg_par_data_outce_3[7]: 1 loads, 1 LSLICEs
     Net uart_master_u5/reg_par_data_outce_3[8]: 1 loads, 1 LSLICEs
     Net uart_master_u5/reg_par_data_outce_3[9]: 1 loads, 1 LSLICEs
     Net uart_master_u5/reg_par_data_outce_3[10]: 1 loads, 1 LSLICEs
     Net uart_master_u5/reg_par_data_outce_3[19]: 1 loads, 1 LSLICEs
     Net uart_master_u5/reg_par_data_outce_3[20]: 1 loads, 1 LSLICEs
     Net uart_master_u5/N_97_i_0: 1 loads, 1 LSLICEs
     Net uart_master_u5/error_flag_0_sqmuxa: 4 loads, 4 LSLICEs
     Net uart_master_u5/data_counte: 3 loads, 3 LSLICEs
     Net uart_master_u5/bps_count_bite: 4 loads, 4 LSLICEs
     Net reg_par_data_outce_3[21]: 1 loads, 0 LSLICEs
     Net uart_master_u4/N_62_i: 1 loads, 1 LSLICEs
     Net uart_master_u4/reg_par_data_outce_2[0]: 1 loads, 1 LSLICEs
     Net uart_master_u4/reg_par_data_outce_2[1]: 1 loads, 1 LSLICEs
     Net uart_master_u4/reg_par_data_outce_2[2]: 1 loads, 1 LSLICEs
     Net uart_master_u4/reg_par_data_outce_2[4]: 1 loads, 1 LSLICEs
     Net uart_master_u4/reg_par_data_outce_2[5]: 1 loads, 1 LSLICEs
     Net uart_master_u4/reg_par_data_outce_2[6]: 1 loads, 1 LSLICEs
     Net uart_master_u4/reg_par_data_outce_2[7]: 1 loads, 1 LSLICEs
     Net uart_master_u4/reg_par_data_outce_2[8]: 1 loads, 1 LSLICEs
     Net uart_master_u4/reg_par_data_outce_2[9]: 1 loads, 1 LSLICEs
     Net uart_master_u4/reg_par_data_outce_2[10]: 1 loads, 1 LSLICEs
     Net uart_master_u4/reg_par_data_outce_2[19]: 1 loads, 1 LSLICEs
     Net uart_master_u4/reg_par_data_outce_2[20]: 1 loads, 1 LSLICEs
     Net uart_master_u4/N_97_i_0: 1 loads, 1 LSLICEs
     Net uart_master_u4/error_flag_0_sqmuxa: 4 loads, 4 LSLICEs
     Net uart_master_u4/data_counte: 3 loads, 3 LSLICEs
     Net uart_master_u4/bps_count_bite: 4 loads, 4 LSLICEs
     Net reg_par_data_outce_2[21]: 1 loads, 0 LSLICEs
     Net uart_master_u3/N_62_i: 1 loads, 1 LSLICEs
     Net uart_master_u3/reg_par_data_outce_1[0]: 1 loads, 1 LSLICEs
     Net uart_master_u3/reg_par_data_outce_1[1]: 1 loads, 1 LSLICEs
     Net uart_master_u3/reg_par_data_outce_1[2]: 1 loads, 1 LSLICEs
     Net uart_master_u3/reg_par_data_outce_1[4]: 1 loads, 1 LSLICEs
     Net uart_master_u3/reg_par_data_outce_1[5]: 1 loads, 1 LSLICEs
     Net uart_master_u3/reg_par_data_outce_1[6]: 1 loads, 1 LSLICEs
     Net uart_master_u3/reg_par_data_outce_1[7]: 1 loads, 1 LSLICEs
     Net uart_master_u3/reg_par_data_outce_1[8]: 1 loads, 1 LSLICEs
     Net uart_master_u3/reg_par_data_outce_1[9]: 1 loads, 1 LSLICEs
     Net uart_master_u3/reg_par_data_outce_1[10]: 1 loads, 1 LSLICEs
     Net uart_master_u3/reg_par_data_outce_1[19]: 1 loads, 1 LSLICEs
     Net uart_master_u3/reg_par_data_outce_1[20]: 1 loads, 1 LSLICEs
     Net uart_master_u3/N_97_i_0: 1 loads, 1 LSLICEs
     Net uart_master_u3/error_flag_0_sqmuxa: 4 loads, 4 LSLICEs
     Net uart_master_u3/data_counte: 3 loads, 3 LSLICEs
     Net uart_master_u3/bps_count_bite: 4 loads, 4 LSLICEs
     Net reg_par_data_outce_1[21]: 1 loads, 0 LSLICEs
     Net uart_master_u2/N_62_i: 1 loads, 1 LSLICEs
     Net uart_master_u2/reg_par_data_outce_0[0]: 1 loads, 1 LSLICEs
     Net uart_master_u2/reg_par_data_outce_0[1]: 1 loads, 1 LSLICEs
     Net uart_master_u2/reg_par_data_outce_0[2]: 1 loads, 1 LSLICEs
     Net uart_master_u2/reg_par_data_outce_0[4]: 1 loads, 1 LSLICEs
     Net uart_master_u2/reg_par_data_outce_0[5]: 1 loads, 1 LSLICEs
     Net uart_master_u2/reg_par_data_outce_0[6]: 1 loads, 1 LSLICEs
     Net uart_master_u2/reg_par_data_outce_0[7]: 1 loads, 1 LSLICEs
     Net uart_master_u2/reg_par_data_outce_0[8]: 1 loads, 1 LSLICEs
     Net uart_master_u2/reg_par_data_outce_0[9]: 1 loads, 1 LSLICEs
     Net uart_master_u2/reg_par_data_outce_0[10]: 1 loads, 1 LSLICEs
     Net uart_master_u2/reg_par_data_outce_0[19]: 1 loads, 1 LSLICEs
     Net uart_master_u2/reg_par_data_outce_0[20]: 1 loads, 1 LSLICEs
     Net uart_master_u2/N_97_i_0: 1 loads, 1 LSLICEs
     Net uart_master_u2/error_flag_0_sqmuxa: 4 loads, 4 LSLICEs
     Net uart_master_u2/data_counte: 3 loads, 3 LSLICEs
     Net uart_master_u2/bps_count_bite: 4 loads, 4 LSLICEs
     Net reg_par_data_outce_0[21]: 1 loads, 0 LSLICEs
     Net uart_master_u1/N_62_i: 1 loads, 1 LSLICEs
     Net uart_master_u1/reg_par_data_outce[0]: 1 loads, 1 LSLICEs
     Net uart_master_u1/reg_par_data_outce[1]: 1 loads, 1 LSLICEs
     Net uart_master_u1/reg_par_data_outce[2]: 1 loads, 1 LSLICEs
     Net uart_master_u1/reg_par_data_outce[4]: 1 loads, 1 LSLICEs
     Net uart_master_u1/reg_par_data_outce[5]: 1 loads, 1 LSLICEs
     Net uart_master_u1/reg_par_data_outce[6]: 1 loads, 1 LSLICEs
     Net uart_master_u1/reg_par_data_outce[7]: 1 loads, 1 LSLICEs
     Net uart_master_u1/reg_par_data_outce[8]: 1 loads, 1 LSLICEs
     Net uart_master_u1/reg_par_data_outce[9]: 1 loads, 1 LSLICEs
     Net uart_master_u1/reg_par_data_outce[10]: 1 loads, 1 LSLICEs
     Net uart_master_u1/reg_par_data_outce[19]: 1 loads, 1 LSLICEs
     Net uart_master_u1/reg_par_data_outce[20]: 1 loads, 1 LSLICEs
     Net uart_master_u1/N_97_i_0: 1 loads, 1 LSLICEs
     Net uart_master_u1/error_flag_0_sqmuxa: 4 loads, 4 LSLICEs
     Net uart_master_u1/data_counte: 3 loads, 3 LSLICEs
     Net uart_master_u1/bps_count_bite: 4 loads, 4 LSLICEs
     Net reg_par_data_outce[21]: 1 loads, 0 LSLICEs
     Net uart_master_u0/N_545_i: 1 loads, 1 LSLICEs
     Net uart_master_u0/N_135_i_0: 1 loads, 1 LSLICEs
     Net uart_master_u0/data_counte: 3 loads, 3 LSLICEs
     Net uart_master_u0/bps_count_bite: 4 loads, 4 LSLICEs
     Net uart_master_u00/N_606_i: 1 loads, 1 LSLICEs
     Net uart_master_u00/N_135_i_0: 1 loads, 1 LSLICEs
     Net uart_master_u00/data_counte: 3 loads, 3 LSLICEs
     Net uart_master_u00/bps_count_bite: 4 loads, 4 LSLICEs
     Net inst_slv_to_mb_p2s/cnte: 5 loads, 5 LSLICEs
     Net inst_mb_to_slv_s2p/po_r_RNO[2]: 1 loads, 1 LSLICEs
     Net inst_mb_to_slv_s2p/po_r_RNO[5]: 1 loads, 1 LSLICEs
     Net inst_mb_to_slv_s2p/po_r_RNO[10]: 1 loads, 1 LSLICEs
     Net inst_mb_to_slv_s2p/po_r_RNO[25]: 1 loads, 1 LSLICEs
     Net inst_mb_to_slv_s2p/po_r_RNO[196]: 1 loads, 1 LSLICEs
     Net inst_mb_to_slv_s2p/po_rce[0]: 1 loads, 1 LSLICEs
     Net inst_mb_to_slv_s2p/po5: 11 loads, 11 LSLICEs
     Net inst_mb_to_slv_s2p/po_rce[1]: 1 loads, 1 LSLICEs
     Net inst_mb_to_slv_s2p/po_rce[3]: 1 loads, 1 LSLICEs
     Net inst_mb_to_slv_s2p/po_rce[16]: 1 loads, 1 LSLICEs
     Net inst_mb_to_slv_s2p/po_rce[20]: 1 loads, 1 LSLICEs
     Net inst_mb_to_slv_s2p/po_rce[23]: 1 loads, 1 LSLICEs
     Net inst_mb_to_slv_s2p/po_rce[24]: 1 loads, 1 LSLICEs
     Net inst_mb_to_slv_s2p/po_rce[26]: 1 loads, 1 LSLICEs
     Net inst_mb_to_slv_s2p/po_rce[27]: 1 loads, 1 LSLICEs
     Net inst_mb_to_slv_s2p/po_rce[28]: 1 loads, 1 LSLICEs
     Net inst_mb_to_slv_s2p/po_rce[29]: 1 loads, 1 LSLICEs
     Net inst_mb_to_slv_s2p/po_rce[30]: 1 loads, 1 LSLICEs
     Net inst_mb_to_slv_s2p/po_rce[31]: 1 loads, 1 LSLICEs
     Net inst_mb_to_slv_s2p/po_rce[32]: 1 loads, 1 LSLICEs
     Net inst_mb_to_slv_s2p/po_rce[197]: 1 loads, 1 LSLICEs
     Net inst_mb_to_slv_s2p/po_rce[198]: 1 loads, 1 LSLICEs
     Net inst_mb_to_slv_s2p/po_rce[199]: 1 loads, 1 LSLICEs
     Net inst_mb_to_slv_s2p/cnte: 5 loads, 5 LSLICEs
     Net timer_gen_inst/t1us_2: 3 loads, 3 LSLICEs
     Net timer_gen_inst/t32us_e: 7 loads, 7 LSLICEs
   Number of local set/reset loads for net pon_reset_n merged into GSR:  978
   Number of LSRs:  8
     Net un2_w_rst: 5 loads, 4 LSLICEs
     Net bmc_cpld_i2c_ram_u0/i2c_slave_bmc_u0/i2c_slave_basic0_u0/un2_w_rst_1: 2 loads, 2 LSLICEs
     Net bmc_cpld_i2c_ram_u0/i2c_slave_bmc_u0/i2c_slave_basic0_u0/un2_w_rst_2: 2 loads, 2 LSLICEs
     Net un2_w_rst_3: 4 loads, 3 LSLICEs
     Net bmc_cpld_i2c_ram_u0/i2c_slave_bmc_u0/o_i2c_start: 18 loads, 18 LSLICEs
     Net bmc_cpld_i2c_ram_u0/i2c_slave_bmc_u0/i2c_slave_basic0_u0/un1_w_rst_i: 44 loads, 44 LSLICEs
     Net pon_reset_inst/master_reset_n_i: 2 loads, 2 LSLICEs
     Net pll_inst/i_CPLD2_PROGRAM_N_c_i: 1 loads, 0 LSLICEs
   Number of nets driven by tri-state buffers:  0
   Top 10 highest fanout non-clock nets:
     Net t128ms_tick: 80 loads
     Net bmc_cpld_i2c_ram_u0/w_WR: 73 loads
     Net inst_slv_to_mb_p2s/cnt[2]: 73 loads
     Net inst_slv_to_mb_p2s/cnt[7]: 50 loads
     Net bmc_cpld_i2c_ram_u0/i2c_slave_bmc_u0/i2c_slave_basic0_u0/un1_w_rst_i: 44 loads
     Net inst_slv_to_mb_p2s/cnt[1]: 44 loads
     Net bmc_cpld_i2c_ram_u0/w_i2c_command[0]: 41 loads
     Net w_pal_p0_mciop0a_pwr_en: 40 loads
     Net bmc_cpld_i2c_ram_u0/w_i2c_command[5]: 39 loads
     Net bmc_cpld_i2c_ram_u0/i2c_slave_bmc_u0/i2c_slave_basic0_u0/N_211: 28 loads
    <postMsg mid="1103805" type="Warning" dynamic="2" navigation="0" arg0="In &quot;LOCATE COMP &quot;io_I2C2_2_UPDATE_SDA&quot; SITE &quot;D11&quot; ;&quot;: " arg1="D11"  />
    <postMsg mid="1103805" type="Warning" dynamic="2" navigation="0" arg0="In &quot;LOCATE COMP &quot;io_I2C2_2_UPDATE_SCL&quot; SITE &quot;C11&quot; ;&quot;: " arg1="C11"  />
 

   Number of warnings:  15
   Number of errors:    0



Total CPU Time: 1 secs  
Total REAL Time: 2 secs  
Peak Memory Usage: 83 MB

Dumping design to file BM_H13DSP_S_impl1_map.ncd.

trce -f "BM_H13DSP_S_impl1.mt" -o "BM_H13DSP_S_impl1.tw1" "BM_H13DSP_S_impl1_map.ncd" "BM_H13DSP_S_impl1.prf"
trce:  version Diamond (64-bit) 3.14.0.75.2

Copyright (c) 1991-1994 by NeoCAD Inc. All rights reserved.
Copyright (c) 1995 AT&T Corp.   All rights reserved.
Copyright (c) 1995-2001 Lucent Technologies Inc.  All rights reserved.
Copyright (c) 2001 Agere Systems   All rights reserved.
Copyright (c) 2002-2024 Lattice Semiconductor Corporation,  All rights reserved.

Loading design for application trce from file bm_h13dsp_s_impl1_map.ncd.
Design name: BM_H13DSP_S
NCD version: 3.3
Vendor:      LATTICE
Device:      LCMXO3LF-6900C
Package:     CABGA400
Performance: 5
Loading device for application trce from file 'xo3c6900.nph' in environment: C:/lscc/diamond/3_14/ispfpga.
Package Status:                     Final          Version 1.17.
Performance Hardware Data Status:   Final          Version 37.5.
Setup and Hold Report

--------------------------------------------------------------------------------
Lattice TRACE Report - Setup, Version Diamond (64-bit) 3.14.0.75.2
Tue Nov 18 14:50:05 2025

Copyright (c) 1991-1994 by NeoCAD Inc. All rights reserved.
Copyright (c) 1995 AT&T Corp.   All rights reserved.
Copyright (c) 1995-2001 Lucent Technologies Inc.  All rights reserved.
Copyright (c) 2001 Agere Systems   All rights reserved.
Copyright (c) 2002-2024 Lattice Semiconductor Corporation,  All rights reserved.

Report Information
------------------
Command line:    trce -v 1 -gt -mapchkpnt 0 -sethld -o BM_H13DSP_S_impl1.tw1 -gui -msgset D:/FH_MB_powerup_1106_shixu_ok_exit_fault_change_right_addcpuprsnt_ok_add_pull_down_add_pwrbmc_ctrl/MB/09/BM_H13DSP_S/pro/promote.xml BM_H13DSP_S_impl1_map.ncd BM_H13DSP_S_impl1.prf 
Design file:     bm_h13dsp_s_impl1_map.ncd
Preference file: bm_h13dsp_s_impl1.prf
Device,speed:    LCMXO3LF-6900C,5
Report level:    verbose report, limited to 1 item per preference
--------------------------------------------------------------------------------

BLOCK ASYNCPATHS
BLOCK RESETPATHS
--------------------------------------------------------------------------------


Derating parameters
-------------------
VCCIO Voltage:
                   3.300 V (Bank 0, defined by PAR)
                   3.300 V (Bank 1, defined by PAR)
                   3.300 V (Bank 2, defined by PAR)
                   3.300 V (Bank 3, defined by PAR)
                   3.300 V (Bank 4, defined by PAR)
                   3.300 V (Bank 5, defined by PAR)



Timing summary (Setup):
---------------

Timing errors: 0  Score: 0
Cumulative negative slack: 0

Constraints cover 28540 paths, 4 nets, and 9612 connections (89.87% coverage)

--------------------------------------------------------------------------------
Lattice TRACE Report - Hold, Version Diamond (64-bit) 3.14.0.75.2
Tue Nov 18 14:50:05 2025

Copyright (c) 1991-1994 by NeoCAD Inc. All rights reserved.
Copyright (c) 1995 AT&T Corp.   All rights reserved.
Copyright (c) 1995-2001 Lucent Technologies Inc.  All rights reserved.
Copyright (c) 2001 Agere Systems   All rights reserved.
Copyright (c) 2002-2024 Lattice Semiconductor Corporation,  All rights reserved.

Report Information
------------------
Command line:    trce -v 1 -gt -mapchkpnt 0 -sethld -o BM_H13DSP_S_impl1.tw1 -gui -msgset D:/FH_MB_powerup_1106_shixu_ok_exit_fault_change_right_addcpuprsnt_ok_add_pull_down_add_pwrbmc_ctrl/MB/09/BM_H13DSP_S/pro/promote.xml BM_H13DSP_S_impl1_map.ncd BM_H13DSP_S_impl1.prf 
Design file:     bm_h13dsp_s_impl1_map.ncd
Preference file: bm_h13dsp_s_impl1.prf
Device,speed:    LCMXO3LF-6900C,M
Report level:    verbose report, limited to 1 item per preference
--------------------------------------------------------------------------------

BLOCK ASYNCPATHS
BLOCK RESETPATHS
--------------------------------------------------------------------------------


Derating parameters
-------------------
VCCIO Voltage:
                   3.300 V (Bank 0, defined by PAR)
                   3.300 V (Bank 1, defined by PAR)
                   3.300 V (Bank 2, defined by PAR)
                   3.300 V (Bank 3, defined by PAR)
                   3.300 V (Bank 4, defined by PAR)
                   3.300 V (Bank 5, defined by PAR)



Timing summary (Hold):
---------------

Timing errors: 0  Score: 0
Cumulative negative slack: 0

Constraints cover 28540 paths, 4 nets, and 9963 connections (93.15% coverage)



Timing summary (Setup and Hold):
---------------

Timing errors: 0 (setup), 0 (hold)
Score: 0 (setup), 0 (hold)
Cumulative negative slack: 0 (0+0)
--------------------------------------------------------------------------------

--------------------------------------------------------------------------------

Total CPU Time: 0 secs 
Total REAL Time: 0 secs 
Peak Memory Usage: 85 MB


mpartrce -p "BM_H13DSP_S_impl1.p2t" -f "BM_H13DSP_S_impl1.p3t" -tf "BM_H13DSP_S_impl1.pt" "BM_H13DSP_S_impl1_map.ncd" "BM_H13DSP_S_impl1.ncd"

---- MParTrce Tool ----
Removing old design directory at request of -rem command line option to this program.
Running par. Please wait . . .

Lattice Place and Route Report for Design "BM_H13DSP_S_impl1_map.ncd"
Tue Nov 18 14:50:06 2025

PAR: Place And Route Diamond (64-bit) 3.14.0.75.2.
Command Line: par -w -l 5 -i 6 -t 1 -c 0 -e 0 -gui -msgset D:/FH_MB_powerup_1106_shixu_ok_exit_fault_change_right_addcpuprsnt_ok_add_pull_down_add_pwrbmc_ctrl/MB/09/BM_H13DSP_S/pro/promote.xml -exp parUseNBR=1:parCDP=0:parCDR=0:parPathBased=OFF:parASE=1 BM_H13DSP_S_impl1_map.ncd BM_H13DSP_S_impl1.dir/5_1.ncd BM_H13DSP_S_impl1.prf
Preference file: BM_H13DSP_S_impl1.prf.
Placement level-cost: 5-1.
Routing Iterations: 6

Loading design for application par from file BM_H13DSP_S_impl1_map.ncd.
Design name: BM_H13DSP_S
NCD version: 3.3
Vendor:      LATTICE
Device:      LCMXO3LF-6900C
Package:     CABGA400
Performance: 5
Loading device for application par from file 'xo3c6900.nph' in environment: C:/lscc/diamond/3_14/ispfpga.
Package Status:                     Final          Version 1.17.
Performance Hardware Data Status:   Final          Version 37.5.
License checked out.


Ignore Preference Error(s):  True
Device utilization summary:

   PIO (prelim)  285+4(JTAG)/336     86% used
                 285+4(JTAG)/336     86% bonded
   IOLOGIC           34/336          10% used

   SLICE           1167/3432         34% used

   GSR                1/1           100% used
   OSC                1/1           100% used
   PLL                1/2            50% used
   EFB                1/1           100% used


Number of Signals: 3925
Number of Connections: 10696

Pin Constraint Summary:
   283 out of 285 pins locked (99% locked).

    <postMsg mid="61091050" type="Warning" dynamic="4" navigation="0" arg0="i_CLK_PAL2_IN_25M" arg1="pll_inst/PLLInst_0" arg2="U1" arg3="PL22A"  />
The following 2 signals are selected to use the primary clock routing resources:
    clk_50m (driver: pll_inst/PLLInst_0, clk load #: 768)
    clk_25m (driver: pll_inst/PLLInst_0, clk load #: 151)


The following 5 signals are selected to use the secondary clock routing resources:
    bmc_cpld_i2c_ram_u0/i2c_slave_bmc_u0/i2c_slave_basic0_u0/un1_w_rst_i (driver: SLICE_1597, clk load #: 0, sr load #: 44, ce load #: 0)
    bmc_cpld_i2c_ram_u0/i2c_slave_bmc_u0/o_i2c_start (driver: bmc_cpld_i2c_ram_u0/i2c_slave_bmc_u0/i2c_slave_basic0_u0/SLICE_285, clk load #: 0, sr load #: 18, ce load #: 0)
    bmc_cpld_i2c_ram_u0/i2c_slave_bmc_u0/w_i2c_command_1_i (driver: bmc_cpld_i2c_ram_u0/i2c_slave_bmc_u0/SLICE_1026, clk load #: 8, sr load #: 0, ce load #: 0)
    mcpld_to_scpld_data_filter4 (driver: SLICE_1014, clk load #: 0, sr load #: 0, ce load #: 13)
    inst_mb_to_slv_s2p/po5 (driver: SLICE_1394, clk load #: 0, sr load #: 0, ce load #: 11)

Signal pon_reset_n is selected as Global Set/Reset.
Starting Placer Phase 0.
...........
Finished Placer Phase 0.  REAL time: 2 secs 

Starting Placer Phase 1.
........................
Placer score = 766768.
Finished Placer Phase 1.  REAL time: 7 secs 

Starting Placer Phase 2.
.
Placer score =  761161
Finished Placer Phase 2.  REAL time: 8 secs 


------------------ Clock Report ------------------

Global Clock Resources:
  CLK_PIN    : 0 out of 8 (0%)
  PLL        : 1 out of 2 (50%)
  DCM        : 0 out of 2 (0%)
  DCC        : 0 out of 8 (0%)

Global Clocks:
  PRIMARY "clk_50m" from CLKOP on comp "pll_inst/PLLInst_0" on PLL site "LPLL", clk load = 768
  PRIMARY "clk_25m" from CLKOS on comp "pll_inst/PLLInst_0" on PLL site "LPLL", clk load = 151
  SECONDARY "bmc_cpld_i2c_ram_u0/i2c_slave_bmc_u0/i2c_slave_basic0_u0/un1_w_rst_i" from F1 on comp "SLICE_1597" on site "R21C20B", clk load = 0, ce load = 0, sr load = 44
  SECONDARY "bmc_cpld_i2c_ram_u0/i2c_slave_bmc_u0/o_i2c_start" from Q0 on comp "bmc_cpld_i2c_ram_u0/i2c_slave_bmc_u0/i2c_slave_basic0_u0/SLICE_285" on site "R14C20A", clk load = 0, ce load = 0, sr load = 18
  SECONDARY "bmc_cpld_i2c_ram_u0/i2c_slave_bmc_u0/w_i2c_command_1_i" from F1 on comp "bmc_cpld_i2c_ram_u0/i2c_slave_bmc_u0/SLICE_1026" on site "R8C40B", clk load = 8, ce load = 0, sr load = 0
  SECONDARY "mcpld_to_scpld_data_filter4" from F1 on comp "SLICE_1014" on site "R21C20A", clk load = 0, ce load = 13, sr load = 0
  SECONDARY "inst_mb_to_slv_s2p/po5" from F0 on comp "SLICE_1394" on site "R14C20D", clk load = 0, ce load = 11, sr load = 0

  PRIMARY  : 2 out of 8 (25%)
  SECONDARY: 5 out of 8 (62%)

Edge Clocks:
  No edge clock selected.

--------------- End of Clock Report ---------------


I/O Usage Summary (final):
   285 + 4(JTAG) out of 336 (86.0%) PIO sites used.
   285 + 4(JTAG) out of 336 (86.0%) bonded PIO sites used.
   Number of PIO comps: 285; differential: 0.
   Number of Vref pins used: 0.

I/O Bank Usage Summary:
+----------+----------------+------------+-----------+
| I/O Bank | Usage          | Bank Vccio | Bank Vref |
+----------+----------------+------------+-----------+
| 0        | 63 / 84 ( 75%) | 3.3V       | -         |
| 1        | 66 / 84 ( 78%) | 3.3V       | -         |
| 2        | 77 / 84 ( 91%) | 3.3V       | -         |
| 3        | 24 / 28 ( 85%) | 3.3V       | -         |
| 4        | 24 / 24 (100%) | 3.3V       | -         |
| 5        | 31 / 32 ( 96%) | 3.3V       | -         |
+----------+----------------+------------+-----------+

Total placer CPU time: 7 secs 

Dumping design to file BM_H13DSP_S_impl1.dir/5_1.ncd.

0 connections routed; 10696 unrouted.
Starting router resource preassignment
    <postMsg mid="62061005" type="Warning" dynamic="2" navigation="0" arg0="CLKI" arg1="i_CLK_PAL2_IN_25M_c"  />

    <postMsg mid="66011008" type="Warning" dynamic="1" navigation="0" arg0="&#xA;   Signal=wb_clk loads=1 clock_loads=1&#xA;   Signal=bmc_cpld_i2c_ram_u0/i2c_slave_bmc_u0/i2c_slave_basic0_u0/un2_w_rst_1 loads=4 clock_loads=2&#xA;   Signal=bmc_cpld_i2c_ram_u0/i2c_slave_bmc_u0/i2c_slave_basic0_u0/un2_w_rst_2 loads=4 clock_loads=2"  />

Completed router resource preassignment. Real time: 31 secs 

Start NBR router at 14:50:37 11/18/25

*****************************************************************
Info: NBR allows conflicts(one node used by more than one signal)
      in the earlier iterations. In each iteration, it tries to  
      solve the conflicts while keeping the critical connections 
      routed as short as possible. The routing process is said to
      be completed when no conflicts exist and all connections   
      are routed.                                                
Note: NBR uses a different method to calculate timing slacks. The
      worst slack and total negative slack may not be the same as
      that in TRCE report. You should always run TRCE to verify  
      your design.                                               
*****************************************************************

Start NBR special constraint process at 14:50:38 11/18/25

Start NBR section for initial routing at 14:50:38 11/18/25
Level 1, iteration 1
0(0.00%) conflict; 8694(81.28%) untouched conns; 0 (nbr) score; 
Estimated worst slack/total negative slack<setup>: 7.833ns/0.000ns; real time: 32 secs 
Level 2, iteration 1
0(0.00%) conflict; 8688(81.23%) untouched conns; 0 (nbr) score; 
Estimated worst slack/total negative slack<setup>: 8.583ns/0.000ns; real time: 33 secs 
Level 3, iteration 1
0(0.00%) conflict; 8682(81.17%) untouched conns; 0 (nbr) score; 
Estimated worst slack/total negative slack<setup>: 8.608ns/0.000ns; real time: 33 secs 
Level 4, iteration 1
309(0.08%) conflicts; 0(0.00%) untouched conn; 0 (nbr) score; 
Estimated worst slack/total negative slack<setup>: 9.068ns/0.000ns; real time: 34 secs 

Info: Initial congestion level at 75% usage is 0
Info: Initial congestion area  at 75% usage is 0 (0.00%)

Start NBR section for normal routing at 14:50:40 11/18/25
Level 4, iteration 1
184(0.05%) conflicts; 0(0.00%) untouched conn; 0 (nbr) score; 
Estimated worst slack/total negative slack<setup>: 9.068ns/0.000ns; real time: 34 secs 
Level 4, iteration 2
108(0.03%) conflicts; 0(0.00%) untouched conn; 0 (nbr) score; 
Estimated worst slack/total negative slack<setup>: 9.063ns/0.000ns; real time: 35 secs 
Level 4, iteration 3
46(0.01%) conflicts; 0(0.00%) untouched conn; 0 (nbr) score; 
Estimated worst slack/total negative slack<setup>: 9.063ns/0.000ns; real time: 35 secs 
Level 4, iteration 4
24(0.01%) conflicts; 0(0.00%) untouched conn; 0 (nbr) score; 
Estimated worst slack/total negative slack<setup>: 9.063ns/0.000ns; real time: 35 secs 
Level 4, iteration 5
9(0.00%) conflicts; 0(0.00%) untouched conn; 0 (nbr) score; 
Estimated worst slack/total negative slack<setup>: 9.063ns/0.000ns; real time: 35 secs 
Level 4, iteration 6
4(0.00%) conflicts; 0(0.00%) untouched conn; 0 (nbr) score; 
Estimated worst slack/total negative slack<setup>: 9.063ns/0.000ns; real time: 35 secs 
Level 4, iteration 7
3(0.00%) conflicts; 0(0.00%) untouched conn; 0 (nbr) score; 
Estimated worst slack/total negative slack<setup>: 9.063ns/0.000ns; real time: 35 secs 
Level 4, iteration 8
2(0.00%) conflicts; 0(0.00%) untouched conn; 0 (nbr) score; 
Estimated worst slack/total negative slack<setup>: 9.063ns/0.000ns; real time: 35 secs 
Level 4, iteration 9
1(0.00%) conflict; 0(0.00%) untouched conn; 0 (nbr) score; 
Estimated worst slack/total negative slack<setup>: 9.063ns/0.000ns; real time: 36 secs 
Level 4, iteration 10
1(0.00%) conflict; 0(0.00%) untouched conn; 0 (nbr) score; 
Estimated worst slack/total negative slack<setup>: 9.063ns/0.000ns; real time: 36 secs 
Level 4, iteration 11
1(0.00%) conflict; 0(0.00%) untouched conn; 0 (nbr) score; 
Estimated worst slack/total negative slack<setup>: 9.063ns/0.000ns; real time: 36 secs 
Level 4, iteration 12
1(0.00%) conflict; 0(0.00%) untouched conn; 0 (nbr) score; 
Estimated worst slack/total negative slack<setup>: 9.063ns/0.000ns; real time: 36 secs 
Level 4, iteration 13
1(0.00%) conflict; 0(0.00%) untouched conn; 0 (nbr) score; 
Estimated worst slack/total negative slack<setup>: 9.063ns/0.000ns; real time: 36 secs 
Level 4, iteration 14
0(0.00%) conflict; 0(0.00%) untouched conn; 0 (nbr) score; 
Estimated worst slack/total negative slack<setup>: 9.063ns/0.000ns; real time: 36 secs 

Start NBR section for setup/hold timing optimization with effort level 3 at 14:50:42 11/18/25

Start NBR section for re-routing at 14:50:43 11/18/25
Level 4, iteration 1
0(0.00%) conflict; 0(0.00%) untouched conn; 0 (nbr) score; 
Estimated worst slack/total negative slack<setup>: 9.063ns/0.000ns; real time: 37 secs 

Start NBR section for post-routing at 14:50:43 11/18/25

End NBR router with 0 unrouted connection

NBR Summary
-----------
  Number of unrouted connections : 0 (0.00%)
  Number of connections with timing violations : 0 (0.00%)
  Estimated worst slack<setup> : 9.063ns
  Timing score<setup> : 0
-----------
Notes: The timing info is calculated for SETUP only and all PAR_ADJs are ignored.



    <postMsg mid="66011008" type="Warning" dynamic="1" navigation="0" arg0="&#xA;   Signal=wb_clk loads=1 clock_loads=1&#xA;   Signal=bmc_cpld_i2c_ram_u0/i2c_slave_bmc_u0/i2c_slave_basic0_u0/un2_w_rst_1 loads=4 clock_loads=2&#xA;   Signal=bmc_cpld_i2c_ram_u0/i2c_slave_bmc_u0/i2c_slave_basic0_u0/un2_w_rst_2 loads=4 clock_loads=2"  />

Total CPU time 38 secs 
Total REAL time: 39 secs 
Completely routed.
End of route.  10696 routed (100.00%); 0 unrouted.

Hold time timing score: 0, hold timing errors: 0

Timing score: 0 

Dumping design to file BM_H13DSP_S_impl1.dir/5_1.ncd.


PAR_SUMMARY::Run status = Completed
PAR_SUMMARY::Number of unrouted conns = 0
PAR_SUMMARY::Worst  slack<setup/<ns>> = 9.063
PAR_SUMMARY::Timing score<setup/<ns>> = 0.000
PAR_SUMMARY::Worst  slack<hold /<ns>> = 0.304
PAR_SUMMARY::Timing score<hold /<ns>> = 0.000
PAR_SUMMARY::Number of errors = 0

Total CPU  time to completion: 38 secs 
Total REAL time to completion: 39 secs 

par done!

Note: user must run 'Trace' for timing closure signoff.

Copyright (c) 1991-1994 by NeoCAD Inc. All rights reserved.
Copyright (c) 1995 AT&T Corp.   All rights reserved.
Copyright (c) 1995-2001 Lucent Technologies Inc.  All rights reserved.
Copyright (c) 2001 Agere Systems   All rights reserved.
Copyright (c) 2002-2024 Lattice Semiconductor Corporation,  All rights reserved.
Exiting par with exit code 0
Exiting mpartrce with exit code 0

trce -f "BM_H13DSP_S_impl1.pt" -o "BM_H13DSP_S_impl1.twr" "BM_H13DSP_S_impl1.ncd" "BM_H13DSP_S_impl1.prf"
trce:  version Diamond (64-bit) 3.14.0.75.2

Copyright (c) 1991-1994 by NeoCAD Inc. All rights reserved.
Copyright (c) 1995 AT&T Corp.   All rights reserved.
Copyright (c) 1995-2001 Lucent Technologies Inc.  All rights reserved.
Copyright (c) 2001 Agere Systems   All rights reserved.
Copyright (c) 2002-2024 Lattice Semiconductor Corporation,  All rights reserved.

Loading design for application trce from file bm_h13dsp_s_impl1.ncd.
Design name: BM_H13DSP_S
NCD version: 3.3
Vendor:      LATTICE
Device:      LCMXO3LF-6900C
Package:     CABGA400
Performance: 5
Loading device for application trce from file 'xo3c6900.nph' in environment: C:/lscc/diamond/3_14/ispfpga.
Package Status:                     Final          Version 1.17.
Performance Hardware Data Status:   Final          Version 37.5.
Setup and Hold Report

--------------------------------------------------------------------------------
Lattice TRACE Report - Setup, Version Diamond (64-bit) 3.14.0.75.2
Tue Nov 18 14:50:46 2025

Copyright (c) 1991-1994 by NeoCAD Inc. All rights reserved.
Copyright (c) 1995 AT&T Corp.   All rights reserved.
Copyright (c) 1995-2001 Lucent Technologies Inc.  All rights reserved.
Copyright (c) 2001 Agere Systems   All rights reserved.
Copyright (c) 2002-2024 Lattice Semiconductor Corporation,  All rights reserved.

Report Information
------------------
Command line:    trce -v 10 -gt -sethld -sp 5 -sphld m -o BM_H13DSP_S_impl1.twr -gui -msgset D:/FH_MB_powerup_1106_shixu_ok_exit_fault_change_right_addcpuprsnt_ok_add_pull_down_add_pwrbmc_ctrl/MB/09/BM_H13DSP_S/pro/promote.xml BM_H13DSP_S_impl1.ncd BM_H13DSP_S_impl1.prf 
Design file:     bm_h13dsp_s_impl1.ncd
Preference file: bm_h13dsp_s_impl1.prf
Device,speed:    LCMXO3LF-6900C,5
Report level:    verbose report, limited to 10 items per preference
--------------------------------------------------------------------------------

BLOCK ASYNCPATHS
BLOCK RESETPATHS
--------------------------------------------------------------------------------


Derating parameters
-------------------
VCCIO Voltage:
                   3.300 V (Bank 0, defined by PAR)
                   3.300 V (Bank 1, defined by PAR)
                   3.300 V (Bank 2, defined by PAR)
                   3.300 V (Bank 3, defined by PAR)
                   3.300 V (Bank 4, defined by PAR)
                   3.300 V (Bank 5, defined by PAR)



Timing summary (Setup):
---------------

Timing errors: 0  Score: 0
Cumulative negative slack: 0

Constraints cover 28540 paths, 4 nets, and 9963 connections (93.15% coverage)

--------------------------------------------------------------------------------
Lattice TRACE Report - Hold, Version Diamond (64-bit) 3.14.0.75.2
Tue Nov 18 14:50:46 2025

Copyright (c) 1991-1994 by NeoCAD Inc. All rights reserved.
Copyright (c) 1995 AT&T Corp.   All rights reserved.
Copyright (c) 1995-2001 Lucent Technologies Inc.  All rights reserved.
Copyright (c) 2001 Agere Systems   All rights reserved.
Copyright (c) 2002-2024 Lattice Semiconductor Corporation,  All rights reserved.

Report Information
------------------
Command line:    trce -v 10 -gt -sethld -sp 5 -sphld m -o BM_H13DSP_S_impl1.twr -gui -msgset D:/FH_MB_powerup_1106_shixu_ok_exit_fault_change_right_addcpuprsnt_ok_add_pull_down_add_pwrbmc_ctrl/MB/09/BM_H13DSP_S/pro/promote.xml BM_H13DSP_S_impl1.ncd BM_H13DSP_S_impl1.prf 
Design file:     bm_h13dsp_s_impl1.ncd
Preference file: bm_h13dsp_s_impl1.prf
Device,speed:    LCMXO3LF-6900C,m
Report level:    verbose report, limited to 10 items per preference
--------------------------------------------------------------------------------

BLOCK ASYNCPATHS
BLOCK RESETPATHS
--------------------------------------------------------------------------------


Derating parameters
-------------------
VCCIO Voltage:
                   3.300 V (Bank 0, defined by PAR)
                   3.300 V (Bank 1, defined by PAR)
                   3.300 V (Bank 2, defined by PAR)
                   3.300 V (Bank 3, defined by PAR)
                   3.300 V (Bank 4, defined by PAR)
                   3.300 V (Bank 5, defined by PAR)



Timing summary (Hold):
---------------

Timing errors: 0  Score: 0
Cumulative negative slack: 0

Constraints cover 28540 paths, 4 nets, and 9962 connections (93.14% coverage)



Timing summary (Setup and Hold):
---------------

Timing errors: 0 (setup), 0 (hold)
Score: 0 (setup), 0 (hold)
Cumulative negative slack: 0 (0+0)
--------------------------------------------------------------------------------

--------------------------------------------------------------------------------

Total CPU Time: 0 secs 
Total REAL Time: 0 secs 
Peak Memory Usage: 87 MB


iotiming  "BM_H13DSP_S_impl1.ncd" "BM_H13DSP_S_impl1.prf"
I/O Timing Report:
:  version Diamond (64-bit) 3.14.0.75.2

Copyright (c) 1991-1994 by NeoCAD Inc. All rights reserved.
Copyright (c) 1995 AT&T Corp.   All rights reserved.
Copyright (c) 1995-2001 Lucent Technologies Inc.  All rights reserved.
Copyright (c) 2001 Agere Systems   All rights reserved.
Copyright (c) 2002-2024 Lattice Semiconductor Corporation,  All rights reserved.

Loading design for application iotiming from file bm_h13dsp_s_impl1.ncd.
Design name: BM_H13DSP_S
NCD version: 3.3
Vendor:      LATTICE
Device:      LCMXO3LF-6900C
Package:     CABGA400
Performance: 5
Loading device for application iotiming from file 'xo3c6900.nph' in environment: C:/lscc/diamond/3_14/ispfpga.
Package Status:                     Final          Version 1.17.
Performance Hardware Data Status:   Final          Version 37.5.
Running Performance Grade: 5
Computing Setup Time ...
Computing Max Clock to Output Delay ...
Computing Hold Time ...
Computing Min Clock to Output Delay ...

Loading design for application iotiming from file bm_h13dsp_s_impl1.ncd.
Design name: BM_H13DSP_S
NCD version: 3.3
Vendor:      LATTICE
Device:      LCMXO3LF-6900C
Package:     CABGA400
Performance: 6
Package Status:                     Final          Version 1.17.
Performance Hardware Data Status:   Final          Version 37.5.
Running Performance Grade: 6
Computing Setup Time ...
Computing Max Clock to Output Delay ...
Computing Hold Time ...
Computing Min Clock to Output Delay ...

Loading design for application iotiming from file bm_h13dsp_s_impl1.ncd.
Design name: BM_H13DSP_S
NCD version: 3.3
Vendor:      LATTICE
Device:      LCMXO3LF-6900C
Package:     CABGA400
Performance: M
Package Status:                     Final          Version 1.17.
Performance Hardware Data Status:   Final          Version 37.5.
Running Performance Grade: M
Computing Setup Time ...
Computing Max Clock to Output Delay ...
Computing Hold Time ...
Computing Min Clock to Output Delay ...
Done.

ibisgen "BM_H13DSP_S_impl1.pad" "C:/lscc/diamond/3_14/cae_library/ibis/machxo3l.ibs"   
IBIS Models Generator: Lattice Diamond (64-bit) 3.14.0.75.2

Tue Nov 18 14:50:50 2025

Comp: i_BOARD_ID0
 Site: N1
 Type: IN
 IO_TYPE=LVCMOS33 
 CLAMP=ON 
 HYSTERESIS=SMALL 
-----------------------
Comp: i_BOARD_ID1
 Site: L1
 Type: IN
 IO_TYPE=LVCMOS33 
 CLAMP=ON 
 HYSTERESIS=SMALL 
-----------------------
Comp: i_BOARD_ID2
 Site: K1
 Type: IN
 IO_TYPE=LVCMOS33 
 CLAMP=ON 
 HYSTERESIS=SMALL 
-----------------------
Comp: i_BOARD_ID3
 Site: J1
 Type: IN
 IO_TYPE=LVCMOS33 
 CLAMP=ON 
 HYSTERESIS=SMALL 
-----------------------
Comp: i_BREAK_DET1_DO_N
 Site: J6
 Type: IN
 IO_TYPE=LVCMOS33 
 CLAMP=ON 
 HYSTERESIS=SMALL 
-----------------------
Comp: i_BREAK_DET_DO_N
 Site: F17
 Type: IN
 IO_TYPE=LVCMOS33 
 CLAMP=ON 
 HYSTERESIS=SMALL 
-----------------------
Comp: i_CLK_PAL2_IN_25M
 Site: U1
 Type: IN
 IO_TYPE=LVCMOS33 
 CLAMP=ON 
 HYSTERESIS=SMALL 
-----------------------
Comp: i_CPLD2_DONE
 Site: A19
 Type: IN
 IO_TYPE=LVCMOS33 
 CLAMP=ON 
 HYSTERESIS=SMALL 
-----------------------
Comp: i_CPLD2_HOLD_N_R
 Site: K18
 Type: IN
 IO_TYPE=LVCMOS33 
 CLAMP=ON 
 HYSTERESIS=SMALL 
-----------------------
Comp: i_CPLD2_INIT_N
 Site: C17
 Type: IN
 IO_TYPE=LVCMOS33 
 CLAMP=ON 
 HYSTERESIS=SMALL 
-----------------------
Comp: i_CPLD2_PROGRAM_N
 Site: D13
 Type: IN
 IO_TYPE=LVCMOS33 
 CLAMP=ON 
 HYSTERESIS=SMALL 
-----------------------
Comp: i_CPLD2_SN
 Site: Y20
 Type: IN
 IO_TYPE=LVCMOS33 
 CLAMP=ON 
 HYSTERESIS=SMALL 
-----------------------
Comp: i_CPLD_SGPIO0_CLK
 Site: L20
 Type: IN
 IO_TYPE=LVCMOS33 
 CLAMP=ON 
 HYSTERESIS=SMALL 
-----------------------
Comp: i_CPLD_SGPIO0_LD_N
 Site: M20
 Type: IN
 IO_TYPE=LVCMOS33 
 CLAMP=ON 
 HYSTERESIS=SMALL 
-----------------------
Comp: i_CPLD_SGPIO0_MOSI
 Site: M19
 Type: IN
 IO_TYPE=LVCMOS33 
 CLAMP=ON 
 HYSTERESIS=SMALL 
-----------------------
Comp: i_CPLD_SGPIO1_CLK
 Site: N20
 Type: IN
 IO_TYPE=LVCMOS33 
 CLAMP=ON 
 HYSTERESIS=SMALL 
-----------------------
Comp: i_CPLD_SGPIO1_LD_N
 Site: L19
 Type: IN
 IO_TYPE=LVCMOS33 
 CLAMP=ON 
 HYSTERESIS=SMALL 
-----------------------
Comp: i_CPLD_SGPIO1_MOSI
 Site: P20
 Type: IN
 IO_TYPE=LVCMOS33 
 CLAMP=ON 
 HYSTERESIS=SMALL 
-----------------------
Comp: i_HDR_PAL2_N
 Site: B9
 Type: IN
 IO_TYPE=LVCMOS33 
 CLAMP=ON 
 HYSTERESIS=SMALL 
-----------------------
Comp: i_I2C2_PAL2_SCL
 Site: A18
 Type: IN
 IO_TYPE=LVCMOS33 
 CLAMP=ON 
 HYSTERESIS=SMALL 
-----------------------
Comp: i_JTAG_BMC_TRST_R
 Site: G10
 Type: IN
 IO_TYPE=LVCMOS33 
 CLAMP=ON 
 HYSTERESIS=SMALL 
-----------------------
Comp: i_LEAKAGE_DET1_DO_N
 Site: K7
 Type: IN
 IO_TYPE=LVCMOS33 
 CLAMP=ON 
 HYSTERESIS=SMALL 
-----------------------
Comp: i_LEAKAGE_DET_DO_N
 Site: C16
 Type: IN
 IO_TYPE=LVCMOS33 
 CLAMP=ON 
 HYSTERESIS=SMALL 
-----------------------
Comp: i_LEAKAGE_PRSNT1_N
 Site: J5
 Type: IN
 IO_TYPE=LVCMOS33 
 CLAMP=ON 
 HYSTERESIS=SMALL 
-----------------------
Comp: i_LEAKAGE_PRSNT_N
 Site: D14
 Type: IN
 IO_TYPE=LVCMOS33 
 CLAMP=ON 
 HYSTERESIS=SMALL 
-----------------------
Comp: i_P0_MCIOG3A_CB_ID0_R
 Site: F18
 Type: IN
 IO_TYPE=LVCMOS33 
 CLAMP=ON 
 HYSTERESIS=SMALL 
-----------------------
Comp: i_P0_MCIOG3A_CB_ID1_R
 Site: G17
 Type: IN
 IO_TYPE=LVCMOS33 
 CLAMP=ON 
 HYSTERESIS=SMALL 
-----------------------
Comp: i_P0_MCIOG3A_NVME0_PRSNT_N_R
 Site: C12
 Type: IN
 IO_TYPE=LVCMOS33 
 CLAMP=ON 
 HYSTERESIS=SMALL 
-----------------------
Comp: i_P0_MCIOG3A_NVME1_PRSNT_N_R
 Site: E17
 Type: IN
 IO_TYPE=LVCMOS33 
 CLAMP=ON 
 HYSTERESIS=SMALL 
-----------------------
Comp: i_P0_MCIOG3A_WAKE_N_R
 Site: G19
 Type: IN
 IO_TYPE=LVCMOS33 
 CLAMP=ON 
 HYSTERESIS=SMALL 
-----------------------
Comp: i_P0_MCIOG3C_CB_ID0_R
 Site: C19
 Type: IN
 IO_TYPE=LVCMOS33 
 CLAMP=ON 
 HYSTERESIS=SMALL 
-----------------------
Comp: i_P0_MCIOG3C_CB_ID1_R
 Site: C14
 Type: IN
 IO_TYPE=LVCMOS33 
 CLAMP=ON 
 HYSTERESIS=SMALL 
-----------------------
Comp: i_P0_MCIOG3C_NVME0_PRSNT_N_R
 Site: D6
 Type: IN
 IO_TYPE=LVCMOS33 
 CLAMP=ON 
 HYSTERESIS=SMALL 
-----------------------
Comp: i_P0_MCIOG3C_NVME1_PRSNT_N_R
 Site: E19
 Type: IN
 IO_TYPE=LVCMOS33 
 CLAMP=ON 
 HYSTERESIS=SMALL 
-----------------------
Comp: i_P0_MCIOG3C_WAKE_N_R
 Site: D19
 Type: IN
 IO_TYPE=LVCMOS33 
 CLAMP=ON 
 HYSTERESIS=SMALL 
-----------------------
Comp: i_P0_MCIOP0A_CB_ID0_R
 Site: W2
 Type: IN
 IO_TYPE=LVCMOS33 
 CLAMP=ON 
 HYSTERESIS=SMALL 
-----------------------
Comp: i_P0_MCIOP0A_CB_ID1_R
 Site: W4
 Type: IN
 IO_TYPE=LVCMOS33 
 CLAMP=ON 
 HYSTERESIS=SMALL 
-----------------------
Comp: i_P0_MCIOP0A_DATAIN
 Site: Y3
 Type: IN
 IO_TYPE=LVCMOS33 
 CLAMP=ON 
 HYSTERESIS=SMALL 
-----------------------
Comp: i_P0_MCIOP0A_NVME0_PRSNT_N_R
 Site: Y4
 Type: IN
 IO_TYPE=LVCMOS33 
 CLAMP=ON 
 HYSTERESIS=SMALL 
-----------------------
Comp: i_P0_MCIOP0A_NVME1_PRSNT_N_R
 Site: W5
 Type: IN
 IO_TYPE=LVCMOS33 
 CLAMP=ON 
 HYSTERESIS=SMALL 
-----------------------
Comp: i_P0_MCIOP0A_WAKE_N_R
 Site: Y2
 Type: IN
 IO_TYPE=LVCMOS33 
 CLAMP=ON 
 HYSTERESIS=SMALL 
-----------------------
Comp: i_P0_MCIOP0C_CB_ID0_R
 Site: Y6
 Type: IN
 IO_TYPE=LVCMOS33 
 CLAMP=ON 
 HYSTERESIS=SMALL 
-----------------------
Comp: i_P0_MCIOP0C_CB_ID1_R
 Site: Y8
 Type: IN
 IO_TYPE=LVCMOS33 
 CLAMP=ON 
 HYSTERESIS=SMALL 
-----------------------
Comp: i_P0_MCIOP0C_NVME0_PRSNT_N_R
 Site: W9
 Type: IN
 IO_TYPE=LVCMOS33 
 CLAMP=ON 
 HYSTERESIS=SMALL 
-----------------------
Comp: i_P0_MCIOP0C_NVME1_PRSNT_N_R
 Site: V17
 Type: IN
 IO_TYPE=LVCMOS33 
 CLAMP=ON 
 HYSTERESIS=SMALL 
-----------------------
Comp: i_P0_MCIOP0C_WAKE_N_R
 Site: W7
 Type: IN
 IO_TYPE=LVCMOS33 
 CLAMP=ON 
 HYSTERESIS=SMALL 
-----------------------
Comp: i_P0_MCIOP1A_CB_ID0_R
 Site: Y10
 Type: IN
 IO_TYPE=LVCMOS33 
 CLAMP=ON 
 HYSTERESIS=SMALL 
-----------------------
Comp: i_P0_MCIOP1A_CB_ID1_R
 Site: W13
 Type: IN
 IO_TYPE=LVCMOS33 
 CLAMP=ON 
 HYSTERESIS=SMALL 
-----------------------
Comp: i_P0_MCIOP1A_NVME0_PRSNT_N_R
 Site: Y13
 Type: IN
 IO_TYPE=LVCMOS33 
 CLAMP=ON 
 HYSTERESIS=SMALL 
-----------------------
Comp: i_P0_MCIOP1A_NVME1_PRSNT_N_R
 Site: Y12
 Type: IN
 IO_TYPE=LVCMOS33 
 CLAMP=ON 
 HYSTERESIS=SMALL 
-----------------------
Comp: i_P0_MCIOP1A_WAKE_N_R
 Site: W11
 Type: IN
 IO_TYPE=LVCMOS33 
 CLAMP=ON 
 HYSTERESIS=SMALL 
-----------------------
Comp: i_P0_MCIOP1C_CB_ID0_R
 Site: W15
 Type: IN
 IO_TYPE=LVCMOS33 
 CLAMP=ON 
 HYSTERESIS=SMALL 
-----------------------
Comp: i_P0_MCIOP1C_CB_ID1_R
 Site: Y17
 Type: IN
 IO_TYPE=LVCMOS33 
 CLAMP=ON 
 HYSTERESIS=SMALL 
-----------------------
Comp: i_P0_MCIOP1C_NVME0_PRSNT_N_R
 Site: Y18
 Type: IN
 IO_TYPE=LVCMOS33 
 CLAMP=ON 
 HYSTERESIS=SMALL 
-----------------------
Comp: i_P0_MCIOP1C_NVME1_PRSNT_N_R
 Site: Y19
 Type: IN
 IO_TYPE=LVCMOS33 
 CLAMP=ON 
 HYSTERESIS=SMALL 
-----------------------
Comp: i_P0_MCIOP1C_WAKE_N_R
 Site: Y15
 Type: IN
 IO_TYPE=LVCMOS33 
 CLAMP=ON 
 HYSTERESIS=SMALL 
-----------------------
Comp: i_P0_MCIOP2A_CB_ID0_R
 Site: R16
 Type: IN
 IO_TYPE=LVCMOS33 
 CLAMP=ON 
 HYSTERESIS=SMALL 
-----------------------
Comp: i_P0_MCIOP2A_CB_ID1_R
 Site: P16
 Type: IN
 IO_TYPE=LVCMOS33 
 CLAMP=ON 
 HYSTERESIS=SMALL 
-----------------------
Comp: i_P0_MCIOP2A_NVME0_PRSNT_N_R
 Site: R13
 Type: IN
 IO_TYPE=LVCMOS33 
 CLAMP=ON 
 HYSTERESIS=SMALL 
-----------------------
Comp: i_P0_MCIOP2A_NVME1_PRSNT_N_R
 Site: P12
 Type: IN
 IO_TYPE=LVCMOS33 
 CLAMP=ON 
 HYSTERESIS=SMALL 
-----------------------
Comp: i_P0_MCIOP2A_WAKE_N_R
 Site: R8
 Type: IN
 IO_TYPE=LVCMOS33 
 CLAMP=ON 
 HYSTERESIS=SMALL 
-----------------------
Comp: i_P0_MCIOP2C_CB_ID0_R
 Site: D10
 Type: IN
 IO_TYPE=LVCMOS33 
 CLAMP=ON 
 HYSTERESIS=SMALL 
-----------------------
Comp: i_P0_MCIOP2C_CB_ID1_R
 Site: C10
 Type: IN
 IO_TYPE=LVCMOS33 
 CLAMP=ON 
 HYSTERESIS=SMALL 
-----------------------
Comp: i_P0_MCIOP2C_NVME0_PRSNT_N_R
 Site: E6
 Type: IN
 IO_TYPE=LVCMOS33 
 CLAMP=ON 
 HYSTERESIS=SMALL 
-----------------------
Comp: i_P0_MCIOP2C_NVME1_PRSNT_N_R
 Site: D7
 Type: IN
 IO_TYPE=LVCMOS33 
 CLAMP=ON 
 HYSTERESIS=SMALL 
-----------------------
Comp: i_P0_MCIOP2C_WAKE_N_R
 Site: D8
 Type: IN
 IO_TYPE=LVCMOS33 
 CLAMP=ON 
 HYSTERESIS=SMALL 
-----------------------
Comp: i_P0_MCIOP3A_CB_ID0_R
 Site: P10
 Type: IN
 IO_TYPE=LVCMOS33 
 CLAMP=ON 
 HYSTERESIS=SMALL 
-----------------------
Comp: i_P0_MCIOP3A_CB_ID1_R
 Site: P11
 Type: IN
 IO_TYPE=LVCMOS33 
 CLAMP=ON 
 HYSTERESIS=SMALL 
-----------------------
Comp: i_P0_MCIOP3A_NVME0_PRSNT_N_R
 Site: J18
 Type: IN
 IO_TYPE=LVCMOS33 
 CLAMP=ON 
 HYSTERESIS=SMALL 
-----------------------
Comp: i_P0_MCIOP3A_NVME1_PRSNT_N_R
 Site: K19
 Type: IN
 IO_TYPE=LVCMOS33 
 CLAMP=ON 
 HYSTERESIS=SMALL 
-----------------------
Comp: i_P0_MCIOP3A_WAKE_N_R
 Site: L17
 Type: IN
 IO_TYPE=LVCMOS33 
 CLAMP=ON 
 HYSTERESIS=SMALL 
-----------------------
Comp: i_P0_MCIOP3C_CB_ID0_R
 Site: R10
 Type: IN
 IO_TYPE=LVCMOS33 
 CLAMP=ON 
 HYSTERESIS=SMALL 
-----------------------
Comp: i_P0_MCIOP3C_CB_ID1_R
 Site: T9
 Type: IN
 IO_TYPE=LVCMOS33 
 CLAMP=ON 
 HYSTERESIS=SMALL 
-----------------------
Comp: i_P0_MCIOP3C_NVME0_PRSNT_N_R
 Site: N17
 Type: IN
 IO_TYPE=LVCMOS33 
 CLAMP=ON 
 HYSTERESIS=SMALL 
-----------------------
Comp: i_P0_MCIOP3C_NVME1_PRSNT_N_R
 Site: T17
 Type: IN
 IO_TYPE=LVCMOS33 
 CLAMP=ON 
 HYSTERESIS=SMALL 
-----------------------
Comp: i_P0_MCIOP3C_WAKE_N_R
 Site: N18
 Type: IN
 IO_TYPE=LVCMOS33 
 CLAMP=ON 
 HYSTERESIS=SMALL 
-----------------------
Comp: i_P1_MCIOG1A_CB_ID0_R
 Site: N15
 Type: IN
 IO_TYPE=LVCMOS33 
 CLAMP=ON 
 HYSTERESIS=SMALL 
-----------------------
Comp: i_P1_MCIOG1A_CB_ID1_R
 Site: P9
 Type: IN
 IO_TYPE=LVCMOS33 
 CLAMP=ON 
 HYSTERESIS=SMALL 
-----------------------
Comp: i_P1_MCIOG1A_NVME0_PRSNT_N_R
 Site: P15
 Type: IN
 IO_TYPE=LVCMOS33 
 CLAMP=ON 
 HYSTERESIS=SMALL 
-----------------------
Comp: i_P1_MCIOG1A_NVME1_PRSNT_N_R
 Site: T10
 Type: IN
 IO_TYPE=LVCMOS33 
 CLAMP=ON 
 HYSTERESIS=SMALL 
-----------------------
Comp: i_P1_MCIOG1A_WAKE_N_R
 Site: M7
 Type: IN
 IO_TYPE=LVCMOS33 
 CLAMP=ON 
 HYSTERESIS=SMALL 
-----------------------
Comp: i_P1_MCIOG1C_CB_ID0_R
 Site: R15
 Type: IN
 IO_TYPE=LVCMOS33 
 CLAMP=ON 
 HYSTERESIS=SMALL 
-----------------------
Comp: i_P1_MCIOG1C_CB_ID1_R
 Site: R14
 Type: IN
 IO_TYPE=LVCMOS33 
 CLAMP=ON 
 HYSTERESIS=SMALL 
-----------------------
Comp: i_P1_MCIOG1C_NVME0_PRSNT_N_R
 Site: R5
 Type: IN
 IO_TYPE=LVCMOS33 
 CLAMP=ON 
 HYSTERESIS=SMALL 
-----------------------
Comp: i_P1_MCIOG1C_NVME1_PRSNT_N_R
 Site: P5
 Type: IN
 IO_TYPE=LVCMOS33 
 CLAMP=ON 
 HYSTERESIS=SMALL 
-----------------------
Comp: i_P1_MCIOG1C_WAKE_N_R
 Site: R6
 Type: IN
 IO_TYPE=LVCMOS33 
 CLAMP=ON 
 HYSTERESIS=SMALL 
-----------------------
Comp: i_P1_MCIOP0A_CB_ID0_R
 Site: H6
 Type: IN
 IO_TYPE=LVCMOS33 
 CLAMP=ON 
 HYSTERESIS=SMALL 
-----------------------
Comp: i_P1_MCIOP0A_CB_ID1_R
 Site: C6
 Type: IN
 IO_TYPE=LVCMOS33 
 CLAMP=ON 
 HYSTERESIS=SMALL 
-----------------------
Comp: i_P1_MCIOP0A_NVME0_PRSNT_N_R
 Site: T6
 Type: IN
 IO_TYPE=LVCMOS33 
 CLAMP=ON 
 HYSTERESIS=SMALL 
-----------------------
Comp: i_P1_MCIOP0A_NVME1_PRSNT_N_R
 Site: R4
 Type: IN
 IO_TYPE=LVCMOS33 
 CLAMP=ON 
 HYSTERESIS=SMALL 
-----------------------
Comp: i_P1_MCIOP0A_WAKE_N_R
 Site: R3
 Type: IN
 IO_TYPE=LVCMOS33 
 CLAMP=ON 
 HYSTERESIS=SMALL 
-----------------------
Comp: i_P1_MCIOP0C_CB_ID0_R
 Site: P4
 Type: IN
 IO_TYPE=LVCMOS33 
 CLAMP=ON 
 HYSTERESIS=SMALL 
-----------------------
Comp: i_P1_MCIOP0C_CB_ID1_R
 Site: M6
 Type: IN
 IO_TYPE=LVCMOS33 
 CLAMP=ON 
 HYSTERESIS=SMALL 
-----------------------
Comp: i_P1_MCIOP0C_NVME0_PRSNT_N_R
 Site: K6
 Type: IN
 IO_TYPE=LVCMOS33 
 CLAMP=ON 
 HYSTERESIS=SMALL 
-----------------------
Comp: i_P1_MCIOP0C_NVME1_PRSNT_N_R
 Site: C4
 Type: IN
 IO_TYPE=LVCMOS33 
 CLAMP=ON 
 HYSTERESIS=SMALL 
-----------------------
Comp: i_P1_MCIOP0C_WAKE_N_R
 Site: E4
 Type: IN
 IO_TYPE=LVCMOS33 
 CLAMP=ON 
 HYSTERESIS=SMALL 
-----------------------
Comp: i_P1_MCIOP1A_CB_ID0_R
 Site: M4
 Type: IN
 IO_TYPE=LVCMOS33 
 CLAMP=ON 
 HYSTERESIS=SMALL 
-----------------------
Comp: i_P1_MCIOP1A_CB_ID1_R
 Site: N4
 Type: IN
 IO_TYPE=LVCMOS33 
 CLAMP=ON 
 HYSTERESIS=SMALL 
-----------------------
Comp: i_P1_MCIOP1A_NVME0_PRSNT_N_R
 Site: D2
 Type: IN
 IO_TYPE=LVCMOS33 
 CLAMP=ON 
 HYSTERESIS=SMALL 
-----------------------
Comp: i_P1_MCIOP1A_NVME1_PRSNT_N_R
 Site: C2
 Type: IN
 IO_TYPE=LVCMOS33 
 CLAMP=ON 
 HYSTERESIS=SMALL 
-----------------------
Comp: i_P1_MCIOP1A_WAKE_N_R
 Site: C3
 Type: IN
 IO_TYPE=LVCMOS33 
 CLAMP=ON 
 HYSTERESIS=SMALL 
-----------------------
Comp: i_P1_MCIOP1C_CB_ID0_R
 Site: L7
 Type: IN
 IO_TYPE=LVCMOS33 
 CLAMP=ON 
 HYSTERESIS=SMALL 
-----------------------
Comp: i_P1_MCIOP1C_CB_ID1_R
 Site: L6
 Type: IN
 IO_TYPE=LVCMOS33 
 CLAMP=ON 
 HYSTERESIS=SMALL 
-----------------------
Comp: i_P1_MCIOP1C_NVME0_PRSNT_N_R
 Site: M5
 Type: IN
 IO_TYPE=LVCMOS33 
 CLAMP=ON 
 HYSTERESIS=SMALL 
-----------------------
Comp: i_P1_MCIOP1C_NVME1_PRSNT_N_R
 Site: G4
 Type: IN
 IO_TYPE=LVCMOS33 
 CLAMP=ON 
 HYSTERESIS=SMALL 
-----------------------
Comp: i_P1_MCIOP1C_WAKE_N_R
 Site: F4
 Type: IN
 IO_TYPE=LVCMOS33 
 CLAMP=ON 
 HYSTERESIS=SMALL 
-----------------------
Comp: i_P1_MCIOP2A_CB_ID0_R
 Site: V3
 Type: IN
 IO_TYPE=LVCMOS33 
 CLAMP=ON 
 HYSTERESIS=SMALL 
-----------------------
Comp: i_P1_MCIOP2A_CB_ID1_R
 Site: J3
 Type: IN
 IO_TYPE=LVCMOS33 
 CLAMP=ON 
 HYSTERESIS=SMALL 
-----------------------
Comp: i_P1_MCIOP2A_NVME0_PRSNT_N_R
 Site: H2
 Type: IN
 IO_TYPE=LVCMOS33 
 CLAMP=ON 
 HYSTERESIS=SMALL 
-----------------------
Comp: i_P1_MCIOP2A_NVME1_PRSNT_N_R
 Site: R2
 Type: IN
 IO_TYPE=LVCMOS33 
 CLAMP=ON 
 HYSTERESIS=SMALL 
-----------------------
Comp: i_P1_MCIOP2A_WAKE_N_R
 Site: V2
 Type: IN
 IO_TYPE=LVCMOS33 
 CLAMP=ON 
 HYSTERESIS=SMALL 
-----------------------
Comp: i_P1_MCIOP2C_CB_ID0_R
 Site: U6
 Type: IN
 IO_TYPE=LVCMOS33 
 CLAMP=ON 
 HYSTERESIS=SMALL 
-----------------------
Comp: i_P1_MCIOP2C_CB_ID1_R
 Site: L2
 Type: IN
 IO_TYPE=LVCMOS33 
 CLAMP=ON 
 HYSTERESIS=SMALL 
-----------------------
Comp: i_P1_MCIOP2C_NVME0_PRSNT_N_R
 Site: K4
 Type: IN
 IO_TYPE=LVCMOS33 
 CLAMP=ON 
 HYSTERESIS=SMALL 
-----------------------
Comp: i_P1_MCIOP2C_NVME1_PRSNT_N_R
 Site: U4
 Type: IN
 IO_TYPE=LVCMOS33 
 CLAMP=ON 
 HYSTERESIS=SMALL 
-----------------------
Comp: i_P1_MCIOP2C_WAKE_N_R
 Site: U5
 Type: IN
 IO_TYPE=LVCMOS33 
 CLAMP=ON 
 HYSTERESIS=SMALL 
-----------------------
Comp: i_P1_MCIOP3A_CB_ID0_R
 Site: N2
 Type: IN
 IO_TYPE=LVCMOS33 
 CLAMP=ON 
 HYSTERESIS=SMALL 
-----------------------
Comp: i_P1_MCIOP3A_CB_ID1_R
 Site: T8
 Type: IN
 IO_TYPE=LVCMOS33 
 CLAMP=ON 
 HYSTERESIS=SMALL 
-----------------------
Comp: i_P1_MCIOP3A_NVME0_PRSNT_N_R
 Site: F8
 Type: IN
 IO_TYPE=LVCMOS33 
 CLAMP=ON 
 HYSTERESIS=SMALL 
-----------------------
Comp: i_P1_MCIOP3A_NVME1_PRSNT_N_R
 Site: L3
 Type: IN
 IO_TYPE=LVCMOS33 
 CLAMP=ON 
 HYSTERESIS=SMALL 
-----------------------
Comp: i_P1_MCIOP3A_WAKE_N_R
 Site: M3
 Type: IN
 IO_TYPE=LVCMOS33 
 CLAMP=ON 
 HYSTERESIS=SMALL 
-----------------------
Comp: i_P1_MCIOP3C_CB_ID0_R
 Site: R1
 Type: IN
 IO_TYPE=LVCMOS33 
 CLAMP=ON 
 HYSTERESIS=SMALL 
-----------------------
Comp: i_P1_MCIOP3C_CB_ID1_R
 Site: V10
 Type: IN
 IO_TYPE=LVCMOS33 
 CLAMP=ON 
 HYSTERESIS=SMALL 
-----------------------
Comp: i_P1_MCIOP3C_NVME0_PRSNT_N_R
 Site: E7
 Type: IN
 IO_TYPE=LVCMOS33 
 CLAMP=ON 
 HYSTERESIS=SMALL 
-----------------------
Comp: i_P1_MCIOP3C_NVME1_PRSNT_N_R
 Site: N3
 Type: IN
 IO_TYPE=LVCMOS33 
 CLAMP=ON 
 HYSTERESIS=SMALL 
-----------------------
Comp: i_P1_MCIOP3C_WAKE_N_R
 Site: P2
 Type: IN
 IO_TYPE=LVCMOS33 
 CLAMP=ON 
 HYSTERESIS=SMALL 
-----------------------
Comp: i_P1_MCIOP4A_NVME0_PRSNT_N_R
 Site: L5
 Type: IN
 IO_TYPE=LVCMOS33 
 CLAMP=ON 
 HYSTERESIS=SMALL 
-----------------------
Comp: i_PAL_NODE1_TYPE
 Site: F16
 Type: IN
 IO_TYPE=LVCMOS33 
 CLAMP=ON 
 HYSTERESIS=SMALL 
-----------------------
Comp: i_PAL_P12V_CPU0_DIMM_GOK
 Site: U12
 Type: IN
 IO_TYPE=LVCMOS33 
 CLAMP=ON 
 HYSTERESIS=SMALL 
-----------------------
Comp: i_PAL_P12V_CPU0_DIMM_OC
 Site: V13
 Type: IN
 IO_TYPE=LVCMOS33 
 CLAMP=ON 
 HYSTERESIS=SMALL 
-----------------------
Comp: i_PAL_P12V_CPU1_DIMM_GOK
 Site: J19
 Type: IN
 IO_TYPE=LVCMOS33 
 CLAMP=ON 
 HYSTERESIS=SMALL 
-----------------------
Comp: i_PAL_P12V_CPU1_DIMM_OC
 Site: K16
 Type: IN
 IO_TYPE=LVCMOS33 
 CLAMP=ON 
 HYSTERESIS=SMALL 
-----------------------
Comp: i_PAL_PCH_INTRUDER
 Site: F12
 Type: IN
 IO_TYPE=LVCMOS33 
 CLAMP=ON 
 HYSTERESIS=SMALL 
-----------------------
Comp: i_PAL_PE_WAKE_N
 Site: B20
 Type: IN
 IO_TYPE=LVCMOS33 
 CLAMP=ON 
 HYSTERESIS=SMALL 
-----------------------
Comp: i_PAL_SLIMSAS1_PRSNT_N
 Site: E14
 Type: IN
 IO_TYPE=LVCMOS33 
 CLAMP=ON 
 HYSTERESIS=SMALL 
-----------------------
Comp: i_PAL_TMP1_ALERT_N
 Site: G11
 Type: IN
 IO_TYPE=LVCMOS33 
 CLAMP=ON 
 HYSTERESIS=SMALL 
-----------------------
Comp: i_PAL_TMP2_ALERT_N
 Site: F5
 Type: IN
 IO_TYPE=LVCMOS33 
 CLAMP=ON 
 HYSTERESIS=SMALL 
-----------------------
Comp: i_PAL_TMP3_ALERT_N
 Site: F10
 Type: IN
 IO_TYPE=LVCMOS33 
 CLAMP=ON 
 HYSTERESIS=SMALL 
-----------------------
Comp: i_PAL_TMP4_ALERT_N
 Site: F7
 Type: IN
 IO_TYPE=LVCMOS33 
 CLAMP=ON 
 HYSTERESIS=SMALL 
-----------------------
Comp: i_PCA_REVISION_0
 Site: E1
 Type: IN
 IO_TYPE=LVCMOS33 
 CLAMP=ON 
 HYSTERESIS=SMALL 
-----------------------
Comp: i_PCA_REVISION_1
 Site: D1
 Type: IN
 IO_TYPE=LVCMOS33 
 CLAMP=ON 
 HYSTERESIS=SMALL 
-----------------------
Comp: i_PCA_REVISION_2
 Site: C1
 Type: IN
 IO_TYPE=LVCMOS33 
 CLAMP=ON 
 HYSTERESIS=SMALL 
-----------------------
Comp: i_PCB_REVISION_0
 Site: H1
 Type: IN
 IO_TYPE=LVCMOS33 
 CLAMP=ON 
 HYSTERESIS=SMALL 
-----------------------
Comp: i_PCB_REVISION_1
 Site: G1
 Type: IN
 IO_TYPE=LVCMOS33 
 CLAMP=ON 
 HYSTERESIS=SMALL 
-----------------------
Comp: i_PCB_REVISION_2
 Site: F1
 Type: IN
 IO_TYPE=LVCMOS33 
 CLAMP=ON 
 HYSTERESIS=SMALL 
-----------------------
Comp: i_PCH_INTRUDER_CABLE_INST_R_N
 Site: D16
 Type: IN
 IO_TYPE=LVCMOS33 
 CLAMP=ON 
 HYSTERESIS=SMALL 
-----------------------
Comp: i_PWRGD_SYS_PWROK_R
 Site: G9
 Type: IN
 IO_TYPE=LVCMOS33 
 CLAMP=ON 
 HYSTERESIS=SMALL 
-----------------------
Comp: i_SMB_CPU0_ALERT_N_R
 Site: B12
 Type: IN
 IO_TYPE=LVCMOS33 
 CLAMP=ON 
 HYSTERESIS=SMALL 
-----------------------
Comp: i_SW_1
 Site: A2
 Type: IN
 IO_TYPE=LVCMOS33 
 CLAMP=ON 
 HYSTERESIS=SMALL 
-----------------------
Comp: i_SW_3
 Site: A3
 Type: IN
 IO_TYPE=LVCMOS33 
 CLAMP=ON 
 HYSTERESIS=SMALL 
-----------------------
Comp: i_SW_4
 Site: B4
 Type: IN
 IO_TYPE=LVCMOS33 
 CLAMP=ON 
 HYSTERESIS=SMALL 
-----------------------
Comp: i_SW_5
 Site: A4
 Type: IN
 IO_TYPE=LVCMOS33 
 CLAMP=ON 
 HYSTERESIS=SMALL 
-----------------------
Comp: i_SW_6
 Site: B5
 Type: IN
 IO_TYPE=LVCMOS33 
 CLAMP=ON 
 HYSTERESIS=SMALL 
-----------------------
Comp: i_SW_7
 Site: A5
 Type: IN
 IO_TYPE=LVCMOS33 
 CLAMP=ON 
 HYSTERESIS=SMALL 
-----------------------
Comp: i_SW_8
 Site: B6
 Type: IN
 IO_TYPE=LVCMOS33 
 CLAMP=ON 
 HYSTERESIS=SMALL 
-----------------------
Comp: io_I2C2_2_UPDATE_SCL
 Site: C11
 Type: BIDI
 IO_TYPE=LVCMOS33 
 DRIVE=8mA 
 CLAMP=ON 
 HYSTERESIS=SMALL 
 SLEW=SLOW 
-----------------------
Comp: io_I2C2_2_UPDATE_SDA
 Site: D11
 Type: BIDI
 IO_TYPE=LVCMOS33 
 DRIVE=8mA 
 CLAMP=ON 
 HYSTERESIS=SMALL 
 SLEW=SLOW 
-----------------------
Comp: io_I2C2_PAL2_SDA
 Site: B18
 Type: BIDI
 IO_TYPE=LVCMOS33 
 DRIVE=8mA 
 CLAMP=ON 
 HYSTERESIS=SMALL 
 SLEW=SLOW 
-----------------------
Comp: io_P0_MCIOG3A_PWR_EN_R
 Site: F19
 Type: BIDI
 IO_TYPE=LVCMOS33 
 DRIVE=8mA 
 CLAMP=ON 
 HYSTERESIS=SMALL 
 SLEW=SLOW 
-----------------------
Comp: io_P0_MCIOG3C_PWR_EN_R
 Site: B19
 Type: BIDI
 IO_TYPE=LVCMOS33 
 DRIVE=8mA 
 CLAMP=ON 
 HYSTERESIS=SMALL 
 SLEW=SLOW 
-----------------------
Comp: io_P0_MCIOP0A_PWR_EN_R
 Site: W1
 Type: BIDI
 IO_TYPE=LVCMOS33 
 DRIVE=8mA 
 CLAMP=ON 
 HYSTERESIS=SMALL 
 SLEW=SLOW 
-----------------------
Comp: io_P0_MCIOP0C_PWR_EN_R
 Site: Y5
 Type: BIDI
 IO_TYPE=LVCMOS33 
 DRIVE=8mA 
 CLAMP=ON 
 HYSTERESIS=SMALL 
 SLEW=SLOW 
-----------------------
Comp: io_P0_MCIOP1A_PWR_EN_R
 Site: Y9
 Type: BIDI
 IO_TYPE=LVCMOS33 
 DRIVE=8mA 
 CLAMP=ON 
 HYSTERESIS=SMALL 
 SLEW=SLOW 
-----------------------
Comp: io_P0_MCIOP1C_PWR_EN_R
 Site: W14
 Type: BIDI
 IO_TYPE=LVCMOS33 
 DRIVE=8mA 
 CLAMP=ON 
 HYSTERESIS=SMALL 
 SLEW=SLOW 
-----------------------
Comp: io_P0_MCIOP2A_PWR_EN_R
 Site: L14
 Type: BIDI
 IO_TYPE=LVCMOS33 
 DRIVE=8mA 
 CLAMP=ON 
 HYSTERESIS=SMALL 
 SLEW=SLOW 
-----------------------
Comp: io_P0_MCIOP2C_PWR_EN_R
 Site: B8
 Type: BIDI
 IO_TYPE=LVCMOS33 
 DRIVE=8mA 
 CLAMP=ON 
 HYSTERESIS=SMALL 
 SLEW=SLOW 
-----------------------
Comp: io_P0_MCIOP3A_PWR_EN_R
 Site: P17
 Type: BIDI
 IO_TYPE=LVCMOS33 
 DRIVE=8mA 
 CLAMP=ON 
 HYSTERESIS=SMALL 
 SLEW=SLOW 
-----------------------
Comp: io_P0_MCIOP3C_PWR_EN_R
 Site: T16
 Type: BIDI
 IO_TYPE=LVCMOS33 
 DRIVE=8mA 
 CLAMP=ON 
 HYSTERESIS=SMALL 
 SLEW=SLOW 
-----------------------
Comp: io_P1_MCIOG1A_PWR_EN_R
 Site: T13
 Type: BIDI
 IO_TYPE=LVCMOS33 
 DRIVE=8mA 
 CLAMP=ON 
 HYSTERESIS=SMALL 
 SLEW=SLOW 
-----------------------
Comp: io_P1_MCIOG1C_PWR_EN_R
 Site: R9
 Type: BIDI
 IO_TYPE=LVCMOS33 
 DRIVE=8mA 
 CLAMP=ON 
 HYSTERESIS=SMALL 
 SLEW=SLOW 
-----------------------
Comp: io_P1_MCIOP0A_PWR_EN_R
 Site: T5
 Type: BIDI
 IO_TYPE=LVCMOS33 
 DRIVE=8mA 
 CLAMP=ON 
 HYSTERESIS=SMALL 
 SLEW=SLOW 
-----------------------
Comp: io_P1_MCIOP0C_PWR_EN_R
 Site: D5
 Type: BIDI
 IO_TYPE=LVCMOS33 
 DRIVE=8mA 
 CLAMP=ON 
 HYSTERESIS=SMALL 
 SLEW=SLOW 
-----------------------
Comp: io_P1_MCIOP1A_PWR_EN_R
 Site: J4
 Type: BIDI
 IO_TYPE=LVCMOS33 
 DRIVE=8mA 
 CLAMP=ON 
 HYSTERESIS=SMALL 
 SLEW=SLOW 
-----------------------
Comp: io_P1_MCIOP1C_PWR_EN_R
 Site: E2
 Type: BIDI
 IO_TYPE=LVCMOS33 
 DRIVE=8mA 
 CLAMP=ON 
 HYSTERESIS=SMALL 
 SLEW=SLOW 
-----------------------
Comp: io_P1_MCIOP2A_PWR_EN_R
 Site: H3
 Type: BIDI
 IO_TYPE=LVCMOS33 
 DRIVE=8mA 
 CLAMP=ON 
 HYSTERESIS=SMALL 
 SLEW=SLOW 
-----------------------
Comp: io_P1_MCIOP2C_PWR_EN_R
 Site: K5
 Type: BIDI
 IO_TYPE=LVCMOS33 
 DRIVE=8mA 
 CLAMP=ON 
 HYSTERESIS=SMALL 
 SLEW=SLOW 
-----------------------
Comp: io_P1_MCIOP3A_PWR_EN_R
 Site: V8
 Type: BIDI
 IO_TYPE=LVCMOS33 
 DRIVE=8mA 
 CLAMP=ON 
 HYSTERESIS=SMALL 
 SLEW=SLOW 
-----------------------
Comp: io_P1_MCIOP3C_PWR_EN_R
 Site: U10
 Type: BIDI
 IO_TYPE=LVCMOS33 
 DRIVE=8mA 
 CLAMP=ON 
 HYSTERESIS=SMALL 
 SLEW=SLOW 
-----------------------
Comp: o_BIOS_FLASH_RESET_R_N
 Site: A11
 Type: OUT
 IO_TYPE=LVCMOS33 
 DRIVE=8mA 
 SLEW=SLOW 
-----------------------
Comp: o_CLK_DB2000_2_1_OE_N
 Site: P1
 Type: OUT
 IO_TYPE=LVCMOS33 
 DRIVE=8mA 
 SLEW=SLOW 
-----------------------
Comp: o_CLK_DB2000_2_2_OE_N
 Site: A1
 Type: OUT
 IO_TYPE=LVCMOS33 
 DRIVE=8mA 
 SLEW=SLOW 
-----------------------
Comp: o_CLK_GEN_FDEC_R
 Site: A16
 Type: OUT
 IO_TYPE=LVCMOS33 
 DRIVE=8mA 
 SLEW=SLOW 
-----------------------
Comp: o_CLK_GEN_FINC_R
 Site: T20
 Type: OUT
 IO_TYPE=LVCMOS33 
 DRIVE=8mA 
 SLEW=SLOW 
-----------------------
Comp: o_CLK_GEN_I2C_SEL_R
 Site: A17
 Type: OUT
 IO_TYPE=LVCMOS33 
 DRIVE=8mA 
 SLEW=SLOW 
-----------------------
Comp: o_CLK_GEN_INTR_N_R
 Site: A13
 Type: OUT
 IO_TYPE=LVCMOS33 
 DRIVE=8mA 
 SLEW=SLOW 
-----------------------
Comp: o_CLK_GEN_LOL_N_R
 Site: U20
 Type: OUT
 IO_TYPE=LVCMOS33 
 DRIVE=8mA 
 SLEW=SLOW 
-----------------------
Comp: o_CLK_GEN_OE_N_R
 Site: A15
 Type: OUT
 IO_TYPE=LVCMOS33 
 DRIVE=8mA 
 SLEW=SLOW 
-----------------------
Comp: o_CLK_GEN_RST_N_R
 Site: A14
 Type: OUT
 IO_TYPE=LVCMOS33 
 DRIVE=8mA 
 SLEW=SLOW 
-----------------------
Comp: o_CPLD1_CPLD2_RSV1_R
 Site: W20
 Type: OUT
 IO_TYPE=LVCMOS33 
 DRIVE=8mA 
 SLEW=SLOW 
-----------------------
Comp: o_CPLD2_JTAGEN
 Site: C13
 Type: OUT
 IO_TYPE=LVCMOS33 
 DRIVE=8mA 
 SLEW=SLOW 
-----------------------
Comp: o_CPLD_SGPIO0_MISO
 Site: R20
 Type: OUT
 IO_TYPE=LVCMOS33 
 DRIVE=8mA 
 SLEW=SLOW 
-----------------------
Comp: o_CPLD_SGPIO1_MISO
 Site: T19
 Type: OUT
 IO_TYPE=LVCMOS33 
 DRIVE=8mA 
 SLEW=SLOW 
-----------------------
Comp: o_LED1_N
 Site: K20
 Type: OUT
 IO_TYPE=LVCMOS33 
 DRIVE=8mA 
 SLEW=SLOW 
-----------------------
Comp: o_LED2_N
 Site: C20
 Type: OUT
 IO_TYPE=LVCMOS33 
 DRIVE=8mA 
 SLEW=SLOW 
-----------------------
Comp: o_LED3_N
 Site: D20
 Type: OUT
 IO_TYPE=LVCMOS33 
 DRIVE=8mA 
 SLEW=SLOW 
-----------------------
Comp: o_LED4_N
 Site: E20
 Type: OUT
 IO_TYPE=LVCMOS33 
 DRIVE=8mA 
 SLEW=SLOW 
-----------------------
Comp: o_LED5_N
 Site: J20
 Type: OUT
 IO_TYPE=LVCMOS33 
 DRIVE=8mA 
 SLEW=SLOW 
-----------------------
Comp: o_LED6_N
 Site: H20
 Type: OUT
 IO_TYPE=LVCMOS33 
 DRIVE=8mA 
 SLEW=SLOW 
-----------------------
Comp: o_LED7_N
 Site: G20
 Type: OUT
 IO_TYPE=LVCMOS33 
 DRIVE=8mA 
 SLEW=SLOW 
-----------------------
Comp: o_LED8_N
 Site: F20
 Type: OUT
 IO_TYPE=LVCMOS33 
 DRIVE=8mA 
 SLEW=SLOW 
-----------------------
Comp: o_M2_GPIO6_R
 Site: M15
 Type: OUT
 IO_TYPE=LVCMOS33 
 DRIVE=8mA 
 SLEW=SLOW 
-----------------------
Comp: o_M2_GPIO7_R
 Site: M16
 Type: OUT
 IO_TYPE=LVCMOS33 
 DRIVE=8mA 
 SLEW=SLOW 
-----------------------
Comp: o_P0_I2C5_9617_EN
 Site: A6
 Type: OUT
 IO_TYPE=LVCMOS33 
 DRIVE=8mA 
 SLEW=SLOW 
-----------------------
Comp: o_P0_MCIOG3A_GPU_THROTTLE_N_R
 Site: D18
 Type: OUT
 IO_TYPE=LVCMOS33 
 DRIVE=8mA 
 SLEW=SLOW 
-----------------------
Comp: o_P0_MCIOG3A_PERST_N_R
 Site: D12
 Type: OUT
 IO_TYPE=LVCMOS33 
 DRIVE=8mA 
 SLEW=SLOW 
-----------------------
Comp: o_P0_MCIOG3A_RSV_R
 Site: H18
 Type: OUT
 IO_TYPE=LVCMOS33 
 DRIVE=8mA 
 SLEW=SLOW 
-----------------------
Comp: o_P0_MCIOG3C_GPU_THROTTLE_N_R
 Site: D17
 Type: OUT
 IO_TYPE=LVCMOS33 
 DRIVE=8mA 
 SLEW=SLOW 
-----------------------
Comp: o_P0_MCIOG3C_PERST_N_R
 Site: F11
 Type: OUT
 IO_TYPE=LVCMOS33 
 DRIVE=8mA 
 SLEW=SLOW 
-----------------------
Comp: o_P0_MCIOG3C_RSV_R
 Site: C18
 Type: OUT
 IO_TYPE=LVCMOS33 
 DRIVE=8mA 
 SLEW=SLOW 
-----------------------
Comp: o_P0_MCIOP0A_CLK
 Site: U17
 Type: OUT
 IO_TYPE=LVCMOS33 
 DRIVE=8mA 
 SLEW=SLOW 
-----------------------
Comp: o_P0_MCIOP0A_GPU_THROTTLE_N_R
 Site: Y1
 Type: OUT
 IO_TYPE=LVCMOS33 
 DRIVE=8mA 
 SLEW=SLOW 
-----------------------
Comp: o_P0_MCIOP0A_LD
 Site: U18
 Type: OUT
 IO_TYPE=LVCMOS33 
 DRIVE=8mA 
 SLEW=SLOW 
-----------------------
Comp: o_P0_MCIOP0A_PERST_N_R
 Site: T7
 Type: OUT
 IO_TYPE=LVCMOS33 
 DRIVE=8mA 
 SLEW=SLOW 
-----------------------
Comp: o_P0_MCIOP0A_RSV_R
 Site: W3
 Type: OUT
 IO_TYPE=LVCMOS33 
 DRIVE=8mA 
 SLEW=SLOW 
-----------------------
Comp: o_P0_MCIOP0C_GPU_THROTTLE_N_R
 Site: W6
 Type: OUT
 IO_TYPE=LVCMOS33 
 DRIVE=8mA 
 SLEW=SLOW 
-----------------------
Comp: o_P0_MCIOP0C_PERST_N_R
 Site: W8
 Type: OUT
 IO_TYPE=LVCMOS33 
 DRIVE=8mA 
 SLEW=SLOW 
-----------------------
Comp: o_P0_MCIOP0C_RSV_R
 Site: Y7
 Type: OUT
 IO_TYPE=LVCMOS33 
 DRIVE=8mA 
 SLEW=SLOW 
-----------------------
Comp: o_P0_MCIOP1A_GPU_THROTTLE_N_R
 Site: W10
 Type: OUT
 IO_TYPE=LVCMOS33 
 DRIVE=8mA 
 SLEW=SLOW 
-----------------------
Comp: o_P0_MCIOP1A_PERST_N_R
 Site: W12
 Type: OUT
 IO_TYPE=LVCMOS33 
 DRIVE=8mA 
 SLEW=SLOW 
-----------------------
Comp: o_P0_MCIOP1A_RSV_R
 Site: Y11
 Type: OUT
 IO_TYPE=LVCMOS33 
 DRIVE=8mA 
 SLEW=SLOW 
-----------------------
Comp: o_P0_MCIOP1C_GPU_THROTTLE_N_R
 Site: Y14
 Type: OUT
 IO_TYPE=LVCMOS33 
 DRIVE=8mA 
 SLEW=SLOW 
-----------------------
Comp: o_P0_MCIOP1C_PERST_N_R
 Site: Y16
 Type: OUT
 IO_TYPE=LVCMOS33 
 DRIVE=8mA 
 SLEW=SLOW 
-----------------------
Comp: o_P0_MCIOP1C_RSV_R
 Site: W16
 Type: OUT
 IO_TYPE=LVCMOS33 
 DRIVE=8mA 
 SLEW=SLOW 
-----------------------
Comp: o_P0_MCIOP2A_GPU_THROTTLE_N_R
 Site: N16
 Type: OUT
 IO_TYPE=LVCMOS33 
 DRIVE=8mA 
 SLEW=SLOW 
-----------------------
Comp: o_P0_MCIOP2A_PERST_N_R
 Site: K17
 Type: OUT
 IO_TYPE=LVCMOS33 
 DRIVE=8mA 
 SLEW=SLOW 
-----------------------
Comp: o_P0_MCIOP2A_RSV_R
 Site: R11
 Type: OUT
 IO_TYPE=LVCMOS33 
 DRIVE=8mA 
 SLEW=SLOW 
-----------------------
Comp: o_P0_MCIOP2C_GPU_THROTTLE_N_R
 Site: A8
 Type: OUT
 IO_TYPE=LVCMOS33 
 DRIVE=8mA 
 SLEW=SLOW 
-----------------------
Comp: o_P0_MCIOP2C_PERST_N_R
 Site: F6
 Type: OUT
 IO_TYPE=LVCMOS33 
 DRIVE=8mA 
 SLEW=SLOW 
-----------------------
Comp: o_P0_MCIOP2C_RSV_R
 Site: F9
 Type: OUT
 IO_TYPE=LVCMOS33 
 DRIVE=8mA 
 SLEW=SLOW 
-----------------------
Comp: o_P0_MCIOP3A_GPU_THROTTLE_N_R
 Site: T18
 Type: OUT
 IO_TYPE=LVCMOS33 
 DRIVE=8mA 
 SLEW=SLOW 
-----------------------
Comp: o_P0_MCIOP3A_PERST_N_R
 Site: R17
 Type: OUT
 IO_TYPE=LVCMOS33 
 DRIVE=8mA 
 SLEW=SLOW 
-----------------------
Comp: o_P0_MCIOP3A_RSV_R
 Site: M18
 Type: OUT
 IO_TYPE=LVCMOS33 
 DRIVE=8mA 
 SLEW=SLOW 
-----------------------
Comp: o_P0_MCIOP3C_GPU_THROTTLE_N_R
 Site: U15
 Type: OUT
 IO_TYPE=LVCMOS33 
 DRIVE=8mA 
 SLEW=SLOW 
-----------------------
Comp: o_P0_MCIOP3C_PERST_N_R
 Site: U14
 Type: OUT
 IO_TYPE=LVCMOS33 
 DRIVE=8mA 
 SLEW=SLOW 
-----------------------
Comp: o_P0_MCIOP3C_RSV_R
 Site: P18
 Type: OUT
 IO_TYPE=LVCMOS33 
 DRIVE=8mA 
 SLEW=SLOW 
-----------------------
Comp: o_P0_MCIOP4A_PERST_N_R
 Site: H7
 Type: OUT
 IO_TYPE=LVCMOS33 
 DRIVE=8mA 
 SLEW=SLOW 
-----------------------
Comp: o_P0_SPI_TPM_CS_N_3V3
 Site: C15
 Type: OUT
 IO_TYPE=LVCMOS33 
 DRIVE=8mA 
 SLEW=SLOW 
-----------------------
Comp: o_P12V_DISCHARGE_R
 Site: L16
 Type: OUT
 IO_TYPE=LVCMOS33 
 DRIVE=8mA 
 SLEW=SLOW 
-----------------------
Comp: o_P1_MCIOG1A_GPU_THROTTLE_N_R
 Site: T12
 Type: OUT
 IO_TYPE=LVCMOS33 
 DRIVE=8mA 
 SLEW=SLOW 
-----------------------
Comp: o_P1_MCIOG1A_PERST_N_R
 Site: P8
 Type: OUT
 IO_TYPE=LVCMOS33 
 DRIVE=8mA 
 SLEW=SLOW 
-----------------------
Comp: o_P1_MCIOG1A_RSV_R
 Site: R12
 Type: OUT
 IO_TYPE=LVCMOS33 
 DRIVE=8mA 
 SLEW=SLOW 
-----------------------
Comp: o_P1_MCIOG1C_GPU_THROTTLE_N_R
 Site: P6
 Type: OUT
 IO_TYPE=LVCMOS33 
 DRIVE=8mA 
 SLEW=SLOW 
-----------------------
Comp: o_P1_MCIOG1C_PERST_N_R
 Site: N5
 Type: OUT
 IO_TYPE=LVCMOS33 
 DRIVE=8mA 
 SLEW=SLOW 
-----------------------
Comp: o_P1_MCIOG1C_RSV_R
 Site: N6
 Type: OUT
 IO_TYPE=LVCMOS33 
 DRIVE=8mA 
 SLEW=SLOW 
-----------------------
Comp: o_P1_MCIOP0A_GPU_THROTTLE_N_R
 Site: T4
 Type: OUT
 IO_TYPE=LVCMOS33 
 DRIVE=8mA 
 SLEW=SLOW 
-----------------------
Comp: o_P1_MCIOP0A_PERST_N_R
 Site: R7
 Type: OUT
 IO_TYPE=LVCMOS33 
 DRIVE=8mA 
 SLEW=SLOW 
-----------------------
Comp: o_P1_MCIOP0A_RSV_R
 Site: T3
 Type: OUT
 IO_TYPE=LVCMOS33 
 DRIVE=8mA 
 SLEW=SLOW 
-----------------------
Comp: o_P1_MCIOP0C_GPU_THROTTLE_N_R
 Site: N14
 Type: OUT
 IO_TYPE=LVCMOS33 
 DRIVE=8mA 
 SLEW=SLOW 
-----------------------
Comp: o_P1_MCIOP0C_PERST_N_R
 Site: P13
 Type: OUT
 IO_TYPE=LVCMOS33 
 DRIVE=8mA 
 SLEW=SLOW 
-----------------------
Comp: o_P1_MCIOP0C_RSV_R
 Site: P14
 Type: OUT
 IO_TYPE=LVCMOS33 
 DRIVE=8mA 
 SLEW=SLOW 
-----------------------
Comp: o_P1_MCIOP1A_GPU_THROTTLE_N_R
 Site: E3
 Type: OUT
 IO_TYPE=LVCMOS33 
 DRIVE=8mA 
 SLEW=SLOW 
-----------------------
Comp: o_P1_MCIOP1A_PERST_N_R
 Site: B2
 Type: OUT
 IO_TYPE=LVCMOS33 
 DRIVE=8mA 
 SLEW=SLOW 
-----------------------
Comp: o_P1_MCIOP1A_RSV_R
 Site: F3
 Type: OUT
 IO_TYPE=LVCMOS33 
 DRIVE=8mA 
 SLEW=SLOW 
-----------------------
Comp: o_P1_MCIOP1C_GPU_THROTTLE_N_R
 Site: F2
 Type: OUT
 IO_TYPE=LVCMOS33 
 DRIVE=8mA 
 SLEW=SLOW 
-----------------------
Comp: o_P1_MCIOP1C_PERST_N_R
 Site: H4
 Type: OUT
 IO_TYPE=LVCMOS33 
 DRIVE=8mA 
 SLEW=SLOW 
-----------------------
Comp: o_P1_MCIOP1C_RSV_R
 Site: G2
 Type: OUT
 IO_TYPE=LVCMOS33 
 DRIVE=8mA 
 SLEW=SLOW 
-----------------------
Comp: o_P1_MCIOP2A_GPU_THROTTLE_N_R
 Site: G3
 Type: OUT
 IO_TYPE=LVCMOS33 
 DRIVE=8mA 
 SLEW=SLOW 
-----------------------
Comp: o_P1_MCIOP2A_PERST_N_R
 Site: J2
 Type: OUT
 IO_TYPE=LVCMOS33 
 DRIVE=8mA 
 SLEW=SLOW 
-----------------------
Comp: o_P1_MCIOP2A_RSV_R
 Site: V4
 Type: OUT
 IO_TYPE=LVCMOS33 
 DRIVE=8mA 
 SLEW=SLOW 
-----------------------
Comp: o_P1_MCIOP2C_GPU_THROTTLE_N_R
 Site: K2
 Type: OUT
 IO_TYPE=LVCMOS33 
 DRIVE=8mA 
 SLEW=SLOW 
-----------------------
Comp: o_P1_MCIOP2C_PERST_N_R
 Site: L4
 Type: OUT
 IO_TYPE=LVCMOS33 
 DRIVE=8mA 
 SLEW=SLOW 
-----------------------
Comp: o_P1_MCIOP2C_RSV_R
 Site: V6
 Type: OUT
 IO_TYPE=LVCMOS33 
 DRIVE=8mA 
 SLEW=SLOW 
-----------------------
Comp: o_P1_MCIOP3A_GPU_THROTTLE_N_R
 Site: U9
 Type: OUT
 IO_TYPE=LVCMOS33 
 DRIVE=8mA 
 SLEW=SLOW 
-----------------------
Comp: o_P1_MCIOP3A_PERST_N_R
 Site: V9
 Type: OUT
 IO_TYPE=LVCMOS33 
 DRIVE=8mA 
 SLEW=SLOW 
-----------------------
Comp: o_P1_MCIOP3A_RSV_R
 Site: M2
 Type: OUT
 IO_TYPE=LVCMOS33 
 DRIVE=8mA 
 SLEW=SLOW 
-----------------------
Comp: o_P1_MCIOP3C_GPU_THROTTLE_N_R
 Site: U11
 Type: OUT
 IO_TYPE=LVCMOS33 
 DRIVE=8mA 
 SLEW=SLOW 
-----------------------
Comp: o_P1_MCIOP3C_PERST_N_R
 Site: T11
 Type: OUT
 IO_TYPE=LVCMOS33 
 DRIVE=8mA 
 SLEW=SLOW 
-----------------------
Comp: o_P1_MCIOP3C_RSV_R
 Site: P3
 Type: OUT
 IO_TYPE=LVCMOS33 
 DRIVE=8mA 
 SLEW=SLOW 
-----------------------
Comp: o_P1_MCIOP4A_PERST_N_R
 Site: G5
 Type: OUT
 IO_TYPE=LVCMOS33 
 DRIVE=8mA 
 SLEW=SLOW 
-----------------------
Comp: o_PAL_P12V_CPU0_DIMM_ON
 Site: V12
 Type: OUT
 IO_TYPE=LVCMOS33 
 DRIVE=8mA 
 SLEW=SLOW 
-----------------------
Comp: o_PAL_P12V_CPU1_DIMM_ON
 Site: M17
 Type: OUT
 IO_TYPE=LVCMOS33 
 DRIVE=8mA 
 SLEW=SLOW 
-----------------------
Comp: o_PAL_SPI1_BMC_HOLD
 Site: H19
 Type: OUT
 IO_TYPE=LVCMOS33 
 DRIVE=8mA 
 SLEW=SLOW 
-----------------------
Comp: o_PAL_SPI_BIOS_UPDATA_EN
 Site: J16
 Type: OUT
 IO_TYPE=LVCMOS33 
 DRIVE=8mA 
 SLEW=SLOW 
-----------------------
Comp: o_PCIE_SATA_RST_N
 Site: V19
 Type: OUT
 IO_TYPE=LVCMOS33 
 DRIVE=8mA 
 SLEW=SLOW 
-----------------------
Comp: o_PCIE_SATA_WAKE_R_N
 Site: L15
 Type: OUT
 IO_TYPE=LVCMOS33 
 DRIVE=8mA 
 SLEW=SLOW 
-----------------------
Comp: o_RST_I2C1_MUX_N_R
 Site: B1
 Type: OUT
 IO_TYPE=LVCMOS33 
 DRIVE=8mA 
 SLEW=SLOW 
-----------------------
Comp: o_RST_I2C2_MUX_N_R
 Site: B17
 Type: OUT
 IO_TYPE=LVCMOS33 
 DRIVE=8mA 
 SLEW=SLOW 
-----------------------
Comp: o_RST_I2C3_MUX_N_R
 Site: A20
 Type: OUT
 IO_TYPE=LVCMOS33 
 DRIVE=8mA 
 SLEW=SLOW 
-----------------------
Comp: o_SATA1_RSV
 Site: F14
 Type: OUT
 IO_TYPE=LVCMOS33 
 DRIVE=8mA 
 SLEW=SLOW 
-----------------------
Comp: o_SMB_PEHP_CPU0_OCP_ALERT
 Site: V16
 Type: OUT
 IO_TYPE=LVCMOS33 
 DRIVE=8mA 
 SLEW=SLOW 
-----------------------
Comp: o_SMB_PEHP_CPU1_OCP_ALERT
 Site: M1
 Type: OUT
 IO_TYPE=LVCMOS33 
 DRIVE=8mA 
 SLEW=SLOW 
-----------------------
Comp: o_SW_BIOS_FLASH_SPI_S_R
 Site: A10
 Type: OUT
 IO_TYPE=LVCMOS33 
 DRIVE=8mA 
 SLEW=SLOW 
-----------------------
Comp: o_SW_BIOS_QSPI_S_R
 Site: A12
 Type: OUT
 IO_TYPE=LVCMOS33 
 DRIVE=8mA 
 SLEW=SLOW 
-----------------------
Comp: o_SW_BIOS_SPI_OE
 Site: A9
 Type: OUT
 IO_TYPE=LVCMOS33 
 DRIVE=8mA 
 SLEW=SLOW 
-----------------------
Comp: o_SW_QSPI_OE_R
 Site: B16
 Type: OUT
 IO_TYPE=LVCMOS33 
 DRIVE=8mA 
 SLEW=SLOW 
-----------------------
Created design models.


Generating: D:\FH_MB_powerup_1106_shixu_ok_exit_fault_change_right_addcpuprsnt_ok_add_pull_down_add_pwrbmc_ctrl\MB\09\BM_H13DSP_S\pro\impl1\IBIS\BM_H13DSP_S_impl1.ibs


    <postMsg mid="1191031" type="Info"    dynamic="0" navigation="0"  />

ldbanno "BM_H13DSP_S_impl1.ncd" -n Verilog  -o "BM_H13DSP_S_impl1_vo.vo"         -w -neg
ldbanno: version Diamond (64-bit) 3.14.0.75.2
Copyright (c) 1991-1994 by NeoCAD Inc. All rights reserved.
Copyright (c) 1995 AT&T Corp.   All rights reserved.
Copyright (c) 1995-2001 Lucent Technologies Inc.  All rights reserved.
Copyright (c) 2001 Agere Systems   All rights reserved.
Copyright (c) 2002-2024 Lattice Semiconductor Corporation,  All rights reserved.

Writing a Verilog netlist using the orca library type based on the BM_H13DSP_S_impl1 design file.


Loading design for application ldbanno from file BM_H13DSP_S_impl1.ncd.
Design name: BM_H13DSP_S
NCD version: 3.3
Vendor:      LATTICE
Device:      LCMXO3LF-6900C
Package:     CABGA400
Performance: 5
Loading device for application ldbanno from file 'xo3c6900.nph' in environment: C:/lscc/diamond/3_14/ispfpga.
Package Status:                     Final          Version 1.17.
Performance Hardware Data Status:   Final          Version 37.5.
Converting design BM_H13DSP_S_impl1.ncd into .ldb format.
Loading preferences from bm_h13dsp_s_impl1.prf.
Writing Verilog netlist to file BM_H13DSP_S_impl1_vo.vo
Writing SDF timing to file BM_H13DSP_S_impl1_vo.sdf
    <postMsg mid="35400250" type="Info"    dynamic="1" navigation="0" arg0="0"  />
Total CPU Time: 3 secs 
Total REAL Time: 3 secs 
Peak Memory Usage: 109 MB

ldbanno "BM_H13DSP_S_impl1.ncd" -n VHDL -o "BM_H13DSP_S_impl1_vho.vho"         -w -neg 
ldbanno: version Diamond (64-bit) 3.14.0.75.2
Copyright (c) 1991-1994 by NeoCAD Inc. All rights reserved.
Copyright (c) 1995 AT&T Corp.   All rights reserved.
Copyright (c) 1995-2001 Lucent Technologies Inc.  All rights reserved.
Copyright (c) 2001 Agere Systems   All rights reserved.
Copyright (c) 2002-2024 Lattice Semiconductor Corporation,  All rights reserved.

Writing a VHDL netlist using the orca library type based on the BM_H13DSP_S_impl1 design file.


Loading design for application ldbanno from file BM_H13DSP_S_impl1.ncd.
Design name: BM_H13DSP_S
NCD version: 3.3
Vendor:      LATTICE
Device:      LCMXO3LF-6900C
Package:     CABGA400
Performance: 5
Loading device for application ldbanno from file 'xo3c6900.nph' in environment: C:/lscc/diamond/3_14/ispfpga.
Package Status:                     Final          Version 1.17.
Performance Hardware Data Status:   Final          Version 37.5.
Converting design BM_H13DSP_S_impl1.ncd into .ldb format.
Loading preferences from bm_h13dsp_s_impl1.prf.
Writing VHDL netlist to file BM_H13DSP_S_impl1_vho.vho
Writing SDF timing to file BM_H13DSP_S_impl1_vho.sdf
    <postMsg mid="35400250" type="Info"    dynamic="1" navigation="0" arg0="0"  />
Total CPU Time: 3 secs 
Total REAL Time: 4 secs 
Peak Memory Usage: 109 MB

tmcheck -par "BM_H13DSP_S_impl1.par" 

bitgen -f "BM_H13DSP_S_impl1.t2b" -w "BM_H13DSP_S_impl1.ncd"  "BM_H13DSP_S_impl1.prf"


BITGEN: Bitstream Generator Diamond (64-bit) 3.14.0.75.2
Copyright (c) 1991-1994 by NeoCAD Inc. All rights reserved.
Copyright (c) 1995 AT&T Corp.   All rights reserved.
Copyright (c) 1995-2001 Lucent Technologies Inc.  All rights reserved.
Copyright (c) 2001 Agere Systems   All rights reserved.
Copyright (c) 2002-2024 Lattice Semiconductor Corporation,  All rights reserved.


Loading design for application Bitgen from file BM_H13DSP_S_impl1.ncd.
Design name: BM_H13DSP_S
NCD version: 3.3
Vendor:      LATTICE
Device:      LCMXO3LF-6900C
Package:     CABGA400
Performance: 5
Loading device for application Bitgen from file 'xo3c6900.nph' in environment: C:/lscc/diamond/3_14/ispfpga.
Package Status:                     Final          Version 1.17.
Performance Hardware Data Status:   Final          Version 37.5.

Running DRC.
DRC detected 0 errors and 0 warnings.
Reading Preference File from BM_H13DSP_S_impl1.prf.
    <postMsg mid="1009992" type="Info"    dynamic="1" navigation="0" arg0=" SW_XO3D_SECURITY_ENCRYPTION *NOT* controlled by xo3c00f.acd ###"  />
    <postMsg mid="1009992" type="Info"    dynamic="1" navigation="0" arg0=" SW_XO3D_SECURITY_ENCRYPTION license_securityIP OK"  />

Preference Summary:
+---------------------------------+---------------------------------+
|  Preference                     |  Current Setting                |
+---------------------------------+---------------------------------+
|                         RamCfg  |                        Reset**  |
+---------------------------------+---------------------------------+
|                     MCCLK_FREQ  |                         2.08**  |
+---------------------------------+---------------------------------+
|                  CONFIG_SECURE  |                          OFF**  |
+---------------------------------+---------------------------------+
|                          INBUF  |                           ON**  |
+---------------------------------+---------------------------------+
|                      JTAG_PORT  |                       ENABLE**  |
+---------------------------------+---------------------------------+
|                       SDM_PORT  |                      DISABLE**  |
+---------------------------------+---------------------------------+
|                 SLAVE_SPI_PORT  |                      DISABLE**  |
+---------------------------------+---------------------------------+
|                MASTER_SPI_PORT  |                      DISABLE**  |
+---------------------------------+---------------------------------+
|                       I2C_PORT  |                         ENABLE  |
+---------------------------------+---------------------------------+
|        MUX_CONFIGURATION_PORTS  |                      DISABLE**  |
+---------------------------------+---------------------------------+
|                  CONFIGURATION  |                          CFG**  |
+---------------------------------+---------------------------------+
|                COMPRESS_CONFIG  |                           ON**  |
+---------------------------------+---------------------------------+
|                        MY_ASSP  |                          OFF**  |
+---------------------------------+---------------------------------+
|               ONE_TIME_PROGRAM  |                          OFF**  |
+---------------------------------+---------------------------------+
|                 ENABLE_TRANSFR  |                      DISABLE**  |
+---------------------------------+---------------------------------+
|                  SHAREDEBRINIT  |                      DISABLE**  |
+---------------------------------+---------------------------------+
|            BACKGROUND_RECONFIG  |                          OFF**  |
+---------------------------------+---------------------------------+
|                 DUALBOOTGOLDEN  |                     INTERNAL**  |
+---------------------------------+---------------------------------+
 *  Default setting.
 ** The specified setting matches the default setting.


Creating bit map...
 
Bitstream Status: Final           Version 1.95.
 
Saving bit stream in "BM_H13DSP_S_impl1.bit".
Total CPU Time: 2 secs 
Total REAL Time: 2 secs 
Peak Memory Usage: 301 MB

tmcheck -par "BM_H13DSP_S_impl1.par" 

bitgen -f "BM_H13DSP_S_impl1.t2b" -w "BM_H13DSP_S_impl1.ncd"  -jedec "BM_H13DSP_S_impl1.prf"


BITGEN: Bitstream Generator Diamond (64-bit) 3.14.0.75.2
Copyright (c) 1991-1994 by NeoCAD Inc. All rights reserved.
Copyright (c) 1995 AT&T Corp.   All rights reserved.
Copyright (c) 1995-2001 Lucent Technologies Inc.  All rights reserved.
Copyright (c) 2001 Agere Systems   All rights reserved.
Copyright (c) 2002-2024 Lattice Semiconductor Corporation,  All rights reserved.


Loading design for application Bitgen from file BM_H13DSP_S_impl1.ncd.
Design name: BM_H13DSP_S
NCD version: 3.3
Vendor:      LATTICE
Device:      LCMXO3LF-6900C
Package:     CABGA400
Performance: 5
Loading device for application Bitgen from file 'xo3c6900.nph' in environment: C:/lscc/diamond/3_14/ispfpga.
Package Status:                     Final          Version 1.17.
Performance Hardware Data Status:   Final          Version 37.5.

Running DRC.
DRC detected 0 errors and 0 warnings.
Reading Preference File from BM_H13DSP_S_impl1.prf.
    <postMsg mid="1009992" type="Info"    dynamic="1" navigation="0" arg0=" SW_XO3D_SECURITY_ENCRYPTION *NOT* controlled by xo3c00f.acd ###"  />
    <postMsg mid="1009992" type="Info"    dynamic="1" navigation="0" arg0=" SW_XO3D_SECURITY_ENCRYPTION license_securityIP OK"  />

Preference Summary:
+---------------------------------+---------------------------------+
|  Preference                     |  Current Setting                |
+---------------------------------+---------------------------------+
|                         RamCfg  |                        Reset**  |
+---------------------------------+---------------------------------+
|                     MCCLK_FREQ  |                         2.08**  |
+---------------------------------+---------------------------------+
|                  CONFIG_SECURE  |                          OFF**  |
+---------------------------------+---------------------------------+
|                          INBUF  |                           ON**  |
+---------------------------------+---------------------------------+
|                      JTAG_PORT  |                       ENABLE**  |
+---------------------------------+---------------------------------+
|                       SDM_PORT  |                      DISABLE**  |
+---------------------------------+---------------------------------+
|                 SLAVE_SPI_PORT  |                      DISABLE**  |
+---------------------------------+---------------------------------+
|                MASTER_SPI_PORT  |                      DISABLE**  |
+---------------------------------+---------------------------------+
|                       I2C_PORT  |                         ENABLE  |
+---------------------------------+---------------------------------+
|        MUX_CONFIGURATION_PORTS  |                      DISABLE**  |
+---------------------------------+---------------------------------+
|                  CONFIGURATION  |                          CFG**  |
+---------------------------------+---------------------------------+
|                COMPRESS_CONFIG  |                           ON**  |
+---------------------------------+---------------------------------+
|                        MY_ASSP  |                          OFF**  |
+---------------------------------+---------------------------------+
|               ONE_TIME_PROGRAM  |                          OFF**  |
+---------------------------------+---------------------------------+
|                 ENABLE_TRANSFR  |                      DISABLE**  |
+---------------------------------+---------------------------------+
|                  SHAREDEBRINIT  |                      DISABLE**  |
+---------------------------------+---------------------------------+
|            BACKGROUND_RECONFIG  |                          OFF**  |
+---------------------------------+---------------------------------+
|                 DUALBOOTGOLDEN  |                     INTERNAL**  |
+---------------------------------+---------------------------------+
 *  Default setting.
 ** The specified setting matches the default setting.


Creating bit map...
 
Bitstream Status: Final           Version 1.95.
 
Saving bit stream in "BM_H13DSP_S_impl1.jed".
 
===========
UFM Summary.
===========
UFM Size:        2046 Pages (128*2046 Bits).
UFM Utilization: General Purpose Flash Memory.
 
Available General Purpose Flash Memory: 2046 Pages (Page 0 to Page 2045).
Initialized UFM Pages:                     1 Page (Page 2045).
 
=========
Padding summary
=========
Padded 1015168 bits for this design


Total CPU Time: 2 secs 
Total REAL Time: 3 secs 
Peak Memory Usage: 301 MB
