
edif2ngd  -l "MachXO3LF" -d LCMXO3LF-6900C -path "D:/ODM MB SWITCH_002_powerup_for_test/MB/09/BM_H13DSP_S/pro/impl1" -path "D:/ODM MB SWITCH_002_powerup_for_test/MB/09/BM_H13DSP_S/pro"   "D:/ODM MB SWITCH_002_powerup_for_test/MB/09/BM_H13DSP_S/pro/impl1/BM_H13DSP_S_impl1.edi" "BM_H13DSP_S_impl1.ngo"   
edif2ngd:  version Diamond (64-bit) 3.14.0.75.2

Copyright (c) 1991-1994 by NeoCAD Inc. All rights reserved.
Copyright (c) 1995 AT&T Corp.   All rights reserved.
Copyright (c) 1995-2001 Lucent Technologies Inc.  All rights reserved.
Copyright (c) 2001 Agere Systems   All rights reserved.
Copyright (c) 2002-2024 Lattice Semiconductor Corporation,  All rights reserved.
    <postMsg mid="1121028" type="Warning" dynamic="1" navigation="0" arg0="DLY_LEN"  />
    <postMsg mid="1121028" type="Warning" dynamic="1" navigation="0" arg0="TOTAL_STAGES"  />
    <postMsg mid="1121028" type="Warning" dynamic="1" navigation="0" arg0="TOTAL_STAGES"  />
    <postMsg mid="1121028" type="Warning" dynamic="1" navigation="0" arg0="DLY_LEN"  />
    <postMsg mid="1121028" type="Warning" dynamic="1" navigation="0" arg0="DLY_LEN"  />
    <postMsg mid="1121028" type="Warning" dynamic="1" navigation="0" arg0="TOTAL_STAGES"  />
    <postMsg mid="1121028" type="Warning" dynamic="1" navigation="0" arg0="DLY_LEN"  />
    <postMsg mid="1121028" type="Warning" dynamic="1" navigation="0" arg0="DLY_LEN"  />
    <postMsg mid="1121028" type="Warning" dynamic="1" navigation="0" arg0="TOTAL_STAGES"  />
    <postMsg mid="1121028" type="Warning" dynamic="1" navigation="0" arg0="LONG_PRESS"  />
    <postMsg mid="1121028" type="Warning" dynamic="1" navigation="0" arg0="START_COUNT_NUM"  />
    <postMsg mid="1121028" type="Warning" dynamic="1" navigation="0" arg0="BPS_COUNT_NUM"  />
    <postMsg mid="1121028" type="Warning" dynamic="1" navigation="0" arg0="NBIT_OUT"  />
    <postMsg mid="1121028" type="Warning" dynamic="1" navigation="0" arg0="NBIT_IN"  />
    <postMsg mid="1121028" type="Warning" dynamic="1" navigation="0" arg0="START_COUNT_NUM"  />
    <postMsg mid="1121028" type="Warning" dynamic="1" navigation="0" arg0="BPS_COUNT_NUM"  />
    <postMsg mid="1121028" type="Warning" dynamic="1" navigation="0" arg0="NBIT_OUT"  />
    <postMsg mid="1121028" type="Warning" dynamic="1" navigation="0" arg0="NBIT_IN"  />
    <postMsg mid="1121028" type="Warning" dynamic="1" navigation="0" arg0="START_COUNT_NUM"  />
    <postMsg mid="1121028" type="Warning" dynamic="1" navigation="0" arg0="BPS_COUNT_NUM"  />
    <postMsg mid="1121028" type="Warning" dynamic="1" navigation="0" arg0="NBIT_OUT"  />
    <postMsg mid="1121028" type="Warning" dynamic="1" navigation="0" arg0="NBIT_IN"  />
    <postMsg mid="1121028" type="Warning" dynamic="1" navigation="0" arg0="START_COUNT_NUM"  />
    <postMsg mid="1121028" type="Warning" dynamic="1" navigation="0" arg0="BPS_COUNT_NUM"  />
    <postMsg mid="1121028" type="Warning" dynamic="1" navigation="0" arg0="NBIT_OUT"  />
    <postMsg mid="1121028" type="Warning" dynamic="1" navigation="0" arg0="NBIT_IN"  />
    <postMsg mid="1121028" type="Warning" dynamic="1" navigation="0" arg0="START_COUNT_NUM"  />
    <postMsg mid="1121028" type="Warning" dynamic="1" navigation="0" arg0="BPS_COUNT_NUM"  />
    <postMsg mid="1121028" type="Warning" dynamic="1" navigation="0" arg0="NBIT_OUT"  />
    <postMsg mid="1121028" type="Warning" dynamic="1" navigation="0" arg0="NBIT_IN"  />
    <postMsg mid="1121028" type="Warning" dynamic="1" navigation="0" arg0="START_COUNT_NUM"  />
    <postMsg mid="1121028" type="Warning" dynamic="1" navigation="0" arg0="BPS_COUNT_NUM"  />
    <postMsg mid="1121028" type="Warning" dynamic="1" navigation="0" arg0="NBIT_OUT"  />
    <postMsg mid="1121028" type="Warning" dynamic="1" navigation="0" arg0="NBIT_IN"  />
    <postMsg mid="1121028" type="Warning" dynamic="1" navigation="0" arg0="START_COUNT_NUM"  />
    <postMsg mid="1121028" type="Warning" dynamic="1" navigation="0" arg0="BPS_COUNT_NUM"  />
    <postMsg mid="1121028" type="Warning" dynamic="1" navigation="0" arg0="NBIT_OUT"  />
    <postMsg mid="1121028" type="Warning" dynamic="1" navigation="0" arg0="NBIT_IN"  />
    <postMsg mid="1121028" type="Warning" dynamic="1" navigation="0" arg0="START_COUNT_NUM"  />
    <postMsg mid="1121028" type="Warning" dynamic="1" navigation="0" arg0="BPS_COUNT_NUM"  />
    <postMsg mid="1121028" type="Warning" dynamic="1" navigation="0" arg0="NBIT_OUT"  />
    <postMsg mid="1121028" type="Warning" dynamic="1" navigation="0" arg0="NBIT_IN"  />
    <postMsg mid="1121028" type="Warning" dynamic="1" navigation="0" arg0="START_COUNT_NUM"  />
    <postMsg mid="1121028" type="Warning" dynamic="1" navigation="0" arg0="BPS_COUNT_NUM"  />
    <postMsg mid="1121028" type="Warning" dynamic="1" navigation="0" arg0="NBIT_OUT"  />
    <postMsg mid="1121028" type="Warning" dynamic="1" navigation="0" arg0="NBIT_IN"  />
    <postMsg mid="1121028" type="Warning" dynamic="1" navigation="0" arg0="START_COUNT_NUM"  />
    <postMsg mid="1121028" type="Warning" dynamic="1" navigation="0" arg0="BPS_COUNT_NUM"  />
    <postMsg mid="1121028" type="Warning" dynamic="1" navigation="0" arg0="NBIT_OUT"  />
    <postMsg mid="1121028" type="Warning" dynamic="1" navigation="0" arg0="NBIT_IN"  />
    <postMsg mid="1121028" type="Warning" dynamic="1" navigation="0" arg0="START_COUNT_NUM"  />
    <postMsg mid="1121028" type="Warning" dynamic="1" navigation="0" arg0="BPS_COUNT_NUM"  />
    <postMsg mid="1121028" type="Warning" dynamic="1" navigation="0" arg0="NBIT_OUT"  />
    <postMsg mid="1121028" type="Warning" dynamic="1" navigation="0" arg0="NBIT_IN"  />
    <postMsg mid="1121028" type="Warning" dynamic="1" navigation="0" arg0="START_COUNT_NUM"  />
    <postMsg mid="1121028" type="Warning" dynamic="1" navigation="0" arg0="BPS_COUNT_NUM"  />
    <postMsg mid="1121028" type="Warning" dynamic="1" navigation="0" arg0="NBIT_OUT"  />
    <postMsg mid="1121028" type="Warning" dynamic="1" navigation="0" arg0="NBIT_IN"  />
    <postMsg mid="1121028" type="Warning" dynamic="1" navigation="0" arg0="START_COUNT_NUM"  />
    <postMsg mid="1121028" type="Warning" dynamic="1" navigation="0" arg0="BPS_COUNT_NUM"  />
    <postMsg mid="1121028" type="Warning" dynamic="1" navigation="0" arg0="NBIT_OUT"  />
    <postMsg mid="1121028" type="Warning" dynamic="1" navigation="0" arg0="NBIT_IN"  />
    <postMsg mid="1121028" type="Warning" dynamic="1" navigation="0" arg0="START_COUNT_NUM"  />
    <postMsg mid="1121028" type="Warning" dynamic="1" navigation="0" arg0="BPS_COUNT_NUM"  />
    <postMsg mid="1121028" type="Warning" dynamic="1" navigation="0" arg0="NBIT_OUT"  />
    <postMsg mid="1121028" type="Warning" dynamic="1" navigation="0" arg0="NBIT_IN"  />
    <postMsg mid="1121028" type="Warning" dynamic="1" navigation="0" arg0="START_COUNT_NUM"  />
    <postMsg mid="1121028" type="Warning" dynamic="1" navigation="0" arg0="BPS_COUNT_NUM"  />
    <postMsg mid="1121028" type="Warning" dynamic="1" navigation="0" arg0="NBIT_OUT"  />
    <postMsg mid="1121028" type="Warning" dynamic="1" navigation="0" arg0="NBIT_IN"  />
    <postMsg mid="1121028" type="Warning" dynamic="1" navigation="0" arg0="START_COUNT_NUM"  />
    <postMsg mid="1121028" type="Warning" dynamic="1" navigation="0" arg0="BPS_COUNT_NUM"  />
    <postMsg mid="1121028" type="Warning" dynamic="1" navigation="0" arg0="NBIT_OUT"  />
    <postMsg mid="1121028" type="Warning" dynamic="1" navigation="0" arg0="NBIT_IN"  />
    <postMsg mid="1121028" type="Warning" dynamic="1" navigation="0" arg0="START_COUNT_NUM"  />
    <postMsg mid="1121028" type="Warning" dynamic="1" navigation="0" arg0="BPS_COUNT_NUM"  />
    <postMsg mid="1121028" type="Warning" dynamic="1" navigation="0" arg0="NBIT_OUT"  />
    <postMsg mid="1121028" type="Warning" dynamic="1" navigation="0" arg0="NBIT_IN"  />
    <postMsg mid="1121028" type="Warning" dynamic="1" navigation="0" arg0="START_COUNT_NUM"  />
    <postMsg mid="1121028" type="Warning" dynamic="1" navigation="0" arg0="BPS_COUNT_NUM"  />
    <postMsg mid="1121028" type="Warning" dynamic="1" navigation="0" arg0="NBIT_OUT"  />
    <postMsg mid="1121028" type="Warning" dynamic="1" navigation="0" arg0="NBIT_IN"  />
    <postMsg mid="1121028" type="Warning" dynamic="1" navigation="0" arg0="START_COUNT_NUM"  />
    <postMsg mid="1121028" type="Warning" dynamic="1" navigation="0" arg0="BPS_COUNT_NUM"  />
    <postMsg mid="1121028" type="Warning" dynamic="1" navigation="0" arg0="NBIT_OUT"  />
    <postMsg mid="1121028" type="Warning" dynamic="1" navigation="0" arg0="NBIT_IN"  />
    <postMsg mid="1121028" type="Warning" dynamic="1" navigation="0" arg0="START_COUNT_NUM"  />
    <postMsg mid="1121028" type="Warning" dynamic="1" navigation="0" arg0="BPS_COUNT_NUM"  />
    <postMsg mid="1121028" type="Warning" dynamic="1" navigation="0" arg0="NBIT_OUT"  />
    <postMsg mid="1121028" type="Warning" dynamic="1" navigation="0" arg0="NBIT_IN"  />
    <postMsg mid="1121028" type="Warning" dynamic="1" navigation="0" arg0="NBIT"  />
    <postMsg mid="1121028" type="Warning" dynamic="1" navigation="0" arg0="DEFAULT_STATE"  />
    <postMsg mid="1121028" type="Warning" dynamic="1" navigation="0" arg0="NBIT"  />
    <postMsg mid="1121028" type="Warning" dynamic="1" navigation="0" arg0="NBIT"  />
    <postMsg mid="1121028" type="Warning" dynamic="1" navigation="0" arg0="NBIT"  />
    <postMsg mid="1121028" type="Warning" dynamic="1" navigation="0" arg0="NBIT_IN"  />
    <postMsg mid="1121028" type="Warning" dynamic="1" navigation="0" arg0="NBIT_OUT"  />
    <postMsg mid="1121028" type="Warning" dynamic="1" navigation="0" arg0="BPS_COUNT_NUM"  />
    <postMsg mid="1121028" type="Warning" dynamic="1" navigation="0" arg0="START_COUNT_NUM"  />
    <postMsg mid="1121028" type="Warning" dynamic="1" navigation="0" arg0="NBIT_IN"  />
    <postMsg mid="1121028" type="Warning" dynamic="1" navigation="0" arg0="NBIT_OUT"  />
    <postMsg mid="1121028" type="Warning" dynamic="1" navigation="0" arg0="BPS_COUNT_NUM"  />
    <postMsg mid="1121028" type="Warning" dynamic="1" navigation="0" arg0="START_COUNT_NUM"  />
    <postMsg mid="1121028" type="Warning" dynamic="1" navigation="0" arg0="NBIT_IN"  />
    <postMsg mid="1121028" type="Warning" dynamic="1" navigation="0" arg0="NBIT_OUT"  />
    <postMsg mid="1121028" type="Warning" dynamic="1" navigation="0" arg0="BPS_COUNT_NUM"  />
    <postMsg mid="1121028" type="Warning" dynamic="1" navigation="0" arg0="START_COUNT_NUM"  />
    <postMsg mid="1121028" type="Warning" dynamic="1" navigation="0" arg0="NBIT_IN"  />
    <postMsg mid="1121028" type="Warning" dynamic="1" navigation="0" arg0="NBIT_OUT"  />
    <postMsg mid="1121028" type="Warning" dynamic="1" navigation="0" arg0="BPS_COUNT_NUM"  />
    <postMsg mid="1121028" type="Warning" dynamic="1" navigation="0" arg0="START_COUNT_NUM"  />
    <postMsg mid="1121028" type="Warning" dynamic="1" navigation="0" arg0="NBIT_IN"  />
    <postMsg mid="1121028" type="Warning" dynamic="1" navigation="0" arg0="NBIT_OUT"  />
    <postMsg mid="1121028" type="Warning" dynamic="1" navigation="0" arg0="BPS_COUNT_NUM"  />
    <postMsg mid="1121028" type="Warning" dynamic="1" navigation="0" arg0="START_COUNT_NUM"  />
    <postMsg mid="1121028" type="Warning" dynamic="1" navigation="0" arg0="NBIT_IN"  />
    <postMsg mid="1121028" type="Warning" dynamic="1" navigation="0" arg0="NBIT_OUT"  />
    <postMsg mid="1121028" type="Warning" dynamic="1" navigation="0" arg0="BPS_COUNT_NUM"  />
    <postMsg mid="1121028" type="Warning" dynamic="1" navigation="0" arg0="START_COUNT_NUM"  />
    <postMsg mid="1121028" type="Warning" dynamic="1" navigation="0" arg0="NBIT_IN"  />
    <postMsg mid="1121028" type="Warning" dynamic="1" navigation="0" arg0="NBIT_OUT"  />
    <postMsg mid="1121028" type="Warning" dynamic="1" navigation="0" arg0="BPS_COUNT_NUM"  />
    <postMsg mid="1121028" type="Warning" dynamic="1" navigation="0" arg0="START_COUNT_NUM"  />
    <postMsg mid="1121028" type="Warning" dynamic="1" navigation="0" arg0="NBIT_IN"  />
    <postMsg mid="1121028" type="Warning" dynamic="1" navigation="0" arg0="NBIT_OUT"  />
    <postMsg mid="1121028" type="Warning" dynamic="1" navigation="0" arg0="BPS_COUNT_NUM"  />
    <postMsg mid="1121028" type="Warning" dynamic="1" navigation="0" arg0="START_COUNT_NUM"  />
    <postMsg mid="1121028" type="Warning" dynamic="1" navigation="0" arg0="NBIT_IN"  />
    <postMsg mid="1121028" type="Warning" dynamic="1" navigation="0" arg0="NBIT_OUT"  />
    <postMsg mid="1121028" type="Warning" dynamic="1" navigation="0" arg0="BPS_COUNT_NUM"  />
    <postMsg mid="1121028" type="Warning" dynamic="1" navigation="0" arg0="START_COUNT_NUM"  />
    <postMsg mid="1121028" type="Warning" dynamic="1" navigation="0" arg0="NBIT_IN"  />
    <postMsg mid="1121028" type="Warning" dynamic="1" navigation="0" arg0="NBIT_OUT"  />
    <postMsg mid="1121028" type="Warning" dynamic="1" navigation="0" arg0="BPS_COUNT_NUM"  />
    <postMsg mid="1121028" type="Warning" dynamic="1" navigation="0" arg0="START_COUNT_NUM"  />
    <postMsg mid="1121028" type="Warning" dynamic="1" navigation="0" arg0="NBIT_IN"  />
    <postMsg mid="1121028" type="Warning" dynamic="1" navigation="0" arg0="NBIT_OUT"  />
    <postMsg mid="1121028" type="Warning" dynamic="1" navigation="0" arg0="BPS_COUNT_NUM"  />
    <postMsg mid="1121028" type="Warning" dynamic="1" navigation="0" arg0="START_COUNT_NUM"  />
    <postMsg mid="1121028" type="Warning" dynamic="1" navigation="0" arg0="NBIT_IN"  />
    <postMsg mid="1121028" type="Warning" dynamic="1" navigation="0" arg0="NBIT_OUT"  />
    <postMsg mid="1121028" type="Warning" dynamic="1" navigation="0" arg0="BPS_COUNT_NUM"  />
    <postMsg mid="1121028" type="Warning" dynamic="1" navigation="0" arg0="START_COUNT_NUM"  />
    <postMsg mid="1121028" type="Warning" dynamic="1" navigation="0" arg0="NBIT_IN"  />
    <postMsg mid="1121028" type="Warning" dynamic="1" navigation="0" arg0="NBIT_OUT"  />
    <postMsg mid="1121028" type="Warning" dynamic="1" navigation="0" arg0="BPS_COUNT_NUM"  />
    <postMsg mid="1121028" type="Warning" dynamic="1" navigation="0" arg0="START_COUNT_NUM"  />
    <postMsg mid="1121028" type="Warning" dynamic="1" navigation="0" arg0="NBIT_IN"  />
    <postMsg mid="1121028" type="Warning" dynamic="1" navigation="0" arg0="NBIT_OUT"  />
    <postMsg mid="1121028" type="Warning" dynamic="1" navigation="0" arg0="BPS_COUNT_NUM"  />
    <postMsg mid="1121028" type="Warning" dynamic="1" navigation="0" arg0="START_COUNT_NUM"  />
    <postMsg mid="1121028" type="Warning" dynamic="1" navigation="0" arg0="NBIT_IN"  />
    <postMsg mid="1121028" type="Warning" dynamic="1" navigation="0" arg0="NBIT_OUT"  />
    <postMsg mid="1121028" type="Warning" dynamic="1" navigation="0" arg0="BPS_COUNT_NUM"  />
    <postMsg mid="1121028" type="Warning" dynamic="1" navigation="0" arg0="START_COUNT_NUM"  />
    <postMsg mid="1121028" type="Warning" dynamic="1" navigation="0" arg0="NBIT_IN"  />
    <postMsg mid="1121028" type="Warning" dynamic="1" navigation="0" arg0="NBIT_OUT"  />
    <postMsg mid="1121028" type="Warning" dynamic="1" navigation="0" arg0="BPS_COUNT_NUM"  />
    <postMsg mid="1121028" type="Warning" dynamic="1" navigation="0" arg0="START_COUNT_NUM"  />
    <postMsg mid="1121028" type="Warning" dynamic="1" navigation="0" arg0="NBIT_IN"  />
    <postMsg mid="1121028" type="Warning" dynamic="1" navigation="0" arg0="NBIT_OUT"  />
    <postMsg mid="1121028" type="Warning" dynamic="1" navigation="0" arg0="BPS_COUNT_NUM"  />
    <postMsg mid="1121028" type="Warning" dynamic="1" navigation="0" arg0="START_COUNT_NUM"  />
    <postMsg mid="1121028" type="Warning" dynamic="1" navigation="0" arg0="NBIT_IN"  />
    <postMsg mid="1121028" type="Warning" dynamic="1" navigation="0" arg0="NBIT_OUT"  />
    <postMsg mid="1121028" type="Warning" dynamic="1" navigation="0" arg0="BPS_COUNT_NUM"  />
    <postMsg mid="1121028" type="Warning" dynamic="1" navigation="0" arg0="START_COUNT_NUM"  />
    <postMsg mid="1121028" type="Warning" dynamic="1" navigation="0" arg0="NBIT_IN"  />
    <postMsg mid="1121028" type="Warning" dynamic="1" navigation="0" arg0="NBIT_OUT"  />
    <postMsg mid="1121028" type="Warning" dynamic="1" navigation="0" arg0="BPS_COUNT_NUM"  />
    <postMsg mid="1121028" type="Warning" dynamic="1" navigation="0" arg0="START_COUNT_NUM"  />
    <postMsg mid="1121028" type="Warning" dynamic="1" navigation="0" arg0="NBIT_IN"  />
    <postMsg mid="1121028" type="Warning" dynamic="1" navigation="0" arg0="NBIT_OUT"  />
    <postMsg mid="1121028" type="Warning" dynamic="1" navigation="0" arg0="BPS_COUNT_NUM"  />
    <postMsg mid="1121028" type="Warning" dynamic="1" navigation="0" arg0="START_COUNT_NUM"  />
    <postMsg mid="1121028" type="Warning" dynamic="1" navigation="0" arg0="LONG_PRESS"  />
    <postMsg mid="1121028" type="Warning" dynamic="1" navigation="0" arg0="DLY_LEN"  />
Writing the design to BM_H13DSP_S_impl1.ngo...

Total CPU Time: 0 secs  
Total REAL Time: 0 secs  
Peak Memory Usage: 23 MB


ngdbuild  -a "MachXO3LF" -d LCMXO3LF-6900C  -p "C:/lscc/diamond/3_14/ispfpga/xo3c00f/data"  -p "D:/ODM MB SWITCH_002_powerup_for_test/MB/09/BM_H13DSP_S/pro/impl1" -p "D:/ODM MB SWITCH_002_powerup_for_test/MB/09/BM_H13DSP_S/pro"  "BM_H13DSP_S_impl1.ngo" "BM_H13DSP_S_impl1.ngd"  	
ngdbuild:  version Diamond (64-bit) 3.14.0.75.2

Copyright (c) 1991-1994 by NeoCAD Inc. All rights reserved.
Copyright (c) 1995 AT&T Corp.   All rights reserved.
Copyright (c) 1995-2001 Lucent Technologies Inc.  All rights reserved.
Copyright (c) 2001 Agere Systems   All rights reserved.
Copyright (c) 2002-2024 Lattice Semiconductor Corporation,  All rights reserved.
Reading 'BM_H13DSP_S_impl1.ngo' ...
Loading NGL library 'C:/lscc/diamond/3_14/ispfpga/xo2c00a/data/xo2alib.ngl'...
Loading NGL library 'C:/lscc/diamond/3_14/ispfpga/xo2c00/data/xo2clib.ngl'...
Loading NGL library 'C:/lscc/diamond/3_14/ispfpga/mg5g00/data/mg5glib.ngl'...
Loading NGL library 'C:/lscc/diamond/3_14/ispfpga/or5g00/data/orc5glib.ngl'...


Running DRC...

    <postMsg mid="1166052" type="Warning" dynamic="2" navigation="1" arg0="logical" arg1="inst_osch_SEDSTDBY" arg2="inst_osch_SEDSTDBY"  />
    <postMsg mid="1166052" type="Warning" dynamic="2" navigation="1" arg0="logical" arg1="i_SW_2" arg2="i_SW_2"  />
    <postMsg mid="1166052" type="Warning" dynamic="2" navigation="1" arg0="logical" arg1="i_PAL_TPM_MODULE_PRSNT_N" arg2="i_PAL_TPM_MODULE_PRSNT_N"  />
    <postMsg mid="1166052" type="Warning" dynamic="2" navigation="1" arg0="logical" arg1="i_P0_MCIOP4A_CB_ID1_R" arg2="i_P0_MCIOP4A_CB_ID1_R"  />
    <postMsg mid="1166052" type="Warning" dynamic="2" navigation="1" arg0="logical" arg1="i_P1_MCIOP4A_CB_ID1_R" arg2="i_P1_MCIOP4A_CB_ID1_R"  />
    <postMsg mid="1166052" type="Warning" dynamic="2" navigation="1" arg0="logical" arg1="i_PAL_S5_CPU_SHTDN_R" arg2="i_PAL_S5_CPU_SHTDN_R"  />
    <postMsg mid="1166052" type="Warning" dynamic="2" navigation="1" arg0="logical" arg1="i_PAL_MEN_CPU_SHTDN_R" arg2="i_PAL_MEN_CPU_SHTDN_R"  />
    <postMsg mid="1166052" type="Warning" dynamic="2" navigation="1" arg0="logical" arg1="i_CPLD1_CPLD2_RSV2_R" arg2="i_CPLD1_CPLD2_RSV2_R"  />
    <postMsg mid="1163101" type="Warning" dynamic="1" navigation="0" arg0="8"  />

Design Results:
   3866 blocks expanded
Complete the first expansion.
Writing 'BM_H13DSP_S_impl1.ngd' ...
Total CPU Time: 0 secs 
Total REAL Time: 0 secs 
Peak Memory Usage: 35 MB


map -a "MachXO3LF" -p LCMXO3LF-6900C -t CABGA400 -s 5 -oc Commercial   "BM_H13DSP_S_impl1.ngd" -o "BM_H13DSP_S_impl1_map.ncd" -pr "BM_H13DSP_S_impl1.prf" -mp "BM_H13DSP_S_impl1.mrp" -lpf "D:/ODM MB SWITCH_002_powerup_for_test/MB/09/BM_H13DSP_S/pro/impl1/BM_H13DSP_S_impl1_synplify.lpf" -lpf "D:/ODM MB SWITCH_002_powerup_for_test/MB/09/BM_H13DSP_S/pro/BM_H13DSP_S.lpf"  -c 0           
map:  version Diamond (64-bit) 3.14.0.75.2

Copyright (c) 1991-1994 by NeoCAD Inc. All rights reserved.
Copyright (c) 1995 AT&T Corp.   All rights reserved.
Copyright (c) 1995-2001 Lucent Technologies Inc.  All rights reserved.
Copyright (c) 2001 Agere Systems   All rights reserved.
Copyright (c) 2002-2024 Lattice Semiconductor Corporation,  All rights reserved.
   Process the file: BM_H13DSP_S_impl1.ngd
   Picdevice="LCMXO3LF-6900C"

   Pictype="CABGA400"

   Picspeed=5

   Remove unused logic

   Do not produce over sized NCDs.

Part used: LCMXO3LF-6900CCABGA400, Performance used: 5.

Loading device for application baspr from file 'xo3c6900.nph' in environment: C:/lscc/diamond/3_14/ispfpga.
    <postMsg mid="1100644" type="Warning" dynamic="2" navigation="2" arg0="D:/ODM MB SWITCH_002_powerup_for_test/MB/09/BM_H13DSP_S/pro/BM_H13DSP_S.lpf(10): Semantic error in &quot;IOBUF PORT &quot;io_I2C7_2_UPDATE_SCL&quot; OPENDRAIN=ON IO_TYPE=LVCMOS33 ;&quot;: " arg1="io_I2C7_2_UPDATE_SCL" arg2="D:/ODM MB SWITCH_002_powerup_for_test/MB/09/BM_H13DSP_S/pro/BM_H13DSP_S.lpf" arg3="10"  />
    <postMsg mid="1100644" type="Warning" dynamic="2" navigation="2" arg0="D:/ODM MB SWITCH_002_powerup_for_test/MB/09/BM_H13DSP_S/pro/BM_H13DSP_S.lpf(11): Semantic error in &quot;IOBUF PORT &quot;io_I2C7_2_UPDATE_SDA&quot; OPENDRAIN=ON IO_TYPE=LVCMOS33 ;&quot;: " arg1="io_I2C7_2_UPDATE_SDA" arg2="D:/ODM MB SWITCH_002_powerup_for_test/MB/09/BM_H13DSP_S/pro/BM_H13DSP_S.lpf" arg3="11"  />
    <postMsg mid="1100644" type="Warning" dynamic="2" navigation="2" arg0="D:/ODM MB SWITCH_002_powerup_for_test/MB/09/BM_H13DSP_S/pro/BM_H13DSP_S.lpf(12): Semantic error in &quot;IOBUF PORT &quot;io_I2C7_PAL2_SDA&quot; OPENDRAIN=ON IO_TYPE=LVCMOS33 ;&quot;: " arg1="io_I2C7_PAL2_SDA" arg2="D:/ODM MB SWITCH_002_powerup_for_test/MB/09/BM_H13DSP_S/pro/BM_H13DSP_S.lpf" arg3="12"  />
Package Status:                     Final          Version 1.17.

Running general design DRC...

Removing unused logic...

Optimizing...

4 CCU2 constant inputs absorbed.

    <postMsg mid="51001030" type="Warning" dynamic="1" navigation="0" arg0="pon_reset_n"  />
    <postMsg mid="52101273" type="Warning" dynamic="0" navigation="0"  />
    <postMsg mid="52101033" type="Warning" dynamic="2" navigation="0" arg0="6900L" arg1="LCMXO3LF-6900C"  />
    <postMsg mid="51001046" type="Warning" dynamic="1" navigation="0" arg0="i_SW_2"  />
    <postMsg mid="51001046" type="Warning" dynamic="1" navigation="0" arg0="i_PAL_TPM_MODULE_PRSNT_N"  />
    <postMsg mid="51001046" type="Warning" dynamic="1" navigation="0" arg0="i_P0_MCIOP4A_CB_ID1_R"  />
    <postMsg mid="51001046" type="Warning" dynamic="1" navigation="0" arg0="i_P1_MCIOP4A_CB_ID1_R"  />
    <postMsg mid="51001046" type="Warning" dynamic="1" navigation="0" arg0="i_PAL_S5_CPU_SHTDN_R"  />
    <postMsg mid="51001046" type="Warning" dynamic="1" navigation="0" arg0="i_PAL_MEN_CPU_SHTDN_R"  />
    <postMsg mid="51001046" type="Warning" dynamic="1" navigation="0" arg0="i_CPLD1_CPLD2_RSV2_R"  />



Design Summary:
   Number of registers:   1359 out of  7872 (17%)
      PFU registers:         1327 out of  6864 (19%)
      PIO registers:           32 out of  1008 (3%)
   Number of SLICEs:      1167 out of  3432 (34%)
      SLICEs as Logic/ROM:   1167 out of  3432 (34%)
      SLICEs as RAM:            0 out of  2574 (0%)
      SLICEs as Carry:        218 out of  3432 (6%)
   Number of LUT4s:        2324 out of  6864 (34%)
      Number used as logic LUTs:        1888
      Number used as distributed RAM:     0
      Number used as ripple logic:      436
      Number used as shift registers:     0
   Number of PIO sites used: 285 + 4(JTAG) out of 336 (86%)
   Number of block RAMs:  0 out of 26 (0%)
   Number of GSRs:        1 out of 1 (100%)
   EFB used :        Yes
   JTAG used :       No
   Readback used :   No
   Oscillator used : Yes
   Startup used :    No
   POR :             On
   Bandgap :         On
   Number of Power Controller:  0 out of 1 (0%)
   Number of Dynamic Bank Controller (BCINRD):  0 out of 6 (0%)
   Number of Dynamic Bank Controller (BCLVDSO):  0 out of 1 (0%)
   Number of DCCA:  0 out of 8 (0%)
   Number of DCMA:  0 out of 2 (0%)
   Number of PLLs:  1 out of 2 (50%)
   Number of DQSDLLs:  0 out of 2 (0%)
   Number of CLKDIVC:  0 out of 4 (0%)
   Number of ECLKSYNCA:  0 out of 4 (0%)
   Number of ECLKBRIDGECS:  0 out of 2 (0%)
   Notes:-
      1. Total number of LUT4s = (Number of logic LUT4s) + 2*(Number of distributed RAMs) + 2*(Number of ripple logic)
      2. Number of logic LUT4s does not include count of distributed RAM and ripple logic.
   Number of clocks:  8
     Net wb_clk: 1 loads, 1 rising, 0 falling (Driver: inst_osch )
     Net clk_50m: 766 loads, 766 rising, 0 falling (Driver: pll_inst/PLLInst_0 )
     Net clk_25m: 152 loads, 152 rising, 0 falling (Driver: pll_inst/PLLInst_0 )
     Net bmc_cpld_i2c_ram_u0/i2c_slave_bmc_u0/w_i2c_command_1_i: 8 loads, 8 rising, 0 falling (Driver: bmc_cpld_i2c_ram_u0/i2c_slave_bmc_u0/w_i2c_command_1_0_a2 )
     Net bmc_cpld_i2c_ram_u0/i2c_slave_bmc_u0/i2c_slave_basic0_u0/un2_w_rst_2: 2 loads, 2 rising, 0 falling (Driver: bmc_cpld_i2c_ram_u0/i2c_slave_bmc_u0/i2c_slave_basic0_u0/un2_w_rst_2 )
     Net bmc_cpld_i2c_ram_u0/i2c_slave_bmc_u0/i2c_slave_basic0_u0/un2_w_rst_1: 2 loads, 2 rising, 0 falling (Driver: bmc_cpld_i2c_ram_u0/i2c_slave_bmc_u0/i2c_slave_basic0_u0/un2_w_rst_1 )
     Net inst_i2c_update_flash_config/i2c1_scli: 1 loads, 1 rising, 0 falling (Driver: PIO io_I2C2_2_UPDATE_SCL )
     Net i_CLK_PAL2_IN_25M_c: 1 loads, 1 rising, 0 falling (Driver: PIO i_CLK_PAL2_IN_25M )
   Number of Clock Enables:  402
     Net mcpld_to_scpld_data_filter4: 11 loads, 2 LSLICEs
     Net bmc_cpld_i2c_ram_u0/i2c_slave_bmc_u0/i2c_slave_basic0_u0/r_I2C_RW_1_sqmuxa: 1 loads, 1 LSLICEs
     Net bmc_cpld_i2c_ram_u0/i2c_slave_bmc_u0/i2c_slave_basic0_u0/r_I2c_address_RNO[0]: 1 loads, 1 LSLICEs
     Net bmc_cpld_i2c_ram_u0/i2c_slave_bmc_u0/i2c_slave_basic0_u0/r_I2c_address_RNO[1]: 1 loads, 1 LSLICEs
     Net bmc_cpld_i2c_ram_u0/i2c_slave_bmc_u0/i2c_slave_basic0_u0/r_I2c_address_RNO[2]: 1 loads, 1 LSLICEs
     Net bmc_cpld_i2c_ram_u0/i2c_slave_bmc_u0/i2c_slave_basic0_u0/r_I2c_address_RNO[3]: 1 loads, 1 LSLICEs
     Net bmc_cpld_i2c_ram_u0/i2c_slave_bmc_u0/i2c_slave_basic0_u0/r_I2c_address_RNO[4]: 1 loads, 1 LSLICEs
     Net bmc_cpld_i2c_ram_u0/i2c_slave_bmc_u0/i2c_slave_basic0_u0/r_I2c_address_RNO[5]: 1 loads, 1 LSLICEs
     Net bmc_cpld_i2c_ram_u0/i2c_slave_bmc_u0/i2c_slave_basic0_u0/r_I2c_address_RNO[6]: 1 loads, 1 LSLICEs
     Net bmc_cpld_i2c_ram_u0/i2c_slave_bmc_u0/i2c_slave_basic0_u0/o_data_out_RNO[1]: 1 loads, 1 LSLICEs
     Net bmc_cpld_i2c_ram_u0/i2c_slave_bmc_u0/i2c_slave_basic0_u0/o_data_out_RNO[2]: 1 loads, 1 LSLICEs
     Net bmc_cpld_i2c_ram_u0/i2c_slave_bmc_u0/i2c_slave_basic0_u0/o_data_out_RNO[3]: 1 loads, 1 LSLICEs
     Net bmc_cpld_i2c_ram_u0/i2c_slave_bmc_u0/i2c_slave_basic0_u0/o_data_out_RNO[4]: 1 loads, 1 LSLICEs
     Net bmc_cpld_i2c_ram_u0/i2c_slave_bmc_u0/i2c_slave_basic0_u0/o_data_out_RNO[5]: 1 loads, 1 LSLICEs
     Net bmc_cpld_i2c_ram_u0/i2c_slave_bmc_u0/i2c_slave_basic0_u0/o_data_out_RNO[6]: 1 loads, 1 LSLICEs
     Net bmc_cpld_i2c_ram_u0/i2c_slave_bmc_u0/i2c_slave_basic0_u0/o_data_out_RNO[7]: 1 loads, 1 LSLICEs
     Net bmc_cpld_i2c_ram_u0/i2c_slave_bmc_u0/i2c_slave_basic0_u0/o_data_out_RNO[0]: 1 loads, 1 LSLICEs
     Net bmc_cpld_i2c_ram_u0/i2c_slave_bmc_u0/i2c_slave_basic0_u0/N_211_i: 4 loads, 4 LSLICEs
     Net bmc_cpld_i2c_ram_u0/i2c_slave_bmc_u0/i2c_slave_basic0_u0/r_timeout_cnte: 4 loads, 4 LSLICEs
     Net bmc_cpld_i2c_ram_u0/i2c_slave_bmc_u0/i2c_slave_basic0_u0/r_glitchlessSignal_sda_d_1_sqmuxa_i: 1 loads, 1 LSLICEs
     Net bmc_cpld_i2c_ram_u0/i2c_slave_bmc_u0/i2c_slave_basic0_u0/r_glitchlessSignal_scl_d_1_sqmuxa_i: 1 loads, 1 LSLICEs
     Net bmc_cpld_i2c_ram_u0/i2c_slave_bmc_u0/i2c_slave_basic0_u0/r_data_in_lock: 4 loads, 4 LSLICEs
     Net bmc_cpld_i2c_ram_u0/i2c_slave_bmc_u0/i2c_slave_basic0_u0/N_250_i: 4 loads, 4 LSLICEs
     Net pon_reset_n: 1 loads, 1 LSLICEs
     Net bmc_cpld_i2c_ram_u0/i2c_slave_bmc_u0/r_write_byte_cnte: 9 loads, 9 LSLICEs
     Net bmc_cpld_i2c_ram_u0/i2c_slave_bmc_u0/N_220_i: 9 loads, 9 LSLICEs
     Net bmc_cpld_i2c_ram_u0/r_reg_00284: 4 loads, 4 LSLICEs
     Net bmc_cpld_i2c_ram_u0/i2c_slave_bmc_u0/r_i2c_command_tempce[0]: 4 loads, 4 LSLICEs
     Net bmc_cpld_i2c_ram_u0/i2c_slave_bmc_u0/r_i2c_command_tempce[8]: 4 loads, 4 LSLICEs
     Net bmc_cpld_i2c_ram_u0/r_reg_00255: 4 loads, 4 LSLICEs
     Net bmc_cpld_i2c_ram_u0/r_reg_00265: 4 loads, 4 LSLICEs
     Net bmc_cpld_i2c_ram_u0/r_reg_00725: 4 loads, 4 LSLICEs
     Net bmc_cpld_i2c_ram_u0/r_reg_00275: 4 loads, 4 LSLICEs
     Net bmc_cpld_i2c_ram_u0/r_reg_002c5: 4 loads, 4 LSLICEs
     Net bmc_cpld_i2c_ram_u0/r_reg_002b5: 4 loads, 4 LSLICEs
     Net bmc_cpld_i2c_ram_u0/r_reg_00104: 4 loads, 4 LSLICEs
     Net bmc_cpld_i2c_ram_u0/r_reg_000e5: 4 loads, 4 LSLICEs
     Net bmc_cpld_i2c_ram_u0/un1_r_reg_000d8_1_i_0: 2 loads, 2 LSLICEs
     Net bmc_cpld_i2c_ram_u0/r_reg_00064: 4 loads, 4 LSLICEs
     Net t32ms_tick: 2 loads, 2 LSLICEs
     Net UID_Function_u0/lowpass_filter_U0/un1_r_data_out8: 1 loads, 1 LSLICEs
     Net UID_Function_u0/un1_i_clr_flag_short_1_0: 1 loads, 1 LSLICEs
     Net UID_Function_u0/un1_i_clr_flag_long_1: 1 loads, 1 LSLICEs
     Net UID_Function_u0/un1_r_BMC_EXTRST_CPLD_OUT_N8_1_0: 1 loads, 1 LSLICEs
     Net uart_master_u18/N_62_i: 1 loads, 1 LSLICEs
     Net uart_master_u18/reg_par_data_outce_16[0]: 1 loads, 1 LSLICEs
     Net uart_master_u18/reg_par_data_outce_16[1]: 1 loads, 1 LSLICEs
     Net uart_master_u18/reg_par_data_outce_16[2]: 1 loads, 1 LSLICEs
     Net uart_master_u18/reg_par_data_outce_16[4]: 1 loads, 1 LSLICEs
     Net uart_master_u18/reg_par_data_outce_16[5]: 1 loads, 1 LSLICEs
     Net uart_master_u18/reg_par_data_outce_16[6]: 1 loads, 1 LSLICEs
     Net uart_master_u18/reg_par_data_outce_16[7]: 1 loads, 1 LSLICEs
     Net uart_master_u18/reg_par_data_outce_16[8]: 1 loads, 1 LSLICEs
     Net uart_master_u18/reg_par_data_outce_16[9]: 1 loads, 1 LSLICEs
     Net uart_master_u18/reg_par_data_outce_16[10]: 1 loads, 1 LSLICEs
     Net uart_master_u18/reg_par_data_outce_16[19]: 1 loads, 1 LSLICEs
     Net uart_master_u18/reg_par_data_outce_16[20]: 1 loads, 1 LSLICEs
     Net uart_master_u18/N_97_i_0: 1 loads, 1 LSLICEs
     Net uart_master_u18/error_flag_0_sqmuxa: 4 loads, 4 LSLICEs
     Net uart_master_u18/data_counte: 3 loads, 3 LSLICEs
     Net uart_master_u18/bps_count_bite: 4 loads, 4 LSLICEs
     Net reg_par_data_outce_16[21]: 1 loads, 0 LSLICEs
     Net uart_master_u17/N_62_i: 1 loads, 1 LSLICEs
     Net uart_master_u17/reg_par_data_outce_15[0]: 1 loads, 1 LSLICEs
     Net uart_master_u17/reg_par_data_outce_15[1]: 1 loads, 1 LSLICEs
     Net uart_master_u17/reg_par_data_outce_15[2]: 1 loads, 1 LSLICEs
     Net uart_master_u17/reg_par_data_outce_15[4]: 1 loads, 1 LSLICEs
     Net uart_master_u17/reg_par_data_outce_15[5]: 1 loads, 1 LSLICEs
     Net uart_master_u17/reg_par_data_outce_15[6]: 1 loads, 1 LSLICEs
     Net uart_master_u17/reg_par_data_outce_15[7]: 1 loads, 1 LSLICEs
     Net uart_master_u17/reg_par_data_outce_15[8]: 1 loads, 1 LSLICEs
     Net uart_master_u17/reg_par_data_outce_15[9]: 1 loads, 1 LSLICEs
     Net uart_master_u17/reg_par_data_outce_15[10]: 1 loads, 1 LSLICEs
     Net uart_master_u17/reg_par_data_outce_15[19]: 1 loads, 1 LSLICEs
     Net uart_master_u17/reg_par_data_outce_15[20]: 1 loads, 1 LSLICEs
     Net uart_master_u17/N_97_i_0: 1 loads, 1 LSLICEs
     Net uart_master_u17/error_flag_0_sqmuxa: 4 loads, 4 LSLICEs
     Net uart_master_u17/data_counte: 3 loads, 3 LSLICEs
     Net uart_master_u17/bps_count_bite: 4 loads, 4 LSLICEs
     Net reg_par_data_outce_15[21]: 1 loads, 0 LSLICEs
     Net uart_master_u16/N_62_i: 1 loads, 1 LSLICEs
     Net uart_master_u16/reg_par_data_outce_14[0]: 1 loads, 1 LSLICEs
     Net uart_master_u16/reg_par_data_outce_14[1]: 1 loads, 1 LSLICEs
     Net uart_master_u16/reg_par_data_outce_14[2]: 1 loads, 1 LSLICEs
     Net uart_master_u16/reg_par_data_outce_14[4]: 1 loads, 1 LSLICEs
     Net uart_master_u16/reg_par_data_outce_14[5]: 1 loads, 1 LSLICEs
     Net uart_master_u16/reg_par_data_outce_14[6]: 1 loads, 1 LSLICEs
     Net uart_master_u16/reg_par_data_outce_14[7]: 1 loads, 1 LSLICEs
     Net uart_master_u16/reg_par_data_outce_14[8]: 1 loads, 1 LSLICEs
     Net uart_master_u16/reg_par_data_outce_14[9]: 1 loads, 1 LSLICEs
     Net uart_master_u16/reg_par_data_outce_14[10]: 1 loads, 1 LSLICEs
     Net uart_master_u16/reg_par_data_outce_14[19]: 1 loads, 1 LSLICEs
     Net uart_master_u16/reg_par_data_outce_14[20]: 1 loads, 1 LSLICEs
     Net uart_master_u16/N_97_i_0: 1 loads, 1 LSLICEs
     Net uart_master_u16/error_flag_0_sqmuxa: 4 loads, 4 LSLICEs
     Net uart_master_u16/data_counte: 3 loads, 3 LSLICEs
     Net uart_master_u16/bps_count_bite: 4 loads, 4 LSLICEs
     Net reg_par_data_outce_14[21]: 1 loads, 0 LSLICEs
     Net uart_master_u15/N_62_i: 1 loads, 1 LSLICEs
     Net uart_master_u15/reg_par_data_outce_13[0]: 1 loads, 1 LSLICEs
     Net uart_master_u15/reg_par_data_outce_13[1]: 1 loads, 1 LSLICEs
     Net uart_master_u15/reg_par_data_outce_13[2]: 1 loads, 1 LSLICEs
     Net uart_master_u15/reg_par_data_outce_13[4]: 1 loads, 1 LSLICEs
     Net uart_master_u15/reg_par_data_outce_13[5]: 1 loads, 1 LSLICEs
     Net uart_master_u15/reg_par_data_outce_13[6]: 1 loads, 1 LSLICEs
     Net uart_master_u15/reg_par_data_outce_13[7]: 1 loads, 1 LSLICEs
     Net uart_master_u15/reg_par_data_outce_13[8]: 1 loads, 1 LSLICEs
     Net uart_master_u15/reg_par_data_outce_13[9]: 1 loads, 1 LSLICEs
     Net uart_master_u15/reg_par_data_outce_13[10]: 1 loads, 1 LSLICEs
     Net uart_master_u15/reg_par_data_outce_13[19]: 1 loads, 1 LSLICEs
     Net uart_master_u15/reg_par_data_outce_13[20]: 1 loads, 1 LSLICEs
     Net uart_master_u15/N_97_i_0: 1 loads, 1 LSLICEs
     Net uart_master_u15/error_flag_0_sqmuxa: 4 loads, 4 LSLICEs
     Net uart_master_u15/data_counte: 3 loads, 3 LSLICEs
     Net uart_master_u15/bps_count_bite: 4 loads, 4 LSLICEs
     Net reg_par_data_outce_13[21]: 1 loads, 0 LSLICEs
     Net uart_master_u14/N_62_i: 1 loads, 1 LSLICEs
     Net uart_master_u14/reg_par_data_outce_12[0]: 1 loads, 1 LSLICEs
     Net uart_master_u14/reg_par_data_outce_12[1]: 1 loads, 1 LSLICEs
     Net uart_master_u14/reg_par_data_outce_12[2]: 1 loads, 1 LSLICEs
     Net uart_master_u14/reg_par_data_outce_12[4]: 1 loads, 1 LSLICEs
     Net uart_master_u14/reg_par_data_outce_12[5]: 1 loads, 1 LSLICEs
     Net uart_master_u14/reg_par_data_outce_12[6]: 1 loads, 1 LSLICEs
     Net uart_master_u14/reg_par_data_outce_12[7]: 1 loads, 1 LSLICEs
     Net uart_master_u14/reg_par_data_outce_12[8]: 1 loads, 1 LSLICEs
     Net uart_master_u14/reg_par_data_outce_12[9]: 1 loads, 1 LSLICEs
     Net uart_master_u14/reg_par_data_outce_12[10]: 1 loads, 1 LSLICEs
     Net uart_master_u14/reg_par_data_outce_12[19]: 1 loads, 1 LSLICEs
     Net uart_master_u14/reg_par_data_outce_12[20]: 1 loads, 1 LSLICEs
     Net uart_master_u14/N_97_i_0: 1 loads, 1 LSLICEs
     Net uart_master_u14/error_flag_0_sqmuxa: 4 loads, 4 LSLICEs
     Net uart_master_u14/data_counte: 3 loads, 3 LSLICEs
     Net uart_master_u14/bps_count_bite: 4 loads, 4 LSLICEs
     Net reg_par_data_outce_12[21]: 1 loads, 0 LSLICEs
     Net uart_master_u13/N_62_i: 1 loads, 1 LSLICEs
     Net uart_master_u13/reg_par_data_outce_11[0]: 1 loads, 1 LSLICEs
     Net uart_master_u13/reg_par_data_outce_11[1]: 1 loads, 1 LSLICEs
     Net uart_master_u13/reg_par_data_outce_11[2]: 1 loads, 1 LSLICEs
     Net uart_master_u13/reg_par_data_outce_11[4]: 1 loads, 1 LSLICEs
     Net uart_master_u13/reg_par_data_outce_11[5]: 1 loads, 1 LSLICEs
     Net uart_master_u13/reg_par_data_outce_11[6]: 1 loads, 1 LSLICEs
     Net uart_master_u13/reg_par_data_outce_11[7]: 1 loads, 1 LSLICEs
     Net uart_master_u13/reg_par_data_outce_11[8]: 1 loads, 1 LSLICEs
     Net uart_master_u13/reg_par_data_outce_11[9]: 1 loads, 1 LSLICEs
     Net uart_master_u13/reg_par_data_outce_11[10]: 1 loads, 1 LSLICEs
     Net uart_master_u13/reg_par_data_outce_11[19]: 1 loads, 1 LSLICEs
     Net uart_master_u13/reg_par_data_outce_11[20]: 1 loads, 1 LSLICEs
     Net uart_master_u13/N_97_i_0: 1 loads, 1 LSLICEs
     Net uart_master_u13/error_flag_0_sqmuxa: 4 loads, 4 LSLICEs
     Net uart_master_u13/data_counte: 3 loads, 3 LSLICEs
     Net uart_master_u13/bps_count_bite: 4 loads, 4 LSLICEs
     Net reg_par_data_outce_11[21]: 1 loads, 0 LSLICEs
     Net uart_master_u12/N_62_i: 1 loads, 1 LSLICEs
     Net uart_master_u12/reg_par_data_outce_10[0]: 1 loads, 1 LSLICEs
     Net uart_master_u12/reg_par_data_outce_10[1]: 1 loads, 1 LSLICEs
     Net uart_master_u12/reg_par_data_outce_10[2]: 1 loads, 1 LSLICEs
     Net uart_master_u12/reg_par_data_outce_10[4]: 1 loads, 1 LSLICEs
     Net uart_master_u12/reg_par_data_outce_10[5]: 1 loads, 1 LSLICEs
     Net uart_master_u12/reg_par_data_outce_10[6]: 1 loads, 1 LSLICEs
     Net uart_master_u12/reg_par_data_outce_10[7]: 1 loads, 1 LSLICEs
     Net uart_master_u12/reg_par_data_outce_10[8]: 1 loads, 1 LSLICEs
     Net uart_master_u12/reg_par_data_outce_10[9]: 1 loads, 1 LSLICEs
     Net uart_master_u12/reg_par_data_outce_10[10]: 1 loads, 1 LSLICEs
     Net uart_master_u12/reg_par_data_outce_10[19]: 1 loads, 1 LSLICEs
     Net uart_master_u12/reg_par_data_outce_10[20]: 1 loads, 1 LSLICEs
     Net uart_master_u12/N_97_i_0: 1 loads, 1 LSLICEs
     Net uart_master_u12/error_flag_0_sqmuxa: 4 loads, 4 LSLICEs
     Net uart_master_u12/data_counte: 3 loads, 3 LSLICEs
     Net uart_master_u12/bps_count_bite: 4 loads, 4 LSLICEs
     Net reg_par_data_outce_10[21]: 1 loads, 0 LSLICEs
     Net uart_master_u11/N_62_i: 1 loads, 1 LSLICEs
     Net uart_master_u11/reg_par_data_outce_9[0]: 1 loads, 1 LSLICEs
     Net uart_master_u11/reg_par_data_outce_9[1]: 1 loads, 1 LSLICEs
     Net uart_master_u11/reg_par_data_outce_9[2]: 1 loads, 1 LSLICEs
     Net uart_master_u11/reg_par_data_outce_9[4]: 1 loads, 1 LSLICEs
     Net uart_master_u11/reg_par_data_outce_9[5]: 1 loads, 1 LSLICEs
     Net uart_master_u11/reg_par_data_outce_9[6]: 1 loads, 1 LSLICEs
     Net uart_master_u11/reg_par_data_outce_9[7]: 1 loads, 1 LSLICEs
     Net uart_master_u11/reg_par_data_outce_9[8]: 1 loads, 1 LSLICEs
     Net uart_master_u11/reg_par_data_outce_9[9]: 1 loads, 1 LSLICEs
     Net uart_master_u11/reg_par_data_outce_9[10]: 1 loads, 1 LSLICEs
     Net uart_master_u11/reg_par_data_outce_9[19]: 1 loads, 1 LSLICEs
     Net uart_master_u11/reg_par_data_outce_9[20]: 1 loads, 1 LSLICEs
     Net uart_master_u11/N_97_i_0: 1 loads, 1 LSLICEs
     Net uart_master_u11/error_flag_0_sqmuxa: 4 loads, 4 LSLICEs
     Net uart_master_u11/data_counte: 3 loads, 3 LSLICEs
     Net uart_master_u11/bps_count_bite: 4 loads, 4 LSLICEs
     Net reg_par_data_outce_9[21]: 1 loads, 0 LSLICEs
     Net uart_master_u10/N_62_i: 1 loads, 1 LSLICEs
     Net uart_master_u10/reg_par_data_outce_8[0]: 1 loads, 1 LSLICEs
     Net uart_master_u10/reg_par_data_outce_8[1]: 1 loads, 1 LSLICEs
     Net uart_master_u10/reg_par_data_outce_8[2]: 1 loads, 1 LSLICEs
     Net uart_master_u10/reg_par_data_outce_8[4]: 1 loads, 1 LSLICEs
     Net uart_master_u10/reg_par_data_outce_8[5]: 1 loads, 1 LSLICEs
     Net uart_master_u10/reg_par_data_outce_8[6]: 1 loads, 1 LSLICEs
     Net uart_master_u10/reg_par_data_outce_8[7]: 1 loads, 1 LSLICEs
     Net uart_master_u10/reg_par_data_outce_8[8]: 1 loads, 1 LSLICEs
     Net uart_master_u10/reg_par_data_outce_8[9]: 1 loads, 1 LSLICEs
     Net uart_master_u10/reg_par_data_outce_8[10]: 1 loads, 1 LSLICEs
     Net uart_master_u10/reg_par_data_outce_8[19]: 1 loads, 1 LSLICEs
     Net uart_master_u10/reg_par_data_outce_8[20]: 1 loads, 1 LSLICEs
     Net uart_master_u10/N_97_i_0: 1 loads, 1 LSLICEs
     Net uart_master_u10/error_flag_0_sqmuxa: 4 loads, 4 LSLICEs
     Net uart_master_u10/data_counte: 3 loads, 3 LSLICEs
     Net uart_master_u10/bps_count_bite: 4 loads, 4 LSLICEs
     Net reg_par_data_outce_8[21]: 1 loads, 0 LSLICEs
     Net uart_master_u9/N_62_i: 1 loads, 1 LSLICEs
     Net uart_master_u9/reg_par_data_outce_7[0]: 1 loads, 1 LSLICEs
     Net uart_master_u9/reg_par_data_outce_7[1]: 1 loads, 1 LSLICEs
     Net uart_master_u9/reg_par_data_outce_7[2]: 1 loads, 1 LSLICEs
     Net uart_master_u9/reg_par_data_outce_7[4]: 1 loads, 1 LSLICEs
     Net uart_master_u9/reg_par_data_outce_7[5]: 1 loads, 1 LSLICEs
     Net uart_master_u9/reg_par_data_outce_7[6]: 1 loads, 1 LSLICEs
     Net uart_master_u9/reg_par_data_outce_7[7]: 1 loads, 1 LSLICEs
     Net uart_master_u9/reg_par_data_outce_7[8]: 1 loads, 1 LSLICEs
     Net uart_master_u9/reg_par_data_outce_7[9]: 1 loads, 1 LSLICEs
     Net uart_master_u9/reg_par_data_outce_7[10]: 1 loads, 1 LSLICEs
     Net uart_master_u9/reg_par_data_outce_7[19]: 1 loads, 1 LSLICEs
     Net uart_master_u9/reg_par_data_outce_7[20]: 1 loads, 1 LSLICEs
     Net uart_master_u9/N_97_i_0: 1 loads, 1 LSLICEs
     Net uart_master_u9/error_flag_0_sqmuxa: 4 loads, 4 LSLICEs
     Net uart_master_u9/data_counte: 3 loads, 3 LSLICEs
     Net uart_master_u9/bps_count_bite: 4 loads, 4 LSLICEs
     Net reg_par_data_outce_7[21]: 1 loads, 0 LSLICEs
     Net uart_master_u8/N_62_i: 1 loads, 1 LSLICEs
     Net uart_master_u8/reg_par_data_outce_6[0]: 1 loads, 1 LSLICEs
     Net uart_master_u8/reg_par_data_outce_6[1]: 1 loads, 1 LSLICEs
     Net uart_master_u8/reg_par_data_outce_6[2]: 1 loads, 1 LSLICEs
     Net uart_master_u8/reg_par_data_outce_6[4]: 1 loads, 1 LSLICEs
     Net uart_master_u8/reg_par_data_outce_6[5]: 1 loads, 1 LSLICEs
     Net uart_master_u8/reg_par_data_outce_6[6]: 1 loads, 1 LSLICEs
     Net uart_master_u8/reg_par_data_outce_6[7]: 1 loads, 1 LSLICEs
     Net uart_master_u8/reg_par_data_outce_6[8]: 1 loads, 1 LSLICEs
     Net uart_master_u8/reg_par_data_outce_6[9]: 1 loads, 1 LSLICEs
     Net uart_master_u8/reg_par_data_outce_6[10]: 1 loads, 1 LSLICEs
     Net uart_master_u8/reg_par_data_outce_6[19]: 1 loads, 1 LSLICEs
     Net uart_master_u8/reg_par_data_outce_6[20]: 1 loads, 1 LSLICEs
     Net uart_master_u8/N_97_i_0: 1 loads, 1 LSLICEs
     Net uart_master_u8/error_flag_0_sqmuxa: 4 loads, 4 LSLICEs
     Net uart_master_u8/data_counte: 3 loads, 3 LSLICEs
     Net uart_master_u8/bps_count_bite: 4 loads, 4 LSLICEs
     Net reg_par_data_outce_6[21]: 1 loads, 0 LSLICEs
     Net uart_master_u7/N_62_i: 1 loads, 1 LSLICEs
     Net uart_master_u7/reg_par_data_outce_5[0]: 1 loads, 1 LSLICEs
     Net uart_master_u7/reg_par_data_outce_5[1]: 1 loads, 1 LSLICEs
     Net uart_master_u7/reg_par_data_outce_5[2]: 1 loads, 1 LSLICEs
     Net uart_master_u7/reg_par_data_outce_5[4]: 1 loads, 1 LSLICEs
     Net uart_master_u7/reg_par_data_outce_5[5]: 1 loads, 1 LSLICEs
     Net uart_master_u7/reg_par_data_outce_5[6]: 1 loads, 1 LSLICEs
     Net uart_master_u7/reg_par_data_outce_5[7]: 1 loads, 1 LSLICEs
     Net uart_master_u7/reg_par_data_outce_5[8]: 1 loads, 1 LSLICEs
     Net uart_master_u7/reg_par_data_outce_5[9]: 1 loads, 1 LSLICEs
     Net uart_master_u7/reg_par_data_outce_5[10]: 1 loads, 1 LSLICEs
     Net uart_master_u7/reg_par_data_outce_5[19]: 1 loads, 1 LSLICEs
     Net uart_master_u7/reg_par_data_outce_5[20]: 1 loads, 1 LSLICEs
     Net uart_master_u7/N_97_i_0: 1 loads, 1 LSLICEs
     Net uart_master_u7/error_flag_0_sqmuxa: 4 loads, 4 LSLICEs
     Net uart_master_u7/data_counte: 3 loads, 3 LSLICEs
     Net uart_master_u7/bps_count_bite: 4 loads, 4 LSLICEs
     Net reg_par_data_outce_5[21]: 1 loads, 0 LSLICEs
     Net uart_master_u6/N_62_i: 1 loads, 1 LSLICEs
     Net uart_master_u6/reg_par_data_outce_4[0]: 1 loads, 1 LSLICEs
     Net uart_master_u6/reg_par_data_outce_4[1]: 1 loads, 1 LSLICEs
     Net uart_master_u6/reg_par_data_outce_4[2]: 1 loads, 1 LSLICEs
     Net uart_master_u6/reg_par_data_outce_4[4]: 1 loads, 1 LSLICEs
     Net uart_master_u6/reg_par_data_outce_4[5]: 1 loads, 1 LSLICEs
     Net uart_master_u6/reg_par_data_outce_4[6]: 1 loads, 1 LSLICEs
     Net uart_master_u6/reg_par_data_outce_4[7]: 1 loads, 1 LSLICEs
     Net uart_master_u6/reg_par_data_outce_4[8]: 1 loads, 1 LSLICEs
     Net uart_master_u6/reg_par_data_outce_4[9]: 1 loads, 1 LSLICEs
     Net uart_master_u6/reg_par_data_outce_4[10]: 1 loads, 1 LSLICEs
     Net uart_master_u6/reg_par_data_outce_4[19]: 1 loads, 1 LSLICEs
     Net uart_master_u6/reg_par_data_outce_4[20]: 1 loads, 1 LSLICEs
     Net uart_master_u6/N_97_i_0: 1 loads, 1 LSLICEs
     Net uart_master_u6/error_flag_0_sqmuxa: 4 loads, 4 LSLICEs
     Net uart_master_u6/data_counte: 3 loads, 3 LSLICEs
     Net uart_master_u6/bps_count_bite: 4 loads, 4 LSLICEs
     Net reg_par_data_outce_4[21]: 1 loads, 0 LSLICEs
     Net uart_master_u5/N_62_i: 1 loads, 1 LSLICEs
     Net uart_master_u5/reg_par_data_outce_3[0]: 1 loads, 1 LSLICEs
     Net uart_master_u5/reg_par_data_outce_3[1]: 1 loads, 1 LSLICEs
     Net uart_master_u5/reg_par_data_outce_3[2]: 1 loads, 1 LSLICEs
     Net uart_master_u5/reg_par_data_outce_3[4]: 1 loads, 1 LSLICEs
     Net uart_master_u5/reg_par_data_outce_3[5]: 1 loads, 1 LSLICEs
     Net uart_master_u5/reg_par_data_outce_3[6]: 1 loads, 1 LSLICEs
     Net uart_master_u5/reg_par_data_outce_3[7]: 1 loads, 1 LSLICEs
     Net uart_master_u5/reg_par_data_outce_3[8]: 1 loads, 1 LSLICEs
     Net uart_master_u5/reg_par_data_outce_3[9]: 1 loads, 1 LSLICEs
     Net uart_master_u5/reg_par_data_outce_3[10]: 1 loads, 1 LSLICEs
     Net uart_master_u5/reg_par_data_outce_3[19]: 1 loads, 1 LSLICEs
     Net uart_master_u5/reg_par_data_outce_3[20]: 1 loads, 1 LSLICEs
     Net uart_master_u5/N_97_i_0: 1 loads, 1 LSLICEs
     Net uart_master_u5/error_flag_0_sqmuxa: 4 loads, 4 LSLICEs
     Net uart_master_u5/data_counte: 3 loads, 3 LSLICEs
     Net uart_master_u5/bps_count_bite: 4 loads, 4 LSLICEs
     Net reg_par_data_outce_3[21]: 1 loads, 0 LSLICEs
     Net uart_master_u4/N_62_i: 1 loads, 1 LSLICEs
     Net uart_master_u4/reg_par_data_outce_2[0]: 1 loads, 1 LSLICEs
     Net uart_master_u4/reg_par_data_outce_2[1]: 1 loads, 1 LSLICEs
     Net uart_master_u4/reg_par_data_outce_2[2]: 1 loads, 1 LSLICEs
     Net uart_master_u4/reg_par_data_outce_2[4]: 1 loads, 1 LSLICEs
     Net uart_master_u4/reg_par_data_outce_2[5]: 1 loads, 1 LSLICEs
     Net uart_master_u4/reg_par_data_outce_2[6]: 1 loads, 1 LSLICEs
     Net uart_master_u4/reg_par_data_outce_2[7]: 1 loads, 1 LSLICEs
     Net uart_master_u4/reg_par_data_outce_2[8]: 1 loads, 1 LSLICEs
     Net uart_master_u4/reg_par_data_outce_2[9]: 1 loads, 1 LSLICEs
     Net uart_master_u4/reg_par_data_outce_2[10]: 1 loads, 1 LSLICEs
     Net uart_master_u4/reg_par_data_outce_2[19]: 1 loads, 1 LSLICEs
     Net uart_master_u4/reg_par_data_outce_2[20]: 1 loads, 1 LSLICEs
     Net uart_master_u4/N_97_i_0: 1 loads, 1 LSLICEs
     Net uart_master_u4/error_flag_0_sqmuxa: 4 loads, 4 LSLICEs
     Net uart_master_u4/data_counte: 3 loads, 3 LSLICEs
     Net uart_master_u4/bps_count_bite: 4 loads, 4 LSLICEs
     Net reg_par_data_outce_2[21]: 1 loads, 0 LSLICEs
     Net uart_master_u3/N_62_i: 1 loads, 1 LSLICEs
     Net uart_master_u3/reg_par_data_outce_1[0]: 1 loads, 1 LSLICEs
     Net uart_master_u3/reg_par_data_outce_1[1]: 1 loads, 1 LSLICEs
     Net uart_master_u3/reg_par_data_outce_1[2]: 1 loads, 1 LSLICEs
     Net uart_master_u3/reg_par_data_outce_1[4]: 1 loads, 1 LSLICEs
     Net uart_master_u3/reg_par_data_outce_1[5]: 1 loads, 1 LSLICEs
     Net uart_master_u3/reg_par_data_outce_1[6]: 1 loads, 1 LSLICEs
     Net uart_master_u3/reg_par_data_outce_1[7]: 1 loads, 1 LSLICEs
     Net uart_master_u3/reg_par_data_outce_1[8]: 1 loads, 1 LSLICEs
     Net uart_master_u3/reg_par_data_outce_1[9]: 1 loads, 1 LSLICEs
     Net uart_master_u3/reg_par_data_outce_1[10]: 1 loads, 1 LSLICEs
     Net uart_master_u3/reg_par_data_outce_1[19]: 1 loads, 1 LSLICEs
     Net uart_master_u3/reg_par_data_outce_1[20]: 1 loads, 1 LSLICEs
     Net uart_master_u3/N_97_i_0: 1 loads, 1 LSLICEs
     Net uart_master_u3/error_flag_0_sqmuxa: 4 loads, 4 LSLICEs
     Net uart_master_u3/data_counte: 3 loads, 3 LSLICEs
     Net uart_master_u3/bps_count_bite: 4 loads, 4 LSLICEs
     Net reg_par_data_outce_1[21]: 1 loads, 0 LSLICEs
     Net uart_master_u2/N_62_i: 1 loads, 1 LSLICEs
     Net uart_master_u2/reg_par_data_outce_0[0]: 1 loads, 1 LSLICEs
     Net uart_master_u2/reg_par_data_outce_0[1]: 1 loads, 1 LSLICEs
     Net uart_master_u2/reg_par_data_outce_0[2]: 1 loads, 1 LSLICEs
     Net uart_master_u2/reg_par_data_outce_0[4]: 1 loads, 1 LSLICEs
     Net uart_master_u2/reg_par_data_outce_0[5]: 1 loads, 1 LSLICEs
     Net uart_master_u2/reg_par_data_outce_0[6]: 1 loads, 1 LSLICEs
     Net uart_master_u2/reg_par_data_outce_0[7]: 1 loads, 1 LSLICEs
     Net uart_master_u2/reg_par_data_outce_0[8]: 1 loads, 1 LSLICEs
     Net uart_master_u2/reg_par_data_outce_0[9]: 1 loads, 1 LSLICEs
     Net uart_master_u2/reg_par_data_outce_0[10]: 1 loads, 1 LSLICEs
     Net uart_master_u2/reg_par_data_outce_0[19]: 1 loads, 1 LSLICEs
     Net uart_master_u2/reg_par_data_outce_0[20]: 1 loads, 1 LSLICEs
     Net uart_master_u2/N_97_i_0: 1 loads, 1 LSLICEs
     Net uart_master_u2/error_flag_0_sqmuxa: 4 loads, 4 LSLICEs
     Net uart_master_u2/data_counte: 3 loads, 3 LSLICEs
     Net uart_master_u2/bps_count_bite: 4 loads, 4 LSLICEs
     Net reg_par_data_outce_0[21]: 1 loads, 0 LSLICEs
     Net uart_master_u1/N_62_i: 1 loads, 1 LSLICEs
     Net uart_master_u1/reg_par_data_outce[0]: 1 loads, 1 LSLICEs
     Net uart_master_u1/reg_par_data_outce[1]: 1 loads, 1 LSLICEs
     Net uart_master_u1/reg_par_data_outce[2]: 1 loads, 1 LSLICEs
     Net uart_master_u1/reg_par_data_outce[4]: 1 loads, 1 LSLICEs
     Net uart_master_u1/reg_par_data_outce[5]: 1 loads, 1 LSLICEs
     Net uart_master_u1/reg_par_data_outce[6]: 1 loads, 1 LSLICEs
     Net uart_master_u1/reg_par_data_outce[7]: 1 loads, 1 LSLICEs
     Net uart_master_u1/reg_par_data_outce[8]: 1 loads, 1 LSLICEs
     Net uart_master_u1/reg_par_data_outce[9]: 1 loads, 1 LSLICEs
     Net uart_master_u1/reg_par_data_outce[10]: 1 loads, 1 LSLICEs
     Net uart_master_u1/reg_par_data_outce[19]: 1 loads, 1 LSLICEs
     Net uart_master_u1/reg_par_data_outce[20]: 1 loads, 1 LSLICEs
     Net uart_master_u1/N_97_i_0: 1 loads, 1 LSLICEs
     Net uart_master_u1/error_flag_0_sqmuxa: 4 loads, 4 LSLICEs
     Net uart_master_u1/data_counte: 3 loads, 3 LSLICEs
     Net uart_master_u1/bps_count_bite: 4 loads, 4 LSLICEs
     Net reg_par_data_outce[21]: 1 loads, 0 LSLICEs
     Net uart_master_u0/N_563_i: 1 loads, 1 LSLICEs
     Net uart_master_u0/N_135_i_0: 1 loads, 1 LSLICEs
     Net uart_master_u0/data_counte: 3 loads, 3 LSLICEs
     Net uart_master_u0/bps_count_bite: 4 loads, 4 LSLICEs
     Net uart_master_u00/N_607_i: 1 loads, 1 LSLICEs
     Net uart_master_u00/N_135_i_0: 1 loads, 1 LSLICEs
     Net uart_master_u00/data_counte: 3 loads, 3 LSLICEs
     Net uart_master_u00/bps_count_bite: 4 loads, 4 LSLICEs
     Net inst_slv_to_mb_p2s/cnte: 5 loads, 5 LSLICEs
     Net inst_mb_to_slv_s2p/po_rce[0]: 1 loads, 1 LSLICEs
     Net inst_mb_to_slv_s2p/po5: 11 loads, 11 LSLICEs
     Net inst_mb_to_slv_s2p/po_rce[1]: 1 loads, 1 LSLICEs
     Net inst_mb_to_slv_s2p/po_rce[2]: 1 loads, 1 LSLICEs
     Net inst_mb_to_slv_s2p/po_rce[3]: 1 loads, 1 LSLICEs
     Net inst_mb_to_slv_s2p/po_rce[5]: 1 loads, 1 LSLICEs
     Net inst_mb_to_slv_s2p/po_rce[10]: 1 loads, 1 LSLICEs
     Net inst_mb_to_slv_s2p/po_rce[12]: 1 loads, 1 LSLICEs
     Net inst_mb_to_slv_s2p/po_rce[16]: 1 loads, 1 LSLICEs
     Net inst_mb_to_slv_s2p/po_rce[20]: 1 loads, 1 LSLICEs
     Net inst_mb_to_slv_s2p/po_rce[23]: 1 loads, 1 LSLICEs
     Net inst_mb_to_slv_s2p/po_rce[24]: 1 loads, 1 LSLICEs
     Net inst_mb_to_slv_s2p/po_rce[25]: 1 loads, 1 LSLICEs
     Net inst_mb_to_slv_s2p/po_rce[26]: 1 loads, 1 LSLICEs
     Net inst_mb_to_slv_s2p/po_rce[27]: 1 loads, 1 LSLICEs
     Net inst_mb_to_slv_s2p/po_rce[28]: 1 loads, 1 LSLICEs
     Net inst_mb_to_slv_s2p/po_rce[29]: 1 loads, 1 LSLICEs
     Net inst_mb_to_slv_s2p/po_rce[30]: 1 loads, 1 LSLICEs
     Net inst_mb_to_slv_s2p/po_rce[196]: 1 loads, 1 LSLICEs
     Net inst_mb_to_slv_s2p/po_rce[197]: 1 loads, 1 LSLICEs
     Net inst_mb_to_slv_s2p/po_rce[198]: 1 loads, 1 LSLICEs
     Net inst_mb_to_slv_s2p/po_rce[199]: 1 loads, 1 LSLICEs
     Net inst_mb_to_slv_s2p/cnte: 5 loads, 5 LSLICEs
     Net timer_gen_inst/t1us_2: 3 loads, 3 LSLICEs
     Net timer_gen_inst/t32us_e: 7 loads, 7 LSLICEs
   Number of local set/reset loads for net pon_reset_n merged into GSR:  975
   Number of LSRs:  8
     Net un2_w_rst: 5 loads, 4 LSLICEs
     Net bmc_cpld_i2c_ram_u0/i2c_slave_bmc_u0/i2c_slave_basic0_u0/un2_w_rst_2: 2 loads, 2 LSLICEs
     Net un2_w_rst_3: 4 loads, 3 LSLICEs
     Net bmc_cpld_i2c_ram_u0/i2c_slave_bmc_u0/i2c_slave_basic0_u0/un2_w_rst_1: 2 loads, 2 LSLICEs
     Net bmc_cpld_i2c_ram_u0/i2c_slave_bmc_u0/o_i2c_start: 18 loads, 18 LSLICEs
     Net bmc_cpld_i2c_ram_u0/i2c_slave_bmc_u0/i2c_slave_basic0_u0/un1_w_rst_i: 44 loads, 44 LSLICEs
     Net pon_reset_inst/master_reset_n_i: 2 loads, 2 LSLICEs
     Net pll_inst/i_CPLD2_PROGRAM_N_c_i: 1 loads, 0 LSLICEs
   Number of nets driven by tri-state buffers:  0
   Top 10 highest fanout non-clock nets:
     Net t128ms_tick: 80 loads
     Net inst_slv_to_mb_p2s/cnt[2]: 71 loads
     Net bmc_cpld_i2c_ram_u0/w_WR: 69 loads
     Net inst_slv_to_mb_p2s/cnt[7]: 47 loads
     Net bmc_cpld_i2c_ram_u0/w_i2c_command[0]: 46 loads
     Net bmc_cpld_i2c_ram_u0/i2c_slave_bmc_u0/i2c_slave_basic0_u0/un1_w_rst_i: 44 loads
     Net bmc_cpld_i2c_ram_u0/w_i2c_command[5]: 44 loads
     Net inst_slv_to_mb_p2s/cnt[1]: 43 loads
     Net w_pal_p0_mciop0a_pwr_en: 40 loads
     Net bmc_cpld_i2c_ram_u0/N_1063: 36 loads
    <postMsg mid="1103805" type="Warning" dynamic="2" navigation="0" arg0="In &quot;LOCATE COMP &quot;io_I2C2_2_UPDATE_SDA&quot; SITE &quot;D11&quot; ;&quot;: " arg1="D11"  />
    <postMsg mid="1103805" type="Warning" dynamic="2" navigation="0" arg0="In &quot;LOCATE COMP &quot;io_I2C2_2_UPDATE_SCL&quot; SITE &quot;C11&quot; ;&quot;: " arg1="C11"  />
 

   Number of warnings:  15
   Number of errors:    0



Total CPU Time: 2 secs  
Total REAL Time: 2 secs  
Peak Memory Usage: 84 MB

Dumping design to file BM_H13DSP_S_impl1_map.ncd.

trce -f "BM_H13DSP_S_impl1.mt" -o "BM_H13DSP_S_impl1.tw1" "BM_H13DSP_S_impl1_map.ncd" "BM_H13DSP_S_impl1.prf"
trce:  version Diamond (64-bit) 3.14.0.75.2

Copyright (c) 1991-1994 by NeoCAD Inc. All rights reserved.
Copyright (c) 1995 AT&T Corp.   All rights reserved.
Copyright (c) 1995-2001 Lucent Technologies Inc.  All rights reserved.
Copyright (c) 2001 Agere Systems   All rights reserved.
Copyright (c) 2002-2024 Lattice Semiconductor Corporation,  All rights reserved.

Loading design for application trce from file bm_h13dsp_s_impl1_map.ncd.
Design name: BM_H13DSP_S
NCD version: 3.3
Vendor:      LATTICE
Device:      LCMXO3LF-6900C
Package:     CABGA400
Performance: 5
Loading device for application trce from file 'xo3c6900.nph' in environment: C:/lscc/diamond/3_14/ispfpga.
Package Status:                     Final          Version 1.17.
Performance Hardware Data Status:   Final          Version 37.5.
Setup and Hold Report

--------------------------------------------------------------------------------
Lattice TRACE Report - Setup, Version Diamond (64-bit) 3.14.0.75.2
Mon Nov 03 16:27:45 2025

Copyright (c) 1991-1994 by NeoCAD Inc. All rights reserved.
Copyright (c) 1995 AT&T Corp.   All rights reserved.
Copyright (c) 1995-2001 Lucent Technologies Inc.  All rights reserved.
Copyright (c) 2001 Agere Systems   All rights reserved.
Copyright (c) 2002-2024 Lattice Semiconductor Corporation,  All rights reserved.

Report Information
------------------
Command line:    trce -v 1 -gt -mapchkpnt 0 -sethld -o BM_H13DSP_S_impl1.tw1 -gui -msgset D:/ODM MB SWITCH_002_powerup_for_test/MB/09/BM_H13DSP_S/pro/promote.xml BM_H13DSP_S_impl1_map.ncd BM_H13DSP_S_impl1.prf 
Design file:     bm_h13dsp_s_impl1_map.ncd
Preference file: bm_h13dsp_s_impl1.prf
Device,speed:    LCMXO3LF-6900C,5
Report level:    verbose report, limited to 1 item per preference
--------------------------------------------------------------------------------

BLOCK ASYNCPATHS
BLOCK RESETPATHS
--------------------------------------------------------------------------------


Derating parameters
-------------------
VCCIO Voltage:
                   3.300 V (Bank 0, defined by PAR)
                   3.300 V (Bank 1, defined by PAR)
                   3.300 V (Bank 2, defined by PAR)
                   3.300 V (Bank 3, defined by PAR)
                   3.300 V (Bank 4, defined by PAR)
                   3.300 V (Bank 5, defined by PAR)



Timing summary (Setup):
---------------

Timing errors: 0  Score: 0
Cumulative negative slack: 0

Constraints cover 28537 paths, 4 nets, and 9594 connections (89.66% coverage)

--------------------------------------------------------------------------------
Lattice TRACE Report - Hold, Version Diamond (64-bit) 3.14.0.75.2
Mon Nov 03 16:27:46 2025

Copyright (c) 1991-1994 by NeoCAD Inc. All rights reserved.
Copyright (c) 1995 AT&T Corp.   All rights reserved.
Copyright (c) 1995-2001 Lucent Technologies Inc.  All rights reserved.
Copyright (c) 2001 Agere Systems   All rights reserved.
Copyright (c) 2002-2024 Lattice Semiconductor Corporation,  All rights reserved.

Report Information
------------------
Command line:    trce -v 1 -gt -mapchkpnt 0 -sethld -o BM_H13DSP_S_impl1.tw1 -gui -msgset D:/ODM MB SWITCH_002_powerup_for_test/MB/09/BM_H13DSP_S/pro/promote.xml BM_H13DSP_S_impl1_map.ncd BM_H13DSP_S_impl1.prf 
Design file:     bm_h13dsp_s_impl1_map.ncd
Preference file: bm_h13dsp_s_impl1.prf
Device,speed:    LCMXO3LF-6900C,M
Report level:    verbose report, limited to 1 item per preference
--------------------------------------------------------------------------------

BLOCK ASYNCPATHS
BLOCK RESETPATHS
--------------------------------------------------------------------------------


Derating parameters
-------------------
VCCIO Voltage:
                   3.300 V (Bank 0, defined by PAR)
                   3.300 V (Bank 1, defined by PAR)
                   3.300 V (Bank 2, defined by PAR)
                   3.300 V (Bank 3, defined by PAR)
                   3.300 V (Bank 4, defined by PAR)
                   3.300 V (Bank 5, defined by PAR)



Timing summary (Hold):
---------------

Timing errors: 0  Score: 0
Cumulative negative slack: 0

Constraints cover 28537 paths, 4 nets, and 9966 connections (93.13% coverage)



Timing summary (Setup and Hold):
---------------

Timing errors: 0 (setup), 0 (hold)
Score: 0 (setup), 0 (hold)
Cumulative negative slack: 0 (0+0)
--------------------------------------------------------------------------------

--------------------------------------------------------------------------------

Total CPU Time: 1 secs 
Total REAL Time: 2 secs 
Peak Memory Usage: 85 MB


mpartrce -p "BM_H13DSP_S_impl1.p2t" -f "BM_H13DSP_S_impl1.p3t" -tf "BM_H13DSP_S_impl1.pt" "BM_H13DSP_S_impl1_map.ncd" "BM_H13DSP_S_impl1.ncd"

---- MParTrce Tool ----
Removing old design directory at request of -rem command line option to this program.
Running par. Please wait . . .

Lattice Place and Route Report for Design "BM_H13DSP_S_impl1_map.ncd"
Mon Nov 03 16:27:46 2025

PAR: Place And Route Diamond (64-bit) 3.14.0.75.2.
Command Line: par -w -l 5 -i 6 -t 1 -c 0 -e 0 -gui -msgset "D:/ODM MB SWITCH_002_powerup_for_test/MB/09/BM_H13DSP_S/pro/promote.xml" -exp parUseNBR=1:parCDP=0:parCDR=0:parPathBased=OFF:parASE=1 BM_H13DSP_S_impl1_map.ncd BM_H13DSP_S_impl1.dir/5_1.ncd BM_H13DSP_S_impl1.prf
Preference file: BM_H13DSP_S_impl1.prf.
Placement level-cost: 5-1.
Routing Iterations: 6

Loading design for application par from file BM_H13DSP_S_impl1_map.ncd.
Design name: BM_H13DSP_S
NCD version: 3.3
Vendor:      LATTICE
Device:      LCMXO3LF-6900C
Package:     CABGA400
Performance: 5
Loading device for application par from file 'xo3c6900.nph' in environment: C:/lscc/diamond/3_14/ispfpga.
Package Status:                     Final          Version 1.17.
Performance Hardware Data Status:   Final          Version 37.5.
License checked out.


Ignore Preference Error(s):  True
Device utilization summary:

   PIO (prelim)  285+4(JTAG)/336     86% used
                 285+4(JTAG)/336     86% bonded
   IOLOGIC           32/336           9% used

   SLICE           1167/3432         34% used

   GSR                1/1           100% used
   OSC                1/1           100% used
   PLL                1/2            50% used
   EFB                1/1           100% used


Number of Signals: 3922
Number of Connections: 10701

Pin Constraint Summary:
   283 out of 285 pins locked (99% locked).

    <postMsg mid="61091050" type="Warning" dynamic="4" navigation="0" arg0="i_CLK_PAL2_IN_25M" arg1="pll_inst/PLLInst_0" arg2="U1" arg3="PL22A"  />
The following 2 signals are selected to use the primary clock routing resources:
    clk_50m (driver: pll_inst/PLLInst_0, clk load #: 765)
    clk_25m (driver: pll_inst/PLLInst_0, clk load #: 152)


The following 5 signals are selected to use the secondary clock routing resources:
    bmc_cpld_i2c_ram_u0/i2c_slave_bmc_u0/i2c_slave_basic0_u0/un1_w_rst_i (driver: SLICE_1598, clk load #: 0, sr load #: 44, ce load #: 0)
    bmc_cpld_i2c_ram_u0/i2c_slave_bmc_u0/o_i2c_start (driver: bmc_cpld_i2c_ram_u0/i2c_slave_bmc_u0/i2c_slave_basic0_u0/SLICE_285, clk load #: 0, sr load #: 18, ce load #: 0)
    bmc_cpld_i2c_ram_u0/i2c_slave_bmc_u0/w_i2c_command_1_i (driver: bmc_cpld_i2c_ram_u0/i2c_slave_bmc_u0/SLICE_1025, clk load #: 8, sr load #: 0, ce load #: 0)
    mcpld_to_scpld_data_filter4 (driver: SLICE_1015, clk load #: 0, sr load #: 0, ce load #: 11)
    inst_mb_to_slv_s2p/po5 (driver: SLICE_1379, clk load #: 0, sr load #: 0, ce load #: 11)

Signal pon_reset_n is selected as Global Set/Reset.
Starting Placer Phase 0.
..........
Finished Placer Phase 0.  REAL time: 4 secs 

Starting Placer Phase 1.
......................
Placer score = 756544.
Finished Placer Phase 1.  REAL time: 9 secs 

Starting Placer Phase 2.
.
Placer score =  749070
Finished Placer Phase 2.  REAL time: 10 secs 


------------------ Clock Report ------------------

Global Clock Resources:
  CLK_PIN    : 0 out of 8 (0%)
  PLL        : 1 out of 2 (50%)
  DCM        : 0 out of 2 (0%)
  DCC        : 0 out of 8 (0%)

Global Clocks:
  PRIMARY "clk_50m" from CLKOP on comp "pll_inst/PLLInst_0" on PLL site "LPLL", clk load = 765
  PRIMARY "clk_25m" from CLKOS on comp "pll_inst/PLLInst_0" on PLL site "LPLL", clk load = 152
  SECONDARY "bmc_cpld_i2c_ram_u0/i2c_slave_bmc_u0/i2c_slave_basic0_u0/un1_w_rst_i" from F1 on comp "SLICE_1598" on site "R21C18B", clk load = 0, ce load = 0, sr load = 44
  SECONDARY "bmc_cpld_i2c_ram_u0/i2c_slave_bmc_u0/o_i2c_start" from Q0 on comp "bmc_cpld_i2c_ram_u0/i2c_slave_bmc_u0/i2c_slave_basic0_u0/SLICE_285" on site "R14C20A", clk load = 0, ce load = 0, sr load = 18
  SECONDARY "bmc_cpld_i2c_ram_u0/i2c_slave_bmc_u0/w_i2c_command_1_i" from F1 on comp "bmc_cpld_i2c_ram_u0/i2c_slave_bmc_u0/SLICE_1025" on site "R14C20B", clk load = 8, ce load = 0, sr load = 0
  SECONDARY "mcpld_to_scpld_data_filter4" from F1 on comp "SLICE_1015" on site "R14C20D", clk load = 0, ce load = 11, sr load = 0
  SECONDARY "inst_mb_to_slv_s2p/po5" from F0 on comp "SLICE_1379" on site "R14C20C", clk load = 0, ce load = 11, sr load = 0

  PRIMARY  : 2 out of 8 (25%)
  SECONDARY: 5 out of 8 (62%)

Edge Clocks:
  No edge clock selected.

--------------- End of Clock Report ---------------


I/O Usage Summary (final):
   285 + 4(JTAG) out of 336 (86.0%) PIO sites used.
   285 + 4(JTAG) out of 336 (86.0%) bonded PIO sites used.
   Number of PIO comps: 285; differential: 0.
   Number of Vref pins used: 0.

I/O Bank Usage Summary:
+----------+----------------+------------+-----------+
| I/O Bank | Usage          | Bank Vccio | Bank Vref |
+----------+----------------+------------+-----------+
| 0        | 63 / 84 ( 75%) | 3.3V       | -         |
| 1        | 66 / 84 ( 78%) | 3.3V       | -         |
| 2        | 77 / 84 ( 91%) | 3.3V       | -         |
| 3        | 24 / 28 ( 85%) | 3.3V       | -         |
| 4        | 24 / 24 (100%) | 3.3V       | -         |
| 5        | 31 / 32 ( 96%) | 3.3V       | -         |
+----------+----------------+------------+-----------+

Total placer CPU time: 9 secs 

Dumping design to file BM_H13DSP_S_impl1.dir/5_1.ncd.

0 connections routed; 10701 unrouted.
Starting router resource preassignment
    <postMsg mid="62061005" type="Warning" dynamic="2" navigation="0" arg0="CLKI" arg1="i_CLK_PAL2_IN_25M_c"  />

    <postMsg mid="66011008" type="Warning" dynamic="1" navigation="0" arg0="&#xA;   Signal=wb_clk loads=1 clock_loads=1&#xA;   Signal=bmc_cpld_i2c_ram_u0/i2c_slave_bmc_u0/i2c_slave_basic0_u0/un2_w_rst_2 loads=4 clock_loads=2&#xA;   Signal=bmc_cpld_i2c_ram_u0/i2c_slave_bmc_u0/i2c_slave_basic0_u0/un2_w_rst_1 loads=4 clock_loads=2"  />

Completed router resource preassignment. Real time: 36 secs 

Start NBR router at 16:28:22 11/03/25

*****************************************************************
Info: NBR allows conflicts(one node used by more than one signal)
      in the earlier iterations. In each iteration, it tries to  
      solve the conflicts while keeping the critical connections 
      routed as short as possible. The routing process is said to
      be completed when no conflicts exist and all connections   
      are routed.                                                
Note: NBR uses a different method to calculate timing slacks. The
      worst slack and total negative slack may not be the same as
      that in TRCE report. You should always run TRCE to verify  
      your design.                                               
*****************************************************************

Start NBR special constraint process at 16:28:22 11/03/25

Start NBR section for initial routing at 16:28:23 11/03/25
Level 1, iteration 1
0(0.00%) conflict; 8701(81.31%) untouched conns; 0 (nbr) score; 
Estimated worst slack/total negative slack<setup>: 6.178ns/0.000ns; real time: 37 secs 
Level 2, iteration 1
0(0.00%) conflict; 8696(81.26%) untouched conns; 0 (nbr) score; 
Estimated worst slack/total negative slack<setup>: 7.761ns/0.000ns; real time: 37 secs 
Level 3, iteration 1
0(0.00%) conflict; 8694(81.24%) untouched conns; 0 (nbr) score; 
Estimated worst slack/total negative slack<setup>: 7.647ns/0.000ns; real time: 38 secs 
Level 4, iteration 1
336(0.09%) conflicts; 0(0.00%) untouched conn; 0 (nbr) score; 
Estimated worst slack/total negative slack<setup>: 8.437ns/0.000ns; real time: 39 secs 

Info: Initial congestion level at 75% usage is 0
Info: Initial congestion area  at 75% usage is 0 (0.00%)

Start NBR section for normal routing at 16:28:25 11/03/25
Level 4, iteration 1
202(0.05%) conflicts; 0(0.00%) untouched conn; 0 (nbr) score; 
Estimated worst slack/total negative slack<setup>: 8.437ns/0.000ns; real time: 39 secs 
Level 4, iteration 2
103(0.03%) conflicts; 0(0.00%) untouched conn; 0 (nbr) score; 
Estimated worst slack/total negative slack<setup>: 8.431ns/0.000ns; real time: 40 secs 
Level 4, iteration 3
60(0.02%) conflicts; 0(0.00%) untouched conn; 0 (nbr) score; 
Estimated worst slack/total negative slack<setup>: 8.431ns/0.000ns; real time: 40 secs 
Level 4, iteration 4
32(0.01%) conflicts; 0(0.00%) untouched conn; 0 (nbr) score; 
Estimated worst slack/total negative slack<setup>: 8.431ns/0.000ns; real time: 40 secs 
Level 4, iteration 5
18(0.00%) conflicts; 0(0.00%) untouched conn; 0 (nbr) score; 
Estimated worst slack/total negative slack<setup>: 8.431ns/0.000ns; real time: 40 secs 
Level 4, iteration 6
8(0.00%) conflicts; 0(0.00%) untouched conn; 0 (nbr) score; 
Estimated worst slack/total negative slack<setup>: 8.431ns/0.000ns; real time: 40 secs 
Level 4, iteration 7
6(0.00%) conflicts; 0(0.00%) untouched conn; 0 (nbr) score; 
Estimated worst slack/total negative slack<setup>: 8.431ns/0.000ns; real time: 41 secs 
Level 4, iteration 8
4(0.00%) conflicts; 0(0.00%) untouched conn; 0 (nbr) score; 
Estimated worst slack/total negative slack<setup>: 8.431ns/0.000ns; real time: 41 secs 
Level 4, iteration 9
3(0.00%) conflicts; 0(0.00%) untouched conn; 0 (nbr) score; 
Estimated worst slack/total negative slack<setup>: 8.431ns/0.000ns; real time: 41 secs 
Level 4, iteration 10
3(0.00%) conflicts; 0(0.00%) untouched conn; 0 (nbr) score; 
Estimated worst slack/total negative slack<setup>: 8.431ns/0.000ns; real time: 41 secs 
Level 4, iteration 11
3(0.00%) conflicts; 0(0.00%) untouched conn; 0 (nbr) score; 
Estimated worst slack/total negative slack<setup>: 8.431ns/0.000ns; real time: 41 secs 
Level 4, iteration 12
2(0.00%) conflicts; 0(0.00%) untouched conn; 0 (nbr) score; 
Estimated worst slack/total negative slack<setup>: 8.431ns/0.000ns; real time: 41 secs 
Level 4, iteration 13
1(0.00%) conflict; 0(0.00%) untouched conn; 0 (nbr) score; 
Estimated worst slack/total negative slack<setup>: 8.431ns/0.000ns; real time: 41 secs 
Level 4, iteration 14
1(0.00%) conflict; 0(0.00%) untouched conn; 0 (nbr) score; 
Estimated worst slack/total negative slack<setup>: 8.431ns/0.000ns; real time: 41 secs 
Level 4, iteration 15
1(0.00%) conflict; 0(0.00%) untouched conn; 0 (nbr) score; 
Estimated worst slack/total negative slack<setup>: 8.431ns/0.000ns; real time: 41 secs 
Level 4, iteration 16
1(0.00%) conflict; 0(0.00%) untouched conn; 0 (nbr) score; 
Estimated worst slack/total negative slack<setup>: 8.431ns/0.000ns; real time: 41 secs 
Level 4, iteration 17
0(0.00%) conflict; 0(0.00%) untouched conn; 0 (nbr) score; 
Estimated worst slack/total negative slack<setup>: 8.431ns/0.000ns; real time: 42 secs 

Start NBR section for setup/hold timing optimization with effort level 3 at 16:28:28 11/03/25

Start NBR section for re-routing at 16:28:28 11/03/25
Level 4, iteration 1
0(0.00%) conflict; 0(0.00%) untouched conn; 0 (nbr) score; 
Estimated worst slack/total negative slack<setup>: 8.431ns/0.000ns; real time: 42 secs 

Start NBR section for post-routing at 16:28:28 11/03/25

End NBR router with 0 unrouted connection

NBR Summary
-----------
  Number of unrouted connections : 0 (0.00%)
  Number of connections with timing violations : 0 (0.00%)
  Estimated worst slack<setup> : 8.431ns
  Timing score<setup> : 0
-----------
Notes: The timing info is calculated for SETUP only and all PAR_ADJs are ignored.



    <postMsg mid="66011008" type="Warning" dynamic="1" navigation="0" arg0="&#xA;   Signal=wb_clk loads=1 clock_loads=1&#xA;   Signal=bmc_cpld_i2c_ram_u0/i2c_slave_bmc_u0/i2c_slave_basic0_u0/un2_w_rst_2 loads=4 clock_loads=2&#xA;   Signal=bmc_cpld_i2c_ram_u0/i2c_slave_bmc_u0/i2c_slave_basic0_u0/un2_w_rst_1 loads=4 clock_loads=2"  />

Total CPU time 43 secs 
Total REAL time: 45 secs 
Completely routed.
End of route.  10701 routed (100.00%); 0 unrouted.

Hold time timing score: 0, hold timing errors: 0

Timing score: 0 

Dumping design to file BM_H13DSP_S_impl1.dir/5_1.ncd.


PAR_SUMMARY::Run status = Completed
PAR_SUMMARY::Number of unrouted conns = 0
PAR_SUMMARY::Worst  slack<setup/<ns>> = 8.431
PAR_SUMMARY::Timing score<setup/<ns>> = 0.000
PAR_SUMMARY::Worst  slack<hold /<ns>> = 0.303
PAR_SUMMARY::Timing score<hold /<ns>> = 0.000
PAR_SUMMARY::Number of errors = 0

Total CPU  time to completion: 43 secs 
Total REAL time to completion: 45 secs 

par done!

Note: user must run 'Trace' for timing closure signoff.

Copyright (c) 1991-1994 by NeoCAD Inc. All rights reserved.
Copyright (c) 1995 AT&T Corp.   All rights reserved.
Copyright (c) 1995-2001 Lucent Technologies Inc.  All rights reserved.
Copyright (c) 2001 Agere Systems   All rights reserved.
Copyright (c) 2002-2024 Lattice Semiconductor Corporation,  All rights reserved.
Exiting par with exit code 0
Exiting mpartrce with exit code 0

trce -f "BM_H13DSP_S_impl1.pt" -o "BM_H13DSP_S_impl1.twr" "BM_H13DSP_S_impl1.ncd" "BM_H13DSP_S_impl1.prf"
trce:  version Diamond (64-bit) 3.14.0.75.2

Copyright (c) 1991-1994 by NeoCAD Inc. All rights reserved.
Copyright (c) 1995 AT&T Corp.   All rights reserved.
Copyright (c) 1995-2001 Lucent Technologies Inc.  All rights reserved.
Copyright (c) 2001 Agere Systems   All rights reserved.
Copyright (c) 2002-2024 Lattice Semiconductor Corporation,  All rights reserved.

Loading design for application trce from file bm_h13dsp_s_impl1.ncd.
Design name: BM_H13DSP_S
NCD version: 3.3
Vendor:      LATTICE
Device:      LCMXO3LF-6900C
Package:     CABGA400
Performance: 5
Loading device for application trce from file 'xo3c6900.nph' in environment: C:/lscc/diamond/3_14/ispfpga.
Package Status:                     Final          Version 1.17.
Performance Hardware Data Status:   Final          Version 37.5.
Setup and Hold Report

--------------------------------------------------------------------------------
Lattice TRACE Report - Setup, Version Diamond (64-bit) 3.14.0.75.2
Mon Nov 03 16:28:32 2025

Copyright (c) 1991-1994 by NeoCAD Inc. All rights reserved.
Copyright (c) 1995 AT&T Corp.   All rights reserved.
Copyright (c) 1995-2001 Lucent Technologies Inc.  All rights reserved.
Copyright (c) 2001 Agere Systems   All rights reserved.
Copyright (c) 2002-2024 Lattice Semiconductor Corporation,  All rights reserved.

Report Information
------------------
Command line:    trce -v 10 -gt -sethld -sp 5 -sphld m -o BM_H13DSP_S_impl1.twr -gui -msgset D:/ODM MB SWITCH_002_powerup_for_test/MB/09/BM_H13DSP_S/pro/promote.xml BM_H13DSP_S_impl1.ncd BM_H13DSP_S_impl1.prf 
Design file:     bm_h13dsp_s_impl1.ncd
Preference file: bm_h13dsp_s_impl1.prf
Device,speed:    LCMXO3LF-6900C,5
Report level:    verbose report, limited to 10 items per preference
--------------------------------------------------------------------------------

BLOCK ASYNCPATHS
BLOCK RESETPATHS
--------------------------------------------------------------------------------


Derating parameters
-------------------
VCCIO Voltage:
                   3.300 V (Bank 0, defined by PAR)
                   3.300 V (Bank 1, defined by PAR)
                   3.300 V (Bank 2, defined by PAR)
                   3.300 V (Bank 3, defined by PAR)
                   3.300 V (Bank 4, defined by PAR)
                   3.300 V (Bank 5, defined by PAR)



Timing summary (Setup):
---------------

Timing errors: 0  Score: 0
Cumulative negative slack: 0

Constraints cover 28537 paths, 4 nets, and 9966 connections (93.13% coverage)

--------------------------------------------------------------------------------
Lattice TRACE Report - Hold, Version Diamond (64-bit) 3.14.0.75.2
Mon Nov 03 16:28:32 2025

Copyright (c) 1991-1994 by NeoCAD Inc. All rights reserved.
Copyright (c) 1995 AT&T Corp.   All rights reserved.
Copyright (c) 1995-2001 Lucent Technologies Inc.  All rights reserved.
Copyright (c) 2001 Agere Systems   All rights reserved.
Copyright (c) 2002-2024 Lattice Semiconductor Corporation,  All rights reserved.

Report Information
------------------
Command line:    trce -v 10 -gt -sethld -sp 5 -sphld m -o BM_H13DSP_S_impl1.twr -gui -msgset D:/ODM MB SWITCH_002_powerup_for_test/MB/09/BM_H13DSP_S/pro/promote.xml BM_H13DSP_S_impl1.ncd BM_H13DSP_S_impl1.prf 
Design file:     bm_h13dsp_s_impl1.ncd
Preference file: bm_h13dsp_s_impl1.prf
Device,speed:    LCMXO3LF-6900C,m
Report level:    verbose report, limited to 10 items per preference
--------------------------------------------------------------------------------

BLOCK ASYNCPATHS
BLOCK RESETPATHS
--------------------------------------------------------------------------------


Derating parameters
-------------------
VCCIO Voltage:
                   3.300 V (Bank 0, defined by PAR)
                   3.300 V (Bank 1, defined by PAR)
                   3.300 V (Bank 2, defined by PAR)
                   3.300 V (Bank 3, defined by PAR)
                   3.300 V (Bank 4, defined by PAR)
                   3.300 V (Bank 5, defined by PAR)



Timing summary (Hold):
---------------

Timing errors: 0  Score: 0
Cumulative negative slack: 0

Constraints cover 28537 paths, 4 nets, and 9965 connections (93.12% coverage)



Timing summary (Setup and Hold):
---------------

Timing errors: 0 (setup), 0 (hold)
Score: 0 (setup), 0 (hold)
Cumulative negative slack: 0 (0+0)
--------------------------------------------------------------------------------

--------------------------------------------------------------------------------

Total CPU Time: 1 secs 
Total REAL Time: 0 secs 
Peak Memory Usage: 87 MB


iotiming  "BM_H13DSP_S_impl1.ncd" "BM_H13DSP_S_impl1.prf"
I/O Timing Report:
:  version Diamond (64-bit) 3.14.0.75.2

Copyright (c) 1991-1994 by NeoCAD Inc. All rights reserved.
Copyright (c) 1995 AT&T Corp.   All rights reserved.
Copyright (c) 1995-2001 Lucent Technologies Inc.  All rights reserved.
Copyright (c) 2001 Agere Systems   All rights reserved.
Copyright (c) 2002-2024 Lattice Semiconductor Corporation,  All rights reserved.

Loading design for application iotiming from file bm_h13dsp_s_impl1.ncd.
Design name: BM_H13DSP_S
NCD version: 3.3
Vendor:      LATTICE
Device:      LCMXO3LF-6900C
Package:     CABGA400
Performance: 5
Loading device for application iotiming from file 'xo3c6900.nph' in environment: C:/lscc/diamond/3_14/ispfpga.
Package Status:                     Final          Version 1.17.
Performance Hardware Data Status:   Final          Version 37.5.
Running Performance Grade: 5
Computing Setup Time ...
Computing Max Clock to Output Delay ...
Computing Hold Time ...
Computing Min Clock to Output Delay ...

Loading design for application iotiming from file bm_h13dsp_s_impl1.ncd.
Design name: BM_H13DSP_S
NCD version: 3.3
Vendor:      LATTICE
Device:      LCMXO3LF-6900C
Package:     CABGA400
Performance: 6
Package Status:                     Final          Version 1.17.
Performance Hardware Data Status:   Final          Version 37.5.
Running Performance Grade: 6
Computing Setup Time ...
Computing Max Clock to Output Delay ...
Computing Hold Time ...
Computing Min Clock to Output Delay ...

Loading design for application iotiming from file bm_h13dsp_s_impl1.ncd.
Design name: BM_H13DSP_S
NCD version: 3.3
Vendor:      LATTICE
Device:      LCMXO3LF-6900C
Package:     CABGA400
Performance: M
Package Status:                     Final          Version 1.17.
Performance Hardware Data Status:   Final          Version 37.5.
Running Performance Grade: M
Computing Setup Time ...
Computing Max Clock to Output Delay ...
Computing Hold Time ...
Computing Min Clock to Output Delay ...
Done.

ibisgen "BM_H13DSP_S_impl1.pad" "C:/lscc/diamond/3_14/cae_library/ibis/machxo3l.ibs"   
IBIS Models Generator: Lattice Diamond (64-bit) 3.14.0.75.2

Mon Nov 03 16:28:36 2025

Comp: i_BOARD_ID0
 Site: N1
 Type: IN
 IO_TYPE=LVCMOS33 
 CLAMP=ON 
 HYSTERESIS=SMALL 
-----------------------
Comp: i_BOARD_ID1
 Site: L1
 Type: IN
 IO_TYPE=LVCMOS33 
 CLAMP=ON 
 HYSTERESIS=SMALL 
-----------------------
Comp: i_BOARD_ID2
 Site: K1
 Type: IN
 IO_TYPE=LVCMOS33 
 CLAMP=ON 
 HYSTERESIS=SMALL 
-----------------------
Comp: i_BOARD_ID3
 Site: J1
 Type: IN
 IO_TYPE=LVCMOS33 
 CLAMP=ON 
 HYSTERESIS=SMALL 
-----------------------
Comp: i_BREAK_DET1_DO_N
 Site: J6
 Type: IN
 IO_TYPE=LVCMOS33 
 CLAMP=ON 
 HYSTERESIS=SMALL 
-----------------------
Comp: i_BREAK_DET_DO_N
 Site: F17
 Type: IN
 IO_TYPE=LVCMOS33 
 CLAMP=ON 
 HYSTERESIS=SMALL 
-----------------------
Comp: i_CLK_PAL2_IN_25M
 Site: U1
 Type: IN
 IO_TYPE=LVCMOS33 
 CLAMP=ON 
 HYSTERESIS=SMALL 
-----------------------
Comp: i_CPLD2_DONE
 Site: A19
 Type: IN
 IO_TYPE=LVCMOS33 
 CLAMP=ON 
 HYSTERESIS=SMALL 
-----------------------
Comp: i_CPLD2_HOLD_N_R
 Site: K18
 Type: IN
 IO_TYPE=LVCMOS33 
 CLAMP=ON 
 HYSTERESIS=SMALL 
-----------------------
Comp: i_CPLD2_INIT_N
 Site: C17
 Type: IN
 IO_TYPE=LVCMOS33 
 CLAMP=ON 
 HYSTERESIS=SMALL 
-----------------------
Comp: i_CPLD2_PROGRAM_N
 Site: D13
 Type: IN
 IO_TYPE=LVCMOS33 
 CLAMP=ON 
 HYSTERESIS=SMALL 
-----------------------
Comp: i_CPLD2_SN
 Site: Y20
 Type: IN
 IO_TYPE=LVCMOS33 
 CLAMP=ON 
 HYSTERESIS=SMALL 
-----------------------
Comp: i_CPLD_SGPIO0_CLK
 Site: L20
 Type: IN
 IO_TYPE=LVCMOS33 
 CLAMP=ON 
 HYSTERESIS=SMALL 
-----------------------
Comp: i_CPLD_SGPIO0_LD_N
 Site: M20
 Type: IN
 IO_TYPE=LVCMOS33 
 CLAMP=ON 
 HYSTERESIS=SMALL 
-----------------------
Comp: i_CPLD_SGPIO0_MOSI
 Site: M19
 Type: IN
 IO_TYPE=LVCMOS33 
 CLAMP=ON 
 HYSTERESIS=SMALL 
-----------------------
Comp: i_CPLD_SGPIO1_CLK
 Site: N20
 Type: IN
 IO_TYPE=LVCMOS33 
 CLAMP=ON 
 HYSTERESIS=SMALL 
-----------------------
Comp: i_CPLD_SGPIO1_LD_N
 Site: L19
 Type: IN
 IO_TYPE=LVCMOS33 
 CLAMP=ON 
 HYSTERESIS=SMALL 
-----------------------
Comp: i_CPLD_SGPIO1_MOSI
 Site: P20
 Type: IN
 IO_TYPE=LVCMOS33 
 CLAMP=ON 
 HYSTERESIS=SMALL 
-----------------------
Comp: i_HDR_PAL2_N
 Site: B9
 Type: IN
 IO_TYPE=LVCMOS33 
 CLAMP=ON 
 HYSTERESIS=SMALL 
-----------------------
Comp: i_I2C2_PAL2_SCL
 Site: A18
 Type: IN
 IO_TYPE=LVCMOS33 
 CLAMP=ON 
 HYSTERESIS=SMALL 
-----------------------
Comp: i_JTAG_BMC_TRST_R
 Site: G10
 Type: IN
 IO_TYPE=LVCMOS33 
 CLAMP=ON 
 HYSTERESIS=SMALL 
-----------------------
Comp: i_LEAKAGE_DET1_DO_N
 Site: K7
 Type: IN
 IO_TYPE=LVCMOS33 
 CLAMP=ON 
 HYSTERESIS=SMALL 
-----------------------
Comp: i_LEAKAGE_DET_DO_N
 Site: C16
 Type: IN
 IO_TYPE=LVCMOS33 
 CLAMP=ON 
 HYSTERESIS=SMALL 
-----------------------
Comp: i_LEAKAGE_PRSNT1_N
 Site: J5
 Type: IN
 IO_TYPE=LVCMOS33 
 CLAMP=ON 
 HYSTERESIS=SMALL 
-----------------------
Comp: i_LEAKAGE_PRSNT_N
 Site: D14
 Type: IN
 IO_TYPE=LVCMOS33 
 CLAMP=ON 
 HYSTERESIS=SMALL 
-----------------------
Comp: i_P0_MCIOG3A_CB_ID0_R
 Site: F18
 Type: IN
 IO_TYPE=LVCMOS33 
 CLAMP=ON 
 HYSTERESIS=SMALL 
-----------------------
Comp: i_P0_MCIOG3A_CB_ID1_R
 Site: G17
 Type: IN
 IO_TYPE=LVCMOS33 
 CLAMP=ON 
 HYSTERESIS=SMALL 
-----------------------
Comp: i_P0_MCIOG3A_NVME0_PRSNT_N_R
 Site: C12
 Type: IN
 IO_TYPE=LVCMOS33 
 CLAMP=ON 
 HYSTERESIS=SMALL 
-----------------------
Comp: i_P0_MCIOG3A_NVME1_PRSNT_N_R
 Site: E17
 Type: IN
 IO_TYPE=LVCMOS33 
 CLAMP=ON 
 HYSTERESIS=SMALL 
-----------------------
Comp: i_P0_MCIOG3A_WAKE_N_R
 Site: G19
 Type: IN
 IO_TYPE=LVCMOS33 
 CLAMP=ON 
 HYSTERESIS=SMALL 
-----------------------
Comp: i_P0_MCIOG3C_CB_ID0_R
 Site: C19
 Type: IN
 IO_TYPE=LVCMOS33 
 CLAMP=ON 
 HYSTERESIS=SMALL 
-----------------------
Comp: i_P0_MCIOG3C_CB_ID1_R
 Site: C14
 Type: IN
 IO_TYPE=LVCMOS33 
 CLAMP=ON 
 HYSTERESIS=SMALL 
-----------------------
Comp: i_P0_MCIOG3C_NVME0_PRSNT_N_R
 Site: D6
 Type: IN
 IO_TYPE=LVCMOS33 
 CLAMP=ON 
 HYSTERESIS=SMALL 
-----------------------
Comp: i_P0_MCIOG3C_NVME1_PRSNT_N_R
 Site: E19
 Type: IN
 IO_TYPE=LVCMOS33 
 CLAMP=ON 
 HYSTERESIS=SMALL 
-----------------------
Comp: i_P0_MCIOG3C_WAKE_N_R
 Site: D19
 Type: IN
 IO_TYPE=LVCMOS33 
 CLAMP=ON 
 HYSTERESIS=SMALL 
-----------------------
Comp: i_P0_MCIOP0A_CB_ID0_R
 Site: W2
 Type: IN
 IO_TYPE=LVCMOS33 
 CLAMP=ON 
 HYSTERESIS=SMALL 
-----------------------
Comp: i_P0_MCIOP0A_CB_ID1_R
 Site: W4
 Type: IN
 IO_TYPE=LVCMOS33 
 CLAMP=ON 
 HYSTERESIS=SMALL 
-----------------------
Comp: i_P0_MCIOP0A_DATAIN
 Site: Y3
 Type: IN
 IO_TYPE=LVCMOS33 
 CLAMP=ON 
 HYSTERESIS=SMALL 
-----------------------
Comp: i_P0_MCIOP0A_NVME0_PRSNT_N_R
 Site: Y4
 Type: IN
 IO_TYPE=LVCMOS33 
 CLAMP=ON 
 HYSTERESIS=SMALL 
-----------------------
Comp: i_P0_MCIOP0A_NVME1_PRSNT_N_R
 Site: W5
 Type: IN
 IO_TYPE=LVCMOS33 
 CLAMP=ON 
 HYSTERESIS=SMALL 
-----------------------
Comp: i_P0_MCIOP0A_WAKE_N_R
 Site: Y2
 Type: IN
 IO_TYPE=LVCMOS33 
 CLAMP=ON 
 HYSTERESIS=SMALL 
-----------------------
Comp: i_P0_MCIOP0C_CB_ID0_R
 Site: Y6
 Type: IN
 IO_TYPE=LVCMOS33 
 CLAMP=ON 
 HYSTERESIS=SMALL 
-----------------------
Comp: i_P0_MCIOP0C_CB_ID1_R
 Site: Y8
 Type: IN
 IO_TYPE=LVCMOS33 
 CLAMP=ON 
 HYSTERESIS=SMALL 
-----------------------
Comp: i_P0_MCIOP0C_NVME0_PRSNT_N_R
 Site: W9
 Type: IN
 IO_TYPE=LVCMOS33 
 CLAMP=ON 
 HYSTERESIS=SMALL 
-----------------------
Comp: i_P0_MCIOP0C_NVME1_PRSNT_N_R
 Site: V17
 Type: IN
 IO_TYPE=LVCMOS33 
 CLAMP=ON 
 HYSTERESIS=SMALL 
-----------------------
Comp: i_P0_MCIOP0C_WAKE_N_R
 Site: W7
 Type: IN
 IO_TYPE=LVCMOS33 
 CLAMP=ON 
 HYSTERESIS=SMALL 
-----------------------
Comp: i_P0_MCIOP1A_CB_ID0_R
 Site: Y10
 Type: IN
 IO_TYPE=LVCMOS33 
 CLAMP=ON 
 HYSTERESIS=SMALL 
-----------------------
Comp: i_P0_MCIOP1A_CB_ID1_R
 Site: W13
 Type: IN
 IO_TYPE=LVCMOS33 
 CLAMP=ON 
 HYSTERESIS=SMALL 
-----------------------
Comp: i_P0_MCIOP1A_NVME0_PRSNT_N_R
 Site: Y13
 Type: IN
 IO_TYPE=LVCMOS33 
 CLAMP=ON 
 HYSTERESIS=SMALL 
-----------------------
Comp: i_P0_MCIOP1A_NVME1_PRSNT_N_R
 Site: Y12
 Type: IN
 IO_TYPE=LVCMOS33 
 CLAMP=ON 
 HYSTERESIS=SMALL 
-----------------------
Comp: i_P0_MCIOP1A_WAKE_N_R
 Site: W11
 Type: IN
 IO_TYPE=LVCMOS33 
 CLAMP=ON 
 HYSTERESIS=SMALL 
-----------------------
Comp: i_P0_MCIOP1C_CB_ID0_R
 Site: W15
 Type: IN
 IO_TYPE=LVCMOS33 
 CLAMP=ON 
 HYSTERESIS=SMALL 
-----------------------
Comp: i_P0_MCIOP1C_CB_ID1_R
 Site: Y17
 Type: IN
 IO_TYPE=LVCMOS33 
 CLAMP=ON 
 HYSTERESIS=SMALL 
-----------------------
Comp: i_P0_MCIOP1C_NVME0_PRSNT_N_R
 Site: Y18
 Type: IN
 IO_TYPE=LVCMOS33 
 CLAMP=ON 
 HYSTERESIS=SMALL 
-----------------------
Comp: i_P0_MCIOP1C_NVME1_PRSNT_N_R
 Site: Y19
 Type: IN
 IO_TYPE=LVCMOS33 
 CLAMP=ON 
 HYSTERESIS=SMALL 
-----------------------
Comp: i_P0_MCIOP1C_WAKE_N_R
 Site: Y15
 Type: IN
 IO_TYPE=LVCMOS33 
 CLAMP=ON 
 HYSTERESIS=SMALL 
-----------------------
Comp: i_P0_MCIOP2A_CB_ID0_R
 Site: R16
 Type: IN
 IO_TYPE=LVCMOS33 
 CLAMP=ON 
 HYSTERESIS=SMALL 
-----------------------
Comp: i_P0_MCIOP2A_CB_ID1_R
 Site: P16
 Type: IN
 IO_TYPE=LVCMOS33 
 CLAMP=ON 
 HYSTERESIS=SMALL 
-----------------------
Comp: i_P0_MCIOP2A_NVME0_PRSNT_N_R
 Site: R13
 Type: IN
 IO_TYPE=LVCMOS33 
 CLAMP=ON 
 HYSTERESIS=SMALL 
-----------------------
Comp: i_P0_MCIOP2A_NVME1_PRSNT_N_R
 Site: P12
 Type: IN
 IO_TYPE=LVCMOS33 
 CLAMP=ON 
 HYSTERESIS=SMALL 
-----------------------
Comp: i_P0_MCIOP2A_WAKE_N_R
 Site: R8
 Type: IN
 IO_TYPE=LVCMOS33 
 CLAMP=ON 
 HYSTERESIS=SMALL 
-----------------------
Comp: i_P0_MCIOP2C_CB_ID0_R
 Site: D10
 Type: IN
 IO_TYPE=LVCMOS33 
 CLAMP=ON 
 HYSTERESIS=SMALL 
-----------------------
Comp: i_P0_MCIOP2C_CB_ID1_R
 Site: C10
 Type: IN
 IO_TYPE=LVCMOS33 
 CLAMP=ON 
 HYSTERESIS=SMALL 
-----------------------
Comp: i_P0_MCIOP2C_NVME0_PRSNT_N_R
 Site: E6
 Type: IN
 IO_TYPE=LVCMOS33 
 CLAMP=ON 
 HYSTERESIS=SMALL 
-----------------------
Comp: i_P0_MCIOP2C_NVME1_PRSNT_N_R
 Site: D7
 Type: IN
 IO_TYPE=LVCMOS33 
 CLAMP=ON 
 HYSTERESIS=SMALL 
-----------------------
Comp: i_P0_MCIOP2C_WAKE_N_R
 Site: D8
 Type: IN
 IO_TYPE=LVCMOS33 
 CLAMP=ON 
 HYSTERESIS=SMALL 
-----------------------
Comp: i_P0_MCIOP3A_CB_ID0_R
 Site: P10
 Type: IN
 IO_TYPE=LVCMOS33 
 CLAMP=ON 
 HYSTERESIS=SMALL 
-----------------------
Comp: i_P0_MCIOP3A_CB_ID1_R
 Site: P11
 Type: IN
 IO_TYPE=LVCMOS33 
 CLAMP=ON 
 HYSTERESIS=SMALL 
-----------------------
Comp: i_P0_MCIOP3A_NVME0_PRSNT_N_R
 Site: J18
 Type: IN
 IO_TYPE=LVCMOS33 
 CLAMP=ON 
 HYSTERESIS=SMALL 
-----------------------
Comp: i_P0_MCIOP3A_NVME1_PRSNT_N_R
 Site: K19
 Type: IN
 IO_TYPE=LVCMOS33 
 CLAMP=ON 
 HYSTERESIS=SMALL 
-----------------------
Comp: i_P0_MCIOP3A_WAKE_N_R
 Site: L17
 Type: IN
 IO_TYPE=LVCMOS33 
 CLAMP=ON 
 HYSTERESIS=SMALL 
-----------------------
Comp: i_P0_MCIOP3C_CB_ID0_R
 Site: R10
 Type: IN
 IO_TYPE=LVCMOS33 
 CLAMP=ON 
 HYSTERESIS=SMALL 
-----------------------
Comp: i_P0_MCIOP3C_CB_ID1_R
 Site: T9
 Type: IN
 IO_TYPE=LVCMOS33 
 CLAMP=ON 
 HYSTERESIS=SMALL 
-----------------------
Comp: i_P0_MCIOP3C_NVME0_PRSNT_N_R
 Site: N17
 Type: IN
 IO_TYPE=LVCMOS33 
 CLAMP=ON 
 HYSTERESIS=SMALL 
-----------------------
Comp: i_P0_MCIOP3C_NVME1_PRSNT_N_R
 Site: T17
 Type: IN
 IO_TYPE=LVCMOS33 
 CLAMP=ON 
 HYSTERESIS=SMALL 
-----------------------
Comp: i_P0_MCIOP3C_WAKE_N_R
 Site: N18
 Type: IN
 IO_TYPE=LVCMOS33 
 CLAMP=ON 
 HYSTERESIS=SMALL 
-----------------------
Comp: i_P1_MCIOG1A_CB_ID0_R
 Site: N15
 Type: IN
 IO_TYPE=LVCMOS33 
 CLAMP=ON 
 HYSTERESIS=SMALL 
-----------------------
Comp: i_P1_MCIOG1A_CB_ID1_R
 Site: P9
 Type: IN
 IO_TYPE=LVCMOS33 
 CLAMP=ON 
 HYSTERESIS=SMALL 
-----------------------
Comp: i_P1_MCIOG1A_NVME0_PRSNT_N_R
 Site: P15
 Type: IN
 IO_TYPE=LVCMOS33 
 CLAMP=ON 
 HYSTERESIS=SMALL 
-----------------------
Comp: i_P1_MCIOG1A_NVME1_PRSNT_N_R
 Site: T10
 Type: IN
 IO_TYPE=LVCMOS33 
 CLAMP=ON 
 HYSTERESIS=SMALL 
-----------------------
Comp: i_P1_MCIOG1A_WAKE_N_R
 Site: M7
 Type: IN
 IO_TYPE=LVCMOS33 
 CLAMP=ON 
 HYSTERESIS=SMALL 
-----------------------
Comp: i_P1_MCIOG1C_CB_ID0_R
 Site: R15
 Type: IN
 IO_TYPE=LVCMOS33 
 CLAMP=ON 
 HYSTERESIS=SMALL 
-----------------------
Comp: i_P1_MCIOG1C_CB_ID1_R
 Site: R14
 Type: IN
 IO_TYPE=LVCMOS33 
 CLAMP=ON 
 HYSTERESIS=SMALL 
-----------------------
Comp: i_P1_MCIOG1C_NVME0_PRSNT_N_R
 Site: R5
 Type: IN
 IO_TYPE=LVCMOS33 
 CLAMP=ON 
 HYSTERESIS=SMALL 
-----------------------
Comp: i_P1_MCIOG1C_NVME1_PRSNT_N_R
 Site: P5
 Type: IN
 IO_TYPE=LVCMOS33 
 CLAMP=ON 
 HYSTERESIS=SMALL 
-----------------------
Comp: i_P1_MCIOG1C_WAKE_N_R
 Site: R6
 Type: IN
 IO_TYPE=LVCMOS33 
 CLAMP=ON 
 HYSTERESIS=SMALL 
-----------------------
Comp: i_P1_MCIOP0A_CB_ID0_R
 Site: H6
 Type: IN
 IO_TYPE=LVCMOS33 
 CLAMP=ON 
 HYSTERESIS=SMALL 
-----------------------
Comp: i_P1_MCIOP0A_CB_ID1_R
 Site: C6
 Type: IN
 IO_TYPE=LVCMOS33 
 CLAMP=ON 
 HYSTERESIS=SMALL 
-----------------------
Comp: i_P1_MCIOP0A_NVME0_PRSNT_N_R
 Site: T6
 Type: IN
 IO_TYPE=LVCMOS33 
 CLAMP=ON 
 HYSTERESIS=SMALL 
-----------------------
Comp: i_P1_MCIOP0A_NVME1_PRSNT_N_R
 Site: R4
 Type: IN
 IO_TYPE=LVCMOS33 
 CLAMP=ON 
 HYSTERESIS=SMALL 
-----------------------
Comp: i_P1_MCIOP0A_WAKE_N_R
 Site: R3
 Type: IN
 IO_TYPE=LVCMOS33 
 CLAMP=ON 
 HYSTERESIS=SMALL 
-----------------------
Comp: i_P1_MCIOP0C_CB_ID0_R
 Site: P4
 Type: IN
 IO_TYPE=LVCMOS33 
 CLAMP=ON 
 HYSTERESIS=SMALL 
-----------------------
Comp: i_P1_MCIOP0C_CB_ID1_R
 Site: M6
 Type: IN
 IO_TYPE=LVCMOS33 
 CLAMP=ON 
 HYSTERESIS=SMALL 
-----------------------
Comp: i_P1_MCIOP0C_NVME0_PRSNT_N_R
 Site: K6
 Type: IN
 IO_TYPE=LVCMOS33 
 CLAMP=ON 
 HYSTERESIS=SMALL 
-----------------------
Comp: i_P1_MCIOP0C_NVME1_PRSNT_N_R
 Site: C4
 Type: IN
 IO_TYPE=LVCMOS33 
 CLAMP=ON 
 HYSTERESIS=SMALL 
-----------------------
Comp: i_P1_MCIOP0C_WAKE_N_R
 Site: E4
 Type: IN
 IO_TYPE=LVCMOS33 
 CLAMP=ON 
 HYSTERESIS=SMALL 
-----------------------
Comp: i_P1_MCIOP1A_CB_ID0_R
 Site: M4
 Type: IN
 IO_TYPE=LVCMOS33 
 CLAMP=ON 
 HYSTERESIS=SMALL 
-----------------------
Comp: i_P1_MCIOP1A_CB_ID1_R
 Site: N4
 Type: IN
 IO_TYPE=LVCMOS33 
 CLAMP=ON 
 HYSTERESIS=SMALL 
-----------------------
Comp: i_P1_MCIOP1A_NVME0_PRSNT_N_R
 Site: D2
 Type: IN
 IO_TYPE=LVCMOS33 
 CLAMP=ON 
 HYSTERESIS=SMALL 
-----------------------
Comp: i_P1_MCIOP1A_NVME1_PRSNT_N_R
 Site: C2
 Type: IN
 IO_TYPE=LVCMOS33 
 CLAMP=ON 
 HYSTERESIS=SMALL 
-----------------------
Comp: i_P1_MCIOP1A_WAKE_N_R
 Site: C3
 Type: IN
 IO_TYPE=LVCMOS33 
 CLAMP=ON 
 HYSTERESIS=SMALL 
-----------------------
Comp: i_P1_MCIOP1C_CB_ID0_R
 Site: L7
 Type: IN
 IO_TYPE=LVCMOS33 
 CLAMP=ON 
 HYSTERESIS=SMALL 
-----------------------
Comp: i_P1_MCIOP1C_CB_ID1_R
 Site: L6
 Type: IN
 IO_TYPE=LVCMOS33 
 CLAMP=ON 
 HYSTERESIS=SMALL 
-----------------------
Comp: i_P1_MCIOP1C_NVME0_PRSNT_N_R
 Site: M5
 Type: IN
 IO_TYPE=LVCMOS33 
 CLAMP=ON 
 HYSTERESIS=SMALL 
-----------------------
Comp: i_P1_MCIOP1C_NVME1_PRSNT_N_R
 Site: G4
 Type: IN
 IO_TYPE=LVCMOS33 
 CLAMP=ON 
 HYSTERESIS=SMALL 
-----------------------
Comp: i_P1_MCIOP1C_WAKE_N_R
 Site: F4
 Type: IN
 IO_TYPE=LVCMOS33 
 CLAMP=ON 
 HYSTERESIS=SMALL 
-----------------------
Comp: i_P1_MCIOP2A_CB_ID0_R
 Site: V3
 Type: IN
 IO_TYPE=LVCMOS33 
 CLAMP=ON 
 HYSTERESIS=SMALL 
-----------------------
Comp: i_P1_MCIOP2A_CB_ID1_R
 Site: J3
 Type: IN
 IO_TYPE=LVCMOS33 
 CLAMP=ON 
 HYSTERESIS=SMALL 
-----------------------
Comp: i_P1_MCIOP2A_NVME0_PRSNT_N_R
 Site: H2
 Type: IN
 IO_TYPE=LVCMOS33 
 CLAMP=ON 
 HYSTERESIS=SMALL 
-----------------------
Comp: i_P1_MCIOP2A_NVME1_PRSNT_N_R
 Site: R2
 Type: IN
 IO_TYPE=LVCMOS33 
 CLAMP=ON 
 HYSTERESIS=SMALL 
-----------------------
Comp: i_P1_MCIOP2A_WAKE_N_R
 Site: V2
 Type: IN
 IO_TYPE=LVCMOS33 
 CLAMP=ON 
 HYSTERESIS=SMALL 
-----------------------
Comp: i_P1_MCIOP2C_CB_ID0_R
 Site: U6
 Type: IN
 IO_TYPE=LVCMOS33 
 CLAMP=ON 
 HYSTERESIS=SMALL 
-----------------------
Comp: i_P1_MCIOP2C_CB_ID1_R
 Site: L2
 Type: IN
 IO_TYPE=LVCMOS33 
 CLAMP=ON 
 HYSTERESIS=SMALL 
-----------------------
Comp: i_P1_MCIOP2C_NVME0_PRSNT_N_R
 Site: K4
 Type: IN
 IO_TYPE=LVCMOS33 
 CLAMP=ON 
 HYSTERESIS=SMALL 
-----------------------
Comp: i_P1_MCIOP2C_NVME1_PRSNT_N_R
 Site: U4
 Type: IN
 IO_TYPE=LVCMOS33 
 CLAMP=ON 
 HYSTERESIS=SMALL 
-----------------------
Comp: i_P1_MCIOP2C_WAKE_N_R
 Site: U5
 Type: IN
 IO_TYPE=LVCMOS33 
 CLAMP=ON 
 HYSTERESIS=SMALL 
-----------------------
Comp: i_P1_MCIOP3A_CB_ID0_R
 Site: N2
 Type: IN
 IO_TYPE=LVCMOS33 
 CLAMP=ON 
 HYSTERESIS=SMALL 
-----------------------
Comp: i_P1_MCIOP3A_CB_ID1_R
 Site: T8
 Type: IN
 IO_TYPE=LVCMOS33 
 CLAMP=ON 
 HYSTERESIS=SMALL 
-----------------------
Comp: i_P1_MCIOP3A_NVME0_PRSNT_N_R
 Site: F8
 Type: IN
 IO_TYPE=LVCMOS33 
 CLAMP=ON 
 HYSTERESIS=SMALL 
-----------------------
Comp: i_P1_MCIOP3A_NVME1_PRSNT_N_R
 Site: L3
 Type: IN
 IO_TYPE=LVCMOS33 
 CLAMP=ON 
 HYSTERESIS=SMALL 
-----------------------
Comp: i_P1_MCIOP3A_WAKE_N_R
 Site: M3
 Type: IN
 IO_TYPE=LVCMOS33 
 CLAMP=ON 
 HYSTERESIS=SMALL 
-----------------------
Comp: i_P1_MCIOP3C_CB_ID0_R
 Site: R1
 Type: IN
 IO_TYPE=LVCMOS33 
 CLAMP=ON 
 HYSTERESIS=SMALL 
-----------------------
Comp: i_P1_MCIOP3C_CB_ID1_R
 Site: V10
 Type: IN
 IO_TYPE=LVCMOS33 
 CLAMP=ON 
 HYSTERESIS=SMALL 
-----------------------
Comp: i_P1_MCIOP3C_NVME0_PRSNT_N_R
 Site: E7
 Type: IN
 IO_TYPE=LVCMOS33 
 CLAMP=ON 
 HYSTERESIS=SMALL 
-----------------------
Comp: i_P1_MCIOP3C_NVME1_PRSNT_N_R
 Site: N3
 Type: IN
 IO_TYPE=LVCMOS33 
 CLAMP=ON 
 HYSTERESIS=SMALL 
-----------------------
Comp: i_P1_MCIOP3C_WAKE_N_R
 Site: P2
 Type: IN
 IO_TYPE=LVCMOS33 
 CLAMP=ON 
 HYSTERESIS=SMALL 
-----------------------
Comp: i_P1_MCIOP4A_NVME0_PRSNT_N_R
 Site: L5
 Type: IN
 IO_TYPE=LVCMOS33 
 CLAMP=ON 
 HYSTERESIS=SMALL 
-----------------------
Comp: i_PAL_NODE1_TYPE
 Site: F16
 Type: IN
 IO_TYPE=LVCMOS33 
 CLAMP=ON 
 HYSTERESIS=SMALL 
-----------------------
Comp: i_PAL_P12V_CPU0_DIMM_GOK
 Site: U12
 Type: IN
 IO_TYPE=LVCMOS33 
 CLAMP=ON 
 HYSTERESIS=SMALL 
-----------------------
Comp: i_PAL_P12V_CPU0_DIMM_OC
 Site: V13
 Type: IN
 IO_TYPE=LVCMOS33 
 CLAMP=ON 
 HYSTERESIS=SMALL 
-----------------------
Comp: i_PAL_P12V_CPU1_DIMM_GOK
 Site: J19
 Type: IN
 IO_TYPE=LVCMOS33 
 CLAMP=ON 
 HYSTERESIS=SMALL 
-----------------------
Comp: i_PAL_P12V_CPU1_DIMM_OC
 Site: K16
 Type: IN
 IO_TYPE=LVCMOS33 
 CLAMP=ON 
 HYSTERESIS=SMALL 
-----------------------
Comp: i_PAL_PCH_INTRUDER
 Site: F12
 Type: IN
 IO_TYPE=LVCMOS33 
 CLAMP=ON 
 HYSTERESIS=SMALL 
-----------------------
Comp: i_PAL_PE_WAKE_N
 Site: B20
 Type: IN
 IO_TYPE=LVCMOS33 
 CLAMP=ON 
 HYSTERESIS=SMALL 
-----------------------
Comp: i_PAL_SLIMSAS1_PRSNT_N
 Site: E14
 Type: IN
 IO_TYPE=LVCMOS33 
 CLAMP=ON 
 HYSTERESIS=SMALL 
-----------------------
Comp: i_PAL_TMP1_ALERT_N
 Site: G11
 Type: IN
 IO_TYPE=LVCMOS33 
 CLAMP=ON 
 HYSTERESIS=SMALL 
-----------------------
Comp: i_PAL_TMP2_ALERT_N
 Site: F5
 Type: IN
 IO_TYPE=LVCMOS33 
 CLAMP=ON 
 HYSTERESIS=SMALL 
-----------------------
Comp: i_PAL_TMP3_ALERT_N
 Site: F10
 Type: IN
 IO_TYPE=LVCMOS33 
 CLAMP=ON 
 HYSTERESIS=SMALL 
-----------------------
Comp: i_PAL_TMP4_ALERT_N
 Site: F7
 Type: IN
 IO_TYPE=LVCMOS33 
 CLAMP=ON 
 HYSTERESIS=SMALL 
-----------------------
Comp: i_PCA_REVISION_0
 Site: E1
 Type: IN
 IO_TYPE=LVCMOS33 
 CLAMP=ON 
 HYSTERESIS=SMALL 
-----------------------
Comp: i_PCA_REVISION_1
 Site: D1
 Type: IN
 IO_TYPE=LVCMOS33 
 CLAMP=ON 
 HYSTERESIS=SMALL 
-----------------------
Comp: i_PCA_REVISION_2
 Site: C1
 Type: IN
 IO_TYPE=LVCMOS33 
 CLAMP=ON 
 HYSTERESIS=SMALL 
-----------------------
Comp: i_PCB_REVISION_0
 Site: H1
 Type: IN
 IO_TYPE=LVCMOS33 
 CLAMP=ON 
 HYSTERESIS=SMALL 
-----------------------
Comp: i_PCB_REVISION_1
 Site: G1
 Type: IN
 IO_TYPE=LVCMOS33 
 CLAMP=ON 
 HYSTERESIS=SMALL 
-----------------------
Comp: i_PCB_REVISION_2
 Site: F1
 Type: IN
 IO_TYPE=LVCMOS33 
 CLAMP=ON 
 HYSTERESIS=SMALL 
-----------------------
Comp: i_PCH_INTRUDER_CABLE_INST_R_N
 Site: D16
 Type: IN
 IO_TYPE=LVCMOS33 
 CLAMP=ON 
 HYSTERESIS=SMALL 
-----------------------
Comp: i_PWRGD_SYS_PWROK_R
 Site: G9
 Type: IN
 IO_TYPE=LVCMOS33 
 CLAMP=ON 
 HYSTERESIS=SMALL 
-----------------------
Comp: i_SMB_CPU0_ALERT_N_R
 Site: B12
 Type: IN
 IO_TYPE=LVCMOS33 
 CLAMP=ON 
 HYSTERESIS=SMALL 
-----------------------
Comp: i_SW_1
 Site: A2
 Type: IN
 IO_TYPE=LVCMOS33 
 CLAMP=ON 
 HYSTERESIS=SMALL 
-----------------------
Comp: i_SW_3
 Site: A3
 Type: IN
 IO_TYPE=LVCMOS33 
 CLAMP=ON 
 HYSTERESIS=SMALL 
-----------------------
Comp: i_SW_4
 Site: B4
 Type: IN
 IO_TYPE=LVCMOS33 
 CLAMP=ON 
 HYSTERESIS=SMALL 
-----------------------
Comp: i_SW_5
 Site: A4
 Type: IN
 IO_TYPE=LVCMOS33 
 CLAMP=ON 
 HYSTERESIS=SMALL 
-----------------------
Comp: i_SW_6
 Site: B5
 Type: IN
 IO_TYPE=LVCMOS33 
 CLAMP=ON 
 HYSTERESIS=SMALL 
-----------------------
Comp: i_SW_7
 Site: A5
 Type: IN
 IO_TYPE=LVCMOS33 
 CLAMP=ON 
 HYSTERESIS=SMALL 
-----------------------
Comp: i_SW_8
 Site: B6
 Type: IN
 IO_TYPE=LVCMOS33 
 CLAMP=ON 
 HYSTERESIS=SMALL 
-----------------------
Comp: io_I2C2_2_UPDATE_SCL
 Site: C11
 Type: BIDI
 IO_TYPE=LVCMOS33 
 DRIVE=8mA 
 CLAMP=ON 
 HYSTERESIS=SMALL 
 SLEW=SLOW 
-----------------------
Comp: io_I2C2_2_UPDATE_SDA
 Site: D11
 Type: BIDI
 IO_TYPE=LVCMOS33 
 DRIVE=8mA 
 CLAMP=ON 
 HYSTERESIS=SMALL 
 SLEW=SLOW 
-----------------------
Comp: io_I2C2_PAL2_SDA
 Site: B18
 Type: BIDI
 IO_TYPE=LVCMOS33 
 DRIVE=8mA 
 CLAMP=ON 
 HYSTERESIS=SMALL 
 SLEW=SLOW 
-----------------------
Comp: io_P0_MCIOG3A_PWR_EN_R
 Site: F19
 Type: BIDI
 IO_TYPE=LVCMOS33 
 DRIVE=8mA 
 CLAMP=ON 
 HYSTERESIS=SMALL 
 SLEW=SLOW 
-----------------------
Comp: io_P0_MCIOG3C_PWR_EN_R
 Site: B19
 Type: BIDI
 IO_TYPE=LVCMOS33 
 DRIVE=8mA 
 CLAMP=ON 
 HYSTERESIS=SMALL 
 SLEW=SLOW 
-----------------------
Comp: io_P0_MCIOP0A_PWR_EN_R
 Site: W1
 Type: BIDI
 IO_TYPE=LVCMOS33 
 DRIVE=8mA 
 CLAMP=ON 
 HYSTERESIS=SMALL 
 SLEW=SLOW 
-----------------------
Comp: io_P0_MCIOP0C_PWR_EN_R
 Site: Y5
 Type: BIDI
 IO_TYPE=LVCMOS33 
 DRIVE=8mA 
 CLAMP=ON 
 HYSTERESIS=SMALL 
 SLEW=SLOW 
-----------------------
Comp: io_P0_MCIOP1A_PWR_EN_R
 Site: Y9
 Type: BIDI
 IO_TYPE=LVCMOS33 
 DRIVE=8mA 
 CLAMP=ON 
 HYSTERESIS=SMALL 
 SLEW=SLOW 
-----------------------
Comp: io_P0_MCIOP1C_PWR_EN_R
 Site: W14
 Type: BIDI
 IO_TYPE=LVCMOS33 
 DRIVE=8mA 
 CLAMP=ON 
 HYSTERESIS=SMALL 
 SLEW=SLOW 
-----------------------
Comp: io_P0_MCIOP2A_PWR_EN_R
 Site: L14
 Type: BIDI
 IO_TYPE=LVCMOS33 
 DRIVE=8mA 
 CLAMP=ON 
 HYSTERESIS=SMALL 
 SLEW=SLOW 
-----------------------
Comp: io_P0_MCIOP2C_PWR_EN_R
 Site: B8
 Type: BIDI
 IO_TYPE=LVCMOS33 
 DRIVE=8mA 
 CLAMP=ON 
 HYSTERESIS=SMALL 
 SLEW=SLOW 
-----------------------
Comp: io_P0_MCIOP3A_PWR_EN_R
 Site: P17
 Type: BIDI
 IO_TYPE=LVCMOS33 
 DRIVE=8mA 
 CLAMP=ON 
 HYSTERESIS=SMALL 
 SLEW=SLOW 
-----------------------
Comp: io_P0_MCIOP3C_PWR_EN_R
 Site: T16
 Type: BIDI
 IO_TYPE=LVCMOS33 
 DRIVE=8mA 
 CLAMP=ON 
 HYSTERESIS=SMALL 
 SLEW=SLOW 
-----------------------
Comp: io_P1_MCIOG1A_PWR_EN_R
 Site: T13
 Type: BIDI
 IO_TYPE=LVCMOS33 
 DRIVE=8mA 
 CLAMP=ON 
 HYSTERESIS=SMALL 
 SLEW=SLOW 
-----------------------
Comp: io_P1_MCIOG1C_PWR_EN_R
 Site: R9
 Type: BIDI
 IO_TYPE=LVCMOS33 
 DRIVE=8mA 
 CLAMP=ON 
 HYSTERESIS=SMALL 
 SLEW=SLOW 
-----------------------
Comp: io_P1_MCIOP0A_PWR_EN_R
 Site: T5
 Type: BIDI
 IO_TYPE=LVCMOS33 
 DRIVE=8mA 
 CLAMP=ON 
 HYSTERESIS=SMALL 
 SLEW=SLOW 
-----------------------
Comp: io_P1_MCIOP0C_PWR_EN_R
 Site: D5
 Type: BIDI
 IO_TYPE=LVCMOS33 
 DRIVE=8mA 
 CLAMP=ON 
 HYSTERESIS=SMALL 
 SLEW=SLOW 
-----------------------
Comp: io_P1_MCIOP1A_PWR_EN_R
 Site: J4
 Type: BIDI
 IO_TYPE=LVCMOS33 
 DRIVE=8mA 
 CLAMP=ON 
 HYSTERESIS=SMALL 
 SLEW=SLOW 
-----------------------
Comp: io_P1_MCIOP1C_PWR_EN_R
 Site: E2
 Type: BIDI
 IO_TYPE=LVCMOS33 
 DRIVE=8mA 
 CLAMP=ON 
 HYSTERESIS=SMALL 
 SLEW=SLOW 
-----------------------
Comp: io_P1_MCIOP2A_PWR_EN_R
 Site: H3
 Type: BIDI
 IO_TYPE=LVCMOS33 
 DRIVE=8mA 
 CLAMP=ON 
 HYSTERESIS=SMALL 
 SLEW=SLOW 
-----------------------
Comp: io_P1_MCIOP2C_PWR_EN_R
 Site: K5
 Type: BIDI
 IO_TYPE=LVCMOS33 
 DRIVE=8mA 
 CLAMP=ON 
 HYSTERESIS=SMALL 
 SLEW=SLOW 
-----------------------
Comp: io_P1_MCIOP3A_PWR_EN_R
 Site: V8
 Type: BIDI
 IO_TYPE=LVCMOS33 
 DRIVE=8mA 
 CLAMP=ON 
 HYSTERESIS=SMALL 
 SLEW=SLOW 
-----------------------
Comp: io_P1_MCIOP3C_PWR_EN_R
 Site: U10
 Type: BIDI
 IO_TYPE=LVCMOS33 
 DRIVE=8mA 
 CLAMP=ON 
 HYSTERESIS=SMALL 
 SLEW=SLOW 
-----------------------
Comp: o_BIOS_FLASH_RESET_R_N
 Site: A11
 Type: OUT
 IO_TYPE=LVCMOS33 
 DRIVE=8mA 
 SLEW=SLOW 
-----------------------
Comp: o_CLK_DB2000_2_1_OE_N
 Site: P1
 Type: OUT
 IO_TYPE=LVCMOS33 
 DRIVE=8mA 
 SLEW=SLOW 
-----------------------
Comp: o_CLK_DB2000_2_2_OE_N
 Site: A1
 Type: OUT
 IO_TYPE=LVCMOS33 
 DRIVE=8mA 
 SLEW=SLOW 
-----------------------
Comp: o_CLK_GEN_FDEC_R
 Site: A16
 Type: OUT
 IO_TYPE=LVCMOS33 
 DRIVE=8mA 
 SLEW=SLOW 
-----------------------
Comp: o_CLK_GEN_FINC_R
 Site: T20
 Type: OUT
 IO_TYPE=LVCMOS33 
 DRIVE=8mA 
 SLEW=SLOW 
-----------------------
Comp: o_CLK_GEN_I2C_SEL_R
 Site: A17
 Type: OUT
 IO_TYPE=LVCMOS33 
 DRIVE=8mA 
 SLEW=SLOW 
-----------------------
Comp: o_CLK_GEN_INTR_N_R
 Site: A13
 Type: OUT
 IO_TYPE=LVCMOS33 
 DRIVE=8mA 
 SLEW=SLOW 
-----------------------
Comp: o_CLK_GEN_LOL_N_R
 Site: U20
 Type: OUT
 IO_TYPE=LVCMOS33 
 DRIVE=8mA 
 SLEW=SLOW 
-----------------------
Comp: o_CLK_GEN_OE_N_R
 Site: A15
 Type: OUT
 IO_TYPE=LVCMOS33 
 DRIVE=8mA 
 SLEW=SLOW 
-----------------------
Comp: o_CLK_GEN_RST_N_R
 Site: A14
 Type: OUT
 IO_TYPE=LVCMOS33 
 DRIVE=8mA 
 SLEW=SLOW 
-----------------------
Comp: o_CPLD1_CPLD2_RSV1_R
 Site: W20
 Type: OUT
 IO_TYPE=LVCMOS33 
 DRIVE=8mA 
 SLEW=SLOW 
-----------------------
Comp: o_CPLD2_JTAGEN
 Site: C13
 Type: OUT
 IO_TYPE=LVCMOS33 
 DRIVE=8mA 
 SLEW=SLOW 
-----------------------
Comp: o_CPLD_SGPIO0_MISO
 Site: R20
 Type: OUT
 IO_TYPE=LVCMOS33 
 DRIVE=8mA 
 SLEW=SLOW 
-----------------------
Comp: o_CPLD_SGPIO1_MISO
 Site: T19
 Type: OUT
 IO_TYPE=LVCMOS33 
 DRIVE=8mA 
 SLEW=SLOW 
-----------------------
Comp: o_LED1_N
 Site: K20
 Type: OUT
 IO_TYPE=LVCMOS33 
 DRIVE=8mA 
 SLEW=SLOW 
-----------------------
Comp: o_LED2_N
 Site: C20
 Type: OUT
 IO_TYPE=LVCMOS33 
 DRIVE=8mA 
 SLEW=SLOW 
-----------------------
Comp: o_LED3_N
 Site: D20
 Type: OUT
 IO_TYPE=LVCMOS33 
 DRIVE=8mA 
 SLEW=SLOW 
-----------------------
Comp: o_LED4_N
 Site: E20
 Type: OUT
 IO_TYPE=LVCMOS33 
 DRIVE=8mA 
 SLEW=SLOW 
-----------------------
Comp: o_LED5_N
 Site: J20
 Type: OUT
 IO_TYPE=LVCMOS33 
 DRIVE=8mA 
 SLEW=SLOW 
-----------------------
Comp: o_LED6_N
 Site: H20
 Type: OUT
 IO_TYPE=LVCMOS33 
 DRIVE=8mA 
 SLEW=SLOW 
-----------------------
Comp: o_LED7_N
 Site: G20
 Type: OUT
 IO_TYPE=LVCMOS33 
 DRIVE=8mA 
 SLEW=SLOW 
-----------------------
Comp: o_LED8_N
 Site: F20
 Type: OUT
 IO_TYPE=LVCMOS33 
 DRIVE=8mA 
 SLEW=SLOW 
-----------------------
Comp: o_M2_GPIO6_R
 Site: M15
 Type: OUT
 IO_TYPE=LVCMOS33 
 DRIVE=8mA 
 SLEW=SLOW 
-----------------------
Comp: o_M2_GPIO7_R
 Site: M16
 Type: OUT
 IO_TYPE=LVCMOS33 
 DRIVE=8mA 
 SLEW=SLOW 
-----------------------
Comp: o_P0_I2C5_9617_EN
 Site: A6
 Type: OUT
 IO_TYPE=LVCMOS33 
 DRIVE=8mA 
 SLEW=SLOW 
-----------------------
Comp: o_P0_MCIOG3A_GPU_THROTTLE_N_R
 Site: D18
 Type: OUT
 IO_TYPE=LVCMOS33 
 DRIVE=8mA 
 SLEW=SLOW 
-----------------------
Comp: o_P0_MCIOG3A_PERST_N_R
 Site: D12
 Type: OUT
 IO_TYPE=LVCMOS33 
 DRIVE=8mA 
 SLEW=SLOW 
-----------------------
Comp: o_P0_MCIOG3A_RSV_R
 Site: H18
 Type: OUT
 IO_TYPE=LVCMOS33 
 DRIVE=8mA 
 SLEW=SLOW 
-----------------------
Comp: o_P0_MCIOG3C_GPU_THROTTLE_N_R
 Site: D17
 Type: OUT
 IO_TYPE=LVCMOS33 
 DRIVE=8mA 
 SLEW=SLOW 
-----------------------
Comp: o_P0_MCIOG3C_PERST_N_R
 Site: F11
 Type: OUT
 IO_TYPE=LVCMOS33 
 DRIVE=8mA 
 SLEW=SLOW 
-----------------------
Comp: o_P0_MCIOG3C_RSV_R
 Site: C18
 Type: OUT
 IO_TYPE=LVCMOS33 
 DRIVE=8mA 
 SLEW=SLOW 
-----------------------
Comp: o_P0_MCIOP0A_CLK
 Site: U17
 Type: OUT
 IO_TYPE=LVCMOS33 
 DRIVE=8mA 
 SLEW=SLOW 
-----------------------
Comp: o_P0_MCIOP0A_GPU_THROTTLE_N_R
 Site: Y1
 Type: OUT
 IO_TYPE=LVCMOS33 
 DRIVE=8mA 
 SLEW=SLOW 
-----------------------
Comp: o_P0_MCIOP0A_LD
 Site: U18
 Type: OUT
 IO_TYPE=LVCMOS33 
 DRIVE=8mA 
 SLEW=SLOW 
-----------------------
Comp: o_P0_MCIOP0A_PERST_N_R
 Site: T7
 Type: OUT
 IO_TYPE=LVCMOS33 
 DRIVE=8mA 
 SLEW=SLOW 
-----------------------
Comp: o_P0_MCIOP0A_RSV_R
 Site: W3
 Type: OUT
 IO_TYPE=LVCMOS33 
 DRIVE=8mA 
 SLEW=SLOW 
-----------------------
Comp: o_P0_MCIOP0C_GPU_THROTTLE_N_R
 Site: W6
 Type: OUT
 IO_TYPE=LVCMOS33 
 DRIVE=8mA 
 SLEW=SLOW 
-----------------------
Comp: o_P0_MCIOP0C_PERST_N_R
 Site: W8
 Type: OUT
 IO_TYPE=LVCMOS33 
 DRIVE=8mA 
 SLEW=SLOW 
-----------------------
Comp: o_P0_MCIOP0C_RSV_R
 Site: Y7
 Type: OUT
 IO_TYPE=LVCMOS33 
 DRIVE=8mA 
 SLEW=SLOW 
-----------------------
Comp: o_P0_MCIOP1A_GPU_THROTTLE_N_R
 Site: W10
 Type: OUT
 IO_TYPE=LVCMOS33 
 DRIVE=8mA 
 SLEW=SLOW 
-----------------------
Comp: o_P0_MCIOP1A_PERST_N_R
 Site: W12
 Type: OUT
 IO_TYPE=LVCMOS33 
 DRIVE=8mA 
 SLEW=SLOW 
-----------------------
Comp: o_P0_MCIOP1A_RSV_R
 Site: Y11
 Type: OUT
 IO_TYPE=LVCMOS33 
 DRIVE=8mA 
 SLEW=SLOW 
-----------------------
Comp: o_P0_MCIOP1C_GPU_THROTTLE_N_R
 Site: Y14
 Type: OUT
 IO_TYPE=LVCMOS33 
 DRIVE=8mA 
 SLEW=SLOW 
-----------------------
Comp: o_P0_MCIOP1C_PERST_N_R
 Site: Y16
 Type: OUT
 IO_TYPE=LVCMOS33 
 DRIVE=8mA 
 SLEW=SLOW 
-----------------------
Comp: o_P0_MCIOP1C_RSV_R
 Site: W16
 Type: OUT
 IO_TYPE=LVCMOS33 
 DRIVE=8mA 
 SLEW=SLOW 
-----------------------
Comp: o_P0_MCIOP2A_GPU_THROTTLE_N_R
 Site: N16
 Type: OUT
 IO_TYPE=LVCMOS33 
 DRIVE=8mA 
 SLEW=SLOW 
-----------------------
Comp: o_P0_MCIOP2A_PERST_N_R
 Site: K17
 Type: OUT
 IO_TYPE=LVCMOS33 
 DRIVE=8mA 
 SLEW=SLOW 
-----------------------
Comp: o_P0_MCIOP2A_RSV_R
 Site: R11
 Type: OUT
 IO_TYPE=LVCMOS33 
 DRIVE=8mA 
 SLEW=SLOW 
-----------------------
Comp: o_P0_MCIOP2C_GPU_THROTTLE_N_R
 Site: A8
 Type: OUT
 IO_TYPE=LVCMOS33 
 DRIVE=8mA 
 SLEW=SLOW 
-----------------------
Comp: o_P0_MCIOP2C_PERST_N_R
 Site: F6
 Type: OUT
 IO_TYPE=LVCMOS33 
 DRIVE=8mA 
 SLEW=SLOW 
-----------------------
Comp: o_P0_MCIOP2C_RSV_R
 Site: F9
 Type: OUT
 IO_TYPE=LVCMOS33 
 DRIVE=8mA 
 SLEW=SLOW 
-----------------------
Comp: o_P0_MCIOP3A_GPU_THROTTLE_N_R
 Site: T18
 Type: OUT
 IO_TYPE=LVCMOS33 
 DRIVE=8mA 
 SLEW=SLOW 
-----------------------
Comp: o_P0_MCIOP3A_PERST_N_R
 Site: R17
 Type: OUT
 IO_TYPE=LVCMOS33 
 DRIVE=8mA 
 SLEW=SLOW 
-----------------------
Comp: o_P0_MCIOP3A_RSV_R
 Site: M18
 Type: OUT
 IO_TYPE=LVCMOS33 
 DRIVE=8mA 
 SLEW=SLOW 
-----------------------
Comp: o_P0_MCIOP3C_GPU_THROTTLE_N_R
 Site: U15
 Type: OUT
 IO_TYPE=LVCMOS33 
 DRIVE=8mA 
 SLEW=SLOW 
-----------------------
Comp: o_P0_MCIOP3C_PERST_N_R
 Site: U14
 Type: OUT
 IO_TYPE=LVCMOS33 
 DRIVE=8mA 
 SLEW=SLOW 
-----------------------
Comp: o_P0_MCIOP3C_RSV_R
 Site: P18
 Type: OUT
 IO_TYPE=LVCMOS33 
 DRIVE=8mA 
 SLEW=SLOW 
-----------------------
Comp: o_P0_MCIOP4A_PERST_N_R
 Site: H7
 Type: OUT
 IO_TYPE=LVCMOS33 
 DRIVE=8mA 
 SLEW=SLOW 
-----------------------
Comp: o_P0_SPI_TPM_CS_N_3V3
 Site: C15
 Type: OUT
 IO_TYPE=LVCMOS33 
 DRIVE=8mA 
 SLEW=SLOW 
-----------------------
Comp: o_P12V_DISCHARGE_R
 Site: L16
 Type: OUT
 IO_TYPE=LVCMOS33 
 DRIVE=8mA 
 SLEW=SLOW 
-----------------------
Comp: o_P1_MCIOG1A_GPU_THROTTLE_N_R
 Site: T12
 Type: OUT
 IO_TYPE=LVCMOS33 
 DRIVE=8mA 
 SLEW=SLOW 
-----------------------
Comp: o_P1_MCIOG1A_PERST_N_R
 Site: P8
 Type: OUT
 IO_TYPE=LVCMOS33 
 DRIVE=8mA 
 SLEW=SLOW 
-----------------------
Comp: o_P1_MCIOG1A_RSV_R
 Site: R12
 Type: OUT
 IO_TYPE=LVCMOS33 
 DRIVE=8mA 
 SLEW=SLOW 
-----------------------
Comp: o_P1_MCIOG1C_GPU_THROTTLE_N_R
 Site: P6
 Type: OUT
 IO_TYPE=LVCMOS33 
 DRIVE=8mA 
 SLEW=SLOW 
-----------------------
Comp: o_P1_MCIOG1C_PERST_N_R
 Site: N5
 Type: OUT
 IO_TYPE=LVCMOS33 
 DRIVE=8mA 
 SLEW=SLOW 
-----------------------
Comp: o_P1_MCIOG1C_RSV_R
 Site: N6
 Type: OUT
 IO_TYPE=LVCMOS33 
 DRIVE=8mA 
 SLEW=SLOW 
-----------------------
Comp: o_P1_MCIOP0A_GPU_THROTTLE_N_R
 Site: T4
 Type: OUT
 IO_TYPE=LVCMOS33 
 DRIVE=8mA 
 SLEW=SLOW 
-----------------------
Comp: o_P1_MCIOP0A_PERST_N_R
 Site: R7
 Type: OUT
 IO_TYPE=LVCMOS33 
 DRIVE=8mA 
 SLEW=SLOW 
-----------------------
Comp: o_P1_MCIOP0A_RSV_R
 Site: T3
 Type: OUT
 IO_TYPE=LVCMOS33 
 DRIVE=8mA 
 SLEW=SLOW 
-----------------------
Comp: o_P1_MCIOP0C_GPU_THROTTLE_N_R
 Site: N14
 Type: OUT
 IO_TYPE=LVCMOS33 
 DRIVE=8mA 
 SLEW=SLOW 
-----------------------
Comp: o_P1_MCIOP0C_PERST_N_R
 Site: P13
 Type: OUT
 IO_TYPE=LVCMOS33 
 DRIVE=8mA 
 SLEW=SLOW 
-----------------------
Comp: o_P1_MCIOP0C_RSV_R
 Site: P14
 Type: OUT
 IO_TYPE=LVCMOS33 
 DRIVE=8mA 
 SLEW=SLOW 
-----------------------
Comp: o_P1_MCIOP1A_GPU_THROTTLE_N_R
 Site: E3
 Type: OUT
 IO_TYPE=LVCMOS33 
 DRIVE=8mA 
 SLEW=SLOW 
-----------------------
Comp: o_P1_MCIOP1A_PERST_N_R
 Site: B2
 Type: OUT
 IO_TYPE=LVCMOS33 
 DRIVE=8mA 
 SLEW=SLOW 
-----------------------
Comp: o_P1_MCIOP1A_RSV_R
 Site: F3
 Type: OUT
 IO_TYPE=LVCMOS33 
 DRIVE=8mA 
 SLEW=SLOW 
-----------------------
Comp: o_P1_MCIOP1C_GPU_THROTTLE_N_R
 Site: F2
 Type: OUT
 IO_TYPE=LVCMOS33 
 DRIVE=8mA 
 SLEW=SLOW 
-----------------------
Comp: o_P1_MCIOP1C_PERST_N_R
 Site: H4
 Type: OUT
 IO_TYPE=LVCMOS33 
 DRIVE=8mA 
 SLEW=SLOW 
-----------------------
Comp: o_P1_MCIOP1C_RSV_R
 Site: G2
 Type: OUT
 IO_TYPE=LVCMOS33 
 DRIVE=8mA 
 SLEW=SLOW 
-----------------------
Comp: o_P1_MCIOP2A_GPU_THROTTLE_N_R
 Site: G3
 Type: OUT
 IO_TYPE=LVCMOS33 
 DRIVE=8mA 
 SLEW=SLOW 
-----------------------
Comp: o_P1_MCIOP2A_PERST_N_R
 Site: J2
 Type: OUT
 IO_TYPE=LVCMOS33 
 DRIVE=8mA 
 SLEW=SLOW 
-----------------------
Comp: o_P1_MCIOP2A_RSV_R
 Site: V4
 Type: OUT
 IO_TYPE=LVCMOS33 
 DRIVE=8mA 
 SLEW=SLOW 
-----------------------
Comp: o_P1_MCIOP2C_GPU_THROTTLE_N_R
 Site: K2
 Type: OUT
 IO_TYPE=LVCMOS33 
 DRIVE=8mA 
 SLEW=SLOW 
-----------------------
Comp: o_P1_MCIOP2C_PERST_N_R
 Site: L4
 Type: OUT
 IO_TYPE=LVCMOS33 
 DRIVE=8mA 
 SLEW=SLOW 
-----------------------
Comp: o_P1_MCIOP2C_RSV_R
 Site: V6
 Type: OUT
 IO_TYPE=LVCMOS33 
 DRIVE=8mA 
 SLEW=SLOW 
-----------------------
Comp: o_P1_MCIOP3A_GPU_THROTTLE_N_R
 Site: U9
 Type: OUT
 IO_TYPE=LVCMOS33 
 DRIVE=8mA 
 SLEW=SLOW 
-----------------------
Comp: o_P1_MCIOP3A_PERST_N_R
 Site: V9
 Type: OUT
 IO_TYPE=LVCMOS33 
 DRIVE=8mA 
 SLEW=SLOW 
-----------------------
Comp: o_P1_MCIOP3A_RSV_R
 Site: M2
 Type: OUT
 IO_TYPE=LVCMOS33 
 DRIVE=8mA 
 SLEW=SLOW 
-----------------------
Comp: o_P1_MCIOP3C_GPU_THROTTLE_N_R
 Site: U11
 Type: OUT
 IO_TYPE=LVCMOS33 
 DRIVE=8mA 
 SLEW=SLOW 
-----------------------
Comp: o_P1_MCIOP3C_PERST_N_R
 Site: T11
 Type: OUT
 IO_TYPE=LVCMOS33 
 DRIVE=8mA 
 SLEW=SLOW 
-----------------------
Comp: o_P1_MCIOP3C_RSV_R
 Site: P3
 Type: OUT
 IO_TYPE=LVCMOS33 
 DRIVE=8mA 
 SLEW=SLOW 
-----------------------
Comp: o_P1_MCIOP4A_PERST_N_R
 Site: G5
 Type: OUT
 IO_TYPE=LVCMOS33 
 DRIVE=8mA 
 SLEW=SLOW 
-----------------------
Comp: o_PAL_P12V_CPU0_DIMM_ON
 Site: V12
 Type: OUT
 IO_TYPE=LVCMOS33 
 DRIVE=8mA 
 SLEW=SLOW 
-----------------------
Comp: o_PAL_P12V_CPU1_DIMM_ON
 Site: M17
 Type: OUT
 IO_TYPE=LVCMOS33 
 DRIVE=8mA 
 SLEW=SLOW 
-----------------------
Comp: o_PAL_SPI1_BMC_HOLD
 Site: H19
 Type: OUT
 IO_TYPE=LVCMOS33 
 DRIVE=8mA 
 SLEW=SLOW 
-----------------------
Comp: o_PAL_SPI_BIOS_UPDATA_EN
 Site: J16
 Type: OUT
 IO_TYPE=LVCMOS33 
 DRIVE=8mA 
 SLEW=SLOW 
-----------------------
Comp: o_PCIE_SATA_RST_N
 Site: V19
 Type: OUT
 IO_TYPE=LVCMOS33 
 DRIVE=8mA 
 SLEW=SLOW 
-----------------------
Comp: o_PCIE_SATA_WAKE_R_N
 Site: L15
 Type: OUT
 IO_TYPE=LVCMOS33 
 DRIVE=8mA 
 SLEW=SLOW 
-----------------------
Comp: o_RST_I2C1_MUX_N_R
 Site: B1
 Type: OUT
 IO_TYPE=LVCMOS33 
 DRIVE=8mA 
 SLEW=SLOW 
-----------------------
Comp: o_RST_I2C2_MUX_N_R
 Site: B17
 Type: OUT
 IO_TYPE=LVCMOS33 
 DRIVE=8mA 
 SLEW=SLOW 
-----------------------
Comp: o_RST_I2C3_MUX_N_R
 Site: A20
 Type: OUT
 IO_TYPE=LVCMOS33 
 DRIVE=8mA 
 SLEW=SLOW 
-----------------------
Comp: o_SATA1_RSV
 Site: F14
 Type: OUT
 IO_TYPE=LVCMOS33 
 DRIVE=8mA 
 SLEW=SLOW 
-----------------------
Comp: o_SMB_PEHP_CPU0_OCP_ALERT
 Site: V16
 Type: OUT
 IO_TYPE=LVCMOS33 
 DRIVE=8mA 
 SLEW=SLOW 
-----------------------
Comp: o_SMB_PEHP_CPU1_OCP_ALERT
 Site: M1
 Type: OUT
 IO_TYPE=LVCMOS33 
 DRIVE=8mA 
 SLEW=SLOW 
-----------------------
Comp: o_SW_BIOS_FLASH_SPI_S_R
 Site: A10
 Type: OUT
 IO_TYPE=LVCMOS33 
 DRIVE=8mA 
 SLEW=SLOW 
-----------------------
Comp: o_SW_BIOS_QSPI_S_R
 Site: A12
 Type: OUT
 IO_TYPE=LVCMOS33 
 DRIVE=8mA 
 SLEW=SLOW 
-----------------------
Comp: o_SW_BIOS_SPI_OE
 Site: A9
 Type: OUT
 IO_TYPE=LVCMOS33 
 DRIVE=8mA 
 SLEW=SLOW 
-----------------------
Comp: o_SW_QSPI_OE_R
 Site: B16
 Type: OUT
 IO_TYPE=LVCMOS33 
 DRIVE=8mA 
 SLEW=SLOW 
-----------------------
Created design models.


Generating: D:\ODM MB SWITCH_002_powerup_for_test\MB\09\BM_H13DSP_S\pro\impl1\IBIS\BM_H13DSP_S_impl1.ibs


    <postMsg mid="1191031" type="Info"    dynamic="0" navigation="0"  />

ldbanno "BM_H13DSP_S_impl1.ncd" -n Verilog  -o "BM_H13DSP_S_impl1_vo.vo"         -w -neg
ldbanno: version Diamond (64-bit) 3.14.0.75.2
Copyright (c) 1991-1994 by NeoCAD Inc. All rights reserved.
Copyright (c) 1995 AT&T Corp.   All rights reserved.
Copyright (c) 1995-2001 Lucent Technologies Inc.  All rights reserved.
Copyright (c) 2001 Agere Systems   All rights reserved.
Copyright (c) 2002-2024 Lattice Semiconductor Corporation,  All rights reserved.

Writing a Verilog netlist using the orca library type based on the BM_H13DSP_S_impl1 design file.


Loading design for application ldbanno from file BM_H13DSP_S_impl1.ncd.
Design name: BM_H13DSP_S
NCD version: 3.3
Vendor:      LATTICE
Device:      LCMXO3LF-6900C
Package:     CABGA400
Performance: 5
Loading device for application ldbanno from file 'xo3c6900.nph' in environment: C:/lscc/diamond/3_14/ispfpga.
Package Status:                     Final          Version 1.17.
Performance Hardware Data Status:   Final          Version 37.5.
Converting design BM_H13DSP_S_impl1.ncd into .ldb format.
Loading preferences from bm_h13dsp_s_impl1.prf.
Writing Verilog netlist to file BM_H13DSP_S_impl1_vo.vo
Writing SDF timing to file BM_H13DSP_S_impl1_vo.sdf
    <postMsg mid="35400250" type="Info"    dynamic="1" navigation="0" arg0="0"  />
Total CPU Time: 3 secs 
Total REAL Time: 4 secs 
Peak Memory Usage: 109 MB

ldbanno "BM_H13DSP_S_impl1.ncd" -n VHDL -o "BM_H13DSP_S_impl1_vho.vho"         -w -neg 
ldbanno: version Diamond (64-bit) 3.14.0.75.2
Copyright (c) 1991-1994 by NeoCAD Inc. All rights reserved.
Copyright (c) 1995 AT&T Corp.   All rights reserved.
Copyright (c) 1995-2001 Lucent Technologies Inc.  All rights reserved.
Copyright (c) 2001 Agere Systems   All rights reserved.
Copyright (c) 2002-2024 Lattice Semiconductor Corporation,  All rights reserved.

Writing a VHDL netlist using the orca library type based on the BM_H13DSP_S_impl1 design file.


Loading design for application ldbanno from file BM_H13DSP_S_impl1.ncd.
Design name: BM_H13DSP_S
NCD version: 3.3
Vendor:      LATTICE
Device:      LCMXO3LF-6900C
Package:     CABGA400
Performance: 5
Loading device for application ldbanno from file 'xo3c6900.nph' in environment: C:/lscc/diamond/3_14/ispfpga.
Package Status:                     Final          Version 1.17.
Performance Hardware Data Status:   Final          Version 37.5.
Converting design BM_H13DSP_S_impl1.ncd into .ldb format.
Loading preferences from bm_h13dsp_s_impl1.prf.
Writing VHDL netlist to file BM_H13DSP_S_impl1_vho.vho
Writing SDF timing to file BM_H13DSP_S_impl1_vho.sdf
    <postMsg mid="35400250" type="Info"    dynamic="1" navigation="0" arg0="0"  />
Total CPU Time: 4 secs 
Total REAL Time: 4 secs 
Peak Memory Usage: 108 MB

tmcheck -par "BM_H13DSP_S_impl1.par" 

bitgen -f "BM_H13DSP_S_impl1.t2b" -w "BM_H13DSP_S_impl1.ncd"  "BM_H13DSP_S_impl1.prf"


BITGEN: Bitstream Generator Diamond (64-bit) 3.14.0.75.2
Copyright (c) 1991-1994 by NeoCAD Inc. All rights reserved.
Copyright (c) 1995 AT&T Corp.   All rights reserved.
Copyright (c) 1995-2001 Lucent Technologies Inc.  All rights reserved.
Copyright (c) 2001 Agere Systems   All rights reserved.
Copyright (c) 2002-2024 Lattice Semiconductor Corporation,  All rights reserved.


Loading design for application Bitgen from file BM_H13DSP_S_impl1.ncd.
Design name: BM_H13DSP_S
NCD version: 3.3
Vendor:      LATTICE
Device:      LCMXO3LF-6900C
Package:     CABGA400
Performance: 5
Loading device for application Bitgen from file 'xo3c6900.nph' in environment: C:/lscc/diamond/3_14/ispfpga.
Package Status:                     Final          Version 1.17.
Performance Hardware Data Status:   Final          Version 37.5.

Running DRC.
DRC detected 0 errors and 0 warnings.
Reading Preference File from BM_H13DSP_S_impl1.prf.
    <postMsg mid="1009992" type="Info"    dynamic="1" navigation="0" arg0=" SW_XO3D_SECURITY_ENCRYPTION *NOT* controlled by xo3c00f.acd ###"  />
    <postMsg mid="1009992" type="Info"    dynamic="1" navigation="0" arg0=" SW_XO3D_SECURITY_ENCRYPTION license_securityIP OK"  />

Preference Summary:
+---------------------------------+---------------------------------+
|  Preference                     |  Current Setting                |
+---------------------------------+---------------------------------+
|                         RamCfg  |                        Reset**  |
+---------------------------------+---------------------------------+
|                     MCCLK_FREQ  |                         2.08**  |
+---------------------------------+---------------------------------+
|                  CONFIG_SECURE  |                          OFF**  |
+---------------------------------+---------------------------------+
|                          INBUF  |                           ON**  |
+---------------------------------+---------------------------------+
|                      JTAG_PORT  |                       ENABLE**  |
+---------------------------------+---------------------------------+
|                       SDM_PORT  |                      DISABLE**  |
+---------------------------------+---------------------------------+
|                 SLAVE_SPI_PORT  |                      DISABLE**  |
+---------------------------------+---------------------------------+
|                MASTER_SPI_PORT  |                      DISABLE**  |
+---------------------------------+---------------------------------+
|                       I2C_PORT  |                         ENABLE  |
+---------------------------------+---------------------------------+
|        MUX_CONFIGURATION_PORTS  |                      DISABLE**  |
+---------------------------------+---------------------------------+
|                  CONFIGURATION  |                          CFG**  |
+---------------------------------+---------------------------------+
|                COMPRESS_CONFIG  |                           ON**  |
+---------------------------------+---------------------------------+
|                        MY_ASSP  |                          OFF**  |
+---------------------------------+---------------------------------+
|               ONE_TIME_PROGRAM  |                          OFF**  |
+---------------------------------+---------------------------------+
|                 ENABLE_TRANSFR  |                      DISABLE**  |
+---------------------------------+---------------------------------+
|                  SHAREDEBRINIT  |                      DISABLE**  |
+---------------------------------+---------------------------------+
|            BACKGROUND_RECONFIG  |                          OFF**  |
+---------------------------------+---------------------------------+
|                 DUALBOOTGOLDEN  |                     INTERNAL**  |
+---------------------------------+---------------------------------+
 *  Default setting.
 ** The specified setting matches the default setting.


Creating bit map...
 
Bitstream Status: Final           Version 1.95.
 
Saving bit stream in "BM_H13DSP_S_impl1.bit".
Total CPU Time: 2 secs 
Total REAL Time: 3 secs 
Peak Memory Usage: 301 MB

tmcheck -par "BM_H13DSP_S_impl1.par" 

bitgen -f "BM_H13DSP_S_impl1.t2b" -w "BM_H13DSP_S_impl1.ncd"  -jedec "BM_H13DSP_S_impl1.prf"


BITGEN: Bitstream Generator Diamond (64-bit) 3.14.0.75.2
Copyright (c) 1991-1994 by NeoCAD Inc. All rights reserved.
Copyright (c) 1995 AT&T Corp.   All rights reserved.
Copyright (c) 1995-2001 Lucent Technologies Inc.  All rights reserved.
Copyright (c) 2001 Agere Systems   All rights reserved.
Copyright (c) 2002-2024 Lattice Semiconductor Corporation,  All rights reserved.


Loading design for application Bitgen from file BM_H13DSP_S_impl1.ncd.
Design name: BM_H13DSP_S
NCD version: 3.3
Vendor:      LATTICE
Device:      LCMXO3LF-6900C
Package:     CABGA400
Performance: 5
Loading device for application Bitgen from file 'xo3c6900.nph' in environment: C:/lscc/diamond/3_14/ispfpga.
Package Status:                     Final          Version 1.17.
Performance Hardware Data Status:   Final          Version 37.5.

Running DRC.
DRC detected 0 errors and 0 warnings.
Reading Preference File from BM_H13DSP_S_impl1.prf.
    <postMsg mid="1009992" type="Info"    dynamic="1" navigation="0" arg0=" SW_XO3D_SECURITY_ENCRYPTION *NOT* controlled by xo3c00f.acd ###"  />
    <postMsg mid="1009992" type="Info"    dynamic="1" navigation="0" arg0=" SW_XO3D_SECURITY_ENCRYPTION license_securityIP OK"  />

Preference Summary:
+---------------------------------+---------------------------------+
|  Preference                     |  Current Setting                |
+---------------------------------+---------------------------------+
|                         RamCfg  |                        Reset**  |
+---------------------------------+---------------------------------+
|                     MCCLK_FREQ  |                         2.08**  |
+---------------------------------+---------------------------------+
|                  CONFIG_SECURE  |                          OFF**  |
+---------------------------------+---------------------------------+
|                          INBUF  |                           ON**  |
+---------------------------------+---------------------------------+
|                      JTAG_PORT  |                       ENABLE**  |
+---------------------------------+---------------------------------+
|                       SDM_PORT  |                      DISABLE**  |
+---------------------------------+---------------------------------+
|                 SLAVE_SPI_PORT  |                      DISABLE**  |
+---------------------------------+---------------------------------+
|                MASTER_SPI_PORT  |                      DISABLE**  |
+---------------------------------+---------------------------------+
|                       I2C_PORT  |                         ENABLE  |
+---------------------------------+---------------------------------+
|        MUX_CONFIGURATION_PORTS  |                      DISABLE**  |
+---------------------------------+---------------------------------+
|                  CONFIGURATION  |                          CFG**  |
+---------------------------------+---------------------------------+
|                COMPRESS_CONFIG  |                           ON**  |
+---------------------------------+---------------------------------+
|                        MY_ASSP  |                          OFF**  |
+---------------------------------+---------------------------------+
|               ONE_TIME_PROGRAM  |                          OFF**  |
+---------------------------------+---------------------------------+
|                 ENABLE_TRANSFR  |                      DISABLE**  |
+---------------------------------+---------------------------------+
|                  SHAREDEBRINIT  |                      DISABLE**  |
+---------------------------------+---------------------------------+
|            BACKGROUND_RECONFIG  |                          OFF**  |
+---------------------------------+---------------------------------+
|                 DUALBOOTGOLDEN  |                     INTERNAL**  |
+---------------------------------+---------------------------------+
 *  Default setting.
 ** The specified setting matches the default setting.


Creating bit map...
 
Bitstream Status: Final           Version 1.95.
 
Saving bit stream in "BM_H13DSP_S_impl1.jed".
 
===========
UFM Summary.
===========
UFM Size:        2046 Pages (128*2046 Bits).
UFM Utilization: General Purpose Flash Memory.
 
Available General Purpose Flash Memory: 2046 Pages (Page 0 to Page 2045).
Initialized UFM Pages:                     1 Page (Page 2045).
 
=========
Padding summary
=========
Padded 1016192 bits for this design


Total CPU Time: 2 secs 
Total REAL Time: 3 secs 
Peak Memory Usage: 301 MB
