
synpwrap -msg -prj "BP_4S104G5_impl1_synplify.tcl" -log "BP_4S104G5_impl1.srf"
Copyright (C) 1992-2020 Lattice Semiconductor Corporation. All rights reserved.
Lattice Diamond Version 3.12.0.240.2
    <postMsg mid="2011000" type="Info"    dynamic="0" navigation="0"  />

==contents of BP_4S104G5_impl1.srf
#Build: Synplify Pro (R) Q-2020.03L-SP1, Build 182R, Oct 29 2020
#install: C:\lscc\diamond\3.12\synpbase
#OS: Windows 7 6.1
#Hostname: RDHZW7137

# Sat Feb  8 10:31:24 2025

#Implementation: impl1


Copyright (C) 1994-2020 Synopsys, Inc.
This Synopsys software and all associated documentation are proprietary to Synopsys, Inc.
and may only be used pursuant to the terms and conditions of a written license agreement
with Synopsys, Inc. All other use, reproduction, modification, or distribution of the
Synopsys software or the associated documentation is strictly prohibited.
Tool: Synplify Pro (R)
Build: Q-2020.03L-SP1
Install: C:\lscc\diamond\3.12\synpbase
OS: Windows 6.1

Hostname: RDHZW7137

Implementation : impl1
Synopsys HDL Compiler, Version comp202003synp2, Build 182R, Built Oct 29 2020 10:49:53, @

@N|Running in 64-bit mode
###########################################################[

Copyright (C) 1994-2020 Synopsys, Inc.
This Synopsys software and all associated documentation are proprietary to Synopsys, Inc.
and may only be used pursuant to the terms and conditions of a written license agreement
with Synopsys, Inc. All other use, reproduction, modification, or distribution of the
Synopsys software or the associated documentation is strictly prohibited.
Tool: Synplify Pro (R)
Build: Q-2020.03L-SP1
Install: C:\lscc\diamond\3.12\synpbase
OS: Windows 6.1

Hostname: RDHZW7137

Implementation : impl1
Synopsys Verilog Compiler, Version comp202003synp2, Build 182R, Built Oct 29 2020 10:49:53, @

@N|Running in 64-bit mode
@I::"C:\lscc\diamond\3.12\synpbase\lib\lucent\machxo3lf.v" (library work)
@I::"C:\lscc\diamond\3.12\synpbase\lib\lucent\pmi_def.v" (library work)
@I::"C:\lscc\diamond\3.12\synpbase\lib\vlog\hypermods.v" (library __hyper__lib__)
@I::"C:\lscc\diamond\3.12\synpbase\lib\vlog\umr_capim.v" (library snps_haps)
@I::"C:\lscc\diamond\3.12\synpbase\lib\vlog\scemi_objects.v" (library snps_haps)
@I::"C:\lscc\diamond\3.12\synpbase\lib\vlog\scemi_pipes.svh" (library snps_haps)
@I::"D:\Project\CNIT-K\8U SW\code\V10\4port\BP_4S104G5\rtl\source\BP_4S104G5_TOP.v" (library work)
@I:"D:\Project\CNIT-K\8U SW\code\V10\4port\BP_4S104G5\rtl\source\BP_4S104G5_TOP.v":"D:\Project\CNIT-K\8U SW\code\V10\4port\BP_4S104G5\rtl\include\BP_4S104G5_VA_port.v" (library work)
@I::"D:\Project\CNIT-K\8U SW\code\V10\4port\BP_4S104G5\rtl\source\PLL\pll_i25M_o50M_o25M.v" (library work)
@I::"D:\Project\CNIT-K\8U SW\code\V10\4port\BP_4S104G5\rtl\source\I2C_UPDATE\I2C_UPDATE.v" (library work)
@I::"D:\Project\CNIT-K\8U SW\code\V10\4port\BP_4S104G5\rtl\source\bmc_i2c\bmc_cpld_i2c_ram.v" (library work)
@I::"D:\Project\CNIT-K\8U SW\code\V10\4port\BP_4S104G5\rtl\source\bmc_i2c\i2c_slave_basic0.v" (library work)
@I::"D:\Project\CNIT-K\8U SW\code\V10\4port\BP_4S104G5\rtl\source\bmc_i2c\i2c_slave_bmc.v" (library work)
@I::"D:\Project\CNIT-K\8U SW\code\V10\4port\BP_4S104G5\rtl\source\SGPIO_SLAVE\p2s_slave.v" (library work)
@I::"D:\Project\CNIT-K\8U SW\code\V10\4port\BP_4S104G5\rtl\source\SGPIO_SLAVE\s2p_slave.v" (library work)
@I::"D:\Project\CNIT-K\8U SW\code\V10\4port\BP_4S104G5\rtl\source\common\edge_delay.v" (library work)
@I::"D:\Project\CNIT-K\8U SW\code\V10\4port\BP_4S104G5\rtl\source\common\lowpass_filter.v" (library work)
@I::"D:\Project\CNIT-K\8U SW\code\V10\4port\BP_4S104G5\rtl\source\common\pon_reset.v" (library work)
@I::"D:\Project\CNIT-K\8U SW\code\V10\4port\BP_4S104G5\rtl\source\common\synclib.v" (library work)
@I::"D:\Project\CNIT-K\8U SW\code\V10\4port\BP_4S104G5\rtl\source\common\timer_gen_50mhz.v" (library work)
@I::"D:\Project\CNIT-K\8U SW\code\V10\4port\BP_4S104G5\rtl\source\74LV165\pvt_gpi.v" (library work)
@I::"D:\Project\CNIT-K\8U SW\code\V10\4port\BP_4S104G5\rtl\source\FAN\fan_pwm_tach.v" (library work)
@I::"D:\Project\CNIT-K\8U SW\code\V10\4port\BP_4S104G5\rtl\source\FAN\fan_counter.v" (library work)
@I::"D:\Project\CNIT-K\8U SW\code\V10\4port\BP_4S104G5\rtl\source\common\Edge_Detect.v" (library work)
@I::"D:\Project\CNIT-K\8U SW\code\V10\4port\BP_4S104G5\rtl\source\breath_led\breath_led.v" (library work)
Verilog syntax check successful!
Options changed - recompiling
Selecting top level module BP_4S104G5
@N: CG364 :"D:\Project\CNIT-K\8U SW\code\V10\4port\BP_4S104G5\rtl\source\common\edge_delay.v":23:7:23:16|Synthesizing module edge_delay in library work.

	CNTR_NBITS=32'b00000000000000000000000000000011
	DEF_OUTPUT=1'b0
	DELAY_MODE=1'b0
   Generated name = edge_delay_3s_0_0
@N: CG179 :"D:\Project\CNIT-K\8U SW\code\V10\4port\BP_4S104G5\rtl\source\common\edge_delay.v":62:67:62:75|Removing redundant assignment.
@N: CG179 :"D:\Project\CNIT-K\8U SW\code\V10\4port\BP_4S104G5\rtl\source\common\edge_delay.v":63:67:63:78|Removing redundant assignment.
Running optimization stage 1 on edge_delay_3s_0_0 .......
@N: CG364 :"C:\lscc\diamond\3.12\synpbase\lib\lucent\machxo3lf.v":1124:7:1124:9|Synthesizing module VLO in library work.
Running optimization stage 1 on VLO .......
@N: CG364 :"C:\lscc\diamond\3.12\synpbase\lib\lucent\machxo3lf.v":1696:7:1696:13|Synthesizing module EHXPLLJ in library work.
Running optimization stage 1 on EHXPLLJ .......
@N: CG364 :"D:\Project\CNIT-K\8U SW\code\V10\4port\BP_4S104G5\rtl\source\PLL\pll_i25M_o50M_o25M.v":8:7:8:24|Synthesizing module pll_i25M_o50M_o25M in library work.
Running optimization stage 1 on pll_i25M_o50M_o25M .......
@N: CG364 :"D:\Project\CNIT-K\8U SW\code\V10\4port\BP_4S104G5\rtl\source\common\pon_reset.v":15:7:15:15|Synthesizing module pon_reset in library work.
Running optimization stage 1 on pon_reset .......
@N: CG364 :"D:\Project\CNIT-K\8U SW\code\V10\4port\BP_4S104G5\rtl\source\common\timer_gen_50mhz.v":15:7:15:15|Synthesizing module timer_gen in library work.
@N: CG179 :"D:\Project\CNIT-K\8U SW\code\V10\4port\BP_4S104G5\rtl\source\common\timer_gen_50mhz.v":92:54:92:61|Removing redundant assignment.
@N: CG179 :"D:\Project\CNIT-K\8U SW\code\V10\4port\BP_4S104G5\rtl\source\common\timer_gen_50mhz.v":93:54:93:60|Removing redundant assignment.
@N: CG179 :"D:\Project\CNIT-K\8U SW\code\V10\4port\BP_4S104G5\rtl\source\common\timer_gen_50mhz.v":156:36:156:44|Removing redundant assignment.
@N: CG179 :"D:\Project\CNIT-K\8U SW\code\V10\4port\BP_4S104G5\rtl\source\common\timer_gen_50mhz.v":157:41:157:47|Removing redundant assignment.
@N: CG179 :"D:\Project\CNIT-K\8U SW\code\V10\4port\BP_4S104G5\rtl\source\common\timer_gen_50mhz.v":158:41:158:47|Removing redundant assignment.
@N: CG179 :"D:\Project\CNIT-K\8U SW\code\V10\4port\BP_4S104G5\rtl\source\common\timer_gen_50mhz.v":159:41:159:49|Removing redundant assignment.
@N: CG179 :"D:\Project\CNIT-K\8U SW\code\V10\4port\BP_4S104G5\rtl\source\common\timer_gen_50mhz.v":160:41:160:48|Removing redundant assignment.
@N: CG179 :"D:\Project\CNIT-K\8U SW\code\V10\4port\BP_4S104G5\rtl\source\common\timer_gen_50mhz.v":177:68:177:77|Removing redundant assignment.
@N: CG179 :"D:\Project\CNIT-K\8U SW\code\V10\4port\BP_4S104G5\rtl\source\common\timer_gen_50mhz.v":178:63:178:71|Removing redundant assignment.
Running optimization stage 1 on timer_gen .......
@N: CG364 :"D:\Project\CNIT-K\8U SW\code\V10\4port\BP_4S104G5\rtl\source\common\synclib.v":268:7:268:20|Synthesizing module PGM_DEBOUNCE_N in library work.

	SIGCNT=32'b00000000000000000000000000001101
	NBITS=2'b11
	NDELAY=32'b00000000000000000000000000001000
	ENABLE=1'b1
   Generated name = PGM_DEBOUNCE_N_13s_3_8s_1
@N: CG179 :"D:\Project\CNIT-K\8U SW\code\V10\4port\BP_4S104G5\rtl\source\common\synclib.v":297:44:297:52|Removing redundant assignment.
@N: CG179 :"D:\Project\CNIT-K\8U SW\code\V10\4port\BP_4S104G5\rtl\source\common\synclib.v":299:49:299:55|Removing redundant assignment.
Running optimization stage 1 on PGM_DEBOUNCE_N_13s_3_8s_1 .......
@N: CG364 :"D:\Project\CNIT-K\8U SW\code\V10\4port\BP_4S104G5\rtl\source\common\synclib.v":353:7:353:18|Synthesizing module PGM_DEBOUNCE in library work.

	SIGCNT=32'b00000000000000000000000000000110
	NBITS=2'b11
	NDELAY=32'b00000000000000000000000000001000
	ENABLE=1'b1
   Generated name = PGM_DEBOUNCE_6s_3_8s_1
@N: CG179 :"D:\Project\CNIT-K\8U SW\code\V10\4port\BP_4S104G5\rtl\source\common\synclib.v":382:44:382:52|Removing redundant assignment.
@N: CG179 :"D:\Project\CNIT-K\8U SW\code\V10\4port\BP_4S104G5\rtl\source\common\synclib.v":384:49:384:55|Removing redundant assignment.
Running optimization stage 1 on PGM_DEBOUNCE_6s_3_8s_1 .......
@N: CG179 :"D:\Project\CNIT-K\8U SW\code\V10\4port\BP_4S104G5\rtl\source\SGPIO_SLAVE\s2p_slave.v":38:32:38:37|Removing redundant assignment.
@N: CG364 :"D:\Project\CNIT-K\8U SW\code\V10\4port\BP_4S104G5\rtl\source\SGPIO_SLAVE\s2p_slave.v":18:7:18:15|Synthesizing module s2p_slave in library work.

	NBIT=32'b00000000000000000000000000111100
	DEFAULT_STATE=64'b0000000000000000000000000000000000000000000000000000000000000000
	WCNT=32'b00000000000000000000000000000110
   Generated name = s2p_slave_60s_6s_Z1
Running optimization stage 1 on s2p_slave_60s_6s_Z1 .......
@N: CG179 :"D:\Project\CNIT-K\8U SW\code\V10\4port\BP_4S104G5\rtl\source\SGPIO_SLAVE\p2s_slave.v":38:32:38:37|Removing redundant assignment.
@N: CG364 :"D:\Project\CNIT-K\8U SW\code\V10\4port\BP_4S104G5\rtl\source\SGPIO_SLAVE\p2s_slave.v":19:7:19:15|Synthesizing module p2s_slave in library work.

	NBIT=32'b00000000000000000000000000111100
	WCNT=32'b00000000000000000000000000000110
   Generated name = p2s_slave_60s_6s
Running optimization stage 1 on p2s_slave_60s_6s .......
@W: CL265 :"D:\Project\CNIT-K\8U SW\code\V10\4port\BP_4S104G5\rtl\source\SGPIO_SLAVE\p2s_slave.v":51:2:51:7|Removing unused bit 2 of sld_n_r[2:0]. Either assign all bits or reduce the width of the signal.
@A: CL282 :"D:\Project\CNIT-K\8U SW\code\V10\4port\BP_4S104G5\rtl\source\SGPIO_SLAVE\p2s_slave.v":66:0:66:5|Feedback mux created for signal so. It is possible a set/reset assignment for this is signal missing. To improve timing and area, specify a set/reset value.
@N: CG364 :"D:\Project\CNIT-K\8U SW\code\V10\4port\BP_4S104G5\rtl\source\74LV165\pvt_gpi.v":3:7:3:13|Synthesizing module pvt_gpi in library work.

	TOTAL_BIT_COUNT=32'b00000000000000000000000000111000
	DEFAULT_STATE=56'b00000000000000000000000000000000000000000000000000000000
	SEGMENT_MAX=32'b00000000000000000000000000110111
	SEGMENT_MIN=32'b00000000000000000000000000000000
	NUMBER_OF_COUNTER_BITS=32'b00000000000000000000000000000110
   Generated name = pvt_gpi_56s_55s_0s_6s_Z2
@N: CG179 :"D:\Project\CNIT-K\8U SW\code\V10\4port\BP_4S104G5\rtl\source\74LV165\pvt_gpi.v":32:21:32:28|Removing redundant assignment.
Running optimization stage 1 on pvt_gpi_56s_55s_0s_6s_Z2 .......
@N: CG364 :"D:\Project\CNIT-K\8U SW\code\V10\4port\BP_4S104G5\rtl\source\74LV165\pvt_gpi.v":3:7:3:13|Synthesizing module pvt_gpi in library work.

	TOTAL_BIT_COUNT=32'b00000000000000000000000000010000
	DEFAULT_STATE=16'b0000000000000000
	SEGMENT_MAX=32'b00000000000000000000000000001111
	SEGMENT_MIN=32'b00000000000000000000000000000000
	NUMBER_OF_COUNTER_BITS=32'b00000000000000000000000000000100
   Generated name = pvt_gpi_16s_0_15s_0s_4s
Running optimization stage 1 on pvt_gpi_16s_0_15s_0s_4s .......
@N: CG364 :"D:\Project\CNIT-K\8U SW\code\V10\4port\BP_4S104G5\rtl\source\74LV165\pvt_gpi.v":3:7:3:13|Synthesizing module pvt_gpi in library work.

	TOTAL_BIT_COUNT=32'b00000000000000000000000000101000
	DEFAULT_STATE=40'b0000000000000000000000000000000000000000
	SEGMENT_MAX=32'b00000000000000000000000000100111
	SEGMENT_MIN=32'b00000000000000000000000000000000
	NUMBER_OF_COUNTER_BITS=32'b00000000000000000000000000000110
   Generated name = pvt_gpi_40s_39s_0s_6s_Z3
Running optimization stage 1 on pvt_gpi_40s_39s_0s_6s_Z3 .......
@N: CG364 :"D:\Project\CNIT-K\8U SW\code\V10\4port\BP_4S104G5\rtl\source\common\edge_delay.v":23:7:23:16|Synthesizing module edge_delay in library work.

	CNTR_NBITS=32'b00000000000000000000000000000110
	DEF_OUTPUT=1'b0
	DELAY_MODE=1'b0
   Generated name = edge_delay_6s_0_0
Running optimization stage 1 on edge_delay_6s_0_0 .......
@N: CG364 :"D:\Project\CNIT-K\8U SW\code\V10\4port\BP_4S104G5\rtl\source\common\edge_delay.v":23:7:23:16|Synthesizing module edge_delay in library work.

	CNTR_NBITS=32'b00000000000000000000000000000100
	DEF_OUTPUT=1'b0
	DELAY_MODE=1'b0
   Generated name = edge_delay_4s_0_0
Running optimization stage 1 on edge_delay_4s_0_0 .......
@N: CG364 :"D:\Project\CNIT-K\8U SW\code\V10\4port\BP_4S104G5\rtl\source\breath_led\breath_led.v":10:7:10:16|Synthesizing module breath_led in library work.
Running optimization stage 1 on breath_led .......
@N: CG364 :"D:\Project\CNIT-K\8U SW\code\V10\4port\BP_4S104G5\rtl\source\common\synclib.v":353:7:353:18|Synthesizing module PGM_DEBOUNCE in library work.

	SIGCNT=32'b00000000000000000000000000011110
	NBITS=2'b10
	NDELAY=32'b00000000000000000000000000000100
	ENABLE=1'b1
   Generated name = PGM_DEBOUNCE_30s_2_4s_1
Running optimization stage 1 on PGM_DEBOUNCE_30s_2_4s_1 .......
@N: CG364 :"D:\Project\CNIT-K\8U SW\code\V10\4port\BP_4S104G5\rtl\source\common\synclib.v":353:7:353:18|Synthesizing module PGM_DEBOUNCE in library work.

	SIGCNT=32'b00000000000000000000000000001111
	NBITS=2'b10
	NDELAY=32'b00000000000000000000000000000100
	ENABLE=1'b1
   Generated name = PGM_DEBOUNCE_15s_2_4s_1
Running optimization stage 1 on PGM_DEBOUNCE_15s_2_4s_1 .......
@N: CG364 :"C:\lscc\diamond\3.12\synpbase\lib\lucent\machxo3lf.v":1759:7:1759:10|Synthesizing module OSCH in library work.
Running optimization stage 1 on OSCH .......
@N: CG364 :"C:\lscc\diamond\3.12\synpbase\lib\lucent\machxo3lf.v":1120:7:1120:9|Synthesizing module VHI in library work.
Running optimization stage 1 on VHI .......
@N: CG364 :"C:\lscc\diamond\3.12\synpbase\lib\lucent\machxo3lf.v":82:7:82:8|Synthesizing module BB in library work.
Running optimization stage 1 on BB .......
@N: CG364 :"C:\lscc\diamond\3.12\synpbase\lib\lucent\machxo3lf.v":1766:7:1766:9|Synthesizing module EFB in library work.
Running optimization stage 1 on EFB .......
@N: CG364 :"D:\Project\CNIT-K\8U SW\code\V10\4port\BP_4S104G5\rtl\source\I2C_UPDATE\I2C_UPDATE.v":8:7:8:16|Synthesizing module I2C_UPDATE in library work.
Running optimization stage 1 on I2C_UPDATE .......
@N: CG364 :"D:\Project\CNIT-K\8U SW\code\V10\4port\BP_4S104G5\rtl\source\bmc_i2c\i2c_slave_basic0.v":8:7:8:22|Synthesizing module i2c_slave_basic0 in library work.

	TOTAL_STAGES=32'b00000000000000000000000000000011
	DLY_LEN=32'b00000000000000000000000000010000
   Generated name = i2c_slave_basic0_3s_16s
@N: CG179 :"D:\Project\CNIT-K\8U SW\code\V10\4port\BP_4S104G5\rtl\source\bmc_i2c\i2c_slave_basic0.v":264:21:264:29|Removing redundant assignment.
@N: CG179 :"D:\Project\CNIT-K\8U SW\code\V10\4port\BP_4S104G5\rtl\source\bmc_i2c\i2c_slave_basic0.v":587:36:587:45|Removing redundant assignment.
@N: CG179 :"D:\Project\CNIT-K\8U SW\code\V10\4port\BP_4S104G5\rtl\source\bmc_i2c\i2c_slave_basic0.v":637:25:637:37|Removing redundant assignment.
Running optimization stage 1 on i2c_slave_basic0_3s_16s .......
@W: CL169 :"D:\Project\CNIT-K\8U SW\code\V10\4port\BP_4S104G5\rtl\source\bmc_i2c\i2c_slave_basic0.v":229:0:229:5|Pruning unused register r_scl_1. Make sure that there are no unused intermediate registers.
@A: CL291 :"D:\Project\CNIT-K\8U SW\code\V10\4port\BP_4S104G5\rtl\source\bmc_i2c\i2c_slave_basic0.v":120:0:120:5|Register r_sampledData_scl_q with asynchronous load is being synthesized in compatability mode. A synthesis/simulation mismatch is possible.
@A: CL291 :"D:\Project\CNIT-K\8U SW\code\V10\4port\BP_4S104G5\rtl\source\bmc_i2c\i2c_slave_basic0.v":149:0:149:5|Register r_sampledData_sda_q with asynchronous load is being synthesized in compatability mode. A synthesis/simulation mismatch is possible.
@A: CL282 :"D:\Project\CNIT-K\8U SW\code\V10\4port\BP_4S104G5\rtl\source\bmc_i2c\i2c_slave_basic0.v":279:0:279:5|Feedback mux created for signal r_I2c_address[6:0]. It is possible a set/reset assignment for this is signal missing. To improve timing and area, specify a set/reset value.
@N: CG364 :"D:\Project\CNIT-K\8U SW\code\V10\4port\BP_4S104G5\rtl\source\bmc_i2c\i2c_slave_bmc.v":9:7:9:19|Synthesizing module i2c_slave_bmc in library work.

	DLY_LEN=32'b00000000000000000000000000010000
   Generated name = i2c_slave_bmc_16s
Running optimization stage 1 on i2c_slave_bmc_16s .......
@N: CG364 :"D:\Project\CNIT-K\8U SW\code\V10\4port\BP_4S104G5\rtl\source\bmc_i2c\bmc_cpld_i2c_ram.v":2:7:2:22|Synthesizing module bmc_cpld_i2c_ram in library work.

	DLY_LEN=32'b00000000000000000000000000010000
   Generated name = bmc_cpld_i2c_ram_16s
Running optimization stage 1 on bmc_cpld_i2c_ram_16s .......
@N: CG364 :"D:\Project\CNIT-K\8U SW\code\V10\4port\BP_4S104G5\rtl\include\BP_4S104G5_VA_port.v":22:7:22:16|Synthesizing module BP_4S104G5 in library work.
@N: CG179 :"D:\Project\CNIT-K\8U SW\code\V10\4port\BP_4S104G5\rtl\source\BP_4S104G5_TOP.v":596:35:596:61|Removing redundant assignment.
@N: CG364 :"D:\Project\CNIT-K\8U SW\code\V10\4port\BP_4S104G5\rtl\source\common\Edge_Detect.v":4:7:4:17|Synthesizing module Edge_Detect in library work.
Running optimization stage 1 on Edge_Detect .......
@N: CG364 :"D:\Project\CNIT-K\8U SW\code\V10\4port\BP_4S104G5\rtl\source\FAN\fan_counter.v":24:7:24:17|Synthesizing module fan_counter in library work.

	WIDTH=32'b00000000000000000000000000001000
	MAX_VALUE=32'b00000000000000000000000011111111
   Generated name = fan_counter_8s_255s
@N: CG179 :"D:\Project\CNIT-K\8U SW\code\V10\4port\BP_4S104G5\rtl\source\FAN\fan_counter.v":50:22:50:33|Removing redundant assignment.
Running optimization stage 1 on fan_counter_8s_255s .......
@N: CG364 :"D:\Project\CNIT-K\8U SW\code\V10\4port\BP_4S104G5\rtl\source\FAN\fan_counter.v":24:7:24:17|Synthesizing module fan_counter in library work.

	WIDTH=32'b00000000000000000000000000001011
	MAX_VALUE=32'b00000000000000000000001111111110
   Generated name = fan_counter_11s_1022
Running optimization stage 1 on fan_counter_11s_1022 .......
@N: CG364 :"D:\Project\CNIT-K\8U SW\code\V10\4port\BP_4S104G5\rtl\source\FAN\fan_pwm_tach.v":11:7:11:18|Synthesizing module fan_pwm_tach in library work.
Running optimization stage 1 on fan_pwm_tach .......
@W: CG781 :"D:\Project\CNIT-K\8U SW\code\V10\4port\BP_4S104G5\rtl\source\BP_4S104G5_TOP.v":1800:10:1800:10|Input wb_rst_i on instance inst_i2c_update_flash_config is undriven; assigning to 0.  Simulation mismatch possible. Either assign the input or remove the declaration. 
@W: CG781 :"D:\Project\CNIT-K\8U SW\code\V10\4port\BP_4S104G5\rtl\source\BP_4S104G5_TOP.v":1801:10:1801:10|Input wb_cyc_i on instance inst_i2c_update_flash_config is undriven; assigning to 0.  Simulation mismatch possible. Either assign the input or remove the declaration. 
@W: CG781 :"D:\Project\CNIT-K\8U SW\code\V10\4port\BP_4S104G5\rtl\source\BP_4S104G5_TOP.v":1802:10:1802:10|Input wb_stb_i on instance inst_i2c_update_flash_config is undriven; assigning to 0.  Simulation mismatch possible. Either assign the input or remove the declaration. 
@W: CG781 :"D:\Project\CNIT-K\8U SW\code\V10\4port\BP_4S104G5\rtl\source\BP_4S104G5_TOP.v":1803:9:1803:9|Input wb_we_i on instance inst_i2c_update_flash_config is undriven; assigning to 0.  Simulation mismatch possible. Either assign the input or remove the declaration. 
@W: CG781 :"D:\Project\CNIT-K\8U SW\code\V10\4port\BP_4S104G5\rtl\source\BP_4S104G5_TOP.v":1804:10:1804:10|Input wb_adr_i on instance inst_i2c_update_flash_config is undriven; assigning to 0.  Simulation mismatch possible. Either assign the input or remove the declaration. 
@W: CG781 :"D:\Project\CNIT-K\8U SW\code\V10\4port\BP_4S104G5\rtl\source\BP_4S104G5_TOP.v":1805:10:1805:10|Input wb_dat_i on instance inst_i2c_update_flash_config is undriven; assigning to 0.  Simulation mismatch possible. Either assign the input or remove the declaration. 
@W: CG360 :"D:\Project\CNIT-K\8U SW\code\V10\4port\BP_4S104G5\rtl\source\BP_4S104G5_TOP.v":1293:5:1293:16|Removing wire w_debug_led1, as there is no assignment to it.
Running optimization stage 1 on BP_4S104G5 .......
@W: CL168 :"D:\Project\CNIT-K\8U SW\code\V10\4port\BP_4S104G5\rtl\source\BP_4S104G5_TOP.v":1202:48:1202:73|Removing instance edge_delay_gpu_base_pwr_gd because it does not drive other instances. To preserve this instance, use the syn_noprune synthesis directive.
@W: CL169 :"D:\Project\CNIT-K\8U SW\code\V10\4port\BP_4S104G5\rtl\source\BP_4S104G5_TOP.v":1612:4:1612:9|Pruning unused register genblk1[14].r_pwm_D_fan_limit[14][10:0]. Make sure that there are no unused intermediate registers.
@W: CL169 :"D:\Project\CNIT-K\8U SW\code\V10\4port\BP_4S104G5\rtl\source\BP_4S104G5_TOP.v":1612:4:1612:9|Pruning unused register genblk1[13].r_pwm_D_fan_limit[13][10:0]. Make sure that there are no unused intermediate registers.
@W: CL169 :"D:\Project\CNIT-K\8U SW\code\V10\4port\BP_4S104G5\rtl\source\BP_4S104G5_TOP.v":1612:4:1612:9|Pruning unused register genblk1[12].r_pwm_D_fan_limit[12][10:0]. Make sure that there are no unused intermediate registers.
@W: CL169 :"D:\Project\CNIT-K\8U SW\code\V10\4port\BP_4S104G5\rtl\source\BP_4S104G5_TOP.v":1612:4:1612:9|Pruning unused register genblk1[11].r_pwm_D_fan_limit[11][10:0]. Make sure that there are no unused intermediate registers.
@W: CL169 :"D:\Project\CNIT-K\8U SW\code\V10\4port\BP_4S104G5\rtl\source\BP_4S104G5_TOP.v":1612:4:1612:9|Pruning unused register genblk1[10].r_pwm_D_fan_limit[10][10:0]. Make sure that there are no unused intermediate registers.
@W: CL169 :"D:\Project\CNIT-K\8U SW\code\V10\4port\BP_4S104G5\rtl\source\BP_4S104G5_TOP.v":1612:4:1612:9|Pruning unused register genblk1[9].r_pwm_D_fan_limit[9][10:0]. Make sure that there are no unused intermediate registers.
@W: CL169 :"D:\Project\CNIT-K\8U SW\code\V10\4port\BP_4S104G5\rtl\source\BP_4S104G5_TOP.v":1612:4:1612:9|Pruning unused register genblk1[8].r_pwm_D_fan_limit[8][10:0]. Make sure that there are no unused intermediate registers.
@W: CL169 :"D:\Project\CNIT-K\8U SW\code\V10\4port\BP_4S104G5\rtl\source\BP_4S104G5_TOP.v":1612:4:1612:9|Pruning unused register genblk1[7].r_pwm_D_fan_limit[7][10:0]. Make sure that there are no unused intermediate registers.
@W: CL169 :"D:\Project\CNIT-K\8U SW\code\V10\4port\BP_4S104G5\rtl\source\BP_4S104G5_TOP.v":1612:4:1612:9|Pruning unused register genblk1[6].r_pwm_D_fan_limit[6][10:0]. Make sure that there are no unused intermediate registers.
@W: CL169 :"D:\Project\CNIT-K\8U SW\code\V10\4port\BP_4S104G5\rtl\source\BP_4S104G5_TOP.v":1612:4:1612:9|Pruning unused register genblk1[5].r_pwm_D_fan_limit[5][10:0]. Make sure that there are no unused intermediate registers.
@W: CL169 :"D:\Project\CNIT-K\8U SW\code\V10\4port\BP_4S104G5\rtl\source\BP_4S104G5_TOP.v":1612:4:1612:9|Pruning unused register genblk1[4].r_pwm_D_fan_limit[4][10:0]. Make sure that there are no unused intermediate registers.
@W: CL169 :"D:\Project\CNIT-K\8U SW\code\V10\4port\BP_4S104G5\rtl\source\BP_4S104G5_TOP.v":1612:4:1612:9|Pruning unused register genblk1[3].r_pwm_D_fan_limit[3][10:0]. Make sure that there are no unused intermediate registers.
@W: CL169 :"D:\Project\CNIT-K\8U SW\code\V10\4port\BP_4S104G5\rtl\source\BP_4S104G5_TOP.v":1612:4:1612:9|Pruning unused register genblk1[2].r_pwm_D_fan_limit[2][10:0]. Make sure that there are no unused intermediate registers.
@W: CL169 :"D:\Project\CNIT-K\8U SW\code\V10\4port\BP_4S104G5\rtl\source\BP_4S104G5_TOP.v":1612:4:1612:9|Pruning unused register genblk1[1].r_pwm_D_fan_limit[1][10:0]. Make sure that there are no unused intermediate registers.
@W: CL169 :"D:\Project\CNIT-K\8U SW\code\V10\4port\BP_4S104G5\rtl\source\BP_4S104G5_TOP.v":1612:4:1612:9|Pruning unused register genblk1[0].r_pwm_D_fan_limit[0][10:0]. Make sure that there are no unused intermediate registers.
@W: CL271 :"D:\Project\CNIT-K\8U SW\code\V10\4port\BP_4S104G5\rtl\source\BP_4S104G5_TOP.v":581:0:581:5|Pruning unused bits 51 to 5 of mcpld_to_swcpld_data_filter[51:0]. If this is not the intended behavior, drive the inputs with valid values, or inputs from the top level.
@W: CL265 :"D:\Project\CNIT-K\8U SW\code\V10\4port\BP_4S104G5\rtl\source\BP_4S104G5_TOP.v":581:0:581:5|Removing unused bit 2 of mcpld_to_swcpld_data_filter[51:0]. Either assign all bits or reduce the width of the signal.
@W: CL259 :"D:\Project\CNIT-K\8U SW\code\V10\4port\BP_4S104G5\rtl\source\BP_4S104G5_TOP.v":147:27:147:30|Duplicate LOC attributes found on net
@W: CL259 :"D:\Project\CNIT-K\8U SW\code\V10\4port\BP_4S104G5\rtl\source\BP_4S104G5_TOP.v":147:27:147:30|Duplicate LOC attributes found on net
@W: CL259 :"D:\Project\CNIT-K\8U SW\code\V10\4port\BP_4S104G5\rtl\source\BP_4S104G5_TOP.v":147:27:147:30|Duplicate LOC attributes found on net
@W: CL259 :"D:\Project\CNIT-K\8U SW\code\V10\4port\BP_4S104G5\rtl\source\BP_4S104G5_TOP.v":1212:28:1212:79|Duplicate LOC attributes found on net
@W: CL259 :"D:\Project\CNIT-K\8U SW\code\V10\4port\BP_4S104G5\rtl\source\BP_4S104G5_TOP.v":1212:28:1212:79|Duplicate LOC attributes found on net
@W: CL259 :"D:\Project\CNIT-K\8U SW\code\V10\4port\BP_4S104G5\rtl\source\BP_4S104G5_TOP.v":1212:28:1212:79|Duplicate LOC attributes found on net
@W: CL259 :"D:\Project\CNIT-K\8U SW\code\V10\4port\BP_4S104G5\rtl\source\BP_4S104G5_TOP.v":211:41:211:44|Duplicate LOC attributes found on net
@W: CL259 :"D:\Project\CNIT-K\8U SW\code\V10\4port\BP_4S104G5\rtl\source\BP_4S104G5_TOP.v":211:41:211:44|Duplicate LOC attributes found on net
@W: CL259 :"D:\Project\CNIT-K\8U SW\code\V10\4port\BP_4S104G5\rtl\source\BP_4S104G5_TOP.v":211:41:211:44|Duplicate LOC attributes found on net
@W: CL259 :"D:\Project\CNIT-K\8U SW\code\V10\4port\BP_4S104G5\rtl\source\BP_4S104G5_TOP.v":147:27:147:30|Duplicate LOC attributes found on net
@W: CL259 :"D:\Project\CNIT-K\8U SW\code\V10\4port\BP_4S104G5\rtl\source\BP_4S104G5_TOP.v":211:41:211:44|Duplicate LOC attributes found on net
@W: CL259 :"D:\Project\CNIT-K\8U SW\code\V10\4port\BP_4S104G5\rtl\source\BP_4S104G5_TOP.v":211:41:211:44|Duplicate LOC attributes found on net
@W: CL259 :"D:\Project\CNIT-K\8U SW\code\V10\4port\BP_4S104G5\rtl\source\BP_4S104G5_TOP.v":147:27:147:30|Duplicate LOC attributes found on net
@W: CL259 :"D:\Project\CNIT-K\8U SW\code\V10\4port\BP_4S104G5\rtl\source\BP_4S104G5_TOP.v":211:41:211:44|Duplicate LOC attributes found on net
@W: CL259 :"D:\Project\CNIT-K\8U SW\code\V10\4port\BP_4S104G5\rtl\source\BP_4S104G5_TOP.v":419:51:419:54|Duplicate LOC attributes found on net
@W: CL259 :"D:\Project\CNIT-K\8U SW\code\V10\4port\BP_4S104G5\rtl\source\BP_4S104G5_TOP.v":147:27:147:30|Duplicate LOC attributes found on net
@W: CL259 :"D:\Project\CNIT-K\8U SW\code\V10\4port\BP_4S104G5\rtl\source\BP_4S104G5_TOP.v":147:27:147:30|Duplicate LOC attributes found on net
@W: CL259 :"D:\Project\CNIT-K\8U SW\code\V10\4port\BP_4S104G5\rtl\source\BP_4S104G5_TOP.v":147:27:147:30|Duplicate LOC attributes found on net
@W: CL259 :"D:\Project\CNIT-K\8U SW\code\V10\4port\BP_4S104G5\rtl\source\BP_4S104G5_TOP.v":147:27:147:30|Duplicate LOC attributes found on net
@W: CL259 :"D:\Project\CNIT-K\8U SW\code\V10\4port\BP_4S104G5\rtl\source\BP_4S104G5_TOP.v":147:27:147:30|Duplicate LOC attributes found on net
@W: CL259 :"D:\Project\CNIT-K\8U SW\code\V10\4port\BP_4S104G5\rtl\source\BP_4S104G5_TOP.v":147:27:147:30|Duplicate LOC attributes found on net
@W: CL259 :"D:\Project\CNIT-K\8U SW\code\V10\4port\BP_4S104G5\rtl\source\BP_4S104G5_TOP.v":147:27:147:30|Duplicate LOC attributes found on net
@W: CL259 :"D:\Project\CNIT-K\8U SW\code\V10\4port\BP_4S104G5\rtl\source\BP_4S104G5_TOP.v":147:27:147:30|Duplicate LOC attributes found on net
@W: CL259 :"D:\Project\CNIT-K\8U SW\code\V10\4port\BP_4S104G5\rtl\source\BP_4S104G5_TOP.v":1112:33:1112:72|Duplicate LOC attributes found on net
@W: CL259 :"D:\Project\CNIT-K\8U SW\code\V10\4port\BP_4S104G5\rtl\source\BP_4S104G5_TOP.v":1107:33:1107:72|Duplicate LOC attributes found on net
@W: CL259 :"D:\Project\CNIT-K\8U SW\code\V10\4port\BP_4S104G5\rtl\source\BP_4S104G5_TOP.v":1112:33:1112:72|Duplicate LOC attributes found on net
@W: CL259 :"D:\Project\CNIT-K\8U SW\code\V10\4port\BP_4S104G5\rtl\source\BP_4S104G5_TOP.v":1107:33:1107:72|Duplicate LOC attributes found on net
@W: CL259 :"D:\Project\CNIT-K\8U SW\code\V10\4port\BP_4S104G5\rtl\source\BP_4S104G5_TOP.v":1112:33:1112:72|Duplicate LOC attributes found on net
@W: CL259 :"D:\Project\CNIT-K\8U SW\code\V10\4port\BP_4S104G5\rtl\source\BP_4S104G5_TOP.v":1107:33:1107:72|Duplicate LOC attributes found on net
@W: CL259 :"D:\Project\CNIT-K\8U SW\code\V10\4port\BP_4S104G5\rtl\source\BP_4S104G5_TOP.v":1112:33:1112:72|Duplicate LOC attributes found on net
@W: CL259 :"D:\Project\CNIT-K\8U SW\code\V10\4port\BP_4S104G5\rtl\source\BP_4S104G5_TOP.v":1107:33:1107:72|Duplicate LOC attributes found on net
@W: CL259 :"D:\Project\CNIT-K\8U SW\code\V10\4port\BP_4S104G5\rtl\source\BP_4S104G5_TOP.v":419:51:419:54|Duplicate LOC attributes found on net
@W: CL259 :"D:\Project\CNIT-K\8U SW\code\V10\4port\BP_4S104G5\rtl\source\BP_4S104G5_TOP.v":419:51:419:54|Duplicate LOC attributes found on net
@W: CL259 :"D:\Project\CNIT-K\8U SW\code\V10\4port\BP_4S104G5\rtl\source\BP_4S104G5_TOP.v":419:51:419:54|Duplicate LOC attributes found on net
@W: CL259 :"D:\Project\CNIT-K\8U SW\code\V10\4port\BP_4S104G5\rtl\source\BP_4S104G5_TOP.v":1002:23:1002:59|Duplicate LOC attributes found on net
@W: CL259 :"D:\Project\CNIT-K\8U SW\code\V10\4port\BP_4S104G5\rtl\source\BP_4S104G5_TOP.v":1002:23:1002:59|Duplicate LOC attributes found on net
@W: CL259 :"D:\Project\CNIT-K\8U SW\code\V10\4port\BP_4S104G5\rtl\source\BP_4S104G5_TOP.v":211:41:211:44|Duplicate LOC attributes found on net
@W: CL259 :"D:\Project\CNIT-K\8U SW\code\V10\4port\BP_4S104G5\rtl\source\BP_4S104G5_TOP.v":147:27:147:30|Duplicate LOC attributes found on net
@W: CL259 :"D:\Project\CNIT-K\8U SW\code\V10\4port\BP_4S104G5\rtl\source\BP_4S104G5_TOP.v":1742:19:1742:33|Duplicate LOC attributes found on net
@W: CL259 :"D:\Project\CNIT-K\8U SW\code\V10\4port\BP_4S104G5\rtl\source\BP_4S104G5_TOP.v":1741:19:1741:33|Duplicate LOC attributes found on net
@W: CL259 :"D:\Project\CNIT-K\8U SW\code\V10\4port\BP_4S104G5\rtl\source\BP_4S104G5_TOP.v":1742:19:1742:33|Duplicate LOC attributes found on net
@W: CL259 :"D:\Project\CNIT-K\8U SW\code\V10\4port\BP_4S104G5\rtl\source\BP_4S104G5_TOP.v":1741:19:1741:33|Duplicate LOC attributes found on net
@W: CL259 :"D:\Project\CNIT-K\8U SW\code\V10\4port\BP_4S104G5\rtl\source\BP_4S104G5_TOP.v":1742:19:1742:33|Duplicate LOC attributes found on net
@W: CL259 :"D:\Project\CNIT-K\8U SW\code\V10\4port\BP_4S104G5\rtl\source\BP_4S104G5_TOP.v":1741:19:1741:33|Duplicate LOC attributes found on net
@W: CL259 :"D:\Project\CNIT-K\8U SW\code\V10\4port\BP_4S104G5\rtl\source\BP_4S104G5_TOP.v":1742:19:1742:33|Duplicate LOC attributes found on net
@W: CL259 :"D:\Project\CNIT-K\8U SW\code\V10\4port\BP_4S104G5\rtl\source\BP_4S104G5_TOP.v":1741:19:1741:33|Duplicate LOC attributes found on net
@W: CL259 :"D:\Project\CNIT-K\8U SW\code\V10\4port\BP_4S104G5\rtl\source\BP_4S104G5_TOP.v":1742:19:1742:33|Duplicate LOC attributes found on net
@W: CL259 :"D:\Project\CNIT-K\8U SW\code\V10\4port\BP_4S104G5\rtl\source\BP_4S104G5_TOP.v":1741:19:1741:33|Duplicate LOC attributes found on net
@W: CL259 :"D:\Project\CNIT-K\8U SW\code\V10\4port\BP_4S104G5\rtl\source\BP_4S104G5_TOP.v":1742:19:1742:33|Duplicate LOC attributes found on net
@W: CL259 :"D:\Project\CNIT-K\8U SW\code\V10\4port\BP_4S104G5\rtl\source\BP_4S104G5_TOP.v":1741:19:1741:33|Duplicate LOC attributes found on net
@W: CL259 :"D:\Project\CNIT-K\8U SW\code\V10\4port\BP_4S104G5\rtl\source\BP_4S104G5_TOP.v":1742:19:1742:33|Duplicate LOC attributes found on net
@W: CL259 :"D:\Project\CNIT-K\8U SW\code\V10\4port\BP_4S104G5\rtl\source\BP_4S104G5_TOP.v":1741:19:1741:33|Duplicate LOC attributes found on net
@W: CL259 :"D:\Project\CNIT-K\8U SW\code\V10\4port\BP_4S104G5\rtl\source\BP_4S104G5_TOP.v":1742:19:1742:33|Duplicate LOC attributes found on net
@W: CL259 :"D:\Project\CNIT-K\8U SW\code\V10\4port\BP_4S104G5\rtl\source\BP_4S104G5_TOP.v":1741:19:1741:33|Duplicate LOC attributes found on net
@W: CL259 :"D:\Project\CNIT-K\8U SW\code\V10\4port\BP_4S104G5\rtl\source\BP_4S104G5_TOP.v":1742:19:1742:33|Duplicate LOC attributes found on net
@W: CL259 :"D:\Project\CNIT-K\8U SW\code\V10\4port\BP_4S104G5\rtl\source\BP_4S104G5_TOP.v":1741:19:1741:33|Duplicate LOC attributes found on net
@W: CL259 :"D:\Project\CNIT-K\8U SW\code\V10\4port\BP_4S104G5\rtl\source\BP_4S104G5_TOP.v":1742:19:1742:33|Duplicate LOC attributes found on net
@W: CL259 :"D:\Project\CNIT-K\8U SW\code\V10\4port\BP_4S104G5\rtl\source\BP_4S104G5_TOP.v":1741:19:1741:33|Duplicate LOC attributes found on net
@W: CL259 :"D:\Project\CNIT-K\8U SW\code\V10\4port\BP_4S104G5\rtl\source\BP_4S104G5_TOP.v":1742:19:1742:33|Duplicate LOC attributes found on net
@W: CL259 :"D:\Project\CNIT-K\8U SW\code\V10\4port\BP_4S104G5\rtl\source\BP_4S104G5_TOP.v":1741:19:1741:33|Duplicate LOC attributes found on net
@W: CL259 :"D:\Project\CNIT-K\8U SW\code\V10\4port\BP_4S104G5\rtl\source\BP_4S104G5_TOP.v":1742:19:1742:33|Duplicate LOC attributes found on net
@W: CL259 :"D:\Project\CNIT-K\8U SW\code\V10\4port\BP_4S104G5\rtl\source\BP_4S104G5_TOP.v":1741:19:1741:33|Duplicate LOC attributes found on net
@W: CL259 :"D:\Project\CNIT-K\8U SW\code\V10\4port\BP_4S104G5\rtl\source\BP_4S104G5_TOP.v":1742:19:1742:33|Duplicate LOC attributes found on net
@W: CL259 :"D:\Project\CNIT-K\8U SW\code\V10\4port\BP_4S104G5\rtl\source\BP_4S104G5_TOP.v":1741:19:1741:33|Duplicate LOC attributes found on net
@W: CL259 :"D:\Project\CNIT-K\8U SW\code\V10\4port\BP_4S104G5\rtl\source\BP_4S104G5_TOP.v":1451:22:1451:34|Duplicate LOC attributes found on net
@W: CL259 :"D:\Project\CNIT-K\8U SW\code\V10\4port\BP_4S104G5\rtl\source\BP_4S104G5_TOP.v":1451:22:1451:34|Duplicate LOC attributes found on net
@W: CL259 :"D:\Project\CNIT-K\8U SW\code\V10\4port\BP_4S104G5\rtl\source\BP_4S104G5_TOP.v":1451:22:1451:34|Duplicate LOC attributes found on net
@W: CL259 :"D:\Project\CNIT-K\8U SW\code\V10\4port\BP_4S104G5\rtl\source\BP_4S104G5_TOP.v":1451:22:1451:34|Duplicate LOC attributes found on net
@W: CL259 :"D:\Project\CNIT-K\8U SW\code\V10\4port\BP_4S104G5\rtl\source\BP_4S104G5_TOP.v":1451:22:1451:34|Duplicate LOC attributes found on net
@W: CL259 :"D:\Project\CNIT-K\8U SW\code\V10\4port\BP_4S104G5\rtl\source\BP_4S104G5_TOP.v":1451:22:1451:34|Duplicate LOC attributes found on net
@W: CL259 :"D:\Project\CNIT-K\8U SW\code\V10\4port\BP_4S104G5\rtl\source\BP_4S104G5_TOP.v":1451:22:1451:34|Duplicate LOC attributes found on net
@W: CL259 :"D:\Project\CNIT-K\8U SW\code\V10\4port\BP_4S104G5\rtl\source\BP_4S104G5_TOP.v":1451:22:1451:34|Duplicate LOC attributes found on net
@W: CL259 :"D:\Project\CNIT-K\8U SW\code\V10\4port\BP_4S104G5\rtl\source\BP_4S104G5_TOP.v":1451:22:1451:34|Duplicate LOC attributes found on net
@W: CL259 :"D:\Project\CNIT-K\8U SW\code\V10\4port\BP_4S104G5\rtl\source\BP_4S104G5_TOP.v":1451:22:1451:34|Duplicate LOC attributes found on net
@W: CL259 :"D:\Project\CNIT-K\8U SW\code\V10\4port\BP_4S104G5\rtl\source\BP_4S104G5_TOP.v":1451:22:1451:34|Duplicate LOC attributes found on net
@W: CL259 :"D:\Project\CNIT-K\8U SW\code\V10\4port\BP_4S104G5\rtl\source\BP_4S104G5_TOP.v":1451:22:1451:34|Duplicate LOC attributes found on net
@W: CL259 :"D:\Project\CNIT-K\8U SW\code\V10\4port\BP_4S104G5\rtl\source\BP_4S104G5_TOP.v":1451:22:1451:34|Duplicate LOC attributes found on net
Running optimization stage 2 on fan_pwm_tach .......
Running optimization stage 2 on fan_counter_11s_1022 .......
@W: CL190 :"D:\Project\CNIT-K\8U SW\code\V10\4port\BP_4S104G5\rtl\source\FAN\fan_counter.v":41:0:41:5|Optimizing register bit r_cnt_result[10] to a constant 0. To keep the instance, apply constraint syn_preserve=1 on the instance.
@W: CL260 :"D:\Project\CNIT-K\8U SW\code\V10\4port\BP_4S104G5\rtl\source\FAN\fan_counter.v":41:0:41:5|Pruning register bit 10 of r_cnt_result[10:0]. If this is not the intended behavior, drive the input with valid values, or an input from the top level.
Running optimization stage 2 on fan_counter_8s_255s .......
Running optimization stage 2 on Edge_Detect .......
Running optimization stage 2 on BP_4S104G5 .......
Running optimization stage 2 on bmc_cpld_i2c_ram_16s .......
Running optimization stage 2 on i2c_slave_bmc_16s .......
Running optimization stage 2 on i2c_slave_basic0_3s_16s .......
@W: CL190 :"D:\Project\CNIT-K\8U SW\code\V10\4port\BP_4S104G5\rtl\source\bmc_i2c\i2c_slave_basic0.v":628:0:628:5|Optimizing register bit r_timeout_cnt[6] to a constant 0. To keep the instance, apply constraint syn_preserve=1 on the instance.
@W: CL190 :"D:\Project\CNIT-K\8U SW\code\V10\4port\BP_4S104G5\rtl\source\bmc_i2c\i2c_slave_basic0.v":628:0:628:5|Optimizing register bit r_timeout_cnt[7] to a constant 0. To keep the instance, apply constraint syn_preserve=1 on the instance.
@W: CL279 :"D:\Project\CNIT-K\8U SW\code\V10\4port\BP_4S104G5\rtl\source\bmc_i2c\i2c_slave_basic0.v":628:0:628:5|Pruning register bits 7 to 6 of r_timeout_cnt[7:0]. If this is not the intended behavior, drive the inputs with valid values, or inputs from the top level.
@N: CL201 :"D:\Project\CNIT-K\8U SW\code\V10\4port\BP_4S104G5\rtl\source\bmc_i2c\i2c_slave_basic0.v":279:0:279:5|Trying to extract state machine for register r_I2C_state.
Extracted state machine for register r_I2C_state
State machine has 20 reachable states with original encodings of:
   00000
   00001
   00010
   00011
   00100
   00101
   00110
   00111
   01000
   01001
   01010
   01011
   01100
   01101
   01110
   01111
   10000
   10001
   10010
   10011
Running optimization stage 2 on I2C_UPDATE .......
Running optimization stage 2 on EFB .......
Running optimization stage 2 on BB .......
Running optimization stage 2 on VHI .......
Running optimization stage 2 on OSCH .......
Running optimization stage 2 on PGM_DEBOUNCE_15s_2_4s_1 .......
Running optimization stage 2 on PGM_DEBOUNCE_30s_2_4s_1 .......
Running optimization stage 2 on breath_led .......
Running optimization stage 2 on edge_delay_4s_0_0 .......
Running optimization stage 2 on edge_delay_6s_0_0 .......
Running optimization stage 2 on pvt_gpi_40s_39s_0s_6s_Z3 .......
Running optimization stage 2 on pvt_gpi_16s_0_15s_0s_4s .......
Running optimization stage 2 on pvt_gpi_56s_55s_0s_6s_Z2 .......
Running optimization stage 2 on p2s_slave_60s_6s .......
Running optimization stage 2 on s2p_slave_60s_6s_Z1 .......
Running optimization stage 2 on PGM_DEBOUNCE_6s_3_8s_1 .......
Running optimization stage 2 on PGM_DEBOUNCE_N_13s_3_8s_1 .......
Running optimization stage 2 on timer_gen .......
Running optimization stage 2 on pon_reset .......
Running optimization stage 2 on pll_i25M_o50M_o25M .......
Running optimization stage 2 on EHXPLLJ .......
Running optimization stage 2 on VLO .......
Running optimization stage 2 on edge_delay_3s_0_0 .......

For a summary of runtime and memory usage per design unit, please see file:
==========================================================
@L: D:\Project\CNIT-K\8U SW\code\V10\4port\BP_4S104G5\pro\impl1\synwork\layer0.rt.csv


At c_ver Exit (Real Time elapsed 0h:00m:16s; CPU Time elapsed 0h:00m:16s; Memory used current: 110MB peak: 112MB)

Process took 0h:00m:17s realtime, 0h:00m:16s cputime

Process completed successfully.
# Sat Feb  8 10:31:41 2025

###########################################################]
###########################################################[

Copyright (C) 1994-2020 Synopsys, Inc.
This Synopsys software and all associated documentation are proprietary to Synopsys, Inc.
and may only be used pursuant to the terms and conditions of a written license agreement
with Synopsys, Inc. All other use, reproduction, modification, or distribution of the
Synopsys software or the associated documentation is strictly prohibited.
Tool: Synplify Pro (R)
Build: Q-2020.03L-SP1
Install: C:\lscc\diamond\3.12\synpbase
OS: Windows 6.1

Hostname: RDHZW7137

Implementation : impl1
Synopsys Synopsys Netlist Linker, Version comp202003synp2, Build 182R, Built Oct 29 2020 10:49:53, @

@N|Running in 64-bit mode
File D:\Project\CNIT-K\8U SW\code\V10\BP_4S104G5\pro\impl1\synwork\layer0.srs changed - recompiling

At syn_nfilter Exit (Real Time elapsed 0h:00m:00s; CPU Time elapsed 0h:00m:00s; Memory used current: 96MB peak: 96MB)

Process took 0h:00m:01s realtime, 0h:00m:01s cputime

Process completed successfully.
# Sat Feb  8 10:31:42 2025

###########################################################]

For a summary of runtime and memory usage for all design units, please see file:
==========================================================
@L: D:\Project\CNIT-K\8U SW\code\V10\4port\BP_4S104G5\pro\impl1\synwork\BP_4S104G5_impl1_comp.rt.csv

@END

At c_hdl Exit (Real Time elapsed 0h:00m:17s; CPU Time elapsed 0h:00m:16s; Memory used current: 22MB peak: 22MB)

Process took 0h:00m:17s realtime, 0h:00m:16s cputime

Process completed successfully.
# Sat Feb  8 10:31:42 2025

###########################################################]
###########################################################[

Copyright (C) 1994-2020 Synopsys, Inc.
This Synopsys software and all associated documentation are proprietary to Synopsys, Inc.
and may only be used pursuant to the terms and conditions of a written license agreement
with Synopsys, Inc. All other use, reproduction, modification, or distribution of the
Synopsys software or the associated documentation is strictly prohibited.
Tool: Synplify Pro (R)
Build: Q-2020.03L-SP1
Install: C:\lscc\diamond\3.12\synpbase
OS: Windows 6.1

Hostname: RDHZW7137

Implementation : impl1
Synopsys Synopsys Netlist Linker, Version comp202003synp2, Build 182R, Built Oct 29 2020 10:49:53, @

@N|Running in 64-bit mode
File D:\Project\CNIT-K\8U SW\code\V10\BP_4S104G5\pro\impl1\synwork\BP_4S104G5_impl1_comp.srs changed - recompiling

At syn_nfilter Exit (Real Time elapsed 0h:00m:00s; CPU Time elapsed 0h:00m:00s; Memory used current: 98MB peak: 98MB)

Process took 0h:00m:01s realtime, 0h:00m:01s cputime

Process completed successfully.
# Sat Feb  8 10:31:44 2025

###########################################################]
Premap Report

# Sat Feb  8 10:31:45 2025


Copyright (C) 1994-2020 Synopsys, Inc.
This Synopsys software and all associated documentation are proprietary to Synopsys, Inc.
and may only be used pursuant to the terms and conditions of a written license agreement
with Synopsys, Inc. All other use, reproduction, modification, or distribution of the
Synopsys software or the associated documentation is strictly prohibited.
Tool: Synplify Pro (R)
Build: Q-2020.03L-SP1
Install: C:\lscc\diamond\3.12\synpbase
OS: Windows 6.1

Hostname: RDHZW7137

Implementation : impl1
Synopsys Lattice Technology Pre-mapping, Version map202003lat, Build 172R, Built Nov  2 2020 09:31:45, @


Mapper Startup Complete (Real Time elapsed 0h:00m:00s; CPU Time elapsed 0h:00m:00s; Memory used current: 117MB peak: 117MB)

@A: MF827 |No constraint file specified.
@L: D:\Project\CNIT-K\8U SW\code\V10\4port\BP_4S104G5\pro\impl1\BP_4S104G5_impl1_scck.rpt 
See clock summary report "D:\Project\CNIT-K\8U SW\code\V10\4port\BP_4S104G5\pro\impl1\BP_4S104G5_impl1_scck.rpt"
@N: MF916 |Option synthesis_strategy=base is enabled. 
@N: MF248 |Running in 64-bit mode.
@N: MF666 |Clock conversion enabled. (Command "set_option -fix_gated_and_generated_clocks 1" in the project file.)

Design Input Complete (Real Time elapsed 0h:00m:00s; CPU Time elapsed 0h:00m:00s; Memory used current: 135MB peak: 135MB)


Mapper Initialization Complete (Real Time elapsed 0h:00m:01s; CPU Time elapsed 0h:00m:00s; Memory used current: 135MB peak: 135MB)


Start loading timing files (Real Time elapsed 0h:00m:01s; CPU Time elapsed 0h:00m:01s; Memory used current: 145MB peak: 145MB)


Finished loading timing files (Real Time elapsed 0h:00m:01s; CPU Time elapsed 0h:00m:01s; Memory used current: 146MB peak: 147MB)

@N: MO111 :"d:\project\cnit-k\8u sw\code\v10\4port\bp_4s104g5\rtl\source\bp_4s104g5_top.v":147:27:147:30|Tristate driver o_BP_9548_RST_N_R (in view: work.BP_4S104G5(verilog)) on net o_BP_9548_RST_N_R (in view: work.BP_4S104G5(verilog)) has its enable tied to GND.
@N: MO111 :"d:\project\cnit-k\8u sw\code\v10\4port\bp_4s104g5\rtl\source\bp_4s104g5_top.v":147:27:147:30|Tristate driver o_DS160_RX_READ_EN_N (in view: work.BP_4S104G5(verilog)) on net o_DS160_RX_READ_EN_N (in view: work.BP_4S104G5(verilog)) has its enable tied to GND.
@N: MO111 :"d:\project\cnit-k\8u sw\code\v10\4port\bp_4s104g5\rtl\source\bp_4s104g5_top.v":147:27:147:30|Tristate driver o_DS160_TX_READ_EN_N (in view: work.BP_4S104G5(verilog)) on net o_DS160_TX_READ_EN_N (in view: work.BP_4S104G5(verilog)) has its enable tied to GND.
@N: MO111 :"d:\project\cnit-k\8u sw\code\v10\4port\bp_4s104g5\rtl\source\bp_4s104g5_top.v":147:27:147:30|Tristate driver o_FPGA_BOOT_EN_R (in view: work.BP_4S104G5(verilog)) on net o_FPGA_BOOT_EN_R (in view: work.BP_4S104G5(verilog)) has its enable tied to GND.
@N: MO111 :"d:\project\cnit-k\8u sw\code\v10\4port\bp_4s104g5\rtl\source\bp_4s104g5_top.v":147:27:147:30|Tristate driver o_FPGA_EROT_RECOV_N_R (in view: work.BP_4S104G5(verilog)) on net o_FPGA_EROT_RECOV_N_R (in view: work.BP_4S104G5(verilog)) has its enable tied to GND.
@N: MO111 :"d:\project\cnit-k\8u sw\code\v10\4port\bp_4s104g5\rtl\source\bp_4s104g5_top.v":147:27:147:30|Tristate driver o_FPGA_EROT_RST_N_R (in view: work.BP_4S104G5(verilog)) on net o_FPGA_EROT_RST_N_R (in view: work.BP_4S104G5(verilog)) has its enable tied to GND.
@N: MO111 :"d:\project\cnit-k\8u sw\code\v10\4port\bp_4s104g5\rtl\source\bp_4s104g5_top.v":147:27:147:30|Tristate driver o_HGX_DETECT_N_R (in view: work.BP_4S104G5(verilog)) on net o_HGX_DETECT_N_R (in view: work.BP_4S104G5(verilog)) has its enable tied to GND.
@N: MO111 :"d:\project\cnit-k\8u sw\code\v10\4port\bp_4s104g5\rtl\source\bp_4s104g5_top.v":147:27:147:30|Tristate driver o_I2C_RST0_N_R (in view: work.BP_4S104G5(verilog)) on net o_I2C_RST0_N_R (in view: work.BP_4S104G5(verilog)) has its enable tied to GND.
@N: MO111 :"d:\project\cnit-k\8u sw\code\v10\4port\bp_4s104g5\rtl\source\bp_4s104g5_top.v":147:27:147:30|Tristate driver o_I2C_RST1_N_R (in view: work.BP_4S104G5(verilog)) on net o_I2C_RST1_N_R (in view: work.BP_4S104G5(verilog)) has its enable tied to GND.
@N: MO111 :"d:\project\cnit-k\8u sw\code\v10\4port\bp_4s104g5\rtl\source\bp_4s104g5_top.v":147:27:147:30|Tristate driver o_I2C_RST2_N_R (in view: work.BP_4S104G5(verilog)) on net o_I2C_RST2_N_R (in view: work.BP_4S104G5(verilog)) has its enable tied to GND.
@N: BN362 :"d:\project\cnit-k\8u sw\code\v10\4port\bp_4s104g5\rtl\source\common\pon_reset.v":76:0:76:5|Removing sequential instance pon_reset_db_n (in view: work.pon_reset(verilog)) of type view:PrimLib.dffr(prim) because it does not drive other instances.
@N: BN362 :"d:\project\cnit-k\8u sw\code\v10\4port\bp_4s104g5\rtl\source\common\pon_reset.v":61:0:61:5|Removing sequential instance pgd_aux_system_sasd (in view: work.pon_reset(verilog)) of type view:PrimLib.sdffr(prim) because it does not drive other instances.
@N: BN362 :"d:\project\cnit-k\8u sw\code\v10\4port\bp_4s104g5\rtl\source\common\timer_gen_50mhz.v":57:2:57:7|Removing sequential instance t40ns (in view: work.timer_gen(verilog)) of type view:PrimLib.dffr(prim) because it does not drive other instances.
@N: BN362 :"d:\project\cnit-k\8u sw\code\v10\4port\bp_4s104g5\rtl\source\common\timer_gen_50mhz.v":57:2:57:7|Removing sequential instance t160ns (in view: work.timer_gen(verilog)) of type view:PrimLib.dffr(prim) because it does not drive other instances.
@N: BN362 :"d:\project\cnit-k\8u sw\code\v10\4port\bp_4s104g5\rtl\source\common\timer_gen_50mhz.v":97:0:97:5|Removing sequential instance t2us (in view: work.timer_gen(verilog)) of type view:PrimLib.dffr(prim) because it does not drive other instances.
@N: BN362 :"d:\project\cnit-k\8u sw\code\v10\4port\bp_4s104g5\rtl\source\common\timer_gen_50mhz.v":97:0:97:5|Removing sequential instance t128us (in view: work.timer_gen(verilog)) of type view:PrimLib.dffr(prim) because it does not drive other instances.
@N: BN362 :"d:\project\cnit-k\8u sw\code\v10\4port\bp_4s104g5\rtl\source\common\timer_gen_50mhz.v":97:0:97:5|Removing sequential instance t16ms (in view: work.timer_gen(verilog)) of type view:PrimLib.dffr(prim) because it does not drive other instances.
@N: BN362 :"d:\project\cnit-k\8u sw\code\v10\4port\bp_4s104g5\rtl\source\common\timer_gen_50mhz.v":97:0:97:5|Removing sequential instance t32ms (in view: work.timer_gen(verilog)) of type view:PrimLib.dffr(prim) because it does not drive other instances.
@N: BN362 :"d:\project\cnit-k\8u sw\code\v10\4port\bp_4s104g5\rtl\source\common\timer_gen_50mhz.v":97:0:97:5|Removing sequential instance t64ms (in view: work.timer_gen(verilog)) of type view:PrimLib.dffr(prim) because it does not drive other instances.
@N: BN362 :"d:\project\cnit-k\8u sw\code\v10\4port\bp_4s104g5\rtl\source\common\timer_gen_50mhz.v":97:0:97:5|Removing sequential instance t256ms (in view: work.timer_gen(verilog)) of type view:PrimLib.dffr(prim) because it does not drive other instances.
@N: BN362 :"d:\project\cnit-k\8u sw\code\v10\4port\bp_4s104g5\rtl\source\common\synclib.v":284:4:284:9|Removing sequential instance mInst\[2\]\.out_i[2] (in view: work.PGM_DEBOUNCE_N_13s_3_8s_1(verilog)) of type view:PrimLib.dffre(prim) because it does not drive other instances.
@N: BN362 :"d:\project\cnit-k\8u sw\code\v10\4port\bp_4s104g5\rtl\source\common\pon_reset.v":61:0:61:5|Removing sequential instance pgd_aux_system_reg (in view: work.pon_reset(verilog)) of type view:PrimLib.sdffr(prim) because it does not drive other instances.
@N: BN362 :"d:\project\cnit-k\8u sw\code\v10\4port\bp_4s104g5\rtl\source\common\edge_detect.v":54:0:54:5|Removing sequential instance r_signal_d (in view: work.Edge_Detect_3_0(verilog)) of type view:PrimLib.dffr(prim) because it does not drive other instances.
@N: BN362 :"d:\project\cnit-k\8u sw\code\v10\4port\bp_4s104g5\rtl\source\common\edge_detect.v":54:0:54:5|Removing sequential instance r_signal_d (in view: work.Edge_Detect_2(verilog)) of type view:PrimLib.dffr(prim) because it does not drive other instances.
@N: BN362 :"d:\project\cnit-k\8u sw\code\v10\4port\bp_4s104g5\rtl\source\common\edge_detect.v":54:0:54:5|Removing sequential instance r_signal_d (in view: work.Edge_Detect_1(verilog)) of type view:PrimLib.dffr(prim) because it does not drive other instances.
@N: BN362 :"d:\project\cnit-k\8u sw\code\v10\4port\bp_4s104g5\rtl\source\common\edge_detect.v":54:0:54:5|Removing sequential instance r_signal_d (in view: work.Edge_Detect_0(verilog)) of type view:PrimLib.dffr(prim) because it does not drive other instances.
@N: BN362 :"d:\project\cnit-k\8u sw\code\v10\4port\bp_4s104g5\rtl\source\common\edge_detect.v":54:0:54:5|Removing sequential instance r_signal_d (in view: work.Edge_Detect_3_4(verilog)) of type view:PrimLib.dffr(prim) because it does not drive other instances.
@N: BN362 :"d:\project\cnit-k\8u sw\code\v10\4port\bp_4s104g5\rtl\source\common\edge_detect.v":54:0:54:5|Removing sequential instance r_signal_d (in view: work.Edge_Detect_3_3(verilog)) of type view:PrimLib.dffr(prim) because it does not drive other instances.
@N: BN362 :"d:\project\cnit-k\8u sw\code\v10\4port\bp_4s104g5\rtl\source\common\edge_detect.v":54:0:54:5|Removing sequential instance r_signal_d (in view: work.Edge_Detect_3_2(verilog)) of type view:PrimLib.dffr(prim) because it does not drive other instances.
@N: BN362 :"d:\project\cnit-k\8u sw\code\v10\4port\bp_4s104g5\rtl\source\common\edge_detect.v":54:0:54:5|Removing sequential instance r_signal_d (in view: work.Edge_Detect_3_1(verilog)) of type view:PrimLib.dffr(prim) because it does not drive other instances.
@N: BN362 :"d:\project\cnit-k\8u sw\code\v10\4port\bp_4s104g5\rtl\source\common\edge_detect.v":54:0:54:5|Removing sequential instance r_signal_d (in view: work.Edge_Detect_3_8(verilog)) of type view:PrimLib.dffr(prim) because it does not drive other instances.
@N: BN362 :"d:\project\cnit-k\8u sw\code\v10\4port\bp_4s104g5\rtl\source\common\edge_detect.v":54:0:54:5|Removing sequential instance r_signal_d (in view: work.Edge_Detect_3_7(verilog)) of type view:PrimLib.dffr(prim) because it does not drive other instances.
@N: BN362 :"d:\project\cnit-k\8u sw\code\v10\4port\bp_4s104g5\rtl\source\common\edge_detect.v":54:0:54:5|Removing sequential instance r_signal_d (in view: work.Edge_Detect_3_6(verilog)) of type view:PrimLib.dffr(prim) because it does not drive other instances.
@N: BN362 :"d:\project\cnit-k\8u sw\code\v10\4port\bp_4s104g5\rtl\source\common\edge_detect.v":54:0:54:5|Removing sequential instance r_signal_d (in view: work.Edge_Detect_3_5(verilog)) of type view:PrimLib.dffr(prim) because it does not drive other instances.
@N: BN362 :"d:\project\cnit-k\8u sw\code\v10\4port\bp_4s104g5\rtl\source\common\edge_detect.v":54:0:54:5|Removing sequential instance r_signal_d (in view: work.Edge_Detect_3_12(verilog)) of type view:PrimLib.dffr(prim) because it does not drive other instances.
@N: BN362 :"d:\project\cnit-k\8u sw\code\v10\4port\bp_4s104g5\rtl\source\common\edge_detect.v":54:0:54:5|Removing sequential instance r_signal_d (in view: work.Edge_Detect_3_11(verilog)) of type view:PrimLib.dffr(prim) because it does not drive other instances.
@N: BN362 :"d:\project\cnit-k\8u sw\code\v10\4port\bp_4s104g5\rtl\source\common\edge_detect.v":54:0:54:5|Removing sequential instance r_signal_d (in view: work.Edge_Detect_3_10(verilog)) of type view:PrimLib.dffr(prim) because it does not drive other instances.
@N: BN362 :"d:\project\cnit-k\8u sw\code\v10\4port\bp_4s104g5\rtl\source\common\edge_detect.v":54:0:54:5|Removing sequential instance r_signal_d (in view: work.Edge_Detect_3_9(verilog)) of type view:PrimLib.dffr(prim) because it does not drive other instances.
@N: BN362 :"d:\project\cnit-k\8u sw\code\v10\4port\bp_4s104g5\rtl\source\common\edge_detect.v":54:0:54:5|Removing sequential instance r_signal_d (in view: work.Edge_Detect_3_16(verilog)) of type view:PrimLib.dffr(prim) because it does not drive other instances.
@N: BN362 :"d:\project\cnit-k\8u sw\code\v10\4port\bp_4s104g5\rtl\source\common\edge_detect.v":54:0:54:5|Removing sequential instance r_signal_d (in view: work.Edge_Detect_3_15(verilog)) of type view:PrimLib.dffr(prim) because it does not drive other instances.
@N: BN362 :"d:\project\cnit-k\8u sw\code\v10\4port\bp_4s104g5\rtl\source\common\edge_detect.v":54:0:54:5|Removing sequential instance r_signal_d (in view: work.Edge_Detect_3_14(verilog)) of type view:PrimLib.dffr(prim) because it does not drive other instances.
@N: BN362 :"d:\project\cnit-k\8u sw\code\v10\4port\bp_4s104g5\rtl\source\common\edge_detect.v":54:0:54:5|Removing sequential instance r_signal_d (in view: work.Edge_Detect_3_13(verilog)) of type view:PrimLib.dffr(prim) because it does not drive other instances.
@N: BN362 :"d:\project\cnit-k\8u sw\code\v10\4port\bp_4s104g5\rtl\source\common\edge_detect.v":54:0:54:5|Removing sequential instance r_signal_d (in view: work.Edge_Detect_3_20(verilog)) of type view:PrimLib.dffr(prim) because it does not drive other instances.
@N: BN362 :"d:\project\cnit-k\8u sw\code\v10\4port\bp_4s104g5\rtl\source\common\edge_detect.v":54:0:54:5|Removing sequential instance r_signal_d (in view: work.Edge_Detect_3_19(verilog)) of type view:PrimLib.dffr(prim) because it does not drive other instances.
@N: BN362 :"d:\project\cnit-k\8u sw\code\v10\4port\bp_4s104g5\rtl\source\common\edge_detect.v":54:0:54:5|Removing sequential instance r_signal_d (in view: work.Edge_Detect_3_18(verilog)) of type view:PrimLib.dffr(prim) because it does not drive other instances.
@N: BN362 :"d:\project\cnit-k\8u sw\code\v10\4port\bp_4s104g5\rtl\source\common\edge_detect.v":54:0:54:5|Removing sequential instance r_signal_d (in view: work.Edge_Detect_3_17(verilog)) of type view:PrimLib.dffr(prim) because it does not drive other instances.
@N: BN362 :"d:\project\cnit-k\8u sw\code\v10\4port\bp_4s104g5\rtl\source\common\edge_detect.v":54:0:54:5|Removing sequential instance r_signal_d (in view: work.Edge_Detect_3_24(verilog)) of type view:PrimLib.dffr(prim) because it does not drive other instances.
@N: BN362 :"d:\project\cnit-k\8u sw\code\v10\4port\bp_4s104g5\rtl\source\common\edge_detect.v":54:0:54:5|Removing sequential instance r_signal_d (in view: work.Edge_Detect_3_23(verilog)) of type view:PrimLib.dffr(prim) because it does not drive other instances.
@N: BN362 :"d:\project\cnit-k\8u sw\code\v10\4port\bp_4s104g5\rtl\source\common\edge_detect.v":54:0:54:5|Removing sequential instance r_signal_d (in view: work.Edge_Detect_3_22(verilog)) of type view:PrimLib.dffr(prim) because it does not drive other instances.
@N: BN362 :"d:\project\cnit-k\8u sw\code\v10\4port\bp_4s104g5\rtl\source\common\edge_detect.v":54:0:54:5|Removing sequential instance r_signal_d (in view: work.Edge_Detect_3_21(verilog)) of type view:PrimLib.dffr(prim) because it does not drive other instances.
@N: BN362 :"d:\project\cnit-k\8u sw\code\v10\4port\bp_4s104g5\rtl\source\common\edge_detect.v":54:0:54:5|Removing sequential instance r_signal_d (in view: work.Edge_Detect_3_28(verilog)) of type view:PrimLib.dffr(prim) because it does not drive other instances.
@N: BN362 :"d:\project\cnit-k\8u sw\code\v10\4port\bp_4s104g5\rtl\source\common\edge_detect.v":54:0:54:5|Removing sequential instance r_signal_d (in view: work.Edge_Detect_3_27(verilog)) of type view:PrimLib.dffr(prim) because it does not drive other instances.
@N: BN362 :"d:\project\cnit-k\8u sw\code\v10\4port\bp_4s104g5\rtl\source\common\edge_detect.v":54:0:54:5|Removing sequential instance r_signal_d (in view: work.Edge_Detect_3_26(verilog)) of type view:PrimLib.dffr(prim) because it does not drive other instances.
@N: BN362 :"d:\project\cnit-k\8u sw\code\v10\4port\bp_4s104g5\rtl\source\common\edge_detect.v":54:0:54:5|Removing sequential instance r_signal_d (in view: work.Edge_Detect_3_25(verilog)) of type view:PrimLib.dffr(prim) because it does not drive other instances.
@N: BN362 :"d:\project\cnit-k\8u sw\code\v10\4port\bp_4s104g5\rtl\source\common\edge_detect.v":54:0:54:5|Removing sequential instance r_signal_d (in view: work.Edge_Detect_3_32(verilog)) of type view:PrimLib.dffr(prim) because it does not drive other instances.
@N: BN362 :"d:\project\cnit-k\8u sw\code\v10\4port\bp_4s104g5\rtl\source\common\edge_detect.v":54:0:54:5|Removing sequential instance r_signal_d (in view: work.Edge_Detect_3_31(verilog)) of type view:PrimLib.dffr(prim) because it does not drive other instances.
@N: BN362 :"d:\project\cnit-k\8u sw\code\v10\4port\bp_4s104g5\rtl\source\common\edge_detect.v":54:0:54:5|Removing sequential instance r_signal_d (in view: work.Edge_Detect_3_30(verilog)) of type view:PrimLib.dffr(prim) because it does not drive other instances.
@N: BN362 :"d:\project\cnit-k\8u sw\code\v10\4port\bp_4s104g5\rtl\source\common\edge_detect.v":54:0:54:5|Removing sequential instance r_signal_d (in view: work.Edge_Detect_3_29(verilog)) of type view:PrimLib.dffr(prim) because it does not drive other instances.
@N: BN362 :"d:\project\cnit-k\8u sw\code\v10\4port\bp_4s104g5\rtl\source\common\edge_detect.v":54:0:54:5|Removing sequential instance r_signal_d (in view: work.Edge_Detect_3_36(verilog)) of type view:PrimLib.dffr(prim) because it does not drive other instances.
@N: BN362 :"d:\project\cnit-k\8u sw\code\v10\4port\bp_4s104g5\rtl\source\common\edge_detect.v":54:0:54:5|Removing sequential instance r_signal_d (in view: work.Edge_Detect_3_35(verilog)) of type view:PrimLib.dffr(prim) because it does not drive other instances.
@N: BN362 :"d:\project\cnit-k\8u sw\code\v10\4port\bp_4s104g5\rtl\source\common\edge_detect.v":54:0:54:5|Removing sequential instance r_signal_d (in view: work.Edge_Detect_3_34(verilog)) of type view:PrimLib.dffr(prim) because it does not drive other instances.
@N: BN362 :"d:\project\cnit-k\8u sw\code\v10\4port\bp_4s104g5\rtl\source\common\edge_detect.v":54:0:54:5|Removing sequential instance r_signal_d (in view: work.Edge_Detect_3_33(verilog)) of type view:PrimLib.dffr(prim) because it does not drive other instances.
@N: BN362 :"d:\project\cnit-k\8u sw\code\v10\4port\bp_4s104g5\rtl\source\common\edge_detect.v":54:0:54:5|Removing sequential instance r_signal_d (in view: work.Edge_Detect_3_40(verilog)) of type view:PrimLib.dffr(prim) because it does not drive other instances.
@N: BN362 :"d:\project\cnit-k\8u sw\code\v10\4port\bp_4s104g5\rtl\source\common\edge_detect.v":54:0:54:5|Removing sequential instance r_signal_d (in view: work.Edge_Detect_3_39(verilog)) of type view:PrimLib.dffr(prim) because it does not drive other instances.
@N: BN362 :"d:\project\cnit-k\8u sw\code\v10\4port\bp_4s104g5\rtl\source\common\edge_detect.v":54:0:54:5|Removing sequential instance r_signal_d (in view: work.Edge_Detect_3_38(verilog)) of type view:PrimLib.dffr(prim) because it does not drive other instances.
@N: BN362 :"d:\project\cnit-k\8u sw\code\v10\4port\bp_4s104g5\rtl\source\common\edge_detect.v":54:0:54:5|Removing sequential instance r_signal_d (in view: work.Edge_Detect_3_37(verilog)) of type view:PrimLib.dffr(prim) because it does not drive other instances.
@N: BN362 :"d:\project\cnit-k\8u sw\code\v10\4port\bp_4s104g5\rtl\source\common\edge_detect.v":54:0:54:5|Removing sequential instance r_signal_d (in view: work.Edge_Detect_3_44(verilog)) of type view:PrimLib.dffr(prim) because it does not drive other instances.
@N: BN362 :"d:\project\cnit-k\8u sw\code\v10\4port\bp_4s104g5\rtl\source\common\edge_detect.v":54:0:54:5|Removing sequential instance r_signal_d (in view: work.Edge_Detect_3_43(verilog)) of type view:PrimLib.dffr(prim) because it does not drive other instances.
@N: BN362 :"d:\project\cnit-k\8u sw\code\v10\4port\bp_4s104g5\rtl\source\common\edge_detect.v":54:0:54:5|Removing sequential instance r_signal_d (in view: work.Edge_Detect_3_42(verilog)) of type view:PrimLib.dffr(prim) because it does not drive other instances.
@N: BN362 :"d:\project\cnit-k\8u sw\code\v10\4port\bp_4s104g5\rtl\source\common\edge_detect.v":54:0:54:5|Removing sequential instance r_signal_d (in view: work.Edge_Detect_3_41(verilog)) of type view:PrimLib.dffr(prim) because it does not drive other instances.
@N: BN362 :"d:\project\cnit-k\8u sw\code\v10\4port\bp_4s104g5\rtl\source\common\edge_detect.v":54:0:54:5|Removing sequential instance r_signal_d (in view: work.Edge_Detect_3_48(verilog)) of type view:PrimLib.dffr(prim) because it does not drive other instances.
@N: BN362 :"d:\project\cnit-k\8u sw\code\v10\4port\bp_4s104g5\rtl\source\common\edge_detect.v":54:0:54:5|Removing sequential instance r_signal_d (in view: work.Edge_Detect_3_47(verilog)) of type view:PrimLib.dffr(prim) because it does not drive other instances.
@N: BN362 :"d:\project\cnit-k\8u sw\code\v10\4port\bp_4s104g5\rtl\source\common\edge_detect.v":54:0:54:5|Removing sequential instance r_signal_d (in view: work.Edge_Detect_3_46(verilog)) of type view:PrimLib.dffr(prim) because it does not drive other instances.
@N: BN362 :"d:\project\cnit-k\8u sw\code\v10\4port\bp_4s104g5\rtl\source\common\edge_detect.v":54:0:54:5|Removing sequential instance r_signal_d (in view: work.Edge_Detect_3_45(verilog)) of type view:PrimLib.dffr(prim) because it does not drive other instances.
@N: BN362 :"d:\project\cnit-k\8u sw\code\v10\4port\bp_4s104g5\rtl\source\common\edge_detect.v":54:0:54:5|Removing sequential instance r_signal_d (in view: work.Edge_Detect_3_52(verilog)) of type view:PrimLib.dffr(prim) because it does not drive other instances.
@N: BN362 :"d:\project\cnit-k\8u sw\code\v10\4port\bp_4s104g5\rtl\source\common\edge_detect.v":54:0:54:5|Removing sequential instance r_signal_d (in view: work.Edge_Detect_3_51(verilog)) of type view:PrimLib.dffr(prim) because it does not drive other instances.
@N: BN362 :"d:\project\cnit-k\8u sw\code\v10\4port\bp_4s104g5\rtl\source\common\edge_detect.v":54:0:54:5|Removing sequential instance r_signal_d (in view: work.Edge_Detect_3_50(verilog)) of type view:PrimLib.dffr(prim) because it does not drive other instances.
@N: BN362 :"d:\project\cnit-k\8u sw\code\v10\4port\bp_4s104g5\rtl\source\common\edge_detect.v":54:0:54:5|Removing sequential instance r_signal_d (in view: work.Edge_Detect_3_49(verilog)) of type view:PrimLib.dffr(prim) because it does not drive other instances.
@N: BN362 :"d:\project\cnit-k\8u sw\code\v10\4port\bp_4s104g5\rtl\source\common\edge_detect.v":54:0:54:5|Removing sequential instance r_signal_d (in view: work.Edge_Detect_3_56(verilog)) of type view:PrimLib.dffr(prim) because it does not drive other instances.
@N: BN362 :"d:\project\cnit-k\8u sw\code\v10\4port\bp_4s104g5\rtl\source\common\edge_detect.v":54:0:54:5|Removing sequential instance r_signal_d (in view: work.Edge_Detect_3_55(verilog)) of type view:PrimLib.dffr(prim) because it does not drive other instances.
@N: BN362 :"d:\project\cnit-k\8u sw\code\v10\4port\bp_4s104g5\rtl\source\common\edge_detect.v":54:0:54:5|Removing sequential instance r_signal_d (in view: work.Edge_Detect_3_54(verilog)) of type view:PrimLib.dffr(prim) because it does not drive other instances.
@N: BN362 :"d:\project\cnit-k\8u sw\code\v10\4port\bp_4s104g5\rtl\source\common\edge_detect.v":54:0:54:5|Removing sequential instance r_signal_d (in view: work.Edge_Detect_3_53(verilog)) of type view:PrimLib.dffr(prim) because it does not drive other instances.
@N: BN362 :"d:\project\cnit-k\8u sw\code\v10\4port\bp_4s104g5\rtl\source\common\edge_detect.v":54:0:54:5|Removing sequential instance r_signal_c (in view: work.Edge_Detect_3_0(verilog)) of type view:PrimLib.dffr(prim) because it does not drive other instances.
@N: BN362 :"d:\project\cnit-k\8u sw\code\v10\4port\bp_4s104g5\rtl\source\common\edge_detect.v":54:0:54:5|Removing sequential instance r_signal_c (in view: work.Edge_Detect_2(verilog)) of type view:PrimLib.dffr(prim) because it does not drive other instances.
@N: BN362 :"d:\project\cnit-k\8u sw\code\v10\4port\bp_4s104g5\rtl\source\common\edge_detect.v":54:0:54:5|Removing sequential instance r_signal_c (in view: work.Edge_Detect_1(verilog)) of type view:PrimLib.dffr(prim) because it does not drive other instances.
@N: BN362 :"d:\project\cnit-k\8u sw\code\v10\4port\bp_4s104g5\rtl\source\common\edge_detect.v":54:0:54:5|Removing sequential instance r_signal_c (in view: work.Edge_Detect_0(verilog)) of type view:PrimLib.dffr(prim) because it does not drive other instances.
@N: BN362 :"d:\project\cnit-k\8u sw\code\v10\4port\bp_4s104g5\rtl\source\common\edge_detect.v":54:0:54:5|Removing sequential instance r_signal_c (in view: work.Edge_Detect_3_4(verilog)) of type view:PrimLib.dffr(prim) because it does not drive other instances.
@N: BN362 :"d:\project\cnit-k\8u sw\code\v10\4port\bp_4s104g5\rtl\source\common\edge_detect.v":54:0:54:5|Removing sequential instance r_signal_c (in view: work.Edge_Detect_3_3(verilog)) of type view:PrimLib.dffr(prim) because it does not drive other instances.
@N: BN362 :"d:\project\cnit-k\8u sw\code\v10\4port\bp_4s104g5\rtl\source\common\edge_detect.v":54:0:54:5|Removing sequential instance r_signal_c (in view: work.Edge_Detect_3_2(verilog)) of type view:PrimLib.dffr(prim) because it does not drive other instances.
@N: BN362 :"d:\project\cnit-k\8u sw\code\v10\4port\bp_4s104g5\rtl\source\common\edge_detect.v":54:0:54:5|Removing sequential instance r_signal_c (in view: work.Edge_Detect_3_1(verilog)) of type view:PrimLib.dffr(prim) because it does not drive other instances.
@N: BN362 :"d:\project\cnit-k\8u sw\code\v10\4port\bp_4s104g5\rtl\source\common\edge_detect.v":54:0:54:5|Removing sequential instance r_signal_c (in view: work.Edge_Detect_3_8(verilog)) of type view:PrimLib.dffr(prim) because it does not drive other instances.
@N: BN362 :"d:\project\cnit-k\8u sw\code\v10\4port\bp_4s104g5\rtl\source\common\edge_detect.v":54:0:54:5|Removing sequential instance r_signal_c (in view: work.Edge_Detect_3_7(verilog)) of type view:PrimLib.dffr(prim) because it does not drive other instances.
@N: BN362 :"d:\project\cnit-k\8u sw\code\v10\4port\bp_4s104g5\rtl\source\common\edge_detect.v":54:0:54:5|Removing sequential instance r_signal_c (in view: work.Edge_Detect_3_6(verilog)) of type view:PrimLib.dffr(prim) because it does not drive other instances.
@N: BN362 :"d:\project\cnit-k\8u sw\code\v10\4port\bp_4s104g5\rtl\source\common\edge_detect.v":54:0:54:5|Removing sequential instance r_signal_c (in view: work.Edge_Detect_3_5(verilog)) of type view:PrimLib.dffr(prim) because it does not drive other instances.
@N: BN362 :"d:\project\cnit-k\8u sw\code\v10\4port\bp_4s104g5\rtl\source\common\edge_detect.v":54:0:54:5|Removing sequential instance r_signal_c (in view: work.Edge_Detect_3_12(verilog)) of type view:PrimLib.dffr(prim) because it does not drive other instances.
@N: BN362 :"d:\project\cnit-k\8u sw\code\v10\4port\bp_4s104g5\rtl\source\common\edge_detect.v":54:0:54:5|Removing sequential instance r_signal_c (in view: work.Edge_Detect_3_11(verilog)) of type view:PrimLib.dffr(prim) because it does not drive other instances.
@N: BN362 :"d:\project\cnit-k\8u sw\code\v10\4port\bp_4s104g5\rtl\source\common\edge_detect.v":54:0:54:5|Removing sequential instance r_signal_c (in view: work.Edge_Detect_3_10(verilog)) of type view:PrimLib.dffr(prim) because it does not drive other instances.
@N: BN362 :"d:\project\cnit-k\8u sw\code\v10\4port\bp_4s104g5\rtl\source\common\edge_detect.v":54:0:54:5|Removing sequential instance r_signal_c (in view: work.Edge_Detect_3_9(verilog)) of type view:PrimLib.dffr(prim) because it does not drive other instances.
@N: BN362 :"d:\project\cnit-k\8u sw\code\v10\4port\bp_4s104g5\rtl\source\common\edge_detect.v":54:0:54:5|Removing sequential instance r_signal_c (in view: work.Edge_Detect_3_16(verilog)) of type view:PrimLib.dffr(prim) because it does not drive other instances.
@N: BN362 :"d:\project\cnit-k\8u sw\code\v10\4port\bp_4s104g5\rtl\source\common\edge_detect.v":54:0:54:5|Removing sequential instance r_signal_c (in view: work.Edge_Detect_3_15(verilog)) of type view:PrimLib.dffr(prim) because it does not drive other instances.
@N: BN362 :"d:\project\cnit-k\8u sw\code\v10\4port\bp_4s104g5\rtl\source\common\edge_detect.v":54:0:54:5|Removing sequential instance r_signal_c (in view: work.Edge_Detect_3_14(verilog)) of type view:PrimLib.dffr(prim) because it does not drive other instances.
@N: BN362 :"d:\project\cnit-k\8u sw\code\v10\4port\bp_4s104g5\rtl\source\common\edge_detect.v":54:0:54:5|Removing sequential instance r_signal_c (in view: work.Edge_Detect_3_13(verilog)) of type view:PrimLib.dffr(prim) because it does not drive other instances.
@N: BN362 :"d:\project\cnit-k\8u sw\code\v10\4port\bp_4s104g5\rtl\source\common\edge_detect.v":54:0:54:5|Removing sequential instance r_signal_c (in view: work.Edge_Detect_3_20(verilog)) of type view:PrimLib.dffr(prim) because it does not drive other instances.
@N: BN362 :"d:\project\cnit-k\8u sw\code\v10\4port\bp_4s104g5\rtl\source\common\edge_detect.v":54:0:54:5|Removing sequential instance r_signal_c (in view: work.Edge_Detect_3_19(verilog)) of type view:PrimLib.dffr(prim) because it does not drive other instances.
@N: BN362 :"d:\project\cnit-k\8u sw\code\v10\4port\bp_4s104g5\rtl\source\common\edge_detect.v":54:0:54:5|Removing sequential instance r_signal_c (in view: work.Edge_Detect_3_18(verilog)) of type view:PrimLib.dffr(prim) because it does not drive other instances.
@N: BN362 :"d:\project\cnit-k\8u sw\code\v10\4port\bp_4s104g5\rtl\source\common\edge_detect.v":54:0:54:5|Removing sequential instance r_signal_c (in view: work.Edge_Detect_3_17(verilog)) of type view:PrimLib.dffr(prim) because it does not drive other instances.
@N: BN362 :"d:\project\cnit-k\8u sw\code\v10\4port\bp_4s104g5\rtl\source\common\edge_detect.v":54:0:54:5|Removing sequential instance r_signal_c (in view: work.Edge_Detect_3_24(verilog)) of type view:PrimLib.dffr(prim) because it does not drive other instances.
@N: BN362 :"d:\project\cnit-k\8u sw\code\v10\4port\bp_4s104g5\rtl\source\common\edge_detect.v":54:0:54:5|Removing sequential instance r_signal_c (in view: work.Edge_Detect_3_23(verilog)) of type view:PrimLib.dffr(prim) because it does not drive other instances.
@N: BN362 :"d:\project\cnit-k\8u sw\code\v10\4port\bp_4s104g5\rtl\source\common\edge_detect.v":54:0:54:5|Removing sequential instance r_signal_c (in view: work.Edge_Detect_3_22(verilog)) of type view:PrimLib.dffr(prim) because it does not drive other instances.
@N: BN362 :"d:\project\cnit-k\8u sw\code\v10\4port\bp_4s104g5\rtl\source\common\edge_detect.v":54:0:54:5|Removing sequential instance r_signal_c (in view: work.Edge_Detect_3_21(verilog)) of type view:PrimLib.dffr(prim) because it does not drive other instances.

Only the first 100 messages of id 'BN362' are reported. To see all messages use 'report_messages -log D:\Project\CNIT-K\8U SW\code\V10\4port\BP_4S104G5\pro\impl1\synlog\BP_4S104G5_impl1_premap.srr -id BN362' in the Tcl shell. To see all messages in future runs, use the command 'message_override -limit {BN362} -count unlimited' in the Tcl shell.
Encoding state machine r_I2C_state[19:0] (in view: work.i2c_slave_basic0_3s_16s(verilog))
original code -> new code
   00000 -> 00000000000000000001
   00001 -> 00000000000000000010
   00010 -> 00000000000000000100
   00011 -> 00000000000000001000
   00100 -> 00000000000000010000
   00101 -> 00000000000000100000
   00110 -> 00000000000001000000
   00111 -> 00000000000010000000
   01000 -> 00000000000100000000
   01001 -> 00000000001000000000
   01010 -> 00000000010000000000
   01011 -> 00000000100000000000
   01100 -> 00000001000000000000
   01101 -> 00000010000000000000
   01110 -> 00000100000000000000
   01111 -> 00001000000000000000
   10000 -> 00010000000000000000
   10001 -> 00100000000000000000
   10010 -> 01000000000000000000
   10011 -> 10000000000000000000

Starting clock optimization phase (Real Time elapsed 0h:00m:02s; CPU Time elapsed 0h:00m:02s; Memory used current: 190MB peak: 190MB)

@N: MF578 |Incompatible asynchronous control logic preventing generated clock conversion.

Finished clock optimization phase (Real Time elapsed 0h:00m:02s; CPU Time elapsed 0h:00m:02s; Memory used current: 191MB peak: 191MB)


Starting clock optimization report phase (Real Time elapsed 0h:00m:03s; CPU Time elapsed 0h:00m:02s; Memory used current: 191MB peak: 191MB)


Finished clock optimization report phase (Real Time elapsed 0h:00m:03s; CPU Time elapsed 0h:00m:02s; Memory used current: 191MB peak: 191MB)

@N: FX1184 |Applying syn_allowed_resources blockrams=240 on top level netlist BP_4S104G5 

Finished netlist restructuring (Real Time elapsed 0h:00m:03s; CPU Time elapsed 0h:00m:03s; Memory used current: 191MB peak: 192MB)

@N: MT611 :|Automatically generated clock Edge_Detect_3_55|o_signal_pos_inferred_clock is not used and is being removed
@N: MT611 :|Automatically generated clock Edge_Detect_3_51|o_signal_pos_inferred_clock is not used and is being removed
@N: MT611 :|Automatically generated clock Edge_Detect_3_47|o_signal_pos_inferred_clock is not used and is being removed
@N: MT611 :|Automatically generated clock Edge_Detect_3_43|o_signal_pos_inferred_clock is not used and is being removed
@N: MT611 :|Automatically generated clock Edge_Detect_3_39|o_signal_pos_inferred_clock is not used and is being removed
@N: MT611 :|Automatically generated clock Edge_Detect_3_35|o_signal_pos_inferred_clock is not used and is being removed
@N: MT611 :|Automatically generated clock Edge_Detect_3_31|o_signal_pos_inferred_clock is not used and is being removed
@N: MT611 :|Automatically generated clock Edge_Detect_3_27|o_signal_pos_inferred_clock is not used and is being removed
@N: MT611 :|Automatically generated clock Edge_Detect_3_23|o_signal_pos_inferred_clock is not used and is being removed
@N: MT611 :|Automatically generated clock Edge_Detect_3_19|o_signal_pos_inferred_clock is not used and is being removed
@N: MT611 :|Automatically generated clock Edge_Detect_3_15|o_signal_pos_inferred_clock is not used and is being removed
@N: MT611 :|Automatically generated clock Edge_Detect_3_11|o_signal_pos_inferred_clock is not used and is being removed
@N: MT611 :|Automatically generated clock Edge_Detect_3_7|o_signal_pos_inferred_clock is not used and is being removed
@N: MT611 :|Automatically generated clock Edge_Detect_3_3|o_signal_pos_inferred_clock is not used and is being removed
@N: MT611 :|Automatically generated clock Edge_Detect_2|o_signal_pos_inferred_clock is not used and is being removed


Clock Summary
******************

          Start                                       Requested     Requested     Clock        Clock                   Clock
Level     Clock                                       Frequency     Period        Type         Group                   Load 
----------------------------------------------------------------------------------------------------------------------------
0 -       pll_i25M_o50M_o25M|CLKOP_inferred_clock     100.0 MHz     10.000        inferred     Inferred_clkgroup_1     1327 
                                                                                                                            
0 -       pll_i25M_o50M_o25M|CLKOS_inferred_clock     100.0 MHz     10.000        inferred     Inferred_clkgroup_0     648  
============================================================================================================================



Clock Load Summary
***********************

                                            Clock     Source                                Clock Pin                                           Non-clock Pin     Non-clock Pin
Clock                                       Load      Pin                                   Seq Example                                         Seq Example       Comb Example 
-------------------------------------------------------------------------------------------------------------------------------------------------------------------------------
pll_i25M_o50M_o25M|CLKOP_inferred_clock     1327      pll_inst.PLLInst_0.CLKOP(EHXPLLJ)     mcpld_to_swcpld_data_filter[1:0].C                  -                 -            
                                                                                                                                                                               
pll_i25M_o50M_o25M|CLKOS_inferred_clock     648       pll_inst.PLLInst_0.CLKOS(EHXPLLJ)     genblk1\[0\]\.r_pwm_D_fan_limit_use\[0\][7:0].C     -                 -            
===============================================================================================================================================================================

@W: MT531 :"d:\project\cnit-k\8u sw\code\v10\4port\bp_4s104g5\rtl\source\fan\fan_pwm_tach.v":201:0:201:5|Found signal identified as System clock which controls 346 sequential elements including genblk1\[9\]\.fan_pwm_tach_m.o_fan_tach1_cnt[10:0].  Using this clock, which has no specified timing constraint, can prevent conversion of gated or generated clocks and can adversely impact design performance. 
@W: MT529 :"d:\project\cnit-k\8u sw\code\v10\4port\bp_4s104g5\rtl\source\bmc_i2c\i2c_slave_basic0.v":279:0:279:5|Found inferred clock pll_i25M_o50M_o25M|CLKOS_inferred_clock which controls 648 sequential elements including bmc_cpld_i2c_ram.i2c_slave_bmc_u0.i2c_slave_basic0_u0.r_I2C_state[19]. This clock has no specified timing constraint which may prevent conversion of gated or generated clocks and may adversely impact design performance. 
@W: MT529 :"d:\project\cnit-k\8u sw\code\v10\4port\bp_4s104g5\rtl\source\common\edge_delay.v":52:0:52:5|Found inferred clock pll_i25M_o50M_o25M|CLKOP_inferred_clock which controls 1327 sequential elements including edge_delay_retimer1_0p9_pg.timer_cnt[2:0]. This clock has no specified timing constraint which may prevent conversion of gated or generated clocks and may adversely impact design performance. 

ICG Latch Removal Summary:
Number of ICG latches removed: 0
Number of ICG latches not removed:	0


@S |Clock Optimization Summary



#### START OF PREMAP CLOCK OPTIMIZATION REPORT #####[

2 non-gated/non-generated clock tree(s) driving 1975 clock pin(s) of sequential element(s)
16 gated/generated clock tree(s) driving 346 clock pin(s) of sequential element(s)
0 instances converted, 346 sequential instances remain driven by gated/generated clocks

================================================ Non-Gated/Non-Generated Clocks ================================================
Clock Tree ID     Driving Element              Drive Element Type     Fanout     Sample Instance                                
--------------------------------------------------------------------------------------------------------------------------------
@KP:ckid0_0       pll_inst.PLLInst_0.CLKOS     EHXPLLJ                648        genblk1\[14\]\.r_pwm_D_fan_pre_limit\[14\][7:0]
@KP:ckid0_2       pll_inst.PLLInst_0.CLKOP     EHXPLLJ                1327       r_sw3_spi_cs_sel_err_flag                      
================================================================================================================================
================================================================================================ Gated/Generated Clocks =================================================================================================
Clock Tree ID     Driving Element                                                   Drive Element Type     Unconverted Fanout     Sample Instance                                         Explanation                    
-------------------------------------------------------------------------------------------------------------------------------------------------------------------------------------------------------------------------
@KP:ckid0_1       bmc_cpld_i2c_ram.i2c_slave_bmc_u0.w_i2c_command_1.OUT             and                    16                     bmc_cpld_i2c_ram.i2c_slave_bmc_u0.w_i2c_command[15]     Clock source is invalid for GCC
@KP:ckid0_3       genblk1\[10\]\.fan_pwm_tach_m.Edge_Detect_u1.o_signal_pos.OUT     and                    22                     genblk1\[10\]\.fan_pwm_tach_m.o_fan_tach1_cnt[10:0]     Clock source is invalid for GCC
@KP:ckid0_4       genblk1\[1\]\.fan_pwm_tach_m.Edge_Detect_u1.o_signal_pos.OUT      and                    22                     genblk1\[1\]\.fan_pwm_tach_m.o_fan_tach1_cnt[10:0]      Clock source is invalid for GCC
@KP:ckid0_5       genblk1\[6\]\.fan_pwm_tach_m.Edge_Detect_u1.o_signal_pos.OUT      and                    22                     genblk1\[6\]\.fan_pwm_tach_m.o_fan_tach1_cnt[10:0]      Clock source is invalid for GCC
@KP:ckid0_6       genblk1\[4\]\.fan_pwm_tach_m.Edge_Detect_u1.o_signal_pos.OUT      and                    22                     genblk1\[4\]\.fan_pwm_tach_m.o_fan_tach1_cnt[10:0]      Clock source is invalid for GCC
@KP:ckid0_7       genblk1\[13\]\.fan_pwm_tach_m.Edge_Detect_u1.o_signal_pos.OUT     and                    22                     genblk1\[13\]\.fan_pwm_tach_m.o_fan_tach1_cnt[10:0]     Clock source is invalid for GCC
@KP:ckid0_8       genblk1\[3\]\.fan_pwm_tach_m.Edge_Detect_u1.o_signal_pos.OUT      and                    22                     genblk1\[3\]\.fan_pwm_tach_m.o_fan_tach1_cnt[10:0]      Clock source is invalid for GCC
@KP:ckid0_9       genblk1\[5\]\.fan_pwm_tach_m.Edge_Detect_u1.o_signal_pos.OUT      and                    22                     genblk1\[5\]\.fan_pwm_tach_m.o_fan_tach1_cnt[10:0]      Clock source is invalid for GCC
@KP:ckid0_10      genblk1\[12\]\.fan_pwm_tach_m.Edge_Detect_u1.o_signal_pos.OUT     and                    22                     genblk1\[12\]\.fan_pwm_tach_m.o_fan_tach1_cnt[10:0]     Clock source is invalid for GCC
@KP:ckid0_11      genblk1\[2\]\.fan_pwm_tach_m.Edge_Detect_u1.o_signal_pos.OUT      and                    22                     genblk1\[2\]\.fan_pwm_tach_m.o_fan_tach1_cnt[10:0]      Clock source is invalid for GCC
@KP:ckid0_12      genblk1\[8\]\.fan_pwm_tach_m.Edge_Detect_u1.o_signal_pos.OUT      and                    22                     genblk1\[8\]\.fan_pwm_tach_m.o_fan_tach1_cnt[10:0]      Clock source is invalid for GCC
@KP:ckid0_13      genblk1\[0\]\.fan_pwm_tach_m.Edge_Detect_u1.o_signal_pos.OUT      and                    22                     genblk1\[0\]\.fan_pwm_tach_m.o_fan_tach1_cnt[10:0]      Clock source is invalid for GCC
@KP:ckid0_14      genblk1\[11\]\.fan_pwm_tach_m.Edge_Detect_u1.o_signal_pos.OUT     and                    22                     genblk1\[11\]\.fan_pwm_tach_m.o_fan_tach1_cnt[10:0]     Clock source is invalid for GCC
@KP:ckid0_15      genblk1\[7\]\.fan_pwm_tach_m.Edge_Detect_u1.o_signal_pos.OUT      and                    22                     genblk1\[7\]\.fan_pwm_tach_m.o_fan_tach1_cnt[10:0]      Clock source is invalid for GCC
@KP:ckid0_16      genblk1\[14\]\.fan_pwm_tach_m.Edge_Detect_u1.o_signal_pos.OUT     and                    22                     genblk1\[14\]\.fan_pwm_tach_m.o_fan_tach1_cnt[10:0]     Clock source is invalid for GCC
@KP:ckid0_17      genblk1\[9\]\.fan_pwm_tach_m.Edge_Detect_u1.o_signal_pos.OUT      and                    22                     genblk1\[9\]\.fan_pwm_tach_m.o_fan_tach1_cnt[10:0]      Clock source is invalid for GCC
=========================================================================================================================================================================================================================


##### END OF CLOCK OPTIMIZATION REPORT ######

@N: FX1143 |Skipping assigning INTERNAL_VREF to iobanks, because the table of mapping from pin to iobank is not initialized.
Finished Pre Mapping Phase.

Starting constraint checker (Real Time elapsed 0h:00m:06s; CPU Time elapsed 0h:00m:04s; Memory used current: 192MB peak: 192MB)


Finished constraint checker preprocessing (Real Time elapsed 0h:00m:06s; CPU Time elapsed 0h:00m:04s; Memory used current: 192MB peak: 192MB)


Finished constraint checker (Real Time elapsed 0h:00m:06s; CPU Time elapsed 0h:00m:04s; Memory used current: 193MB peak: 193MB)

Pre-mapping successful!

At Mapper Exit (Real Time elapsed 0h:00m:07s; CPU Time elapsed 0h:00m:05s; Memory used current: 109MB peak: 193MB)

Process took 0h:00m:07s realtime, 0h:00m:05s cputime
# Sat Feb  8 10:31:52 2025

###########################################################]
Map & Optimize Report

# Sat Feb  8 10:31:53 2025


Copyright (C) 1994-2020 Synopsys, Inc.
This Synopsys software and all associated documentation are proprietary to Synopsys, Inc.
and may only be used pursuant to the terms and conditions of a written license agreement
with Synopsys, Inc. All other use, reproduction, modification, or distribution of the
Synopsys software or the associated documentation is strictly prohibited.
Tool: Synplify Pro (R)
Build: Q-2020.03L-SP1
Install: C:\lscc\diamond\3.12\synpbase
OS: Windows 6.1

Hostname: RDHZW7137

Implementation : impl1
Synopsys Lattice Technology Mapper, Version map202003lat, Build 172R, Built Nov  2 2020 09:31:45, @


Mapper Startup Complete (Real Time elapsed 0h:00m:00s; CPU Time elapsed 0h:00m:00s; Memory used current: 117MB peak: 117MB)

@N: MF916 |Option synthesis_strategy=base is enabled. 
@N: MF248 |Running in 64-bit mode.
@N: MF666 |Clock conversion enabled. (Command "set_option -fix_gated_and_generated_clocks 1" in the project file.)

Design Input Complete (Real Time elapsed 0h:00m:00s; CPU Time elapsed 0h:00m:00s; Memory used current: 121MB peak: 128MB)


Mapper Initialization Complete (Real Time elapsed 0h:00m:00s; CPU Time elapsed 0h:00m:00s; Memory used current: 121MB peak: 128MB)


Start loading timing files (Real Time elapsed 0h:00m:00s; CPU Time elapsed 0h:00m:00s; Memory used current: 133MB peak: 133MB)


Finished loading timing files (Real Time elapsed 0h:00m:01s; CPU Time elapsed 0h:00m:01s; Memory used current: 135MB peak: 137MB)



Starting Optimization and Mapping (Real Time elapsed 0h:00m:01s; CPU Time elapsed 0h:00m:01s; Memory used current: 176MB peak: 176MB)

@N: MO111 :"d:\project\cnit-k\8u sw\code\v10\4port\bp_4s104g5\rtl\source\bp_4s104g5_top.v":147:27:147:30|Tristate driver o_I2C_RST2_N_R (in view: work.BP_4S104G5(verilog)) on net o_I2C_RST2_N_R (in view: work.BP_4S104G5(verilog)) has its enable tied to GND.
@N: MO111 :"d:\project\cnit-k\8u sw\code\v10\4port\bp_4s104g5\rtl\source\bp_4s104g5_top.v":147:27:147:30|Tristate driver o_I2C_RST1_N_R (in view: work.BP_4S104G5(verilog)) on net o_I2C_RST1_N_R (in view: work.BP_4S104G5(verilog)) has its enable tied to GND.
@N: MO111 :"d:\project\cnit-k\8u sw\code\v10\4port\bp_4s104g5\rtl\source\bp_4s104g5_top.v":147:27:147:30|Tristate driver o_I2C_RST0_N_R (in view: work.BP_4S104G5(verilog)) on net o_I2C_RST0_N_R (in view: work.BP_4S104G5(verilog)) has its enable tied to GND.
@N: MO111 :"d:\project\cnit-k\8u sw\code\v10\4port\bp_4s104g5\rtl\source\bp_4s104g5_top.v":147:27:147:30|Tristate driver o_DS160_RX_READ_EN_N (in view: work.BP_4S104G5(verilog)) on net o_DS160_RX_READ_EN_N (in view: work.BP_4S104G5(verilog)) has its enable tied to GND.
@N: MO111 :"d:\project\cnit-k\8u sw\code\v10\4port\bp_4s104g5\rtl\source\bp_4s104g5_top.v":147:27:147:30|Tristate driver o_DS160_TX_READ_EN_N (in view: work.BP_4S104G5(verilog)) on net o_DS160_TX_READ_EN_N (in view: work.BP_4S104G5(verilog)) has its enable tied to GND.
@N: MO111 :"d:\project\cnit-k\8u sw\code\v10\4port\bp_4s104g5\rtl\source\bp_4s104g5_top.v":147:27:147:30|Tristate driver o_NVLINK_REFCLK_SELECT_R (in view: work.BP_4S104G5(verilog)) on net o_NVLINK_REFCLK_SELECT_R (in view: work.BP_4S104G5(verilog)) has its enable tied to GND.
@N: MO111 :"d:\project\cnit-k\8u sw\code\v10\4port\bp_4s104g5\rtl\source\bp_4s104g5_top.v":147:27:147:30|Tristate driver o_HGX_DETECT_N_R (in view: work.BP_4S104G5(verilog)) on net o_HGX_DETECT_N_R (in view: work.BP_4S104G5(verilog)) has its enable tied to GND.
@N: MO111 :"d:\project\cnit-k\8u sw\code\v10\4port\bp_4s104g5\rtl\source\bp_4s104g5_top.v":147:27:147:30|Tristate driver o_FPGA_BOOT_EN_R (in view: work.BP_4S104G5(verilog)) on net o_FPGA_BOOT_EN_R (in view: work.BP_4S104G5(verilog)) has its enable tied to GND.
@N: MO111 :"d:\project\cnit-k\8u sw\code\v10\4port\bp_4s104g5\rtl\source\bp_4s104g5_top.v":147:27:147:30|Tristate driver o_FPGA_EROT_RST_N_R (in view: work.BP_4S104G5(verilog)) on net o_FPGA_EROT_RST_N_R (in view: work.BP_4S104G5(verilog)) has its enable tied to GND.
@N: MO111 :"d:\project\cnit-k\8u sw\code\v10\4port\bp_4s104g5\rtl\source\bp_4s104g5_top.v":147:27:147:30|Tristate driver o_FPGA_EROT_RECOV_N_R (in view: work.BP_4S104G5(verilog)) on net o_FPGA_EROT_RECOV_N_R (in view: work.BP_4S104G5(verilog)) has its enable tied to GND.

Available hyper_sources - for debug and ip models
	None Found

@W: BN132 :"d:\project\cnit-k\8u sw\code\v10\4port\bp_4s104g5\rtl\source\common\pon_reset.v":43:0:43:5|Removing sequential instance pon_reset_inst.reset2_reg[2:0] because it is equivalent to instance pon_reset_inst.reset1_reg[2:0]. To keep the instance, apply constraint syn_preserve=1 on the instance.
@W: BN132 :"d:\project\cnit-k\8u sw\code\v10\4port\bp_4s104g5\rtl\source\bp_4s104g5_top.v":1546:8:1546:19|Removing user instance un1_pon_reset_n because it is equivalent to instance un1_pgd_aux_system. To keep the instance, apply constraint syn_preserve=1 on the instance.

Finished RTL optimizations (Real Time elapsed 0h:00m:02s; CPU Time elapsed 0h:00m:02s; Memory used current: 186MB peak: 186MB)

@N: MO231 :"d:\project\cnit-k\8u sw\code\v10\4port\bp_4s104g5\rtl\source\common\timer_gen_50mhz.v":81:0:81:5|Found counter in view:work.timer_gen(verilog) instance usec_tmr[4:0] 
@N: MO231 :"d:\project\cnit-k\8u sw\code\v10\4port\bp_4s104g5\rtl\source\common\timer_gen_50mhz.v":81:0:81:5|Found counter in view:work.timer_gen(verilog) instance sec_tmr[14:0] 
@N: BN362 :"d:\project\cnit-k\8u sw\code\v10\4port\bp_4s104g5\rtl\source\common\timer_gen_50mhz.v":47:2:47:7|Removing sequential instance cnt20ns[2] (in view: work.timer_gen(verilog)) of type view:PrimLib.dffr(prim) because it does not drive other instances.
@N: BN362 :"d:\project\cnit-k\8u sw\code\v10\4port\bp_4s104g5\rtl\source\sgpio_slave\s2p_slave.v":89:2:89:7|Removing sequential instance po_r[55] (in view: work.s2p_slave_60s_6s_Z1(verilog)) because it does not drive other instances.
@N: BN362 :"d:\project\cnit-k\8u sw\code\v10\4port\bp_4s104g5\rtl\source\sgpio_slave\s2p_slave.v":89:2:89:7|Removing sequential instance po_r[54] (in view: work.s2p_slave_60s_6s_Z1(verilog)) because it does not drive other instances.
@N: BN362 :"d:\project\cnit-k\8u sw\code\v10\4port\bp_4s104g5\rtl\source\sgpio_slave\s2p_slave.v":89:2:89:7|Removing sequential instance po_r[53] (in view: work.s2p_slave_60s_6s_Z1(verilog)) because it does not drive other instances.
@N: BN362 :"d:\project\cnit-k\8u sw\code\v10\4port\bp_4s104g5\rtl\source\sgpio_slave\s2p_slave.v":89:2:89:7|Removing sequential instance po_r[52] (in view: work.s2p_slave_60s_6s_Z1(verilog)) because it does not drive other instances.
@N: BN362 :"d:\project\cnit-k\8u sw\code\v10\4port\bp_4s104g5\rtl\source\sgpio_slave\s2p_slave.v":89:2:89:7|Removing sequential instance po_r[51] (in view: work.s2p_slave_60s_6s_Z1(verilog)) because it does not drive other instances.
@N: BN362 :"d:\project\cnit-k\8u sw\code\v10\4port\bp_4s104g5\rtl\source\sgpio_slave\s2p_slave.v":89:2:89:7|Removing sequential instance po_r[50] (in view: work.s2p_slave_60s_6s_Z1(verilog)) because it does not drive other instances.
@N: BN362 :"d:\project\cnit-k\8u sw\code\v10\4port\bp_4s104g5\rtl\source\sgpio_slave\s2p_slave.v":89:2:89:7|Removing sequential instance po_r[49] (in view: work.s2p_slave_60s_6s_Z1(verilog)) because it does not drive other instances.
@N: BN362 :"d:\project\cnit-k\8u sw\code\v10\4port\bp_4s104g5\rtl\source\sgpio_slave\s2p_slave.v":89:2:89:7|Removing sequential instance po_r[48] (in view: work.s2p_slave_60s_6s_Z1(verilog)) because it does not drive other instances.
@N: BN362 :"d:\project\cnit-k\8u sw\code\v10\4port\bp_4s104g5\rtl\source\sgpio_slave\s2p_slave.v":89:2:89:7|Removing sequential instance po_r[47] (in view: work.s2p_slave_60s_6s_Z1(verilog)) because it does not drive other instances.
@N: BN362 :"d:\project\cnit-k\8u sw\code\v10\4port\bp_4s104g5\rtl\source\sgpio_slave\s2p_slave.v":89:2:89:7|Removing sequential instance po_r[46] (in view: work.s2p_slave_60s_6s_Z1(verilog)) because it does not drive other instances.
@N: BN362 :"d:\project\cnit-k\8u sw\code\v10\4port\bp_4s104g5\rtl\source\sgpio_slave\s2p_slave.v":89:2:89:7|Removing sequential instance po_r[45] (in view: work.s2p_slave_60s_6s_Z1(verilog)) because it does not drive other instances.
@N: BN362 :"d:\project\cnit-k\8u sw\code\v10\4port\bp_4s104g5\rtl\source\sgpio_slave\s2p_slave.v":89:2:89:7|Removing sequential instance po_r[44] (in view: work.s2p_slave_60s_6s_Z1(verilog)) because it does not drive other instances.
@N: BN362 :"d:\project\cnit-k\8u sw\code\v10\4port\bp_4s104g5\rtl\source\sgpio_slave\s2p_slave.v":89:2:89:7|Removing sequential instance po_r[43] (in view: work.s2p_slave_60s_6s_Z1(verilog)) because it does not drive other instances.
@N: BN362 :"d:\project\cnit-k\8u sw\code\v10\4port\bp_4s104g5\rtl\source\sgpio_slave\s2p_slave.v":89:2:89:7|Removing sequential instance po_r[42] (in view: work.s2p_slave_60s_6s_Z1(verilog)) because it does not drive other instances.
@N: BN362 :"d:\project\cnit-k\8u sw\code\v10\4port\bp_4s104g5\rtl\source\sgpio_slave\s2p_slave.v":89:2:89:7|Removing sequential instance po_r[41] (in view: work.s2p_slave_60s_6s_Z1(verilog)) because it does not drive other instances.
@N: BN362 :"d:\project\cnit-k\8u sw\code\v10\4port\bp_4s104g5\rtl\source\sgpio_slave\s2p_slave.v":89:2:89:7|Removing sequential instance po_r[40] (in view: work.s2p_slave_60s_6s_Z1(verilog)) because it does not drive other instances.
@N: BN362 :"d:\project\cnit-k\8u sw\code\v10\4port\bp_4s104g5\rtl\source\sgpio_slave\s2p_slave.v":89:2:89:7|Removing sequential instance po_r[39] (in view: work.s2p_slave_60s_6s_Z1(verilog)) because it does not drive other instances.
@N: BN362 :"d:\project\cnit-k\8u sw\code\v10\4port\bp_4s104g5\rtl\source\sgpio_slave\s2p_slave.v":89:2:89:7|Removing sequential instance po_r[38] (in view: work.s2p_slave_60s_6s_Z1(verilog)) because it does not drive other instances.
@N: BN362 :"d:\project\cnit-k\8u sw\code\v10\4port\bp_4s104g5\rtl\source\sgpio_slave\s2p_slave.v":89:2:89:7|Removing sequential instance po_r[37] (in view: work.s2p_slave_60s_6s_Z1(verilog)) because it does not drive other instances.
@N: BN362 :"d:\project\cnit-k\8u sw\code\v10\4port\bp_4s104g5\rtl\source\sgpio_slave\s2p_slave.v":89:2:89:7|Removing sequential instance po_r[36] (in view: work.s2p_slave_60s_6s_Z1(verilog)) because it does not drive other instances.
@N: BN362 :"d:\project\cnit-k\8u sw\code\v10\4port\bp_4s104g5\rtl\source\sgpio_slave\s2p_slave.v":89:2:89:7|Removing sequential instance po_r[35] (in view: work.s2p_slave_60s_6s_Z1(verilog)) because it does not drive other instances.
@N: BN362 :"d:\project\cnit-k\8u sw\code\v10\4port\bp_4s104g5\rtl\source\sgpio_slave\s2p_slave.v":89:2:89:7|Removing sequential instance po_r[34] (in view: work.s2p_slave_60s_6s_Z1(verilog)) because it does not drive other instances.
@N: BN362 :"d:\project\cnit-k\8u sw\code\v10\4port\bp_4s104g5\rtl\source\sgpio_slave\s2p_slave.v":89:2:89:7|Removing sequential instance po_r[33] (in view: work.s2p_slave_60s_6s_Z1(verilog)) because it does not drive other instances.
@N: BN362 :"d:\project\cnit-k\8u sw\code\v10\4port\bp_4s104g5\rtl\source\sgpio_slave\s2p_slave.v":89:2:89:7|Removing sequential instance po_r[32] (in view: work.s2p_slave_60s_6s_Z1(verilog)) because it does not drive other instances.
@N: BN362 :"d:\project\cnit-k\8u sw\code\v10\4port\bp_4s104g5\rtl\source\sgpio_slave\s2p_slave.v":89:2:89:7|Removing sequential instance po_r[31] (in view: work.s2p_slave_60s_6s_Z1(verilog)) because it does not drive other instances.
@N: BN362 :"d:\project\cnit-k\8u sw\code\v10\4port\bp_4s104g5\rtl\source\sgpio_slave\s2p_slave.v":89:2:89:7|Removing sequential instance po_r[30] (in view: work.s2p_slave_60s_6s_Z1(verilog)) because it does not drive other instances.
@N: BN362 :"d:\project\cnit-k\8u sw\code\v10\4port\bp_4s104g5\rtl\source\sgpio_slave\s2p_slave.v":89:2:89:7|Removing sequential instance po_r[29] (in view: work.s2p_slave_60s_6s_Z1(verilog)) because it does not drive other instances.
@N: BN362 :"d:\project\cnit-k\8u sw\code\v10\4port\bp_4s104g5\rtl\source\sgpio_slave\s2p_slave.v":89:2:89:7|Removing sequential instance po_r[28] (in view: work.s2p_slave_60s_6s_Z1(verilog)) because it does not drive other instances.
@N: BN362 :"d:\project\cnit-k\8u sw\code\v10\4port\bp_4s104g5\rtl\source\sgpio_slave\s2p_slave.v":89:2:89:7|Removing sequential instance po_r[27] (in view: work.s2p_slave_60s_6s_Z1(verilog)) because it does not drive other instances.
@N: BN362 :"d:\project\cnit-k\8u sw\code\v10\4port\bp_4s104g5\rtl\source\sgpio_slave\s2p_slave.v":89:2:89:7|Removing sequential instance po_r[26] (in view: work.s2p_slave_60s_6s_Z1(verilog)) because it does not drive other instances.
@N: BN362 :"d:\project\cnit-k\8u sw\code\v10\4port\bp_4s104g5\rtl\source\sgpio_slave\s2p_slave.v":89:2:89:7|Removing sequential instance po_r[25] (in view: work.s2p_slave_60s_6s_Z1(verilog)) because it does not drive other instances.
@N: BN362 :"d:\project\cnit-k\8u sw\code\v10\4port\bp_4s104g5\rtl\source\sgpio_slave\s2p_slave.v":89:2:89:7|Removing sequential instance po_r[24] (in view: work.s2p_slave_60s_6s_Z1(verilog)) because it does not drive other instances.
@N: BN362 :"d:\project\cnit-k\8u sw\code\v10\4port\bp_4s104g5\rtl\source\sgpio_slave\s2p_slave.v":89:2:89:7|Removing sequential instance po_r[23] (in view: work.s2p_slave_60s_6s_Z1(verilog)) because it does not drive other instances.
@N: BN362 :"d:\project\cnit-k\8u sw\code\v10\4port\bp_4s104g5\rtl\source\sgpio_slave\s2p_slave.v":89:2:89:7|Removing sequential instance po_r[22] (in view: work.s2p_slave_60s_6s_Z1(verilog)) because it does not drive other instances.
@N: BN362 :"d:\project\cnit-k\8u sw\code\v10\4port\bp_4s104g5\rtl\source\sgpio_slave\s2p_slave.v":89:2:89:7|Removing sequential instance po_r[21] (in view: work.s2p_slave_60s_6s_Z1(verilog)) because it does not drive other instances.
@N: BN362 :"d:\project\cnit-k\8u sw\code\v10\4port\bp_4s104g5\rtl\source\sgpio_slave\s2p_slave.v":89:2:89:7|Removing sequential instance po_r[20] (in view: work.s2p_slave_60s_6s_Z1(verilog)) because it does not drive other instances.
@N: BN362 :"d:\project\cnit-k\8u sw\code\v10\4port\bp_4s104g5\rtl\source\sgpio_slave\s2p_slave.v":89:2:89:7|Removing sequential instance po_r[19] (in view: work.s2p_slave_60s_6s_Z1(verilog)) because it does not drive other instances.
@N: BN362 :"d:\project\cnit-k\8u sw\code\v10\4port\bp_4s104g5\rtl\source\sgpio_slave\s2p_slave.v":89:2:89:7|Removing sequential instance po_r[18] (in view: work.s2p_slave_60s_6s_Z1(verilog)) because it does not drive other instances.
@N: BN362 :"d:\project\cnit-k\8u sw\code\v10\4port\bp_4s104g5\rtl\source\sgpio_slave\s2p_slave.v":89:2:89:7|Removing sequential instance po_r[17] (in view: work.s2p_slave_60s_6s_Z1(verilog)) because it does not drive other instances.
@N: BN362 :"d:\project\cnit-k\8u sw\code\v10\4port\bp_4s104g5\rtl\source\sgpio_slave\s2p_slave.v":89:2:89:7|Removing sequential instance po_r[16] (in view: work.s2p_slave_60s_6s_Z1(verilog)) because it does not drive other instances.
@N: BN362 :"d:\project\cnit-k\8u sw\code\v10\4port\bp_4s104g5\rtl\source\sgpio_slave\s2p_slave.v":89:2:89:7|Removing sequential instance po_r[15] (in view: work.s2p_slave_60s_6s_Z1(verilog)) because it does not drive other instances.
@N: BN362 :"d:\project\cnit-k\8u sw\code\v10\4port\bp_4s104g5\rtl\source\sgpio_slave\s2p_slave.v":89:2:89:7|Removing sequential instance po_r[14] (in view: work.s2p_slave_60s_6s_Z1(verilog)) because it does not drive other instances.
@N: BN362 :"d:\project\cnit-k\8u sw\code\v10\4port\bp_4s104g5\rtl\source\sgpio_slave\s2p_slave.v":89:2:89:7|Removing sequential instance po_r[13] (in view: work.s2p_slave_60s_6s_Z1(verilog)) because it does not drive other instances.
@N: BN362 :"d:\project\cnit-k\8u sw\code\v10\4port\bp_4s104g5\rtl\source\sgpio_slave\s2p_slave.v":89:2:89:7|Removing sequential instance po_r[12] (in view: work.s2p_slave_60s_6s_Z1(verilog)) because it does not drive other instances.
@N: BN362 :"d:\project\cnit-k\8u sw\code\v10\4port\bp_4s104g5\rtl\source\sgpio_slave\s2p_slave.v":89:2:89:7|Removing sequential instance po_r[11] (in view: work.s2p_slave_60s_6s_Z1(verilog)) because it does not drive other instances.
@N: BN362 :"d:\project\cnit-k\8u sw\code\v10\4port\bp_4s104g5\rtl\source\sgpio_slave\s2p_slave.v":89:2:89:7|Removing sequential instance po_r[10] (in view: work.s2p_slave_60s_6s_Z1(verilog)) because it does not drive other instances.
@N: BN362 :"d:\project\cnit-k\8u sw\code\v10\4port\bp_4s104g5\rtl\source\sgpio_slave\s2p_slave.v":89:2:89:7|Removing sequential instance po_r[9] (in view: work.s2p_slave_60s_6s_Z1(verilog)) because it does not drive other instances.
@N: BN362 :"d:\project\cnit-k\8u sw\code\v10\4port\bp_4s104g5\rtl\source\sgpio_slave\s2p_slave.v":89:2:89:7|Removing sequential instance po_r[6] (in view: work.s2p_slave_60s_6s_Z1(verilog)) because it does not drive other instances.
@N: BN362 :"d:\project\cnit-k\8u sw\code\v10\4port\bp_4s104g5\rtl\source\sgpio_slave\s2p_slave.v":97:2:97:7|Removing sequential instance po[55] (in view: work.s2p_slave_60s_6s_Z1(verilog)) because it does not drive other instances.
@N: BN362 :"d:\project\cnit-k\8u sw\code\v10\4port\bp_4s104g5\rtl\source\sgpio_slave\s2p_slave.v":97:2:97:7|Removing sequential instance po[54] (in view: work.s2p_slave_60s_6s_Z1(verilog)) because it does not drive other instances.
@N: BN362 :"d:\project\cnit-k\8u sw\code\v10\4port\bp_4s104g5\rtl\source\sgpio_slave\s2p_slave.v":97:2:97:7|Removing sequential instance po[53] (in view: work.s2p_slave_60s_6s_Z1(verilog)) because it does not drive other instances.
@N: BN362 :"d:\project\cnit-k\8u sw\code\v10\4port\bp_4s104g5\rtl\source\sgpio_slave\s2p_slave.v":97:2:97:7|Removing sequential instance po[52] (in view: work.s2p_slave_60s_6s_Z1(verilog)) because it does not drive other instances.
@N: BN362 :"d:\project\cnit-k\8u sw\code\v10\4port\bp_4s104g5\rtl\source\sgpio_slave\s2p_slave.v":97:2:97:7|Removing sequential instance po[51] (in view: work.s2p_slave_60s_6s_Z1(verilog)) because it does not drive other instances.
@N: BN362 :"d:\project\cnit-k\8u sw\code\v10\4port\bp_4s104g5\rtl\source\sgpio_slave\s2p_slave.v":97:2:97:7|Removing sequential instance po[50] (in view: work.s2p_slave_60s_6s_Z1(verilog)) because it does not drive other instances.
@N: BN362 :"d:\project\cnit-k\8u sw\code\v10\4port\bp_4s104g5\rtl\source\sgpio_slave\s2p_slave.v":97:2:97:7|Removing sequential instance po[49] (in view: work.s2p_slave_60s_6s_Z1(verilog)) because it does not drive other instances.
@N: BN362 :"d:\project\cnit-k\8u sw\code\v10\4port\bp_4s104g5\rtl\source\sgpio_slave\s2p_slave.v":97:2:97:7|Removing sequential instance po[48] (in view: work.s2p_slave_60s_6s_Z1(verilog)) because it does not drive other instances.
@N: BN362 :"d:\project\cnit-k\8u sw\code\v10\4port\bp_4s104g5\rtl\source\sgpio_slave\s2p_slave.v":97:2:97:7|Removing sequential instance po[47] (in view: work.s2p_slave_60s_6s_Z1(verilog)) because it does not drive other instances.
@N: BN362 :"d:\project\cnit-k\8u sw\code\v10\4port\bp_4s104g5\rtl\source\sgpio_slave\s2p_slave.v":97:2:97:7|Removing sequential instance po[46] (in view: work.s2p_slave_60s_6s_Z1(verilog)) because it does not drive other instances.
@N: BN362 :"d:\project\cnit-k\8u sw\code\v10\4port\bp_4s104g5\rtl\source\sgpio_slave\s2p_slave.v":97:2:97:7|Removing sequential instance po[45] (in view: work.s2p_slave_60s_6s_Z1(verilog)) because it does not drive other instances.
@N: BN362 :"d:\project\cnit-k\8u sw\code\v10\4port\bp_4s104g5\rtl\source\sgpio_slave\s2p_slave.v":97:2:97:7|Removing sequential instance po[44] (in view: work.s2p_slave_60s_6s_Z1(verilog)) because it does not drive other instances.
@N: BN362 :"d:\project\cnit-k\8u sw\code\v10\4port\bp_4s104g5\rtl\source\sgpio_slave\s2p_slave.v":97:2:97:7|Removing sequential instance po[43] (in view: work.s2p_slave_60s_6s_Z1(verilog)) because it does not drive other instances.
@N: BN362 :"d:\project\cnit-k\8u sw\code\v10\4port\bp_4s104g5\rtl\source\sgpio_slave\s2p_slave.v":97:2:97:7|Removing sequential instance po[42] (in view: work.s2p_slave_60s_6s_Z1(verilog)) because it does not drive other instances.
@N: BN362 :"d:\project\cnit-k\8u sw\code\v10\4port\bp_4s104g5\rtl\source\sgpio_slave\s2p_slave.v":97:2:97:7|Removing sequential instance po[41] (in view: work.s2p_slave_60s_6s_Z1(verilog)) because it does not drive other instances.
@N: BN362 :"d:\project\cnit-k\8u sw\code\v10\4port\bp_4s104g5\rtl\source\sgpio_slave\s2p_slave.v":97:2:97:7|Removing sequential instance po[40] (in view: work.s2p_slave_60s_6s_Z1(verilog)) because it does not drive other instances.
@N: BN362 :"d:\project\cnit-k\8u sw\code\v10\4port\bp_4s104g5\rtl\source\sgpio_slave\s2p_slave.v":97:2:97:7|Removing sequential instance po[39] (in view: work.s2p_slave_60s_6s_Z1(verilog)) because it does not drive other instances.
@N: BN362 :"d:\project\cnit-k\8u sw\code\v10\4port\bp_4s104g5\rtl\source\sgpio_slave\s2p_slave.v":97:2:97:7|Removing sequential instance po[38] (in view: work.s2p_slave_60s_6s_Z1(verilog)) because it does not drive other instances.
@N: BN362 :"d:\project\cnit-k\8u sw\code\v10\4port\bp_4s104g5\rtl\source\sgpio_slave\s2p_slave.v":97:2:97:7|Removing sequential instance po[37] (in view: work.s2p_slave_60s_6s_Z1(verilog)) because it does not drive other instances.
@N: BN362 :"d:\project\cnit-k\8u sw\code\v10\4port\bp_4s104g5\rtl\source\sgpio_slave\s2p_slave.v":97:2:97:7|Removing sequential instance po[36] (in view: work.s2p_slave_60s_6s_Z1(verilog)) because it does not drive other instances.
@N: BN362 :"d:\project\cnit-k\8u sw\code\v10\4port\bp_4s104g5\rtl\source\sgpio_slave\s2p_slave.v":97:2:97:7|Removing sequential instance po[35] (in view: work.s2p_slave_60s_6s_Z1(verilog)) because it does not drive other instances.
@N: BN362 :"d:\project\cnit-k\8u sw\code\v10\4port\bp_4s104g5\rtl\source\sgpio_slave\s2p_slave.v":97:2:97:7|Removing sequential instance po[34] (in view: work.s2p_slave_60s_6s_Z1(verilog)) because it does not drive other instances.
@N: BN362 :"d:\project\cnit-k\8u sw\code\v10\4port\bp_4s104g5\rtl\source\sgpio_slave\s2p_slave.v":97:2:97:7|Removing sequential instance po[33] (in view: work.s2p_slave_60s_6s_Z1(verilog)) because it does not drive other instances.
@N: BN362 :"d:\project\cnit-k\8u sw\code\v10\4port\bp_4s104g5\rtl\source\sgpio_slave\s2p_slave.v":97:2:97:7|Removing sequential instance po[32] (in view: work.s2p_slave_60s_6s_Z1(verilog)) because it does not drive other instances.
@N: BN362 :"d:\project\cnit-k\8u sw\code\v10\4port\bp_4s104g5\rtl\source\sgpio_slave\s2p_slave.v":97:2:97:7|Removing sequential instance po[31] (in view: work.s2p_slave_60s_6s_Z1(verilog)) because it does not drive other instances.
@N: BN362 :"d:\project\cnit-k\8u sw\code\v10\4port\bp_4s104g5\rtl\source\sgpio_slave\s2p_slave.v":97:2:97:7|Removing sequential instance po[30] (in view: work.s2p_slave_60s_6s_Z1(verilog)) because it does not drive other instances.
@N: BN362 :"d:\project\cnit-k\8u sw\code\v10\4port\bp_4s104g5\rtl\source\sgpio_slave\s2p_slave.v":97:2:97:7|Removing sequential instance po[29] (in view: work.s2p_slave_60s_6s_Z1(verilog)) because it does not drive other instances.
@N: BN362 :"d:\project\cnit-k\8u sw\code\v10\4port\bp_4s104g5\rtl\source\sgpio_slave\s2p_slave.v":97:2:97:7|Removing sequential instance po[28] (in view: work.s2p_slave_60s_6s_Z1(verilog)) because it does not drive other instances.
@N: BN362 :"d:\project\cnit-k\8u sw\code\v10\4port\bp_4s104g5\rtl\source\sgpio_slave\s2p_slave.v":97:2:97:7|Removing sequential instance po[27] (in view: work.s2p_slave_60s_6s_Z1(verilog)) because it does not drive other instances.
@N: BN362 :"d:\project\cnit-k\8u sw\code\v10\4port\bp_4s104g5\rtl\source\sgpio_slave\s2p_slave.v":97:2:97:7|Removing sequential instance po[26] (in view: work.s2p_slave_60s_6s_Z1(verilog)) because it does not drive other instances.
@N: BN362 :"d:\project\cnit-k\8u sw\code\v10\4port\bp_4s104g5\rtl\source\sgpio_slave\s2p_slave.v":97:2:97:7|Removing sequential instance po[25] (in view: work.s2p_slave_60s_6s_Z1(verilog)) because it does not drive other instances.
@N: BN362 :"d:\project\cnit-k\8u sw\code\v10\4port\bp_4s104g5\rtl\source\sgpio_slave\s2p_slave.v":97:2:97:7|Removing sequential instance po[24] (in view: work.s2p_slave_60s_6s_Z1(verilog)) because it does not drive other instances.
@N: BN362 :"d:\project\cnit-k\8u sw\code\v10\4port\bp_4s104g5\rtl\source\sgpio_slave\s2p_slave.v":97:2:97:7|Removing sequential instance po[23] (in view: work.s2p_slave_60s_6s_Z1(verilog)) because it does not drive other instances.
@N: BN362 :"d:\project\cnit-k\8u sw\code\v10\4port\bp_4s104g5\rtl\source\sgpio_slave\s2p_slave.v":97:2:97:7|Removing sequential instance po[22] (in view: work.s2p_slave_60s_6s_Z1(verilog)) because it does not drive other instances.
@N: BN362 :"d:\project\cnit-k\8u sw\code\v10\4port\bp_4s104g5\rtl\source\sgpio_slave\s2p_slave.v":97:2:97:7|Removing sequential instance po[21] (in view: work.s2p_slave_60s_6s_Z1(verilog)) because it does not drive other instances.
@N: BN362 :"d:\project\cnit-k\8u sw\code\v10\4port\bp_4s104g5\rtl\source\sgpio_slave\s2p_slave.v":97:2:97:7|Removing sequential instance po[20] (in view: work.s2p_slave_60s_6s_Z1(verilog)) because it does not drive other instances.
@N: BN362 :"d:\project\cnit-k\8u sw\code\v10\4port\bp_4s104g5\rtl\source\sgpio_slave\s2p_slave.v":97:2:97:7|Removing sequential instance po[19] (in view: work.s2p_slave_60s_6s_Z1(verilog)) because it does not drive other instances.
@N: BN362 :"d:\project\cnit-k\8u sw\code\v10\4port\bp_4s104g5\rtl\source\sgpio_slave\s2p_slave.v":97:2:97:7|Removing sequential instance po[18] (in view: work.s2p_slave_60s_6s_Z1(verilog)) because it does not drive other instances.
@N: BN362 :"d:\project\cnit-k\8u sw\code\v10\4port\bp_4s104g5\rtl\source\sgpio_slave\s2p_slave.v":97:2:97:7|Removing sequential instance po[17] (in view: work.s2p_slave_60s_6s_Z1(verilog)) because it does not drive other instances.
@N: BN362 :"d:\project\cnit-k\8u sw\code\v10\4port\bp_4s104g5\rtl\source\sgpio_slave\s2p_slave.v":97:2:97:7|Removing sequential instance po[16] (in view: work.s2p_slave_60s_6s_Z1(verilog)) because it does not drive other instances.
@N: BN362 :"d:\project\cnit-k\8u sw\code\v10\4port\bp_4s104g5\rtl\source\sgpio_slave\s2p_slave.v":97:2:97:7|Removing sequential instance po[15] (in view: work.s2p_slave_60s_6s_Z1(verilog)) because it does not drive other instances.
@N: BN362 :"d:\project\cnit-k\8u sw\code\v10\4port\bp_4s104g5\rtl\source\sgpio_slave\s2p_slave.v":97:2:97:7|Removing sequential instance po[14] (in view: work.s2p_slave_60s_6s_Z1(verilog)) because it does not drive other instances.
@N: BN362 :"d:\project\cnit-k\8u sw\code\v10\4port\bp_4s104g5\rtl\source\sgpio_slave\s2p_slave.v":97:2:97:7|Removing sequential instance po[13] (in view: work.s2p_slave_60s_6s_Z1(verilog)) because it does not drive other instances.
@N: BN362 :"d:\project\cnit-k\8u sw\code\v10\4port\bp_4s104g5\rtl\source\sgpio_slave\s2p_slave.v":97:2:97:7|Removing sequential instance po[12] (in view: work.s2p_slave_60s_6s_Z1(verilog)) because it does not drive other instances.
@N: BN362 :"d:\project\cnit-k\8u sw\code\v10\4port\bp_4s104g5\rtl\source\sgpio_slave\s2p_slave.v":97:2:97:7|Removing sequential instance po[11] (in view: work.s2p_slave_60s_6s_Z1(verilog)) because it does not drive other instances.
@N: BN362 :"d:\project\cnit-k\8u sw\code\v10\4port\bp_4s104g5\rtl\source\sgpio_slave\s2p_slave.v":97:2:97:7|Removing sequential instance po[10] (in view: work.s2p_slave_60s_6s_Z1(verilog)) because it does not drive other instances.
@N: BN362 :"d:\project\cnit-k\8u sw\code\v10\4port\bp_4s104g5\rtl\source\sgpio_slave\s2p_slave.v":97:2:97:7|Removing sequential instance po[9] (in view: work.s2p_slave_60s_6s_Z1(verilog)) because it does not drive other instances.
@N: BN362 :"d:\project\cnit-k\8u sw\code\v10\4port\bp_4s104g5\rtl\source\sgpio_slave\s2p_slave.v":97:2:97:7|Removing sequential instance po[6] (in view: work.s2p_slave_60s_6s_Z1(verilog)) because it does not drive other instances.
@N: MO231 :"d:\project\cnit-k\8u sw\code\v10\4port\bp_4s104g5\rtl\source\sgpio_slave\s2p_slave.v":79:2:79:7|Found counter in view:work.s2p_slave_60s_6s_Z1(verilog) instance cnt[5:0] 
@N: MO231 :"d:\project\cnit-k\8u sw\code\v10\4port\bp_4s104g5\rtl\source\sgpio_slave\p2s_slave.v":66:0:66:5|Found counter in view:work.p2s_slave_60s_6s(verilog) instance cnt[5:0] 
@N: BN362 :"d:\project\cnit-k\8u sw\code\v10\4port\bp_4s104g5\rtl\source\74lv165\pvt_gpi.v":25:0:25:5|Removing sequential instance par_data[36] (in view: work.pvt_gpi_56s_55s_0s_6s_Z2(verilog)) because it does not drive other instances.
@A: BN291 :"d:\project\cnit-k\8u sw\code\v10\4port\bp_4s104g5\rtl\source\74lv165\pvt_gpi.v":25:0:25:5|Boundary register par_data[36] (in view: work.pvt_gpi_56s_55s_0s_6s_Z2(verilog)) is packed into a complex cell. To disable register packing, set syn_keep=1 on the net between the register and the complex cell. 
@N: BN362 :"d:\project\cnit-k\8u sw\code\v10\4port\bp_4s104g5\rtl\source\74lv165\pvt_gpi.v":25:0:25:5|Removing sequential instance par_data[29] (in view: work.pvt_gpi_56s_55s_0s_6s_Z2(verilog)) because it does not drive other instances.
@A: BN291 :"d:\project\cnit-k\8u sw\code\v10\4port\bp_4s104g5\rtl\source\74lv165\pvt_gpi.v":25:0:25:5|Boundary register par_data[29] (in view: work.pvt_gpi_56s_55s_0s_6s_Z2(verilog)) is packed into a complex cell. To disable register packing, set syn_keep=1 on the net between the register and the complex cell. 
@N: BN362 :"d:\project\cnit-k\8u sw\code\v10\4port\bp_4s104g5\rtl\source\74lv165\pvt_gpi.v":25:0:25:5|Removing sequential instance par_data[28] (in view: work.pvt_gpi_56s_55s_0s_6s_Z2(verilog)) because it does not drive other instances.
@A: BN291 :"d:\project\cnit-k\8u sw\code\v10\4port\bp_4s104g5\rtl\source\74lv165\pvt_gpi.v":25:0:25:5|Boundary register par_data[28] (in view: work.pvt_gpi_56s_55s_0s_6s_Z2(verilog)) is packed into a complex cell. To disable register packing, set syn_keep=1 on the net between the register and the complex cell. 

Only the first 100 messages of id 'BN362' are reported. To see all messages use 'report_messages -log D:\Project\CNIT-K\8U SW\code\V10\4port\BP_4S104G5\pro\impl1\synlog\BP_4S104G5_impl1_fpga_mapper.srr -id BN362' in the Tcl shell. To see all messages in future runs, use the command 'message_override -limit {BN362} -count unlimited' in the Tcl shell.
@A: BN291 :"d:\project\cnit-k\8u sw\code\v10\4port\bp_4s104g5\rtl\source\74lv165\pvt_gpi.v":25:0:25:5|Boundary register par_data[27] (in view: work.pvt_gpi_56s_55s_0s_6s_Z2(verilog)) is packed into a complex cell. To disable register packing, set syn_keep=1 on the net between the register and the complex cell. 
@A: BN291 :"d:\project\cnit-k\8u sw\code\v10\4port\bp_4s104g5\rtl\source\74lv165\pvt_gpi.v":25:0:25:5|Boundary register par_data[8] (in view: work.pvt_gpi_56s_55s_0s_6s_Z2(verilog)) is packed into a complex cell. To disable register packing, set syn_keep=1 on the net between the register and the complex cell. 
@A: BN291 :"d:\project\cnit-k\8u sw\code\v10\4port\bp_4s104g5\rtl\source\74lv165\pvt_gpi.v":25:0:25:5|Boundary register par_data[3] (in view: work.pvt_gpi_56s_55s_0s_6s_Z2(verilog)) is packed into a complex cell. To disable register packing, set syn_keep=1 on the net between the register and the complex cell. 
@N: MO231 :"d:\project\cnit-k\8u sw\code\v10\4port\bp_4s104g5\rtl\source\74lv165\pvt_gpi.v":35:0:35:5|Found counter in view:work.pvt_gpi_16s_0_15s_0s_4s(verilog) instance bit_idx_out[3:0] 
@A: BN291 :"d:\project\cnit-k\8u sw\code\v10\4port\bp_4s104g5\rtl\source\74lv165\pvt_gpi.v":25:0:25:5|Boundary register par_data[5] (in view: work.pvt_gpi_40s_39s_0s_6s_Z3(verilog)) is packed into a complex cell. To disable register packing, set syn_keep=1 on the net between the register and the complex cell. 
@A: BN291 :"d:\project\cnit-k\8u sw\code\v10\4port\bp_4s104g5\rtl\source\74lv165\pvt_gpi.v":25:0:25:5|Boundary register par_data[4] (in view: work.pvt_gpi_40s_39s_0s_6s_Z3(verilog)) is packed into a complex cell. To disable register packing, set syn_keep=1 on the net between the register and the complex cell. 
@A: BN291 :"d:\project\cnit-k\8u sw\code\v10\4port\bp_4s104g5\rtl\source\74lv165\pvt_gpi.v":25:0:25:5|Boundary register par_data[3] (in view: work.pvt_gpi_40s_39s_0s_6s_Z3(verilog)) is packed into a complex cell. To disable register packing, set syn_keep=1 on the net between the register and the complex cell. 
@A: BN291 :"d:\project\cnit-k\8u sw\code\v10\4port\bp_4s104g5\rtl\source\74lv165\pvt_gpi.v":25:0:25:5|Boundary register par_data[2] (in view: work.pvt_gpi_40s_39s_0s_6s_Z3(verilog)) is packed into a complex cell. To disable register packing, set syn_keep=1 on the net between the register and the complex cell. 
@A: BN291 :"d:\project\cnit-k\8u sw\code\v10\4port\bp_4s104g5\rtl\source\74lv165\pvt_gpi.v":25:0:25:5|Boundary register par_data[1] (in view: work.pvt_gpi_40s_39s_0s_6s_Z3(verilog)) is packed into a complex cell. To disable register packing, set syn_keep=1 on the net between the register and the complex cell. 
@A: BN291 :"d:\project\cnit-k\8u sw\code\v10\4port\bp_4s104g5\rtl\source\74lv165\pvt_gpi.v":25:0:25:5|Boundary register par_data[0] (in view: work.pvt_gpi_40s_39s_0s_6s_Z3(verilog)) is packed into a complex cell. To disable register packing, set syn_keep=1 on the net between the register and the complex cell. 
@N: MO231 :"d:\project\cnit-k\8u sw\code\v10\4port\bp_4s104g5\rtl\source\common\edge_delay.v":52:0:52:5|Found counter in view:work.edge_delay_6s_0_0(verilog) instance timer_cnt[5:0] 
@N: MO231 :"d:\project\cnit-k\8u sw\code\v10\4port\bp_4s104g5\rtl\source\common\edge_delay.v":52:0:52:5|Found counter in view:work.edge_delay_4s_0_0_2(verilog) instance timer_cnt[3:0] 
@N: MO231 :"d:\project\cnit-k\8u sw\code\v10\4port\bp_4s104g5\rtl\source\common\edge_delay.v":52:0:52:5|Found counter in view:work.edge_delay_4s_0_0_1(verilog) instance timer_cnt[3:0] 
@N: MO231 :"d:\project\cnit-k\8u sw\code\v10\4port\bp_4s104g5\rtl\source\common\edge_delay.v":52:0:52:5|Found counter in view:work.edge_delay_4s_0_0_0(verilog) instance timer_cnt[3:0] 
@W: MO129 :"d:\project\cnit-k\8u sw\code\v10\4port\bp_4s104g5\rtl\source\fan\fan_pwm_tach.v":193:0:193:5|Sequential instance genblk1[9].fan_pwm_tach_m.o_fan_tach0_cnt[10] is reduced to a combinational gate by constant propagation.
@W: MO129 :"d:\project\cnit-k\8u sw\code\v10\4port\bp_4s104g5\rtl\source\fan\fan_pwm_tach.v":201:0:201:5|Sequential instance genblk1[9].fan_pwm_tach_m.o_fan_tach1_cnt[10] is reduced to a combinational gate by constant propagation.
@N: MO231 :"d:\project\cnit-k\8u sw\code\v10\4port\bp_4s104g5\rtl\source\fan\fan_counter.v":41:0:41:5|Found counter in view:work.fan_counter_8s_255s_0(verilog) instance r_cnt_result[7:0] 
@N: MO231 :"d:\project\cnit-k\8u sw\code\v10\4port\bp_4s104g5\rtl\source\fan\fan_counter.v":41:0:41:5|Found counter in view:work.fan_counter_11s_1022_1(verilog) instance r_cnt_result[9:0] 
@N: MO231 :"d:\project\cnit-k\8u sw\code\v10\4port\bp_4s104g5\rtl\source\fan\fan_counter.v":41:0:41:5|Found counter in view:work.fan_counter_11s_1022_0(verilog) instance r_cnt_result[9:0] 
@W: MO129 :"d:\project\cnit-k\8u sw\code\v10\4port\bp_4s104g5\rtl\source\fan\fan_pwm_tach.v":193:0:193:5|Sequential instance genblk1[14].fan_pwm_tach_m.o_fan_tach0_cnt[10] is reduced to a combinational gate by constant propagation.
@W: MO129 :"d:\project\cnit-k\8u sw\code\v10\4port\bp_4s104g5\rtl\source\fan\fan_pwm_tach.v":201:0:201:5|Sequential instance genblk1[14].fan_pwm_tach_m.o_fan_tach1_cnt[10] is reduced to a combinational gate by constant propagation.
@N: MO231 :"d:\project\cnit-k\8u sw\code\v10\4port\bp_4s104g5\rtl\source\fan\fan_counter.v":41:0:41:5|Found counter in view:work.fan_counter_8s_255s_1(verilog) instance r_cnt_result[7:0] 
@N: MO231 :"d:\project\cnit-k\8u sw\code\v10\4port\bp_4s104g5\rtl\source\fan\fan_counter.v":41:0:41:5|Found counter in view:work.fan_counter_11s_1022_3(verilog) instance r_cnt_result[9:0] 
@N: MO231 :"d:\project\cnit-k\8u sw\code\v10\4port\bp_4s104g5\rtl\source\fan\fan_counter.v":41:0:41:5|Found counter in view:work.fan_counter_11s_1022_2(verilog) instance r_cnt_result[9:0] 
@W: MO129 :"d:\project\cnit-k\8u sw\code\v10\4port\bp_4s104g5\rtl\source\fan\fan_pwm_tach.v":193:0:193:5|Sequential instance genblk1[7].fan_pwm_tach_m.o_fan_tach0_cnt[10] is reduced to a combinational gate by constant propagation.
@W: MO129 :"d:\project\cnit-k\8u sw\code\v10\4port\bp_4s104g5\rtl\source\fan\fan_pwm_tach.v":201:0:201:5|Sequential instance genblk1[7].fan_pwm_tach_m.o_fan_tach1_cnt[10] is reduced to a combinational gate by constant propagation.
@N: MO231 :"d:\project\cnit-k\8u sw\code\v10\4port\bp_4s104g5\rtl\source\fan\fan_counter.v":41:0:41:5|Found counter in view:work.fan_counter_8s_255s_2(verilog) instance r_cnt_result[7:0] 
@N: MO231 :"d:\project\cnit-k\8u sw\code\v10\4port\bp_4s104g5\rtl\source\fan\fan_counter.v":41:0:41:5|Found counter in view:work.fan_counter_11s_1022_5(verilog) instance r_cnt_result[9:0] 
@N: MO231 :"d:\project\cnit-k\8u sw\code\v10\4port\bp_4s104g5\rtl\source\fan\fan_counter.v":41:0:41:5|Found counter in view:work.fan_counter_11s_1022_4(verilog) instance r_cnt_result[9:0] 
@W: MO129 :"d:\project\cnit-k\8u sw\code\v10\4port\bp_4s104g5\rtl\source\fan\fan_pwm_tach.v":193:0:193:5|Sequential instance genblk1[11].fan_pwm_tach_m.o_fan_tach0_cnt[10] is reduced to a combinational gate by constant propagation.
@W: MO129 :"d:\project\cnit-k\8u sw\code\v10\4port\bp_4s104g5\rtl\source\fan\fan_pwm_tach.v":201:0:201:5|Sequential instance genblk1[11].fan_pwm_tach_m.o_fan_tach1_cnt[10] is reduced to a combinational gate by constant propagation.
@N: MO231 :"d:\project\cnit-k\8u sw\code\v10\4port\bp_4s104g5\rtl\source\fan\fan_counter.v":41:0:41:5|Found counter in view:work.fan_counter_8s_255s_3(verilog) instance r_cnt_result[7:0] 
@N: MO231 :"d:\project\cnit-k\8u sw\code\v10\4port\bp_4s104g5\rtl\source\fan\fan_counter.v":41:0:41:5|Found counter in view:work.fan_counter_11s_1022_7(verilog) instance r_cnt_result[9:0] 
@N: MO231 :"d:\project\cnit-k\8u sw\code\v10\4port\bp_4s104g5\rtl\source\fan\fan_counter.v":41:0:41:5|Found counter in view:work.fan_counter_11s_1022_6(verilog) instance r_cnt_result[9:0] 
@W: MO129 :"d:\project\cnit-k\8u sw\code\v10\4port\bp_4s104g5\rtl\source\fan\fan_pwm_tach.v":193:0:193:5|Sequential instance genblk1[0].fan_pwm_tach_m.o_fan_tach0_cnt[10] is reduced to a combinational gate by constant propagation.
@W: MO129 :"d:\project\cnit-k\8u sw\code\v10\4port\bp_4s104g5\rtl\source\fan\fan_pwm_tach.v":201:0:201:5|Sequential instance genblk1[0].fan_pwm_tach_m.o_fan_tach1_cnt[10] is reduced to a combinational gate by constant propagation.
@N: MO231 :"d:\project\cnit-k\8u sw\code\v10\4port\bp_4s104g5\rtl\source\fan\fan_counter.v":41:0:41:5|Found counter in view:work.fan_counter_8s_255s_4(verilog) instance r_cnt_result[7:0] 
@N: MO231 :"d:\project\cnit-k\8u sw\code\v10\4port\bp_4s104g5\rtl\source\fan\fan_counter.v":41:0:41:5|Found counter in view:work.fan_counter_11s_1022_9(verilog) instance r_cnt_result[9:0] 
@N: MO231 :"d:\project\cnit-k\8u sw\code\v10\4port\bp_4s104g5\rtl\source\fan\fan_counter.v":41:0:41:5|Found counter in view:work.fan_counter_11s_1022_8(verilog) instance r_cnt_result[9:0] 
@W: MO129 :"d:\project\cnit-k\8u sw\code\v10\4port\bp_4s104g5\rtl\source\fan\fan_pwm_tach.v":193:0:193:5|Sequential instance genblk1[8].fan_pwm_tach_m.o_fan_tach0_cnt[10] is reduced to a combinational gate by constant propagation.
@W: MO129 :"d:\project\cnit-k\8u sw\code\v10\4port\bp_4s104g5\rtl\source\fan\fan_pwm_tach.v":201:0:201:5|Sequential instance genblk1[8].fan_pwm_tach_m.o_fan_tach1_cnt[10] is reduced to a combinational gate by constant propagation.
@N: MO231 :"d:\project\cnit-k\8u sw\code\v10\4port\bp_4s104g5\rtl\source\fan\fan_counter.v":41:0:41:5|Found counter in view:work.fan_counter_8s_255s_5(verilog) instance r_cnt_result[7:0] 
@N: MO231 :"d:\project\cnit-k\8u sw\code\v10\4port\bp_4s104g5\rtl\source\fan\fan_counter.v":41:0:41:5|Found counter in view:work.fan_counter_11s_1022_11(verilog) instance r_cnt_result[9:0] 
@N: MO231 :"d:\project\cnit-k\8u sw\code\v10\4port\bp_4s104g5\rtl\source\fan\fan_counter.v":41:0:41:5|Found counter in view:work.fan_counter_11s_1022_10(verilog) instance r_cnt_result[9:0] 
@W: MO129 :"d:\project\cnit-k\8u sw\code\v10\4port\bp_4s104g5\rtl\source\fan\fan_pwm_tach.v":193:0:193:5|Sequential instance genblk1[2].fan_pwm_tach_m.o_fan_tach0_cnt[10] is reduced to a combinational gate by constant propagation.
@W: MO129 :"d:\project\cnit-k\8u sw\code\v10\4port\bp_4s104g5\rtl\source\fan\fan_pwm_tach.v":201:0:201:5|Sequential instance genblk1[2].fan_pwm_tach_m.o_fan_tach1_cnt[10] is reduced to a combinational gate by constant propagation.
@N: MO231 :"d:\project\cnit-k\8u sw\code\v10\4port\bp_4s104g5\rtl\source\fan\fan_counter.v":41:0:41:5|Found counter in view:work.fan_counter_8s_255s_6(verilog) instance r_cnt_result[7:0] 
@N: MO231 :"d:\project\cnit-k\8u sw\code\v10\4port\bp_4s104g5\rtl\source\fan\fan_counter.v":41:0:41:5|Found counter in view:work.fan_counter_11s_1022_13(verilog) instance r_cnt_result[9:0] 
@N: MO231 :"d:\project\cnit-k\8u sw\code\v10\4port\bp_4s104g5\rtl\source\fan\fan_counter.v":41:0:41:5|Found counter in view:work.fan_counter_11s_1022_12(verilog) instance r_cnt_result[9:0] 
@W: MO129 :"d:\project\cnit-k\8u sw\code\v10\4port\bp_4s104g5\rtl\source\fan\fan_pwm_tach.v":193:0:193:5|Sequential instance genblk1[12].fan_pwm_tach_m.o_fan_tach0_cnt[10] is reduced to a combinational gate by constant propagation.
@W: MO129 :"d:\project\cnit-k\8u sw\code\v10\4port\bp_4s104g5\rtl\source\fan\fan_pwm_tach.v":201:0:201:5|Sequential instance genblk1[12].fan_pwm_tach_m.o_fan_tach1_cnt[10] is reduced to a combinational gate by constant propagation.
@N: MO231 :"d:\project\cnit-k\8u sw\code\v10\4port\bp_4s104g5\rtl\source\fan\fan_counter.v":41:0:41:5|Found counter in view:work.fan_counter_8s_255s_7(verilog) instance r_cnt_result[7:0] 
@N: MO231 :"d:\project\cnit-k\8u sw\code\v10\4port\bp_4s104g5\rtl\source\fan\fan_counter.v":41:0:41:5|Found counter in view:work.fan_counter_11s_1022_15(verilog) instance r_cnt_result[9:0] 
@N: MO231 :"d:\project\cnit-k\8u sw\code\v10\4port\bp_4s104g5\rtl\source\fan\fan_counter.v":41:0:41:5|Found counter in view:work.fan_counter_11s_1022_14(verilog) instance r_cnt_result[9:0] 
@W: MO129 :"d:\project\cnit-k\8u sw\code\v10\4port\bp_4s104g5\rtl\source\fan\fan_pwm_tach.v":193:0:193:5|Sequential instance genblk1[5].fan_pwm_tach_m.o_fan_tach0_cnt[10] is reduced to a combinational gate by constant propagation.
@W: MO129 :"d:\project\cnit-k\8u sw\code\v10\4port\bp_4s104g5\rtl\source\fan\fan_pwm_tach.v":201:0:201:5|Sequential instance genblk1[5].fan_pwm_tach_m.o_fan_tach1_cnt[10] is reduced to a combinational gate by constant propagation.
@N: MO231 :"d:\project\cnit-k\8u sw\code\v10\4port\bp_4s104g5\rtl\source\fan\fan_counter.v":41:0:41:5|Found counter in view:work.fan_counter_8s_255s_8(verilog) instance r_cnt_result[7:0] 
@N: MO231 :"d:\project\cnit-k\8u sw\code\v10\4port\bp_4s104g5\rtl\source\fan\fan_counter.v":41:0:41:5|Found counter in view:work.fan_counter_11s_1022_17(verilog) instance r_cnt_result[9:0] 
@N: MO231 :"d:\project\cnit-k\8u sw\code\v10\4port\bp_4s104g5\rtl\source\fan\fan_counter.v":41:0:41:5|Found counter in view:work.fan_counter_11s_1022_16(verilog) instance r_cnt_result[9:0] 
@W: MO129 :"d:\project\cnit-k\8u sw\code\v10\4port\bp_4s104g5\rtl\source\fan\fan_pwm_tach.v":193:0:193:5|Sequential instance genblk1[3].fan_pwm_tach_m.o_fan_tach0_cnt[10] is reduced to a combinational gate by constant propagation.
@W: MO129 :"d:\project\cnit-k\8u sw\code\v10\4port\bp_4s104g5\rtl\source\fan\fan_pwm_tach.v":201:0:201:5|Sequential instance genblk1[3].fan_pwm_tach_m.o_fan_tach1_cnt[10] is reduced to a combinational gate by constant propagation.
@N: MO231 :"d:\project\cnit-k\8u sw\code\v10\4port\bp_4s104g5\rtl\source\fan\fan_counter.v":41:0:41:5|Found counter in view:work.fan_counter_8s_255s_9(verilog) instance r_cnt_result[7:0] 
@N: MO231 :"d:\project\cnit-k\8u sw\code\v10\4port\bp_4s104g5\rtl\source\fan\fan_counter.v":41:0:41:5|Found counter in view:work.fan_counter_11s_1022_19(verilog) instance r_cnt_result[9:0] 
@N: MO231 :"d:\project\cnit-k\8u sw\code\v10\4port\bp_4s104g5\rtl\source\fan\fan_counter.v":41:0:41:5|Found counter in view:work.fan_counter_11s_1022_18(verilog) instance r_cnt_result[9:0] 
@W: MO129 :"d:\project\cnit-k\8u sw\code\v10\4port\bp_4s104g5\rtl\source\fan\fan_pwm_tach.v":193:0:193:5|Sequential instance genblk1[13].fan_pwm_tach_m.o_fan_tach0_cnt[10] is reduced to a combinational gate by constant propagation.
@W: MO129 :"d:\project\cnit-k\8u sw\code\v10\4port\bp_4s104g5\rtl\source\fan\fan_pwm_tach.v":201:0:201:5|Sequential instance genblk1[13].fan_pwm_tach_m.o_fan_tach1_cnt[10] is reduced to a combinational gate by constant propagation.
@N: MO231 :"d:\project\cnit-k\8u sw\code\v10\4port\bp_4s104g5\rtl\source\fan\fan_counter.v":41:0:41:5|Found counter in view:work.fan_counter_8s_255s_10(verilog) instance r_cnt_result[7:0] 
@N: MO231 :"d:\project\cnit-k\8u sw\code\v10\4port\bp_4s104g5\rtl\source\fan\fan_counter.v":41:0:41:5|Found counter in view:work.fan_counter_11s_1022_21(verilog) instance r_cnt_result[9:0] 
@N: MO231 :"d:\project\cnit-k\8u sw\code\v10\4port\bp_4s104g5\rtl\source\fan\fan_counter.v":41:0:41:5|Found counter in view:work.fan_counter_11s_1022_20(verilog) instance r_cnt_result[9:0] 
@W: MO129 :"d:\project\cnit-k\8u sw\code\v10\4port\bp_4s104g5\rtl\source\fan\fan_pwm_tach.v":193:0:193:5|Sequential instance genblk1[4].fan_pwm_tach_m.o_fan_tach0_cnt[10] is reduced to a combinational gate by constant propagation.
@W: MO129 :"d:\project\cnit-k\8u sw\code\v10\4port\bp_4s104g5\rtl\source\fan\fan_pwm_tach.v":201:0:201:5|Sequential instance genblk1[4].fan_pwm_tach_m.o_fan_tach1_cnt[10] is reduced to a combinational gate by constant propagation.
@N: MO231 :"d:\project\cnit-k\8u sw\code\v10\4port\bp_4s104g5\rtl\source\fan\fan_counter.v":41:0:41:5|Found counter in view:work.fan_counter_8s_255s_11(verilog) instance r_cnt_result[7:0] 
@N: MO231 :"d:\project\cnit-k\8u sw\code\v10\4port\bp_4s104g5\rtl\source\fan\fan_counter.v":41:0:41:5|Found counter in view:work.fan_counter_11s_1022_23(verilog) instance r_cnt_result[9:0] 
@N: MO231 :"d:\project\cnit-k\8u sw\code\v10\4port\bp_4s104g5\rtl\source\fan\fan_counter.v":41:0:41:5|Found counter in view:work.fan_counter_11s_1022_22(verilog) instance r_cnt_result[9:0] 
@W: MO129 :"d:\project\cnit-k\8u sw\code\v10\4port\bp_4s104g5\rtl\source\fan\fan_pwm_tach.v":193:0:193:5|Sequential instance genblk1[6].fan_pwm_tach_m.o_fan_tach0_cnt[10] is reduced to a combinational gate by constant propagation.
@W: MO129 :"d:\project\cnit-k\8u sw\code\v10\4port\bp_4s104g5\rtl\source\fan\fan_pwm_tach.v":201:0:201:5|Sequential instance genblk1[6].fan_pwm_tach_m.o_fan_tach1_cnt[10] is reduced to a combinational gate by constant propagation.
@N: MO231 :"d:\project\cnit-k\8u sw\code\v10\4port\bp_4s104g5\rtl\source\fan\fan_counter.v":41:0:41:5|Found counter in view:work.fan_counter_8s_255s_12(verilog) instance r_cnt_result[7:0] 
@N: MO231 :"d:\project\cnit-k\8u sw\code\v10\4port\bp_4s104g5\rtl\source\fan\fan_counter.v":41:0:41:5|Found counter in view:work.fan_counter_11s_1022_25(verilog) instance r_cnt_result[9:0] 
@N: MO231 :"d:\project\cnit-k\8u sw\code\v10\4port\bp_4s104g5\rtl\source\fan\fan_counter.v":41:0:41:5|Found counter in view:work.fan_counter_11s_1022_24(verilog) instance r_cnt_result[9:0] 
@W: MO129 :"d:\project\cnit-k\8u sw\code\v10\4port\bp_4s104g5\rtl\source\fan\fan_pwm_tach.v":193:0:193:5|Sequential instance genblk1[1].fan_pwm_tach_m.o_fan_tach0_cnt[10] is reduced to a combinational gate by constant propagation.
@W: MO129 :"d:\project\cnit-k\8u sw\code\v10\4port\bp_4s104g5\rtl\source\fan\fan_pwm_tach.v":201:0:201:5|Sequential instance genblk1[1].fan_pwm_tach_m.o_fan_tach1_cnt[10] is reduced to a combinational gate by constant propagation.
@N: MO231 :"d:\project\cnit-k\8u sw\code\v10\4port\bp_4s104g5\rtl\source\fan\fan_counter.v":41:0:41:5|Found counter in view:work.fan_counter_8s_255s_13(verilog) instance r_cnt_result[7:0] 
@N: MO231 :"d:\project\cnit-k\8u sw\code\v10\4port\bp_4s104g5\rtl\source\fan\fan_counter.v":41:0:41:5|Found counter in view:work.fan_counter_11s_1022_27(verilog) instance r_cnt_result[9:0] 
@N: MO231 :"d:\project\cnit-k\8u sw\code\v10\4port\bp_4s104g5\rtl\source\fan\fan_counter.v":41:0:41:5|Found counter in view:work.fan_counter_11s_1022_26(verilog) instance r_cnt_result[9:0] 
@W: MO129 :"d:\project\cnit-k\8u sw\code\v10\4port\bp_4s104g5\rtl\source\fan\fan_pwm_tach.v":193:0:193:5|Sequential instance genblk1[10].fan_pwm_tach_m.o_fan_tach0_cnt[10] is reduced to a combinational gate by constant propagation.
@W: MO129 :"d:\project\cnit-k\8u sw\code\v10\4port\bp_4s104g5\rtl\source\fan\fan_pwm_tach.v":201:0:201:5|Sequential instance genblk1[10].fan_pwm_tach_m.o_fan_tach1_cnt[10] is reduced to a combinational gate by constant propagation.
@N: MO231 :"d:\project\cnit-k\8u sw\code\v10\4port\bp_4s104g5\rtl\source\fan\fan_counter.v":41:0:41:5|Found counter in view:work.fan_counter_8s_255s_14(verilog) instance r_cnt_result[7:0] 
@N: MO231 :"d:\project\cnit-k\8u sw\code\v10\4port\bp_4s104g5\rtl\source\fan\fan_counter.v":41:0:41:5|Found counter in view:work.fan_counter_11s_1022_29(verilog) instance r_cnt_result[9:0] 
@N: MO231 :"d:\project\cnit-k\8u sw\code\v10\4port\bp_4s104g5\rtl\source\fan\fan_counter.v":41:0:41:5|Found counter in view:work.fan_counter_11s_1022_28(verilog) instance r_cnt_result[9:0] 
@N: MO231 :"d:\project\cnit-k\8u sw\code\v10\4port\bp_4s104g5\rtl\source\bmc_i2c\i2c_slave_bmc.v":112:0:112:5|Found counter in view:work.i2c_slave_bmc_16s(verilog) instance r_write_byte_cnt[15:0] 
@N: MO231 :"d:\project\cnit-k\8u sw\code\v10\4port\bp_4s104g5\rtl\source\bmc_i2c\i2c_slave_bmc.v":102:0:102:5|Found counter in view:work.i2c_slave_bmc_16s(verilog) instance r_read_byte_cnt[15:0] 
@N: MO231 :"d:\project\cnit-k\8u sw\code\v10\4port\bp_4s104g5\rtl\source\bmc_i2c\i2c_slave_basic0.v":628:0:628:5|Found counter in view:work.i2c_slave_basic0_3s_16s(verilog) instance r_timeout_cnt[5:0] 

Starting factoring (Real Time elapsed 0h:00m:04s; CPU Time elapsed 0h:00m:04s; Memory used current: 201MB peak: 201MB)

@W: BN132 :"d:\project\cnit-k\8u sw\code\v10\4port\bp_4s104g5\rtl\source\common\edge_detect.v":40:0:40:5|Removing instance genblk1[1].fan_pwm_tach_m.Edge_Detect_u1.r_signal_a because it is equivalent to instance genblk1[10].fan_pwm_tach_m.Edge_Detect_u1.r_signal_a. To keep the instance, apply constraint syn_preserve=1 on the instance.
@W: BN132 :"d:\project\cnit-k\8u sw\code\v10\4port\bp_4s104g5\rtl\source\common\edge_detect.v":40:0:40:5|Removing instance genblk1[6].fan_pwm_tach_m.Edge_Detect_u1.r_signal_a because it is equivalent to instance genblk1[10].fan_pwm_tach_m.Edge_Detect_u1.r_signal_a. To keep the instance, apply constraint syn_preserve=1 on the instance.
@W: BN132 :"d:\project\cnit-k\8u sw\code\v10\4port\bp_4s104g5\rtl\source\common\edge_detect.v":40:0:40:5|Removing instance genblk1[4].fan_pwm_tach_m.Edge_Detect_u1.r_signal_a because it is equivalent to instance genblk1[10].fan_pwm_tach_m.Edge_Detect_u1.r_signal_a. To keep the instance, apply constraint syn_preserve=1 on the instance.
@W: BN132 :"d:\project\cnit-k\8u sw\code\v10\4port\bp_4s104g5\rtl\source\common\edge_detect.v":40:0:40:5|Removing instance genblk1[13].fan_pwm_tach_m.Edge_Detect_u1.r_signal_a because it is equivalent to instance genblk1[10].fan_pwm_tach_m.Edge_Detect_u1.r_signal_a. To keep the instance, apply constraint syn_preserve=1 on the instance.
@W: BN132 :"d:\project\cnit-k\8u sw\code\v10\4port\bp_4s104g5\rtl\source\common\edge_detect.v":40:0:40:5|Removing instance genblk1[3].fan_pwm_tach_m.Edge_Detect_u1.r_signal_a because it is equivalent to instance genblk1[10].fan_pwm_tach_m.Edge_Detect_u1.r_signal_a. To keep the instance, apply constraint syn_preserve=1 on the instance.
@W: BN132 :"d:\project\cnit-k\8u sw\code\v10\4port\bp_4s104g5\rtl\source\common\edge_detect.v":40:0:40:5|Removing instance genblk1[5].fan_pwm_tach_m.Edge_Detect_u1.r_signal_a because it is equivalent to instance genblk1[10].fan_pwm_tach_m.Edge_Detect_u1.r_signal_a. To keep the instance, apply constraint syn_preserve=1 on the instance.
@W: BN132 :"d:\project\cnit-k\8u sw\code\v10\4port\bp_4s104g5\rtl\source\common\edge_detect.v":40:0:40:5|Removing instance genblk1[12].fan_pwm_tach_m.Edge_Detect_u1.r_signal_a because it is equivalent to instance genblk1[10].fan_pwm_tach_m.Edge_Detect_u1.r_signal_a. To keep the instance, apply constraint syn_preserve=1 on the instance.
@W: BN132 :"d:\project\cnit-k\8u sw\code\v10\4port\bp_4s104g5\rtl\source\common\edge_detect.v":40:0:40:5|Removing instance genblk1[2].fan_pwm_tach_m.Edge_Detect_u1.r_signal_a because it is equivalent to instance genblk1[10].fan_pwm_tach_m.Edge_Detect_u1.r_signal_a. To keep the instance, apply constraint syn_preserve=1 on the instance.
@W: BN132 :"d:\project\cnit-k\8u sw\code\v10\4port\bp_4s104g5\rtl\source\common\edge_detect.v":40:0:40:5|Removing instance genblk1[8].fan_pwm_tach_m.Edge_Detect_u1.r_signal_a because it is equivalent to instance genblk1[10].fan_pwm_tach_m.Edge_Detect_u1.r_signal_a. To keep the instance, apply constraint syn_preserve=1 on the instance.
@W: BN132 :"d:\project\cnit-k\8u sw\code\v10\4port\bp_4s104g5\rtl\source\common\edge_detect.v":40:0:40:5|Removing instance genblk1[10].fan_pwm_tach_m.Edge_Detect_u1.r_signal_a because it is equivalent to instance genblk1[0].fan_pwm_tach_m.Edge_Detect_u1.r_signal_a. To keep the instance, apply constraint syn_preserve=1 on the instance.
@W: BN132 :"d:\project\cnit-k\8u sw\code\v10\4port\bp_4s104g5\rtl\source\common\edge_detect.v":40:0:40:5|Removing instance genblk1[11].fan_pwm_tach_m.Edge_Detect_u1.r_signal_a because it is equivalent to instance genblk1[0].fan_pwm_tach_m.Edge_Detect_u1.r_signal_a. To keep the instance, apply constraint syn_preserve=1 on the instance.
@W: BN132 :"d:\project\cnit-k\8u sw\code\v10\4port\bp_4s104g5\rtl\source\common\edge_detect.v":40:0:40:5|Removing instance genblk1[7].fan_pwm_tach_m.Edge_Detect_u1.r_signal_a because it is equivalent to instance genblk1[0].fan_pwm_tach_m.Edge_Detect_u1.r_signal_a. To keep the instance, apply constraint syn_preserve=1 on the instance.
@W: BN132 :"d:\project\cnit-k\8u sw\code\v10\4port\bp_4s104g5\rtl\source\common\edge_detect.v":40:0:40:5|Removing instance genblk1[14].fan_pwm_tach_m.Edge_Detect_u1.r_signal_a because it is equivalent to instance genblk1[0].fan_pwm_tach_m.Edge_Detect_u1.r_signal_a. To keep the instance, apply constraint syn_preserve=1 on the instance.
@W: BN132 :"d:\project\cnit-k\8u sw\code\v10\4port\bp_4s104g5\rtl\source\common\edge_detect.v":40:0:40:5|Removing instance genblk1[9].fan_pwm_tach_m.Edge_Detect_u1.r_signal_a because it is equivalent to instance genblk1[0].fan_pwm_tach_m.Edge_Detect_u1.r_signal_a. To keep the instance, apply constraint syn_preserve=1 on the instance.
@W: BN132 :"d:\project\cnit-k\8u sw\code\v10\4port\bp_4s104g5\rtl\source\common\edge_detect.v":40:0:40:5|Removing instance genblk1[1].fan_pwm_tach_m.Edge_Detect_u0.r_signal_a because it is equivalent to instance genblk1[10].fan_pwm_tach_m.Edge_Detect_u0.r_signal_a. To keep the instance, apply constraint syn_preserve=1 on the instance.
@W: BN132 :"d:\project\cnit-k\8u sw\code\v10\4port\bp_4s104g5\rtl\source\common\edge_detect.v":40:0:40:5|Removing instance genblk1[6].fan_pwm_tach_m.Edge_Detect_u0.r_signal_a because it is equivalent to instance genblk1[10].fan_pwm_tach_m.Edge_Detect_u0.r_signal_a. To keep the instance, apply constraint syn_preserve=1 on the instance.
@W: BN132 :"d:\project\cnit-k\8u sw\code\v10\4port\bp_4s104g5\rtl\source\common\edge_detect.v":40:0:40:5|Removing instance genblk1[4].fan_pwm_tach_m.Edge_Detect_u0.r_signal_a because it is equivalent to instance genblk1[10].fan_pwm_tach_m.Edge_Detect_u0.r_signal_a. To keep the instance, apply constraint syn_preserve=1 on the instance.
@W: BN132 :"d:\project\cnit-k\8u sw\code\v10\4port\bp_4s104g5\rtl\source\common\edge_detect.v":40:0:40:5|Removing instance genblk1[13].fan_pwm_tach_m.Edge_Detect_u0.r_signal_a because it is equivalent to instance genblk1[10].fan_pwm_tach_m.Edge_Detect_u0.r_signal_a. To keep the instance, apply constraint syn_preserve=1 on the instance.
@W: BN132 :"d:\project\cnit-k\8u sw\code\v10\4port\bp_4s104g5\rtl\source\common\edge_detect.v":40:0:40:5|Removing instance genblk1[3].fan_pwm_tach_m.Edge_Detect_u0.r_signal_a because it is equivalent to instance genblk1[10].fan_pwm_tach_m.Edge_Detect_u0.r_signal_a. To keep the instance, apply constraint syn_preserve=1 on the instance.
@W: BN132 :"d:\project\cnit-k\8u sw\code\v10\4port\bp_4s104g5\rtl\source\common\edge_detect.v":40:0:40:5|Removing instance genblk1[5].fan_pwm_tach_m.Edge_Detect_u0.r_signal_a because it is equivalent to instance genblk1[10].fan_pwm_tach_m.Edge_Detect_u0.r_signal_a. To keep the instance, apply constraint syn_preserve=1 on the instance.
@W: BN132 :"d:\project\cnit-k\8u sw\code\v10\4port\bp_4s104g5\rtl\source\common\edge_detect.v":40:0:40:5|Removing instance genblk1[12].fan_pwm_tach_m.Edge_Detect_u0.r_signal_a because it is equivalent to instance genblk1[10].fan_pwm_tach_m.Edge_Detect_u0.r_signal_a. To keep the instance, apply constraint syn_preserve=1 on the instance.
@W: BN132 :"d:\project\cnit-k\8u sw\code\v10\4port\bp_4s104g5\rtl\source\common\edge_detect.v":40:0:40:5|Removing instance genblk1[2].fan_pwm_tach_m.Edge_Detect_u0.r_signal_a because it is equivalent to instance genblk1[10].fan_pwm_tach_m.Edge_Detect_u0.r_signal_a. To keep the instance, apply constraint syn_preserve=1 on the instance.
@W: BN132 :"d:\project\cnit-k\8u sw\code\v10\4port\bp_4s104g5\rtl\source\common\edge_detect.v":40:0:40:5|Removing instance genblk1[8].fan_pwm_tach_m.Edge_Detect_u0.r_signal_a because it is equivalent to instance genblk1[10].fan_pwm_tach_m.Edge_Detect_u0.r_signal_a. To keep the instance, apply constraint syn_preserve=1 on the instance.
@W: BN132 :"d:\project\cnit-k\8u sw\code\v10\4port\bp_4s104g5\rtl\source\common\edge_detect.v":40:0:40:5|Removing instance genblk1[10].fan_pwm_tach_m.Edge_Detect_u0.r_signal_a because it is equivalent to instance genblk1[0].fan_pwm_tach_m.Edge_Detect_u0.r_signal_a. To keep the instance, apply constraint syn_preserve=1 on the instance.
@W: BN132 :"d:\project\cnit-k\8u sw\code\v10\4port\bp_4s104g5\rtl\source\common\edge_detect.v":40:0:40:5|Removing instance genblk1[11].fan_pwm_tach_m.Edge_Detect_u0.r_signal_a because it is equivalent to instance genblk1[0].fan_pwm_tach_m.Edge_Detect_u0.r_signal_a. To keep the instance, apply constraint syn_preserve=1 on the instance.
@W: BN132 :"d:\project\cnit-k\8u sw\code\v10\4port\bp_4s104g5\rtl\source\common\edge_detect.v":40:0:40:5|Removing instance genblk1[7].fan_pwm_tach_m.Edge_Detect_u0.r_signal_a because it is equivalent to instance genblk1[0].fan_pwm_tach_m.Edge_Detect_u0.r_signal_a. To keep the instance, apply constraint syn_preserve=1 on the instance.
@W: BN132 :"d:\project\cnit-k\8u sw\code\v10\4port\bp_4s104g5\rtl\source\common\edge_detect.v":40:0:40:5|Removing instance genblk1[14].fan_pwm_tach_m.Edge_Detect_u0.r_signal_a because it is equivalent to instance genblk1[0].fan_pwm_tach_m.Edge_Detect_u0.r_signal_a. To keep the instance, apply constraint syn_preserve=1 on the instance.
@W: BN132 :"d:\project\cnit-k\8u sw\code\v10\4port\bp_4s104g5\rtl\source\common\edge_detect.v":40:0:40:5|Removing instance genblk1[9].fan_pwm_tach_m.Edge_Detect_u0.r_signal_a because it is equivalent to instance genblk1[0].fan_pwm_tach_m.Edge_Detect_u0.r_signal_a. To keep the instance, apply constraint syn_preserve=1 on the instance.
@W: BN132 :"d:\project\cnit-k\8u sw\code\v10\4port\bp_4s104g5\rtl\source\common\edge_detect.v":40:0:40:5|Removing instance genblk1[14].fan_pwm_tach_m.Edge_Detect_u1.r_signal_b because it is equivalent to instance genblk1[9].fan_pwm_tach_m.Edge_Detect_u1.r_signal_b. To keep the instance, apply constraint syn_preserve=1 on the instance.
@W: BN132 :"d:\project\cnit-k\8u sw\code\v10\4port\bp_4s104g5\rtl\source\common\edge_detect.v":40:0:40:5|Removing instance genblk1[9].fan_pwm_tach_m.Edge_Detect_u1.r_signal_b because it is equivalent to instance genblk1[7].fan_pwm_tach_m.Edge_Detect_u1.r_signal_b. To keep the instance, apply constraint syn_preserve=1 on the instance.
@W: BN132 :"d:\project\cnit-k\8u sw\code\v10\4port\bp_4s104g5\rtl\source\common\edge_detect.v":40:0:40:5|Removing instance genblk1[11].fan_pwm_tach_m.Edge_Detect_u1.r_signal_b because it is equivalent to instance genblk1[7].fan_pwm_tach_m.Edge_Detect_u1.r_signal_b. To keep the instance, apply constraint syn_preserve=1 on the instance.
@W: BN132 :"d:\project\cnit-k\8u sw\code\v10\4port\bp_4s104g5\rtl\source\common\edge_detect.v":40:0:40:5|Removing instance genblk1[8].fan_pwm_tach_m.Edge_Detect_u1.r_signal_b because it is equivalent to instance genblk1[7].fan_pwm_tach_m.Edge_Detect_u1.r_signal_b. To keep the instance, apply constraint syn_preserve=1 on the instance.
@W: BN132 :"d:\project\cnit-k\8u sw\code\v10\4port\bp_4s104g5\rtl\source\common\edge_detect.v":40:0:40:5|Removing instance genblk1[7].fan_pwm_tach_m.Edge_Detect_u1.r_signal_b because it is equivalent to instance genblk1[2].fan_pwm_tach_m.Edge_Detect_u1.r_signal_b. To keep the instance, apply constraint syn_preserve=1 on the instance.
@W: BN132 :"d:\project\cnit-k\8u sw\code\v10\4port\bp_4s104g5\rtl\source\common\edge_detect.v":40:0:40:5|Removing instance genblk1[12].fan_pwm_tach_m.Edge_Detect_u1.r_signal_b because it is equivalent to instance genblk1[2].fan_pwm_tach_m.Edge_Detect_u1.r_signal_b. To keep the instance, apply constraint syn_preserve=1 on the instance.
@W: BN132 :"d:\project\cnit-k\8u sw\code\v10\4port\bp_4s104g5\rtl\source\common\edge_detect.v":40:0:40:5|Removing instance genblk1[5].fan_pwm_tach_m.Edge_Detect_u1.r_signal_b because it is equivalent to instance genblk1[2].fan_pwm_tach_m.Edge_Detect_u1.r_signal_b. To keep the instance, apply constraint syn_preserve=1 on the instance.
@W: BN132 :"d:\project\cnit-k\8u sw\code\v10\4port\bp_4s104g5\rtl\source\common\edge_detect.v":40:0:40:5|Removing instance genblk1[3].fan_pwm_tach_m.Edge_Detect_u1.r_signal_b because it is equivalent to instance genblk1[2].fan_pwm_tach_m.Edge_Detect_u1.r_signal_b. To keep the instance, apply constraint syn_preserve=1 on the instance.
@W: BN132 :"d:\project\cnit-k\8u sw\code\v10\4port\bp_4s104g5\rtl\source\common\edge_detect.v":40:0:40:5|Removing instance genblk1[13].fan_pwm_tach_m.Edge_Detect_u1.r_signal_b because it is equivalent to instance genblk1[2].fan_pwm_tach_m.Edge_Detect_u1.r_signal_b. To keep the instance, apply constraint syn_preserve=1 on the instance.
@W: BN132 :"d:\project\cnit-k\8u sw\code\v10\4port\bp_4s104g5\rtl\source\common\edge_detect.v":40:0:40:5|Removing instance genblk1[4].fan_pwm_tach_m.Edge_Detect_u1.r_signal_b because it is equivalent to instance genblk1[2].fan_pwm_tach_m.Edge_Detect_u1.r_signal_b. To keep the instance, apply constraint syn_preserve=1 on the instance.
@W: BN132 :"d:\project\cnit-k\8u sw\code\v10\4port\bp_4s104g5\rtl\source\common\edge_detect.v":40:0:40:5|Removing instance genblk1[6].fan_pwm_tach_m.Edge_Detect_u1.r_signal_b because it is equivalent to instance genblk1[2].fan_pwm_tach_m.Edge_Detect_u1.r_signal_b. To keep the instance, apply constraint syn_preserve=1 on the instance.
@W: BN132 :"d:\project\cnit-k\8u sw\code\v10\4port\bp_4s104g5\rtl\source\common\edge_detect.v":40:0:40:5|Removing instance genblk1[2].fan_pwm_tach_m.Edge_Detect_u1.r_signal_b because it is equivalent to instance genblk1[1].fan_pwm_tach_m.Edge_Detect_u1.r_signal_b. To keep the instance, apply constraint syn_preserve=1 on the instance.
@W: BN132 :"d:\project\cnit-k\8u sw\code\v10\4port\bp_4s104g5\rtl\source\common\edge_detect.v":40:0:40:5|Removing instance genblk1[10].fan_pwm_tach_m.Edge_Detect_u1.r_signal_b because it is equivalent to instance genblk1[1].fan_pwm_tach_m.Edge_Detect_u1.r_signal_b. To keep the instance, apply constraint syn_preserve=1 on the instance.
@W: BN132 :"d:\project\cnit-k\8u sw\code\v10\4port\bp_4s104g5\rtl\source\common\edge_detect.v":40:0:40:5|Removing instance genblk1[1].fan_pwm_tach_m.Edge_Detect_u1.r_signal_b because it is equivalent to instance genblk1[0].fan_pwm_tach_m.Edge_Detect_u1.r_signal_b. To keep the instance, apply constraint syn_preserve=1 on the instance.
@W: BN132 :"d:\project\cnit-k\8u sw\code\v10\4port\bp_4s104g5\rtl\source\common\edge_detect.v":40:0:40:5|Removing instance genblk1[14].fan_pwm_tach_m.Edge_Detect_u0.r_signal_b because it is equivalent to instance genblk1[9].fan_pwm_tach_m.Edge_Detect_u0.r_signal_b. To keep the instance, apply constraint syn_preserve=1 on the instance.
@W: BN132 :"d:\project\cnit-k\8u sw\code\v10\4port\bp_4s104g5\rtl\source\common\edge_detect.v":40:0:40:5|Removing instance genblk1[9].fan_pwm_tach_m.Edge_Detect_u0.r_signal_b because it is equivalent to instance genblk1[7].fan_pwm_tach_m.Edge_Detect_u0.r_signal_b. To keep the instance, apply constraint syn_preserve=1 on the instance.
@W: BN132 :"d:\project\cnit-k\8u sw\code\v10\4port\bp_4s104g5\rtl\source\common\edge_detect.v":40:0:40:5|Removing instance genblk1[11].fan_pwm_tach_m.Edge_Detect_u0.r_signal_b because it is equivalent to instance genblk1[7].fan_pwm_tach_m.Edge_Detect_u0.r_signal_b. To keep the instance, apply constraint syn_preserve=1 on the instance.
@W: BN132 :"d:\project\cnit-k\8u sw\code\v10\4port\bp_4s104g5\rtl\source\common\edge_detect.v":40:0:40:5|Removing instance genblk1[8].fan_pwm_tach_m.Edge_Detect_u0.r_signal_b because it is equivalent to instance genblk1[7].fan_pwm_tach_m.Edge_Detect_u0.r_signal_b. To keep the instance, apply constraint syn_preserve=1 on the instance.
@W: BN132 :"d:\project\cnit-k\8u sw\code\v10\4port\bp_4s104g5\rtl\source\common\edge_detect.v":40:0:40:5|Removing instance genblk1[7].fan_pwm_tach_m.Edge_Detect_u0.r_signal_b because it is equivalent to instance genblk1[2].fan_pwm_tach_m.Edge_Detect_u0.r_signal_b. To keep the instance, apply constraint syn_preserve=1 on the instance.
@W: BN132 :"d:\project\cnit-k\8u sw\code\v10\4port\bp_4s104g5\rtl\source\common\edge_detect.v":40:0:40:5|Removing instance genblk1[12].fan_pwm_tach_m.Edge_Detect_u0.r_signal_b because it is equivalent to instance genblk1[2].fan_pwm_tach_m.Edge_Detect_u0.r_signal_b. To keep the instance, apply constraint syn_preserve=1 on the instance.
@W: BN132 :"d:\project\cnit-k\8u sw\code\v10\4port\bp_4s104g5\rtl\source\common\edge_detect.v":40:0:40:5|Removing instance genblk1[5].fan_pwm_tach_m.Edge_Detect_u0.r_signal_b because it is equivalent to instance genblk1[2].fan_pwm_tach_m.Edge_Detect_u0.r_signal_b. To keep the instance, apply constraint syn_preserve=1 on the instance.
@W: BN132 :"d:\project\cnit-k\8u sw\code\v10\4port\bp_4s104g5\rtl\source\common\edge_detect.v":40:0:40:5|Removing instance genblk1[3].fan_pwm_tach_m.Edge_Detect_u0.r_signal_b because it is equivalent to instance genblk1[2].fan_pwm_tach_m.Edge_Detect_u0.r_signal_b. To keep the instance, apply constraint syn_preserve=1 on the instance.
@W: BN132 :"d:\project\cnit-k\8u sw\code\v10\4port\bp_4s104g5\rtl\source\common\edge_detect.v":40:0:40:5|Removing instance genblk1[13].fan_pwm_tach_m.Edge_Detect_u0.r_signal_b because it is equivalent to instance genblk1[2].fan_pwm_tach_m.Edge_Detect_u0.r_signal_b. To keep the instance, apply constraint syn_preserve=1 on the instance.
@W: BN132 :"d:\project\cnit-k\8u sw\code\v10\4port\bp_4s104g5\rtl\source\common\edge_detect.v":40:0:40:5|Removing instance genblk1[4].fan_pwm_tach_m.Edge_Detect_u0.r_signal_b because it is equivalent to instance genblk1[2].fan_pwm_tach_m.Edge_Detect_u0.r_signal_b. To keep the instance, apply constraint syn_preserve=1 on the instance.
@W: BN132 :"d:\project\cnit-k\8u sw\code\v10\4port\bp_4s104g5\rtl\source\common\edge_detect.v":40:0:40:5|Removing instance genblk1[6].fan_pwm_tach_m.Edge_Detect_u0.r_signal_b because it is equivalent to instance genblk1[2].fan_pwm_tach_m.Edge_Detect_u0.r_signal_b. To keep the instance, apply constraint syn_preserve=1 on the instance.
@W: BN132 :"d:\project\cnit-k\8u sw\code\v10\4port\bp_4s104g5\rtl\source\common\edge_detect.v":40:0:40:5|Removing instance genblk1[2].fan_pwm_tach_m.Edge_Detect_u0.r_signal_b because it is equivalent to instance genblk1[1].fan_pwm_tach_m.Edge_Detect_u0.r_signal_b. To keep the instance, apply constraint syn_preserve=1 on the instance.
@W: BN132 :"d:\project\cnit-k\8u sw\code\v10\4port\bp_4s104g5\rtl\source\common\edge_detect.v":40:0:40:5|Removing instance genblk1[10].fan_pwm_tach_m.Edge_Detect_u0.r_signal_b because it is equivalent to instance genblk1[1].fan_pwm_tach_m.Edge_Detect_u0.r_signal_b. To keep the instance, apply constraint syn_preserve=1 on the instance.
@W: BN132 :"d:\project\cnit-k\8u sw\code\v10\4port\bp_4s104g5\rtl\source\common\edge_detect.v":40:0:40:5|Removing instance genblk1[1].fan_pwm_tach_m.Edge_Detect_u0.r_signal_b because it is equivalent to instance genblk1[0].fan_pwm_tach_m.Edge_Detect_u0.r_signal_b. To keep the instance, apply constraint syn_preserve=1 on the instance.

Finished factoring (Real Time elapsed 0h:00m:11s; CPU Time elapsed 0h:00m:11s; Memory used current: 226MB peak: 226MB)


Finished generic timing optimizations - Pass 1 (Real Time elapsed 0h:00m:15s; CPU Time elapsed 0h:00m:14s; Memory used current: 228MB peak: 246MB)


Starting Early Timing Optimization (Real Time elapsed 0h:00m:17s; CPU Time elapsed 0h:00m:16s; Memory used current: 229MB peak: 246MB)


Finished Early Timing Optimization (Real Time elapsed 0h:00m:19s; CPU Time elapsed 0h:00m:18s; Memory used current: 229MB peak: 246MB)


Finished generic timing optimizations - Pass 2 (Real Time elapsed 0h:00m:20s; CPU Time elapsed 0h:00m:19s; Memory used current: 229MB peak: 246MB)


Finished preparing to map (Real Time elapsed 0h:00m:22s; CPU Time elapsed 0h:00m:22s; Memory used current: 229MB peak: 246MB)


Finished technology mapping (Real Time elapsed 0h:00m:28s; CPU Time elapsed 0h:00m:27s; Memory used current: 298MB peak: 304MB)

Pass		 CPU time		Worst Slack		Luts / Registers
------------------------------------------------------------
   1		0h:00m:28s		     1.24ns		3152 /      2090

Finished technology timing optimizations and critical path resynthesis (Real Time elapsed 0h:00m:30s; CPU Time elapsed 0h:00m:29s; Memory used current: 298MB peak: 304MB)

@N: FX164 |The option to pack registers in the IOB has not been specified. Please set syn_useioff attribute.  

Finished restoring hierarchy (Real Time elapsed 0h:00m:34s; CPU Time elapsed 0h:00m:33s; Memory used current: 299MB peak: 304MB)


Start Writing Netlists (Real Time elapsed 0h:00m:35s; CPU Time elapsed 0h:00m:34s; Memory used current: 251MB peak: 304MB)

Writing Analyst data base D:\Project\CNIT-K\8U SW\code\V10\4port\BP_4S104G5\pro\impl1\synwork\BP_4S104G5_impl1_m.srm

Finished Writing Netlist Databases (Real Time elapsed 0h:00m:38s; CPU Time elapsed 0h:00m:35s; Memory used current: 293MB peak: 304MB)

Writing EDIF Netlist and constraint files
@N: FX1056 |Writing EDF file: D:\Project\CNIT-K\8U SW\code\V10\4port\BP_4S104G5\pro\impl1\BP_4S104G5_impl1.edi
@N: BW106 |Synplicity Constraint File capacitance units using default value of 1pF 

Finished Writing EDIF Netlist and constraint files (Real Time elapsed 0h:00m:40s; CPU Time elapsed 0h:00m:38s; Memory used current: 300MB peak: 304MB)


Start final timing analysis (Real Time elapsed 0h:00m:41s; CPU Time elapsed 0h:00m:39s; Memory used current: 295MB peak: 304MB)

@W: MT246 :"d:\project\cnit-k\8u sw\code\v10\4port\bp_4s104g5\rtl\source\i2c_update\i2c_update.v":91:8:91:16|Blackbox EFB is missing a user supplied timing model. This may have a negative effect on timing analysis and optimizations (Quality of Results)
@W: MT246 :"d:\project\cnit-k\8u sw\code\v10\4port\bp_4s104g5\rtl\source\pll\pll_i25m_o50m_o25m.v":67:12:67:20|Blackbox EHXPLLJ is missing a user supplied timing model. This may have a negative effect on timing analysis and optimizations (Quality of Results)
@W: MT420 |Found inferred clock pll_i25M_o50M_o25M|CLKOS_inferred_clock with period 10.00ns. Please declare a user-defined clock on net pll_inst.clk_25m.
@W: MT420 |Found inferred clock pll_i25M_o50M_o25M|CLKOP_inferred_clock with period 10.00ns. Please declare a user-defined clock on net pll_inst.clk_50m.
@W: MT420 |Found inferred clock fan_pwm_tach_0|Edge_Detect_u1_w_clk_1s_pos_inferred_clock with period 10.00ns. Please declare a user-defined clock on net genblk1\[10\]\.fan_pwm_tach_m.Edge_Detect_u1.w_clk_1s_pos.
@W: MT420 |Found inferred clock fan_pwm_tach_1|Edge_Detect_u1_w_clk_1s_pos_inferred_clock with period 10.00ns. Please declare a user-defined clock on net genblk1\[1\]\.fan_pwm_tach_m.Edge_Detect_u1.w_clk_1s_pos.
@W: MT420 |Found inferred clock fan_pwm_tach_2|Edge_Detect_u1_w_clk_1s_pos_inferred_clock with period 10.00ns. Please declare a user-defined clock on net genblk1\[6\]\.fan_pwm_tach_m.Edge_Detect_u1.w_clk_1s_pos.
@W: MT420 |Found inferred clock fan_pwm_tach_3|Edge_Detect_u1_w_clk_1s_pos_inferred_clock with period 10.00ns. Please declare a user-defined clock on net genblk1\[4\]\.fan_pwm_tach_m.Edge_Detect_u1.w_clk_1s_pos.
@W: MT420 |Found inferred clock fan_pwm_tach_4|Edge_Detect_u1_w_clk_1s_pos_inferred_clock with period 10.00ns. Please declare a user-defined clock on net genblk1\[13\]\.fan_pwm_tach_m.Edge_Detect_u1.w_clk_1s_pos.
@W: MT420 |Found inferred clock fan_pwm_tach_5|Edge_Detect_u1_w_clk_1s_pos_inferred_clock with period 10.00ns. Please declare a user-defined clock on net genblk1\[3\]\.fan_pwm_tach_m.Edge_Detect_u1.w_clk_1s_pos.
@W: MT420 |Found inferred clock fan_pwm_tach_6|Edge_Detect_u1_w_clk_1s_pos_inferred_clock with period 10.00ns. Please declare a user-defined clock on net genblk1\[5\]\.fan_pwm_tach_m.Edge_Detect_u1.w_clk_1s_pos.
@W: MT420 |Found inferred clock fan_pwm_tach_7|Edge_Detect_u1_w_clk_1s_pos_inferred_clock with period 10.00ns. Please declare a user-defined clock on net genblk1\[12\]\.fan_pwm_tach_m.Edge_Detect_u1.w_clk_1s_pos.
@W: MT420 |Found inferred clock fan_pwm_tach_8|Edge_Detect_u1_w_clk_1s_pos_inferred_clock with period 10.00ns. Please declare a user-defined clock on net genblk1\[2\]\.fan_pwm_tach_m.Edge_Detect_u1.w_clk_1s_pos.
@W: MT420 |Found inferred clock fan_pwm_tach_9|Edge_Detect_u1_w_clk_1s_pos_inferred_clock with period 10.00ns. Please declare a user-defined clock on net genblk1\[8\]\.fan_pwm_tach_m.Edge_Detect_u1.w_clk_1s_pos.
@W: MT420 |Found inferred clock fan_pwm_tach_10|Edge_Detect_u1_w_clk_1s_pos_inferred_clock with period 10.00ns. Please declare a user-defined clock on net genblk1\[0\]\.fan_pwm_tach_m.Edge_Detect_u1.w_clk_1s_pos.
@W: MT420 |Found inferred clock fan_pwm_tach_11|Edge_Detect_u1_w_clk_1s_pos_inferred_clock with period 10.00ns. Please declare a user-defined clock on net genblk1\[11\]\.fan_pwm_tach_m.Edge_Detect_u1.w_clk_1s_pos.
@W: MT420 |Found inferred clock fan_pwm_tach_12|Edge_Detect_u1_w_clk_1s_pos_inferred_clock with period 10.00ns. Please declare a user-defined clock on net genblk1\[7\]\.fan_pwm_tach_m.Edge_Detect_u1.w_clk_1s_pos.
@W: MT420 |Found inferred clock fan_pwm_tach_13|Edge_Detect_u1_w_clk_1s_pos_inferred_clock with period 10.00ns. Please declare a user-defined clock on net genblk1\[14\]\.fan_pwm_tach_m.Edge_Detect_u1.w_clk_1s_pos.
@W: MT420 |Found inferred clock fan_pwm_tach_14|Edge_Detect_u1_w_clk_1s_pos_inferred_clock with period 10.00ns. Please declare a user-defined clock on net genblk1\[9\]\.fan_pwm_tach_m.Edge_Detect_u1.w_clk_1s_pos.


##### START OF TIMING REPORT #####[
# Timing report written on Sat Feb  8 10:32:35 2025
#


Top view:               BP_4S104G5
Requested Frequency:    100.0 MHz
Wire load mode:         top
Paths requested:        5
Constraint File(s):    
@N: MT320 |This timing report is an estimate of place and route data. For final timing results, use the FPGA vendor place and route report.

@N: MT322 |Clock constraints include only register-to-register paths associated with each individual clock.



Performance Summary
*******************


Worst slack in design: -0.383

@N: MT286 |System clock period 0.000 stretches to negative invalid value -- ignoring stretching.
                                                               Requested     Estimated     Requested     Estimated                Clock        Clock               
Starting Clock                                                 Frequency     Frequency     Period        Period        Slack      Type         Group               
-------------------------------------------------------------------------------------------------------------------------------------------------------------------
fan_pwm_tach_0|Edge_Detect_u1_w_clk_1s_pos_inferred_clock      100.0 MHz     NA            10.000        NA            NA         inferred     Inferred_clkgroup_2 
fan_pwm_tach_1|Edge_Detect_u1_w_clk_1s_pos_inferred_clock      100.0 MHz     NA            10.000        NA            NA         inferred     Inferred_clkgroup_3 
fan_pwm_tach_2|Edge_Detect_u1_w_clk_1s_pos_inferred_clock      100.0 MHz     NA            10.000        NA            NA         inferred     Inferred_clkgroup_4 
fan_pwm_tach_3|Edge_Detect_u1_w_clk_1s_pos_inferred_clock      100.0 MHz     NA            10.000        NA            NA         inferred     Inferred_clkgroup_5 
fan_pwm_tach_4|Edge_Detect_u1_w_clk_1s_pos_inferred_clock      100.0 MHz     NA            10.000        NA            NA         inferred     Inferred_clkgroup_6 
fan_pwm_tach_5|Edge_Detect_u1_w_clk_1s_pos_inferred_clock      100.0 MHz     NA            10.000        NA            NA         inferred     Inferred_clkgroup_7 
fan_pwm_tach_6|Edge_Detect_u1_w_clk_1s_pos_inferred_clock      100.0 MHz     NA            10.000        NA            NA         inferred     Inferred_clkgroup_8 
fan_pwm_tach_7|Edge_Detect_u1_w_clk_1s_pos_inferred_clock      100.0 MHz     NA            10.000        NA            NA         inferred     Inferred_clkgroup_9 
fan_pwm_tach_8|Edge_Detect_u1_w_clk_1s_pos_inferred_clock      100.0 MHz     NA            10.000        NA            NA         inferred     Inferred_clkgroup_10
fan_pwm_tach_9|Edge_Detect_u1_w_clk_1s_pos_inferred_clock      100.0 MHz     NA            10.000        NA            NA         inferred     Inferred_clkgroup_11
fan_pwm_tach_10|Edge_Detect_u1_w_clk_1s_pos_inferred_clock     100.0 MHz     NA            10.000        NA            NA         inferred     Inferred_clkgroup_12
fan_pwm_tach_11|Edge_Detect_u1_w_clk_1s_pos_inferred_clock     100.0 MHz     NA            10.000        NA            NA         inferred     Inferred_clkgroup_13
fan_pwm_tach_12|Edge_Detect_u1_w_clk_1s_pos_inferred_clock     100.0 MHz     NA            10.000        NA            NA         inferred     Inferred_clkgroup_14
fan_pwm_tach_13|Edge_Detect_u1_w_clk_1s_pos_inferred_clock     100.0 MHz     NA            10.000        NA            NA         inferred     Inferred_clkgroup_15
fan_pwm_tach_14|Edge_Detect_u1_w_clk_1s_pos_inferred_clock     100.0 MHz     NA            10.000        NA            NA         inferred     Inferred_clkgroup_16
pll_i25M_o50M_o25M|CLKOP_inferred_clock                        100.0 MHz     132.1 MHz     10.000        7.569         2.432      inferred     Inferred_clkgroup_1 
pll_i25M_o50M_o25M|CLKOS_inferred_clock                        100.0 MHz     96.3 MHz      10.000        10.383        -0.383     inferred     Inferred_clkgroup_0 
System                                                         100.0 MHz     115.2 MHz     10.000        8.680         1.320      system       system_clkgroup     
===================================================================================================================================================================
Estimated period and frequency reported as NA means no slack depends directly on the clock waveform





Clock Relationships
*******************

Clocks                                                                                                                  |    rise  to  rise    |    fall  to  fall   |    rise  to  fall   |    fall  to  rise 
---------------------------------------------------------------------------------------------------------------------------------------------------------------------------------------------------------------
Starting                                                    Ending                                                      |  constraint  slack   |  constraint  slack  |  constraint  slack  |  constraint  slack
---------------------------------------------------------------------------------------------------------------------------------------------------------------------------------------------------------------
System                                                      System                                                      |  10.000      10.000  |  No paths    -      |  No paths    -      |  No paths    -    
System                                                      pll_i25M_o50M_o25M|CLKOS_inferred_clock                     |  10.000      1.320   |  No paths    -      |  No paths    -      |  No paths    -    
pll_i25M_o50M_o25M|CLKOS_inferred_clock                     System                                                      |  10.000      8.923   |  No paths    -      |  No paths    -      |  No paths    -    
pll_i25M_o50M_o25M|CLKOS_inferred_clock                     pll_i25M_o50M_o25M|CLKOS_inferred_clock                     |  10.000      -0.383  |  No paths    -      |  No paths    -      |  No paths    -    
pll_i25M_o50M_o25M|CLKOS_inferred_clock                     pll_i25M_o50M_o25M|CLKOP_inferred_clock                     |  Diff grp    -       |  No paths    -      |  No paths    -      |  No paths    -    
pll_i25M_o50M_o25M|CLKOP_inferred_clock                     pll_i25M_o50M_o25M|CLKOS_inferred_clock                     |  Diff grp    -       |  No paths    -      |  No paths    -      |  No paths    -    
pll_i25M_o50M_o25M|CLKOP_inferred_clock                     pll_i25M_o50M_o25M|CLKOP_inferred_clock                     |  10.000      2.432   |  No paths    -      |  No paths    -      |  No paths    -    
pll_i25M_o50M_o25M|CLKOP_inferred_clock                     fan_pwm_tach_0|Edge_Detect_u1_w_clk_1s_pos_inferred_clock   |  Diff grp    -       |  No paths    -      |  No paths    -      |  No paths    -    
pll_i25M_o50M_o25M|CLKOP_inferred_clock                     fan_pwm_tach_1|Edge_Detect_u1_w_clk_1s_pos_inferred_clock   |  Diff grp    -       |  No paths    -      |  No paths    -      |  No paths    -    
pll_i25M_o50M_o25M|CLKOP_inferred_clock                     fan_pwm_tach_2|Edge_Detect_u1_w_clk_1s_pos_inferred_clock   |  Diff grp    -       |  No paths    -      |  No paths    -      |  No paths    -    
pll_i25M_o50M_o25M|CLKOP_inferred_clock                     fan_pwm_tach_3|Edge_Detect_u1_w_clk_1s_pos_inferred_clock   |  Diff grp    -       |  No paths    -      |  No paths    -      |  No paths    -    
pll_i25M_o50M_o25M|CLKOP_inferred_clock                     fan_pwm_tach_4|Edge_Detect_u1_w_clk_1s_pos_inferred_clock   |  Diff grp    -       |  No paths    -      |  No paths    -      |  No paths    -    
pll_i25M_o50M_o25M|CLKOP_inferred_clock                     fan_pwm_tach_5|Edge_Detect_u1_w_clk_1s_pos_inferred_clock   |  Diff grp    -       |  No paths    -      |  No paths    -      |  No paths    -    
pll_i25M_o50M_o25M|CLKOP_inferred_clock                     fan_pwm_tach_6|Edge_Detect_u1_w_clk_1s_pos_inferred_clock   |  Diff grp    -       |  No paths    -      |  No paths    -      |  No paths    -    
pll_i25M_o50M_o25M|CLKOP_inferred_clock                     fan_pwm_tach_7|Edge_Detect_u1_w_clk_1s_pos_inferred_clock   |  Diff grp    -       |  No paths    -      |  No paths    -      |  No paths    -    
pll_i25M_o50M_o25M|CLKOP_inferred_clock                     fan_pwm_tach_8|Edge_Detect_u1_w_clk_1s_pos_inferred_clock   |  Diff grp    -       |  No paths    -      |  No paths    -      |  No paths    -    
pll_i25M_o50M_o25M|CLKOP_inferred_clock                     fan_pwm_tach_9|Edge_Detect_u1_w_clk_1s_pos_inferred_clock   |  Diff grp    -       |  No paths    -      |  No paths    -      |  No paths    -    
pll_i25M_o50M_o25M|CLKOP_inferred_clock                     fan_pwm_tach_10|Edge_Detect_u1_w_clk_1s_pos_inferred_clock  |  Diff grp    -       |  No paths    -      |  No paths    -      |  No paths    -    
pll_i25M_o50M_o25M|CLKOP_inferred_clock                     fan_pwm_tach_11|Edge_Detect_u1_w_clk_1s_pos_inferred_clock  |  Diff grp    -       |  No paths    -      |  No paths    -      |  No paths    -    
pll_i25M_o50M_o25M|CLKOP_inferred_clock                     fan_pwm_tach_12|Edge_Detect_u1_w_clk_1s_pos_inferred_clock  |  Diff grp    -       |  No paths    -      |  No paths    -      |  No paths    -    
pll_i25M_o50M_o25M|CLKOP_inferred_clock                     fan_pwm_tach_13|Edge_Detect_u1_w_clk_1s_pos_inferred_clock  |  Diff grp    -       |  No paths    -      |  No paths    -      |  No paths    -    
pll_i25M_o50M_o25M|CLKOP_inferred_clock                     fan_pwm_tach_14|Edge_Detect_u1_w_clk_1s_pos_inferred_clock  |  Diff grp    -       |  No paths    -      |  No paths    -      |  No paths    -    
fan_pwm_tach_0|Edge_Detect_u1_w_clk_1s_pos_inferred_clock   pll_i25M_o50M_o25M|CLKOS_inferred_clock                     |  Diff grp    -       |  No paths    -      |  No paths    -      |  No paths    -    
fan_pwm_tach_1|Edge_Detect_u1_w_clk_1s_pos_inferred_clock   pll_i25M_o50M_o25M|CLKOS_inferred_clock                     |  Diff grp    -       |  No paths    -      |  No paths    -      |  No paths    -    
fan_pwm_tach_2|Edge_Detect_u1_w_clk_1s_pos_inferred_clock   pll_i25M_o50M_o25M|CLKOS_inferred_clock                     |  Diff grp    -       |  No paths    -      |  No paths    -      |  No paths    -    
fan_pwm_tach_3|Edge_Detect_u1_w_clk_1s_pos_inferred_clock   pll_i25M_o50M_o25M|CLKOS_inferred_clock                     |  Diff grp    -       |  No paths    -      |  No paths    -      |  No paths    -    
fan_pwm_tach_4|Edge_Detect_u1_w_clk_1s_pos_inferred_clock   pll_i25M_o50M_o25M|CLKOS_inferred_clock                     |  Diff grp    -       |  No paths    -      |  No paths    -      |  No paths    -    
fan_pwm_tach_5|Edge_Detect_u1_w_clk_1s_pos_inferred_clock   pll_i25M_o50M_o25M|CLKOS_inferred_clock                     |  Diff grp    -       |  No paths    -      |  No paths    -      |  No paths    -    
fan_pwm_tach_6|Edge_Detect_u1_w_clk_1s_pos_inferred_clock   pll_i25M_o50M_o25M|CLKOS_inferred_clock                     |  Diff grp    -       |  No paths    -      |  No paths    -      |  No paths    -    
fan_pwm_tach_7|Edge_Detect_u1_w_clk_1s_pos_inferred_clock   pll_i25M_o50M_o25M|CLKOS_inferred_clock                     |  Diff grp    -       |  No paths    -      |  No paths    -      |  No paths    -    
fan_pwm_tach_8|Edge_Detect_u1_w_clk_1s_pos_inferred_clock   pll_i25M_o50M_o25M|CLKOS_inferred_clock                     |  Diff grp    -       |  No paths    -      |  No paths    -      |  No paths    -    
fan_pwm_tach_9|Edge_Detect_u1_w_clk_1s_pos_inferred_clock   pll_i25M_o50M_o25M|CLKOS_inferred_clock                     |  Diff grp    -       |  No paths    -      |  No paths    -      |  No paths    -    
fan_pwm_tach_10|Edge_Detect_u1_w_clk_1s_pos_inferred_clock  pll_i25M_o50M_o25M|CLKOS_inferred_clock                     |  Diff grp    -       |  No paths    -      |  No paths    -      |  No paths    -    
fan_pwm_tach_11|Edge_Detect_u1_w_clk_1s_pos_inferred_clock  pll_i25M_o50M_o25M|CLKOS_inferred_clock                     |  Diff grp    -       |  No paths    -      |  No paths    -      |  No paths    -    
fan_pwm_tach_12|Edge_Detect_u1_w_clk_1s_pos_inferred_clock  pll_i25M_o50M_o25M|CLKOS_inferred_clock                     |  Diff grp    -       |  No paths    -      |  No paths    -      |  No paths    -    
fan_pwm_tach_13|Edge_Detect_u1_w_clk_1s_pos_inferred_clock  pll_i25M_o50M_o25M|CLKOS_inferred_clock                     |  Diff grp    -       |  No paths    -      |  No paths    -      |  No paths    -    
fan_pwm_tach_14|Edge_Detect_u1_w_clk_1s_pos_inferred_clock  pll_i25M_o50M_o25M|CLKOS_inferred_clock                     |  Diff grp    -       |  No paths    -      |  No paths    -      |  No paths    -    
===============================================================================================================================================================================================================
 Note: 'No paths' indicates there are no paths in the design for that pair of clock edges.
       'Diff grp' indicates that paths exist but the starting clock and ending clock are in different clock groups.



Interface Information 
*********************

No IO constraint found



====================================
Detailed Report for Clock: pll_i25M_o50M_o25M|CLKOP_inferred_clock
====================================



Starting Points with Worst Slack
********************************

                                                           Starting                                                                          Arrival          
Instance                                                   Reference                                   Type        Pin     Net               Time        Slack
                                                           Clock                                                                                              
--------------------------------------------------------------------------------------------------------------------------------------------------------------
genblk1\[0\]\.fan_pwm_tach_m.Edge_Detect_u1.r_signal_a     pll_i25M_o50M_o25M|CLKOP_inferred_clock     FD1S3BX     Q       r_signal_a        1.044       2.432
genblk1\[0\]\.fan_pwm_tach_m.Edge_Detect_u1.r_signal_b     pll_i25M_o50M_o25M|CLKOP_inferred_clock     FD1S3BX     Q       r_signal_b        0.972       2.503
debug_led1.inc_dec_flag                                    pll_i25M_o50M_o25M|CLKOP_inferred_clock     FD1P3DX     Q       inc_dec_flag      1.319       4.203
debug_led1.duty_cycle[0]                                   pll_i25M_o50M_o25M|CLKOP_inferred_clock     FD1P3DX     Q       un1_led_0         1.148       4.231
debug_led1.period_cnt[0]                                   pll_i25M_o50M_o25M|CLKOP_inferred_clock     FD1S3DX     Q       period_cnt[0]     1.108       4.271
debug_led1.duty_cycle[1]                                   pll_i25M_o50M_o25M|CLKOP_inferred_clock     FD1P3DX     Q       un1_led_1         1.108       4.414
debug_led1.duty_cycle[2]                                   pll_i25M_o50M_o25M|CLKOP_inferred_clock     FD1P3DX     Q       un1_led_2         1.108       4.414
debug_led1.period_cnt[1]                                   pll_i25M_o50M_o25M|CLKOP_inferred_clock     FD1S3DX     Q       period_cnt[1]     1.108       4.414
debug_led1.period_cnt[2]                                   pll_i25M_o50M_o25M|CLKOP_inferred_clock     FD1S3DX     Q       period_cnt[2]     1.108       4.414
genblk1\[4\]\.fan_pwm_tach_m.r_clr_pwm_cnt                 pll_i25M_o50M_o25M|CLKOP_inferred_clock     FD1S3DX     Q       r_clr_pwm_cnt     1.044       4.505
==============================================================================================================================================================


Ending Points with Worst Slack
******************************

                                                                Starting                                                                                    Required          
Instance                                                        Reference                                   Type        Pin     Net                         Time         Slack
                                                                Clock                                                                                                         
------------------------------------------------------------------------------------------------------------------------------------------------------------------------------
debug_led1.duty_cycle[15]                                       pll_i25M_o50M_o25M|CLKOP_inferred_clock     FD1P3DX     D       duty_cycle_6_iv_i_0[15]     10.089       4.203
debug_led1.period_cnt[15]                                       pll_i25M_o50M_o25M|CLKOP_inferred_clock     FD1S3DX     D       period_cnt_3[15]            10.089       4.271
debug_led1.duty_cycle[13]                                       pll_i25M_o50M_o25M|CLKOP_inferred_clock     FD1P3DX     D       duty_cycle_6[13]            10.089       4.346
debug_led1.duty_cycle[14]                                       pll_i25M_o50M_o25M|CLKOP_inferred_clock     FD1P3DX     D       N_10                        10.089       4.346
debug_led1.period_cnt[14]                                       pll_i25M_o50M_o25M|CLKOP_inferred_clock     FD1S3DX     D       period_cnt_3[14]            10.089       4.414
debug_led1.duty_cycle[11]                                       pll_i25M_o50M_o25M|CLKOP_inferred_clock     FD1P3DX     D       duty_cycle_6[11]            10.089       4.488
debug_led1.duty_cycle[12]                                       pll_i25M_o50M_o25M|CLKOP_inferred_clock     FD1P3DX     D       duty_cycle_6[12]            10.089       4.488
genblk1\[4\]\.fan_pwm_tach_m.fan_pwm_cnt_u0.r_cnt_result[7]     pll_i25M_o50M_o25M|CLKOP_inferred_clock     FD1P3DX     D       r_cnt_result_s[7]           9.894        4.505
genblk1\[8\]\.fan_pwm_tach_m.fan_pwm_cnt_u0.r_cnt_result[7]     pll_i25M_o50M_o25M|CLKOP_inferred_clock     FD1P3DX     D       r_cnt_result_s[7]           9.894        4.505
genblk1\[3\]\.fan_pwm_tach_m.fan_pwm_cnt_u0.r_cnt_result[7]     pll_i25M_o50M_o25M|CLKOP_inferred_clock     FD1P3DX     D       r_cnt_result_s[7]           9.894        4.505
==============================================================================================================================================================================



Worst Path Information
***********************


Path information for path number 1: 
      Requested Period:                      10.000
    - Setup time:                            0.106
    + Clock delay at ending point:           0.000 (ideal)
    = Required time:                         9.894

    - Propagation time:                      7.463
    - Clock delay at starting point:         0.000 (ideal)
    = Slack (non-critical) :                 2.431

    Number of logic level(s):                8
    Starting point:                          genblk1\[0\]\.fan_pwm_tach_m.Edge_Detect_u1.r_signal_a / Q
    Ending point:                            genblk1\[0\]\.fan_pwm_tach_m.fan_pwm_cnt_u2.r_cnt_result[9] / D
    The start point is clocked by            pll_i25M_o50M_o25M|CLKOP_inferred_clock [rising] (rise=0.000 fall=5.000 period=10.000) on pin CK
    The end   point is clocked by            pll_i25M_o50M_o25M|CLKOP_inferred_clock [rising] (rise=0.000 fall=5.000 period=10.000) on pin CK

Instance / Net                                                                                   Pin      Pin               Arrival     No. of    
Name                                                                                Type         Name     Dir     Delay     Time        Fan Out(s)
--------------------------------------------------------------------------------------------------------------------------------------------------
genblk1\[0\]\.fan_pwm_tach_m.Edge_Detect_u1.r_signal_a                              FD1S3BX      Q        Out     1.044     1.044 r     -         
r_signal_a                                                                          Net          -        -       -         -           2         
genblk1\[0\]\.fan_pwm_tach_m.Edge_Detect_u1.o_signal_pos                            ORCALUT4     A        In      0.000     1.044 r     -         
genblk1\[0\]\.fan_pwm_tach_m.Edge_Detect_u1.o_signal_pos                            ORCALUT4     Z        Out     1.870     2.914 r     -         
w_clk_1s_pos_i                                                                      Net          -        -       -         -           345       
genblk1\[0\]\.fan_pwm_tach_m.Edge_Detect_u1.w_clk_1s_pos_inferred_clock_RNIOKPD     INV          A        In      0.000     2.914 r     -         
genblk1\[0\]\.fan_pwm_tach_m.Edge_Detect_u1.w_clk_1s_pos_inferred_clock_RNIOKPD     INV          Z        Out     0.884     3.798 f     -         
w_clk_1s_pos_i_0                                                                    Net          -        -       -         -           22        
genblk1\[0\]\.fan_pwm_tach_m.fan_pwm_cnt_u2.r_cnt_result_cry_0[0]                   CCU2D        A1       In      0.000     3.798 f     -         
genblk1\[0\]\.fan_pwm_tach_m.fan_pwm_cnt_u2.r_cnt_result_cry_0[0]                   CCU2D        COUT     Out     1.544     5.343 r     -         
r_cnt_result_cry[0]                                                                 Net          -        -       -         -           1         
genblk1\[0\]\.fan_pwm_tach_m.fan_pwm_cnt_u2.r_cnt_result_cry_0[1]                   CCU2D        CIN      In      0.000     5.343 r     -         
genblk1\[0\]\.fan_pwm_tach_m.fan_pwm_cnt_u2.r_cnt_result_cry_0[1]                   CCU2D        COUT     Out     0.143     5.486 r     -         
r_cnt_result_cry[2]                                                                 Net          -        -       -         -           1         
genblk1\[0\]\.fan_pwm_tach_m.fan_pwm_cnt_u2.r_cnt_result_cry_0[3]                   CCU2D        CIN      In      0.000     5.486 r     -         
genblk1\[0\]\.fan_pwm_tach_m.fan_pwm_cnt_u2.r_cnt_result_cry_0[3]                   CCU2D        COUT     Out     0.143     5.628 r     -         
r_cnt_result_cry[4]                                                                 Net          -        -       -         -           1         
genblk1\[0\]\.fan_pwm_tach_m.fan_pwm_cnt_u2.r_cnt_result_cry_0[5]                   CCU2D        CIN      In      0.000     5.628 r     -         
genblk1\[0\]\.fan_pwm_tach_m.fan_pwm_cnt_u2.r_cnt_result_cry_0[5]                   CCU2D        COUT     Out     0.143     5.771 r     -         
r_cnt_result_cry[6]                                                                 Net          -        -       -         -           1         
genblk1\[0\]\.fan_pwm_tach_m.fan_pwm_cnt_u2.r_cnt_result_cry_0[7]                   CCU2D        CIN      In      0.000     5.771 r     -         
genblk1\[0\]\.fan_pwm_tach_m.fan_pwm_cnt_u2.r_cnt_result_cry_0[7]                   CCU2D        COUT     Out     0.143     5.914 r     -         
r_cnt_result_cry[8]                                                                 Net          -        -       -         -           1         
genblk1\[0\]\.fan_pwm_tach_m.fan_pwm_cnt_u2.r_cnt_result_s_0[9]                     CCU2D        CIN      In      0.000     5.914 r     -         
genblk1\[0\]\.fan_pwm_tach_m.fan_pwm_cnt_u2.r_cnt_result_s_0[9]                     CCU2D        S0       Out     1.549     7.463 r     -         
r_cnt_result_s[9]                                                                   Net          -        -       -         -           1         
genblk1\[0\]\.fan_pwm_tach_m.fan_pwm_cnt_u2.r_cnt_result[9]                         FD1P3DX      D        In      0.000     7.463 r     -         
==================================================================================================================================================




====================================
Detailed Report for Clock: pll_i25M_o50M_o25M|CLKOS_inferred_clock
====================================



Starting Points with Worst Slack
********************************

                                                        Starting                                                                                Arrival           
Instance                                                Reference                                   Type        Pin     Net                     Time        Slack 
                                                        Clock                                                                                                     
------------------------------------------------------------------------------------------------------------------------------------------------------------------
bmc_cpld_i2c_ram.i2c_slave_bmc_u0.r_i2c_command[0]      pll_i25M_o50M_o25M|CLKOS_inferred_clock     FD1S3BX     Q       w_i2c_command[0]        1.630       -0.383
bmc_cpld_i2c_ram.i2c_slave_bmc_u0.r_i2c_command[1]      pll_i25M_o50M_o25M|CLKOS_inferred_clock     FD1S3BX     Q       w_i2c_command[1]        1.614       -0.363
bmc_cpld_i2c_ram.i2c_slave_bmc_u0.r_i2c_command[2]      pll_i25M_o50M_o25M|CLKOS_inferred_clock     FD1S3BX     Q       w_i2c_command[2]        1.601       -0.354
bmc_cpld_i2c_ram.i2c_slave_bmc_u0.r_i2c_command[3]      pll_i25M_o50M_o25M|CLKOS_inferred_clock     FD1S3BX     Q       w_i2c_command[3]        1.555       -0.256
bmc_cpld_i2c_ram.i2c_slave_bmc_u0.r_i2c_command[4]      pll_i25M_o50M_o25M|CLKOS_inferred_clock     FD1S3BX     Q       w_i2c_command[4]        1.443       -0.144
bmc_cpld_i2c_ram.i2c_slave_bmc_u0.r_i2c_command[5]      pll_i25M_o50M_o25M|CLKOS_inferred_clock     FD1S3BX     Q       w_i2c_command[5]        1.413       -0.114
bmc_cpld_i2c_ram.i2c_slave_bmc_u0.r_i2c_command[6]      pll_i25M_o50M_o25M|CLKOS_inferred_clock     FD1S3BX     Q       w_i2c_command[6]        1.344       -0.045
bmc_cpld_i2c_ram.i2c_slave_bmc_u0.r_i2c_command[7]      pll_i25M_o50M_o25M|CLKOS_inferred_clock     FD1S3BX     Q       w_i2c_command[7]        1.256       0.072 
bmc_cpld_i2c_ram.i2c_slave_bmc_u0.r_i2c_command[14]     pll_i25M_o50M_o25M|CLKOS_inferred_clock     FD1S3BX     Q       w_i2c_command[14]       1.180       0.116 
bmc_cpld_i2c_ram.i2c_slave_bmc_u0.r_i2c_command[15]     pll_i25M_o50M_o25M|CLKOS_inferred_clock     FD1S3BX     Q       w_i2c_command_0[15]     1.180       0.116 
==================================================================================================================================================================


Ending Points with Worst Slack
******************************

                                                        Starting                                                                                 Required           
Instance                                                Reference                                   Type        Pin     Net                      Time         Slack 
                                                        Clock                                                                                                       
--------------------------------------------------------------------------------------------------------------------------------------------------------------------
bmc_cpld_i2c_ram.r_i2c_data_in[0]                       pll_i25M_o50M_o25M|CLKOS_inferred_clock     FD1S3DX     D       r_i2c_data_in_178[0]     9.894        -0.383
bmc_cpld_i2c_ram.r_i2c_data_in[7]                       pll_i25M_o50M_o25M|CLKOS_inferred_clock     FD1S3DX     D       r_i2c_data_in_178[7]     9.894        -0.383
bmc_cpld_i2c_ram.r_i2c_data_in[6]                       pll_i25M_o50M_o25M|CLKOS_inferred_clock     FD1S3DX     D       r_i2c_data_in_178[6]     9.894        -0.311
bmc_cpld_i2c_ram.r_i2c_data_in[5]                       pll_i25M_o50M_o25M|CLKOS_inferred_clock     FD1S3DX     D       r_i2c_data_in_178[5]     9.894        0.072 
bmc_cpld_i2c_ram.r_i2c_data_in[1]                       pll_i25M_o50M_o25M|CLKOS_inferred_clock     FD1S3DX     D       r_i2c_data_in_178[1]     9.894        0.307 
bmc_cpld_i2c_ram.r_i2c_data_in[2]                       pll_i25M_o50M_o25M|CLKOS_inferred_clock     FD1S3DX     D       r_i2c_data_in_178[2]     9.894        0.307 
bmc_cpld_i2c_ram.r_i2c_data_in[3]                       pll_i25M_o50M_o25M|CLKOS_inferred_clock     FD1S3DX     D       r_i2c_data_in_178[3]     9.894        0.307 
bmc_cpld_i2c_ram.r_i2c_data_in[4]                       pll_i25M_o50M_o25M|CLKOS_inferred_clock     FD1S3DX     D       r_i2c_data_in_178[4]     9.894        0.307 
bmc_cpld_i2c_ram.i2c_slave_bmc_u0.r_i2c_command[15]     pll_i25M_o50M_o25M|CLKOS_inferred_clock     FD1S3BX     D       un6[15]                  10.089       1.046 
bmc_cpld_i2c_ram.i2c_slave_bmc_u0.r_i2c_command[13]     pll_i25M_o50M_o25M|CLKOS_inferred_clock     FD1S3BX     D       un6[13]                  10.089       1.189 
====================================================================================================================================================================



Worst Path Information
***********************


Path information for path number 1: 
      Requested Period:                      10.000
    - Setup time:                            0.106
    + Clock delay at ending point:           0.000 (ideal)
    = Required time:                         9.894

    - Propagation time:                      10.278
    - Clock delay at starting point:         0.000 (ideal)
    = Slack (critical) :                     -0.383

    Number of logic level(s):                9
    Starting point:                          bmc_cpld_i2c_ram.i2c_slave_bmc_u0.r_i2c_command[0] / Q
    Ending point:                            bmc_cpld_i2c_ram.r_i2c_data_in[0] / D
    The start point is clocked by            pll_i25M_o50M_o25M|CLKOS_inferred_clock [rising] (rise=0.000 fall=5.000 period=10.000) on pin CK
    The end   point is clocked by            pll_i25M_o50M_o25M|CLKOS_inferred_clock [rising] (rise=0.000 fall=5.000 period=10.000) on pin CK

Instance / Net                                                                 Pin      Pin               Arrival      No. of    
Name                                                              Type         Name     Dir     Delay     Time         Fan Out(s)
---------------------------------------------------------------------------------------------------------------------------------
bmc_cpld_i2c_ram.i2c_slave_bmc_u0.r_i2c_command[0]                FD1S3BX      Q        Out     1.630     1.630 r      -         
w_i2c_command[0]                                                  Net          -        -       -         -            223       
bmc_cpld_i2c_ram.i2c_slave_bmc_u0.r_i2c_command_RNIUIHH_0[2]      ORCALUT4     A        In      0.000     1.630 r      -         
bmc_cpld_i2c_ram.i2c_slave_bmc_u0.r_i2c_command_RNIUIHH_0[2]      ORCALUT4     Z        Out     1.277     2.907 f      -         
N_143                                                             Net          -        -       -         -            10        
bmc_cpld_i2c_ram.i2c_slave_bmc_u0.r_reg_01314_0_a2_0_RNIH1I22     ORCALUT4     C        In      0.000     2.907 f      -         
bmc_cpld_i2c_ram.i2c_slave_bmc_u0.r_reg_01314_0_a2_0_RNIH1I22     ORCALUT4     Z        Out     1.017     3.924 r      -         
r_i2c_data_in_178_sn_m129_0_0_0                                   Net          -        -       -         -            1         
bmc_cpld_i2c_ram.i2c_slave_bmc_u0.r_i2c_command_RNI16EE3[4]       ORCALUT4     B        In      0.000     3.924 r      -         
bmc_cpld_i2c_ram.i2c_slave_bmc_u0.r_i2c_command_RNI16EE3[4]       ORCALUT4     Z        Out     1.017     4.941 r      -         
r_i2c_data_in_178_sn_m129_0_0_3                                   Net          -        -       -         -            1         
bmc_cpld_i2c_ram.i2c_slave_bmc_u0.r_i2c_command_RNIORDT5[4]       ORCALUT4     C        In      0.000     4.941 r      -         
bmc_cpld_i2c_ram.i2c_slave_bmc_u0.r_i2c_command_RNIORDT5[4]       ORCALUT4     Z        Out     1.017     5.957 r      -         
r_i2c_data_in_178_sn_m129_0_0_5                                   Net          -        -       -         -            1         
bmc_cpld_i2c_ram.i2c_slave_bmc_u0.r_i2c_command_RNIIUNM9[6]       ORCALUT4     B        In      0.000     5.957 r      -         
bmc_cpld_i2c_ram.i2c_slave_bmc_u0.r_i2c_command_RNIIUNM9[6]       ORCALUT4     Z        Out     1.249     7.206 r      -         
r_i2c_data_in_178_sn_N_130                                        Net          -        -       -         -            7         
bmc_cpld_i2c_ram.i2c_slave_bmc_u0.r_i2c_data_in_178_174_s[7]      ORCALUT4     A        In      0.000     7.206 r      -         
bmc_cpld_i2c_ram.i2c_slave_bmc_u0.r_i2c_data_in_178_174_s[7]      ORCALUT4     Z        Out     1.089     8.295 f      -         
r_i2c_data_in_178_174_s[7]                                        Net          -        -       -         -            2         
bmc_cpld_i2c_ram.i2c_slave_bmc_u0.r_i2c_data_in_178_174[0]        PFUMX        C0       In      0.000     8.295 f      -         
bmc_cpld_i2c_ram.i2c_slave_bmc_u0.r_i2c_data_in_178_174[0]        PFUMX        Z        Out     0.802     9.097 r      -         
N_1632                                                            Net          -        -       -         -            1         
bmc_cpld_i2c_ram.i2c_slave_bmc_u0.r_i2c_data_in_178_d[0]          L6MUX21      D1       In      0.000     9.097 r      -         
bmc_cpld_i2c_ram.i2c_slave_bmc_u0.r_i2c_data_in_178_d[0]          L6MUX21      Z        Out     0.732     9.829 r      -         
r_i2c_data_in_178_d[0]                                            Net          -        -       -         -            1         
bmc_cpld_i2c_ram.i2c_slave_bmc_u0.r_i2c_data_in_178[0]            ORCALUT4     A        In      0.000     9.829 r      -         
bmc_cpld_i2c_ram.i2c_slave_bmc_u0.r_i2c_data_in_178[0]            ORCALUT4     Z        Out     0.449     10.278 r     -         
r_i2c_data_in_178[0]                                              Net          -        -       -         -            1         
bmc_cpld_i2c_ram.r_i2c_data_in[0]                                 FD1S3DX      D        In      0.000     10.278 r     -         
=================================================================================================================================


Path information for path number 2: 
      Requested Period:                      10.000
    - Setup time:                            0.106
    + Clock delay at ending point:           0.000 (ideal)
    = Required time:                         9.894

    - Propagation time:                      10.278
    - Clock delay at starting point:         0.000 (ideal)
    = Slack (critical) :                     -0.383

    Number of logic level(s):                9
    Starting point:                          bmc_cpld_i2c_ram.i2c_slave_bmc_u0.r_i2c_command[0] / Q
    Ending point:                            bmc_cpld_i2c_ram.r_i2c_data_in[7] / D
    The start point is clocked by            pll_i25M_o50M_o25M|CLKOS_inferred_clock [rising] (rise=0.000 fall=5.000 period=10.000) on pin CK
    The end   point is clocked by            pll_i25M_o50M_o25M|CLKOS_inferred_clock [rising] (rise=0.000 fall=5.000 period=10.000) on pin CK

Instance / Net                                                                 Pin      Pin               Arrival      No. of    
Name                                                              Type         Name     Dir     Delay     Time         Fan Out(s)
---------------------------------------------------------------------------------------------------------------------------------
bmc_cpld_i2c_ram.i2c_slave_bmc_u0.r_i2c_command[0]                FD1S3BX      Q        Out     1.630     1.630 r      -         
w_i2c_command[0]                                                  Net          -        -       -         -            223       
bmc_cpld_i2c_ram.i2c_slave_bmc_u0.r_i2c_command_RNIUIHH_0[2]      ORCALUT4     A        In      0.000     1.630 r      -         
bmc_cpld_i2c_ram.i2c_slave_bmc_u0.r_i2c_command_RNIUIHH_0[2]      ORCALUT4     Z        Out     1.277     2.907 f      -         
N_143                                                             Net          -        -       -         -            10        
bmc_cpld_i2c_ram.i2c_slave_bmc_u0.r_reg_01314_0_a2_0_RNIH1I22     ORCALUT4     C        In      0.000     2.907 f      -         
bmc_cpld_i2c_ram.i2c_slave_bmc_u0.r_reg_01314_0_a2_0_RNIH1I22     ORCALUT4     Z        Out     1.017     3.924 r      -         
r_i2c_data_in_178_sn_m129_0_0_0                                   Net          -        -       -         -            1         
bmc_cpld_i2c_ram.i2c_slave_bmc_u0.r_i2c_command_RNI16EE3[4]       ORCALUT4     B        In      0.000     3.924 r      -         
bmc_cpld_i2c_ram.i2c_slave_bmc_u0.r_i2c_command_RNI16EE3[4]       ORCALUT4     Z        Out     1.017     4.941 r      -         
r_i2c_data_in_178_sn_m129_0_0_3                                   Net          -        -       -         -            1         
bmc_cpld_i2c_ram.i2c_slave_bmc_u0.r_i2c_command_RNIORDT5[4]       ORCALUT4     C        In      0.000     4.941 r      -         
bmc_cpld_i2c_ram.i2c_slave_bmc_u0.r_i2c_command_RNIORDT5[4]       ORCALUT4     Z        Out     1.017     5.957 r      -         
r_i2c_data_in_178_sn_m129_0_0_5                                   Net          -        -       -         -            1         
bmc_cpld_i2c_ram.i2c_slave_bmc_u0.r_i2c_command_RNIIUNM9[6]       ORCALUT4     B        In      0.000     5.957 r      -         
bmc_cpld_i2c_ram.i2c_slave_bmc_u0.r_i2c_command_RNIIUNM9[6]       ORCALUT4     Z        Out     1.249     7.206 r      -         
r_i2c_data_in_178_sn_N_130                                        Net          -        -       -         -            7         
bmc_cpld_i2c_ram.i2c_slave_bmc_u0.r_i2c_data_in_178_174_s[7]      ORCALUT4     A        In      0.000     7.206 r      -         
bmc_cpld_i2c_ram.i2c_slave_bmc_u0.r_i2c_data_in_178_174_s[7]      ORCALUT4     Z        Out     1.089     8.295 f      -         
r_i2c_data_in_178_174_s[7]                                        Net          -        -       -         -            2         
bmc_cpld_i2c_ram.i2c_slave_bmc_u0.r_i2c_data_in_178_174[7]        PFUMX        C0       In      0.000     8.295 f      -         
bmc_cpld_i2c_ram.i2c_slave_bmc_u0.r_i2c_data_in_178_174[7]        PFUMX        Z        Out     0.802     9.097 r      -         
N_1639                                                            Net          -        -       -         -            1         
bmc_cpld_i2c_ram.i2c_slave_bmc_u0.r_i2c_data_in_178_d[7]          L6MUX21      D1       In      0.000     9.097 r      -         
bmc_cpld_i2c_ram.i2c_slave_bmc_u0.r_i2c_data_in_178_d[7]          L6MUX21      Z        Out     0.732     9.829 r      -         
r_i2c_data_in_178_d[7]                                            Net          -        -       -         -            1         
bmc_cpld_i2c_ram.i2c_slave_bmc_u0.r_i2c_data_in_178[7]            ORCALUT4     A        In      0.000     9.829 r      -         
bmc_cpld_i2c_ram.i2c_slave_bmc_u0.r_i2c_data_in_178[7]            ORCALUT4     Z        Out     0.449     10.278 r     -         
r_i2c_data_in_178[7]                                              Net          -        -       -         -            1         
bmc_cpld_i2c_ram.r_i2c_data_in[7]                                 FD1S3DX      D        In      0.000     10.278 r     -         
=================================================================================================================================


Path information for path number 3: 
      Requested Period:                      10.000
    - Setup time:                            0.106
    + Clock delay at ending point:           0.000 (ideal)
    = Required time:                         9.894

    - Propagation time:                      10.258
    - Clock delay at starting point:         0.000 (ideal)
    = Slack (non-critical) :                 -0.363

    Number of logic level(s):                9
    Starting point:                          bmc_cpld_i2c_ram.i2c_slave_bmc_u0.r_i2c_command[1] / Q
    Ending point:                            bmc_cpld_i2c_ram.r_i2c_data_in[0] / D
    The start point is clocked by            pll_i25M_o50M_o25M|CLKOS_inferred_clock [rising] (rise=0.000 fall=5.000 period=10.000) on pin CK
    The end   point is clocked by            pll_i25M_o50M_o25M|CLKOS_inferred_clock [rising] (rise=0.000 fall=5.000 period=10.000) on pin CK

Instance / Net                                                                 Pin      Pin               Arrival      No. of    
Name                                                              Type         Name     Dir     Delay     Time         Fan Out(s)
---------------------------------------------------------------------------------------------------------------------------------
bmc_cpld_i2c_ram.i2c_slave_bmc_u0.r_i2c_command[1]                FD1S3BX      Q        Out     1.614     1.614 r      -         
w_i2c_command[1]                                                  Net          -        -       -         -            213       
bmc_cpld_i2c_ram.i2c_slave_bmc_u0.r_i2c_command_RNIVJHH[2]        ORCALUT4     A        In      0.000     1.614 r      -         
bmc_cpld_i2c_ram.i2c_slave_bmc_u0.r_i2c_command_RNIVJHH[2]        ORCALUT4     Z        Out     1.273     2.887 r      -         
N_134                                                             Net          -        -       -         -            9         
bmc_cpld_i2c_ram.i2c_slave_bmc_u0.r_reg_01314_0_a2_0_RNIH1I22     ORCALUT4     A        In      0.000     2.887 r      -         
bmc_cpld_i2c_ram.i2c_slave_bmc_u0.r_reg_01314_0_a2_0_RNIH1I22     ORCALUT4     Z        Out     1.017     3.904 f      -         
r_i2c_data_in_178_sn_m129_0_0_0                                   Net          -        -       -         -            1         
bmc_cpld_i2c_ram.i2c_slave_bmc_u0.r_i2c_command_RNI16EE3[4]       ORCALUT4     B        In      0.000     3.904 f      -         
bmc_cpld_i2c_ram.i2c_slave_bmc_u0.r_i2c_command_RNI16EE3[4]       ORCALUT4     Z        Out     1.017     4.921 f      -         
r_i2c_data_in_178_sn_m129_0_0_3                                   Net          -        -       -         -            1         
bmc_cpld_i2c_ram.i2c_slave_bmc_u0.r_i2c_command_RNIORDT5[4]       ORCALUT4     C        In      0.000     4.921 f      -         
bmc_cpld_i2c_ram.i2c_slave_bmc_u0.r_i2c_command_RNIORDT5[4]       ORCALUT4     Z        Out     1.017     5.937 f      -         
r_i2c_data_in_178_sn_m129_0_0_5                                   Net          -        -       -         -            1         
bmc_cpld_i2c_ram.i2c_slave_bmc_u0.r_i2c_command_RNIIUNM9[6]       ORCALUT4     B        In      0.000     5.937 f      -         
bmc_cpld_i2c_ram.i2c_slave_bmc_u0.r_i2c_command_RNIIUNM9[6]       ORCALUT4     Z        Out     1.249     7.186 f      -         
r_i2c_data_in_178_sn_N_130                                        Net          -        -       -         -            7         
bmc_cpld_i2c_ram.i2c_slave_bmc_u0.r_i2c_data_in_178_174_s[7]      ORCALUT4     A        In      0.000     7.186 f      -         
bmc_cpld_i2c_ram.i2c_slave_bmc_u0.r_i2c_data_in_178_174_s[7]      ORCALUT4     Z        Out     1.089     8.275 r      -         
r_i2c_data_in_178_174_s[7]                                        Net          -        -       -         -            2         
bmc_cpld_i2c_ram.i2c_slave_bmc_u0.r_i2c_data_in_178_174[0]        PFUMX        C0       In      0.000     8.275 r      -         
bmc_cpld_i2c_ram.i2c_slave_bmc_u0.r_i2c_data_in_178_174[0]        PFUMX        Z        Out     0.802     9.077 r      -         
N_1632                                                            Net          -        -       -         -            1         
bmc_cpld_i2c_ram.i2c_slave_bmc_u0.r_i2c_data_in_178_d[0]          L6MUX21      D1       In      0.000     9.077 r      -         
bmc_cpld_i2c_ram.i2c_slave_bmc_u0.r_i2c_data_in_178_d[0]          L6MUX21      Z        Out     0.732     9.809 r      -         
r_i2c_data_in_178_d[0]                                            Net          -        -       -         -            1         
bmc_cpld_i2c_ram.i2c_slave_bmc_u0.r_i2c_data_in_178[0]            ORCALUT4     A        In      0.000     9.809 r      -         
bmc_cpld_i2c_ram.i2c_slave_bmc_u0.r_i2c_data_in_178[0]            ORCALUT4     Z        Out     0.449     10.258 r     -         
r_i2c_data_in_178[0]                                              Net          -        -       -         -            1         
bmc_cpld_i2c_ram.r_i2c_data_in[0]                                 FD1S3DX      D        In      0.000     10.258 r     -         
=================================================================================================================================


Path information for path number 4: 
      Requested Period:                      10.000
    - Setup time:                            0.106
    + Clock delay at ending point:           0.000 (ideal)
    = Required time:                         9.894

    - Propagation time:                      10.258
    - Clock delay at starting point:         0.000 (ideal)
    = Slack (non-critical) :                 -0.363

    Number of logic level(s):                9
    Starting point:                          bmc_cpld_i2c_ram.i2c_slave_bmc_u0.r_i2c_command[1] / Q
    Ending point:                            bmc_cpld_i2c_ram.r_i2c_data_in[7] / D
    The start point is clocked by            pll_i25M_o50M_o25M|CLKOS_inferred_clock [rising] (rise=0.000 fall=5.000 period=10.000) on pin CK
    The end   point is clocked by            pll_i25M_o50M_o25M|CLKOS_inferred_clock [rising] (rise=0.000 fall=5.000 period=10.000) on pin CK

Instance / Net                                                                 Pin      Pin               Arrival      No. of    
Name                                                              Type         Name     Dir     Delay     Time         Fan Out(s)
---------------------------------------------------------------------------------------------------------------------------------
bmc_cpld_i2c_ram.i2c_slave_bmc_u0.r_i2c_command[1]                FD1S3BX      Q        Out     1.614     1.614 r      -         
w_i2c_command[1]                                                  Net          -        -       -         -            213       
bmc_cpld_i2c_ram.i2c_slave_bmc_u0.r_i2c_command_RNIVJHH[2]        ORCALUT4     A        In      0.000     1.614 r      -         
bmc_cpld_i2c_ram.i2c_slave_bmc_u0.r_i2c_command_RNIVJHH[2]        ORCALUT4     Z        Out     1.273     2.887 r      -         
N_134                                                             Net          -        -       -         -            9         
bmc_cpld_i2c_ram.i2c_slave_bmc_u0.r_reg_01314_0_a2_0_RNIH1I22     ORCALUT4     A        In      0.000     2.887 r      -         
bmc_cpld_i2c_ram.i2c_slave_bmc_u0.r_reg_01314_0_a2_0_RNIH1I22     ORCALUT4     Z        Out     1.017     3.904 f      -         
r_i2c_data_in_178_sn_m129_0_0_0                                   Net          -        -       -         -            1         
bmc_cpld_i2c_ram.i2c_slave_bmc_u0.r_i2c_command_RNI16EE3[4]       ORCALUT4     B        In      0.000     3.904 f      -         
bmc_cpld_i2c_ram.i2c_slave_bmc_u0.r_i2c_command_RNI16EE3[4]       ORCALUT4     Z        Out     1.017     4.921 f      -         
r_i2c_data_in_178_sn_m129_0_0_3                                   Net          -        -       -         -            1         
bmc_cpld_i2c_ram.i2c_slave_bmc_u0.r_i2c_command_RNIORDT5[4]       ORCALUT4     C        In      0.000     4.921 f      -         
bmc_cpld_i2c_ram.i2c_slave_bmc_u0.r_i2c_command_RNIORDT5[4]       ORCALUT4     Z        Out     1.017     5.937 f      -         
r_i2c_data_in_178_sn_m129_0_0_5                                   Net          -        -       -         -            1         
bmc_cpld_i2c_ram.i2c_slave_bmc_u0.r_i2c_command_RNIIUNM9[6]       ORCALUT4     B        In      0.000     5.937 f      -         
bmc_cpld_i2c_ram.i2c_slave_bmc_u0.r_i2c_command_RNIIUNM9[6]       ORCALUT4     Z        Out     1.249     7.186 f      -         
r_i2c_data_in_178_sn_N_130                                        Net          -        -       -         -            7         
bmc_cpld_i2c_ram.i2c_slave_bmc_u0.r_i2c_data_in_178_174_s[7]      ORCALUT4     A        In      0.000     7.186 f      -         
bmc_cpld_i2c_ram.i2c_slave_bmc_u0.r_i2c_data_in_178_174_s[7]      ORCALUT4     Z        Out     1.089     8.275 r      -         
r_i2c_data_in_178_174_s[7]                                        Net          -        -       -         -            2         
bmc_cpld_i2c_ram.i2c_slave_bmc_u0.r_i2c_data_in_178_174[7]        PFUMX        C0       In      0.000     8.275 r      -         
bmc_cpld_i2c_ram.i2c_slave_bmc_u0.r_i2c_data_in_178_174[7]        PFUMX        Z        Out     0.802     9.077 r      -         
N_1639                                                            Net          -        -       -         -            1         
bmc_cpld_i2c_ram.i2c_slave_bmc_u0.r_i2c_data_in_178_d[7]          L6MUX21      D1       In      0.000     9.077 r      -         
bmc_cpld_i2c_ram.i2c_slave_bmc_u0.r_i2c_data_in_178_d[7]          L6MUX21      Z        Out     0.732     9.809 r      -         
r_i2c_data_in_178_d[7]                                            Net          -        -       -         -            1         
bmc_cpld_i2c_ram.i2c_slave_bmc_u0.r_i2c_data_in_178[7]            ORCALUT4     A        In      0.000     9.809 r      -         
bmc_cpld_i2c_ram.i2c_slave_bmc_u0.r_i2c_data_in_178[7]            ORCALUT4     Z        Out     0.449     10.258 r     -         
r_i2c_data_in_178[7]                                              Net          -        -       -         -            1         
bmc_cpld_i2c_ram.r_i2c_data_in[7]                                 FD1S3DX      D        In      0.000     10.258 r     -         
=================================================================================================================================


Path information for path number 5: 
      Requested Period:                      10.000
    - Setup time:                            0.106
    + Clock delay at ending point:           0.000 (ideal)
    = Required time:                         9.894

    - Propagation time:                      10.249
    - Clock delay at starting point:         0.000 (ideal)
    = Slack (non-critical) :                 -0.354

    Number of logic level(s):                9
    Starting point:                          bmc_cpld_i2c_ram.i2c_slave_bmc_u0.r_i2c_command[2] / Q
    Ending point:                            bmc_cpld_i2c_ram.r_i2c_data_in[0] / D
    The start point is clocked by            pll_i25M_o50M_o25M|CLKOS_inferred_clock [rising] (rise=0.000 fall=5.000 period=10.000) on pin CK
    The end   point is clocked by            pll_i25M_o50M_o25M|CLKOS_inferred_clock [rising] (rise=0.000 fall=5.000 period=10.000) on pin CK

Instance / Net                                                                 Pin      Pin               Arrival      No. of    
Name                                                              Type         Name     Dir     Delay     Time         Fan Out(s)
---------------------------------------------------------------------------------------------------------------------------------
bmc_cpld_i2c_ram.i2c_slave_bmc_u0.r_i2c_command[2]                FD1S3BX      Q        Out     1.601     1.601 r      -         
w_i2c_command[2]                                                  Net          -        -       -         -            205       
bmc_cpld_i2c_ram.i2c_slave_bmc_u0.r_i2c_command_RNIUIHH_0[2]      ORCALUT4     B        In      0.000     1.601 r      -         
bmc_cpld_i2c_ram.i2c_slave_bmc_u0.r_i2c_command_RNIUIHH_0[2]      ORCALUT4     Z        Out     1.277     2.878 f      -         
N_143                                                             Net          -        -       -         -            10        
bmc_cpld_i2c_ram.i2c_slave_bmc_u0.r_reg_01314_0_a2_0_RNIH1I22     ORCALUT4     C        In      0.000     2.878 f      -         
bmc_cpld_i2c_ram.i2c_slave_bmc_u0.r_reg_01314_0_a2_0_RNIH1I22     ORCALUT4     Z        Out     1.017     3.895 r      -         
r_i2c_data_in_178_sn_m129_0_0_0                                   Net          -        -       -         -            1         
bmc_cpld_i2c_ram.i2c_slave_bmc_u0.r_i2c_command_RNI16EE3[4]       ORCALUT4     B        In      0.000     3.895 r      -         
bmc_cpld_i2c_ram.i2c_slave_bmc_u0.r_i2c_command_RNI16EE3[4]       ORCALUT4     Z        Out     1.017     4.912 r      -         
r_i2c_data_in_178_sn_m129_0_0_3                                   Net          -        -       -         -            1         
bmc_cpld_i2c_ram.i2c_slave_bmc_u0.r_i2c_command_RNIORDT5[4]       ORCALUT4     C        In      0.000     4.912 r      -         
bmc_cpld_i2c_ram.i2c_slave_bmc_u0.r_i2c_command_RNIORDT5[4]       ORCALUT4     Z        Out     1.017     5.929 r      -         
r_i2c_data_in_178_sn_m129_0_0_5                                   Net          -        -       -         -            1         
bmc_cpld_i2c_ram.i2c_slave_bmc_u0.r_i2c_command_RNIIUNM9[6]       ORCALUT4     B        In      0.000     5.929 r      -         
bmc_cpld_i2c_ram.i2c_slave_bmc_u0.r_i2c_command_RNIIUNM9[6]       ORCALUT4     Z        Out     1.249     7.177 r      -         
r_i2c_data_in_178_sn_N_130                                        Net          -        -       -         -            7         
bmc_cpld_i2c_ram.i2c_slave_bmc_u0.r_i2c_data_in_178_174_s[7]      ORCALUT4     A        In      0.000     7.177 r      -         
bmc_cpld_i2c_ram.i2c_slave_bmc_u0.r_i2c_data_in_178_174_s[7]      ORCALUT4     Z        Out     1.089     8.266 f      -         
r_i2c_data_in_178_174_s[7]                                        Net          -        -       -         -            2         
bmc_cpld_i2c_ram.i2c_slave_bmc_u0.r_i2c_data_in_178_174[0]        PFUMX        C0       In      0.000     8.266 f      -         
bmc_cpld_i2c_ram.i2c_slave_bmc_u0.r_i2c_data_in_178_174[0]        PFUMX        Z        Out     0.802     9.068 r      -         
N_1632                                                            Net          -        -       -         -            1         
bmc_cpld_i2c_ram.i2c_slave_bmc_u0.r_i2c_data_in_178_d[0]          L6MUX21      D1       In      0.000     9.068 r      -         
bmc_cpld_i2c_ram.i2c_slave_bmc_u0.r_i2c_data_in_178_d[0]          L6MUX21      Z        Out     0.732     9.800 r      -         
r_i2c_data_in_178_d[0]                                            Net          -        -       -         -            1         
bmc_cpld_i2c_ram.i2c_slave_bmc_u0.r_i2c_data_in_178[0]            ORCALUT4     A        In      0.000     9.800 r      -         
bmc_cpld_i2c_ram.i2c_slave_bmc_u0.r_i2c_data_in_178[0]            ORCALUT4     Z        Out     0.449     10.249 r     -         
r_i2c_data_in_178[0]                                              Net          -        -       -         -            1         
bmc_cpld_i2c_ram.r_i2c_data_in[0]                                 FD1S3DX      D        In      0.000     10.249 r     -         
=================================================================================================================================




====================================
Detailed Report for Clock: System
====================================



Starting Points with Worst Slack
********************************

                                                        Starting                                                 Arrival          
Instance                                                Reference     Type        Pin     Net                    Time        Slack
                                                        Clock                                                                     
----------------------------------------------------------------------------------------------------------------------------------
bmc_cpld_i2c_ram.i2c_slave_bmc_u0.w_i2c_command[1]      System        FD1S1AY     Q       un6_0_4                1.108       1.320
bmc_cpld_i2c_ram.i2c_slave_bmc_u0.w_i2c_command[2]      System        FD1S1AY     Q       w_i2c_command_0[2]     1.044       1.527
bmc_cpld_i2c_ram.i2c_slave_bmc_u0.w_i2c_command[3]      System        FD1S1AY     Q       w_i2c_command_0[3]     1.044       1.527
bmc_cpld_i2c_ram.i2c_slave_bmc_u0.w_i2c_command[4]      System        FD1S1AY     Q       w_i2c_command_0[4]     1.044       1.670
bmc_cpld_i2c_ram.i2c_slave_bmc_u0.w_i2c_command[5]      System        FD1S1AY     Q       w_i2c_command_0[5]     1.044       1.670
bmc_cpld_i2c_ram.i2c_slave_bmc_u0.w_i2c_command[6]      System        FD1S1AY     Q       w_i2c_command_0[6]     1.044       1.813
bmc_cpld_i2c_ram.i2c_slave_bmc_u0.w_i2c_command[7]      System        FD1S1AY     Q       w_i2c_command_0[7]     1.044       1.813
bmc_cpld_i2c_ram.i2c_slave_bmc_u0.w_i2c_command[8]      System        FD1S1AY     Q       w_i2c_command_0[8]     1.044       1.956
bmc_cpld_i2c_ram.i2c_slave_bmc_u0.w_i2c_command[9]      System        FD1S1AY     Q       w_i2c_command[9]       1.044       1.956
bmc_cpld_i2c_ram.i2c_slave_bmc_u0.w_i2c_command[10]     System        FD1S1AY     Q       w_i2c_command[10]      1.044       2.098
==================================================================================================================================


Ending Points with Worst Slack
******************************

                                                        Starting                                      Required          
Instance                                                Reference     Type        Pin     Net         Time         Slack
                                                        Clock                                                           
------------------------------------------------------------------------------------------------------------------------
bmc_cpld_i2c_ram.i2c_slave_bmc_u0.r_i2c_command[15]     System        FD1S3BX     D       un6[15]     10.089       1.320
bmc_cpld_i2c_ram.i2c_slave_bmc_u0.r_i2c_command[13]     System        FD1S3BX     D       un6[13]     10.089       1.463
bmc_cpld_i2c_ram.i2c_slave_bmc_u0.r_i2c_command[14]     System        FD1S3BX     D       un6[14]     10.089       1.463
bmc_cpld_i2c_ram.i2c_slave_bmc_u0.r_i2c_command[11]     System        FD1S3BX     D       un6[11]     10.089       1.606
bmc_cpld_i2c_ram.i2c_slave_bmc_u0.r_i2c_command[12]     System        FD1S3BX     D       un6[12]     10.089       1.606
bmc_cpld_i2c_ram.i2c_slave_bmc_u0.r_i2c_command[9]      System        FD1S3BX     D       un6[9]      10.089       1.749
bmc_cpld_i2c_ram.i2c_slave_bmc_u0.r_i2c_command[10]     System        FD1S3BX     D       un6[10]     10.089       1.749
bmc_cpld_i2c_ram.i2c_slave_bmc_u0.r_i2c_command[7]      System        FD1S3BX     D       un6[7]      10.089       1.892
bmc_cpld_i2c_ram.i2c_slave_bmc_u0.r_i2c_command[8]      System        FD1S3BX     D       un6[8]      10.089       1.892
bmc_cpld_i2c_ram.i2c_slave_bmc_u0.r_i2c_command[5]      System        FD1S3BX     D       un6[5]      10.089       2.034
========================================================================================================================



Worst Path Information
***********************


Path information for path number 1: 
      Requested Period:                      10.000
    - Setup time:                            -0.089
    + Clock delay at ending point:           0.000 (ideal)
    = Required time:                         10.089

    - Propagation time:                      8.768
    - Clock delay at starting point:         0.000 (ideal)
    - Estimated clock delay at start point:  -0.000
    = Slack (non-critical) :                 1.320

    Number of logic level(s):                11
    Starting point:                          bmc_cpld_i2c_ram.i2c_slave_bmc_u0.w_i2c_command[1] / Q
    Ending point:                            bmc_cpld_i2c_ram.i2c_slave_bmc_u0.r_i2c_command[15] / D
    The start point is clocked by            System [rising] on pin CK
    The end   point is clocked by            pll_i25M_o50M_o25M|CLKOS_inferred_clock [rising] (rise=0.000 fall=5.000 period=10.000) on pin CK

Instance / Net                                                       Pin      Pin               Arrival     No. of    
Name                                                    Type         Name     Dir     Delay     Time        Fan Out(s)
----------------------------------------------------------------------------------------------------------------------
bmc_cpld_i2c_ram.i2c_slave_bmc_u0.w_i2c_command[1]      FD1S1AY      Q        Out     1.108     1.108 r     -         
un6_0_4                                                 Net          -        -       -         -           3         
bmc_cpld_i2c_ram.i2c_slave_bmc_u0.un6_0_4_cry_1_0       CCU2D        A1       In      0.000     1.108 r     -         
bmc_cpld_i2c_ram.i2c_slave_bmc_u0.un6_0_4_cry_1_0       CCU2D        COUT     Out     1.544     2.652 r     -         
un6_0_4_cry_1                                           Net          -        -       -         -           1         
bmc_cpld_i2c_ram.i2c_slave_bmc_u0.un6_0_4_cry_2_0       CCU2D        CIN      In      0.000     2.652 r     -         
bmc_cpld_i2c_ram.i2c_slave_bmc_u0.un6_0_4_cry_2_0       CCU2D        S0       Out     1.549     4.201 r     -         
un6_0_4[2]                                              Net          -        -       -         -           1         
bmc_cpld_i2c_ram.i2c_slave_bmc_u0.un6_0_cry_1_0         CCU2D        A1       In      0.000     4.201 r     -         
bmc_cpld_i2c_ram.i2c_slave_bmc_u0.un6_0_cry_1_0         CCU2D        COUT     Out     1.544     5.746 r     -         
un6_0_cry_2                                             Net          -        -       -         -           1         
bmc_cpld_i2c_ram.i2c_slave_bmc_u0.un6_0_cry_3_0         CCU2D        CIN      In      0.000     5.746 r     -         
bmc_cpld_i2c_ram.i2c_slave_bmc_u0.un6_0_cry_3_0         CCU2D        COUT     Out     0.143     5.889 r     -         
un6_0_cry_4                                             Net          -        -       -         -           1         
bmc_cpld_i2c_ram.i2c_slave_bmc_u0.un6_0_cry_5_0         CCU2D        CIN      In      0.000     5.889 r     -         
bmc_cpld_i2c_ram.i2c_slave_bmc_u0.un6_0_cry_5_0         CCU2D        COUT     Out     0.143     6.031 r     -         
un6_0_cry_6                                             Net          -        -       -         -           1         
bmc_cpld_i2c_ram.i2c_slave_bmc_u0.un6_0_cry_7_0         CCU2D        CIN      In      0.000     6.031 r     -         
bmc_cpld_i2c_ram.i2c_slave_bmc_u0.un6_0_cry_7_0         CCU2D        COUT     Out     0.143     6.174 r     -         
un6_0_cry_8                                             Net          -        -       -         -           1         
bmc_cpld_i2c_ram.i2c_slave_bmc_u0.un6_0_cry_9_0         CCU2D        CIN      In      0.000     6.174 r     -         
bmc_cpld_i2c_ram.i2c_slave_bmc_u0.un6_0_cry_9_0         CCU2D        COUT     Out     0.143     6.317 r     -         
un6_0_cry_10                                            Net          -        -       -         -           1         
bmc_cpld_i2c_ram.i2c_slave_bmc_u0.un6_0_cry_11_0        CCU2D        CIN      In      0.000     6.317 r     -         
bmc_cpld_i2c_ram.i2c_slave_bmc_u0.un6_0_cry_11_0        CCU2D        COUT     Out     0.143     6.460 r     -         
un6_0_cry_12                                            Net          -        -       -         -           1         
bmc_cpld_i2c_ram.i2c_slave_bmc_u0.un6_0_cry_13_0        CCU2D        CIN      In      0.000     6.460 r     -         
bmc_cpld_i2c_ram.i2c_slave_bmc_u0.un6_0_cry_13_0        CCU2D        COUT     Out     0.143     6.603 r     -         
un6_0_cry_14                                            Net          -        -       -         -           1         
bmc_cpld_i2c_ram.i2c_slave_bmc_u0.un6_0_s_15_0          CCU2D        CIN      In      0.000     6.603 r     -         
bmc_cpld_i2c_ram.i2c_slave_bmc_u0.un6_0_s_15_0          CCU2D        S0       Out     1.549     8.152 r     -         
un60[15]                                                Net          -        -       -         -           1         
bmc_cpld_i2c_ram.i2c_slave_bmc_u0.un6_m[15]             ORCALUT4     C        In      0.000     8.152 r     -         
bmc_cpld_i2c_ram.i2c_slave_bmc_u0.un6_m[15]             ORCALUT4     Z        Out     0.617     8.768 r     -         
un6[15]                                                 Net          -        -       -         -           1         
bmc_cpld_i2c_ram.i2c_slave_bmc_u0.r_i2c_command[15]     FD1S3BX      D        In      0.000     8.768 r     -         
======================================================================================================================



##### END OF TIMING REPORT #####]

Timing exceptions that could not be applied

Finished final timing analysis (Real Time elapsed 0h:00m:42s; CPU Time elapsed 0h:00m:39s; Memory used current: 296MB peak: 304MB)


Finished timing report (Real Time elapsed 0h:00m:42s; CPU Time elapsed 0h:00m:39s; Memory used current: 296MB peak: 304MB)

---------------------------------------
Resource Usage Report
Part: lcmxo3lf_6900c-5

Register bits: 2112 of 54912 (4%)
Latch bits:      22
PIC Latch:       0
I/O cells:       292


Details:
BB:             3
CCU2D:          428
EFB:            1
EHXPLLJ:        1
FD1P3AX:        8
FD1P3BX:        113
FD1P3DX:        893
FD1S1AY:        16
FD1S1D:         6
FD1S3AX:        2
FD1S3BX:        175
FD1S3DX:        853
GSR:            1
IB:             137
IFS1P3BX:       37
IFS1P3DX:       19
INV:            44
L6MUX21:        79
OB:             138
OBZ:            14
OFS1P3BX:       1
OFS1P3DX:       11
ORCALUT4:       3059
OSCH:           1
PFUMX:          227
PUR:            1
VHI:            123
VLO:            93
Mapper successful!

At Mapper Exit (Real Time elapsed 0h:00m:43s; CPU Time elapsed 0h:00m:40s; Memory used current: 95MB peak: 304MB)

Process took 0h:00m:44s realtime, 0h:00m:41s cputime
# Sat Feb  8 10:32:38 2025

###########################################################]


Synthesis exit by 0.

edif2ngd  -l "MachXO3LF" -d LCMXO3LF-6900C -path "D:/Project/CNIT-K/8U SW/code/V10/4port/BP_4S104G5/pro/impl1" -path "D:/Project/CNIT-K/8U SW/code/V10/4port/BP_4S104G5/pro"   "D:/Project/CNIT-K/8U SW/code/V10/4port/BP_4S104G5/pro/impl1/BP_4S104G5_impl1.edi" "BP_4S104G5_impl1.ngo"   
edif2ngd:  version Diamond (64-bit) 3.12.0.240.2

Copyright (c) 1991-1994 by NeoCAD Inc. All rights reserved.
Copyright (c) 1995 AT&T Corp.   All rights reserved.
Copyright (c) 1995-2001 Lucent Technologies Inc.  All rights reserved.
Copyright (c) 2001 Agere Systems   All rights reserved.
Copyright (c) 2002-2020 Lattice Semiconductor Corporation,  All rights reserved.
    <postMsg mid="1121028" type="Warning" dynamic="1" navigation="0" arg0="DLY_LEN"  />
    <postMsg mid="1121028" type="Warning" dynamic="1" navigation="0" arg0="TOTAL_STAGES"  />
    <postMsg mid="1121028" type="Warning" dynamic="1" navigation="0" arg0="TOTAL_STAGES"  />
    <postMsg mid="1121028" type="Warning" dynamic="1" navigation="0" arg0="DLY_LEN"  />
    <postMsg mid="1121028" type="Warning" dynamic="1" navigation="0" arg0="DLY_LEN"  />
    <postMsg mid="1121028" type="Warning" dynamic="1" navigation="0" arg0="Z"  />
    <postMsg mid="1121028" type="Warning" dynamic="1" navigation="0" arg0="MAX_VALUE"  />
    <postMsg mid="1121028" type="Warning" dynamic="1" navigation="0" arg0="Z"  />
    <postMsg mid="1121028" type="Warning" dynamic="1" navigation="0" arg0="MAX_VALUE"  />
    <postMsg mid="1121028" type="Warning" dynamic="1" navigation="0" arg0="Z"  />
    <postMsg mid="1121028" type="Warning" dynamic="1" navigation="0" arg0="MAX_VALUE"  />
    <postMsg mid="1121028" type="Warning" dynamic="1" navigation="0" arg0="Z"  />
    <postMsg mid="1121028" type="Warning" dynamic="1" navigation="0" arg0="MAX_VALUE"  />
    <postMsg mid="1121028" type="Warning" dynamic="1" navigation="0" arg0="Z"  />
    <postMsg mid="1121028" type="Warning" dynamic="1" navigation="0" arg0="MAX_VALUE"  />
    <postMsg mid="1121028" type="Warning" dynamic="1" navigation="0" arg0="Z"  />
    <postMsg mid="1121028" type="Warning" dynamic="1" navigation="0" arg0="MAX_VALUE"  />
    <postMsg mid="1121028" type="Warning" dynamic="1" navigation="0" arg0="Z"  />
    <postMsg mid="1121028" type="Warning" dynamic="1" navigation="0" arg0="MAX_VALUE"  />
    <postMsg mid="1121028" type="Warning" dynamic="1" navigation="0" arg0="Z"  />
    <postMsg mid="1121028" type="Warning" dynamic="1" navigation="0" arg0="MAX_VALUE"  />
    <postMsg mid="1121028" type="Warning" dynamic="1" navigation="0" arg0="Z"  />
    <postMsg mid="1121028" type="Warning" dynamic="1" navigation="0" arg0="MAX_VALUE"  />
    <postMsg mid="1121028" type="Warning" dynamic="1" navigation="0" arg0="Z"  />
    <postMsg mid="1121028" type="Warning" dynamic="1" navigation="0" arg0="MAX_VALUE"  />
    <postMsg mid="1121028" type="Warning" dynamic="1" navigation="0" arg0="Z"  />
    <postMsg mid="1121028" type="Warning" dynamic="1" navigation="0" arg0="MAX_VALUE"  />
    <postMsg mid="1121028" type="Warning" dynamic="1" navigation="0" arg0="Z"  />
    <postMsg mid="1121028" type="Warning" dynamic="1" navigation="0" arg0="MAX_VALUE"  />
    <postMsg mid="1121028" type="Warning" dynamic="1" navigation="0" arg0="Z"  />
    <postMsg mid="1121028" type="Warning" dynamic="1" navigation="0" arg0="MAX_VALUE"  />
    <postMsg mid="1121028" type="Warning" dynamic="1" navigation="0" arg0="Z"  />
    <postMsg mid="1121028" type="Warning" dynamic="1" navigation="0" arg0="MAX_VALUE"  />
    <postMsg mid="1121028" type="Warning" dynamic="1" navigation="0" arg0="Z"  />
    <postMsg mid="1121028" type="Warning" dynamic="1" navigation="0" arg0="MAX_VALUE"  />
    <postMsg mid="1121028" type="Warning" dynamic="1" navigation="0" arg0="Z"  />
    <postMsg mid="1121028" type="Warning" dynamic="1" navigation="0" arg0="MAX_VALUE"  />
    <postMsg mid="1121028" type="Warning" dynamic="1" navigation="0" arg0="Z"  />
    <postMsg mid="1121028" type="Warning" dynamic="1" navigation="0" arg0="MAX_VALUE"  />
    <postMsg mid="1121028" type="Warning" dynamic="1" navigation="0" arg0="Z"  />
    <postMsg mid="1121028" type="Warning" dynamic="1" navigation="0" arg0="MAX_VALUE"  />
    <postMsg mid="1121028" type="Warning" dynamic="1" navigation="0" arg0="Z"  />
    <postMsg mid="1121028" type="Warning" dynamic="1" navigation="0" arg0="MAX_VALUE"  />
    <postMsg mid="1121028" type="Warning" dynamic="1" navigation="0" arg0="Z"  />
    <postMsg mid="1121028" type="Warning" dynamic="1" navigation="0" arg0="MAX_VALUE"  />
    <postMsg mid="1121028" type="Warning" dynamic="1" navigation="0" arg0="Z"  />
    <postMsg mid="1121028" type="Warning" dynamic="1" navigation="0" arg0="MAX_VALUE"  />
    <postMsg mid="1121028" type="Warning" dynamic="1" navigation="0" arg0="Z"  />
    <postMsg mid="1121028" type="Warning" dynamic="1" navigation="0" arg0="MAX_VALUE"  />
    <postMsg mid="1121028" type="Warning" dynamic="1" navigation="0" arg0="Z"  />
    <postMsg mid="1121028" type="Warning" dynamic="1" navigation="0" arg0="MAX_VALUE"  />
    <postMsg mid="1121028" type="Warning" dynamic="1" navigation="0" arg0="Z"  />
    <postMsg mid="1121028" type="Warning" dynamic="1" navigation="0" arg0="MAX_VALUE"  />
    <postMsg mid="1121028" type="Warning" dynamic="1" navigation="0" arg0="Z"  />
    <postMsg mid="1121028" type="Warning" dynamic="1" navigation="0" arg0="MAX_VALUE"  />
    <postMsg mid="1121028" type="Warning" dynamic="1" navigation="0" arg0="Z"  />
    <postMsg mid="1121028" type="Warning" dynamic="1" navigation="0" arg0="MAX_VALUE"  />
    <postMsg mid="1121028" type="Warning" dynamic="1" navigation="0" arg0="Z"  />
    <postMsg mid="1121028" type="Warning" dynamic="1" navigation="0" arg0="MAX_VALUE"  />
    <postMsg mid="1121028" type="Warning" dynamic="1" navigation="0" arg0="Z"  />
    <postMsg mid="1121028" type="Warning" dynamic="1" navigation="0" arg0="MAX_VALUE"  />
    <postMsg mid="1121028" type="Warning" dynamic="1" navigation="0" arg0="Z"  />
    <postMsg mid="1121028" type="Warning" dynamic="1" navigation="0" arg0="MAX_VALUE"  />
    <postMsg mid="1121028" type="Warning" dynamic="1" navigation="0" arg0="Z"  />
    <postMsg mid="1121028" type="Warning" dynamic="1" navigation="0" arg0="MAX_VALUE"  />
    <postMsg mid="1121028" type="Warning" dynamic="1" navigation="0" arg0="Z"  />
    <postMsg mid="1121028" type="Warning" dynamic="1" navigation="0" arg0="MAX_VALUE"  />
    <postMsg mid="1121028" type="Warning" dynamic="1" navigation="0" arg0="Z"  />
    <postMsg mid="1121028" type="Warning" dynamic="1" navigation="0" arg0="MAX_VALUE"  />
    <postMsg mid="1121028" type="Warning" dynamic="1" navigation="0" arg0="Z"  />
    <postMsg mid="1121028" type="Warning" dynamic="1" navigation="0" arg0="MAX_VALUE"  />
    <postMsg mid="1121028" type="Warning" dynamic="1" navigation="0" arg0="Z"  />
    <postMsg mid="1121028" type="Warning" dynamic="1" navigation="0" arg0="Z"  />
    <postMsg mid="1121028" type="Warning" dynamic="1" navigation="0" arg0="MAX_VALUE"  />
    <postMsg mid="1121028" type="Warning" dynamic="1" navigation="0" arg0="Z"  />
    <postMsg mid="1121028" type="Warning" dynamic="1" navigation="0" arg0="MAX_VALUE"  />
    <postMsg mid="1121028" type="Warning" dynamic="1" navigation="0" arg0="Z"  />
    <postMsg mid="1121028" type="Warning" dynamic="1" navigation="0" arg0="MAX_VALUE"  />
    <postMsg mid="1121028" type="Warning" dynamic="1" navigation="0" arg0="Z"  />
    <postMsg mid="1121028" type="Warning" dynamic="1" navigation="0" arg0="MAX_VALUE"  />
    <postMsg mid="1121028" type="Warning" dynamic="1" navigation="0" arg0="Z"  />
    <postMsg mid="1121028" type="Warning" dynamic="1" navigation="0" arg0="MAX_VALUE"  />
    <postMsg mid="1121028" type="Warning" dynamic="1" navigation="0" arg0="Z"  />
    <postMsg mid="1121028" type="Warning" dynamic="1" navigation="0" arg0="MAX_VALUE"  />
    <postMsg mid="1121028" type="Warning" dynamic="1" navigation="0" arg0="Z"  />
    <postMsg mid="1121028" type="Warning" dynamic="1" navigation="0" arg0="MAX_VALUE"  />
    <postMsg mid="1121028" type="Warning" dynamic="1" navigation="0" arg0="Z"  />
    <postMsg mid="1121028" type="Warning" dynamic="1" navigation="0" arg0="MAX_VALUE"  />
    <postMsg mid="1121028" type="Warning" dynamic="1" navigation="0" arg0="Z"  />
    <postMsg mid="1121028" type="Warning" dynamic="1" navigation="0" arg0="MAX_VALUE"  />
    <postMsg mid="1121028" type="Warning" dynamic="1" navigation="0" arg0="Z"  />
    <postMsg mid="1121028" type="Warning" dynamic="1" navigation="0" arg0="MAX_VALUE"  />
    <postMsg mid="1121028" type="Warning" dynamic="1" navigation="0" arg0="Z"  />
    <postMsg mid="1121028" type="Warning" dynamic="1" navigation="0" arg0="MAX_VALUE"  />
    <postMsg mid="1121028" type="Warning" dynamic="1" navigation="0" arg0="Z"  />
    <postMsg mid="1121028" type="Warning" dynamic="1" navigation="0" arg0="MAX_VALUE"  />
    <postMsg mid="1121028" type="Warning" dynamic="1" navigation="0" arg0="DLY_LEN"  />
    <postMsg mid="1121028" type="Warning" dynamic="1" navigation="0" arg0="DLY_LEN"  />
    <postMsg mid="1121028" type="Warning" dynamic="1" navigation="0" arg0="MAX_VALUE"  />
    <postMsg mid="1121028" type="Warning" dynamic="1" navigation="0" arg0="MAX_VALUE"  />
    <postMsg mid="1121028" type="Warning" dynamic="1" navigation="0" arg0="MAX_VALUE"  />
    <postMsg mid="1121028" type="Warning" dynamic="1" navigation="0" arg0="FAN_PCT_100"  />
    <postMsg mid="1121028" type="Warning" dynamic="1" navigation="0" arg0="FAN_PCT_90"  />
    <postMsg mid="1121028" type="Warning" dynamic="1" navigation="0" arg0="FAN_PCT_80"  />
    <postMsg mid="1121028" type="Warning" dynamic="1" navigation="0" arg0="FAN_PCT_70"  />
    <postMsg mid="1121028" type="Warning" dynamic="1" navigation="0" arg0="FAN_PCT_60"  />
    <postMsg mid="1121028" type="Warning" dynamic="1" navigation="0" arg0="FAN_PCT_50"  />
    <postMsg mid="1121028" type="Warning" dynamic="1" navigation="0" arg0="FAN_PCT_40"  />
    <postMsg mid="1121028" type="Warning" dynamic="1" navigation="0" arg0="FAN_PCT_30"  />
    <postMsg mid="1121028" type="Warning" dynamic="1" navigation="0" arg0="FAN_PCT_20"  />
    <postMsg mid="1121028" type="Warning" dynamic="1" navigation="0" arg0="FAN_PCT_10"  />
    <postMsg mid="1121028" type="Warning" dynamic="1" navigation="0" arg0="FAN_PCT_0"  />
    <postMsg mid="1121028" type="Warning" dynamic="1" navigation="0" arg0="MAX_VALUE"  />
    <postMsg mid="1121028" type="Warning" dynamic="1" navigation="0" arg0="MAX_VALUE"  />
    <postMsg mid="1121028" type="Warning" dynamic="1" navigation="0" arg0="MAX_VALUE"  />
    <postMsg mid="1121028" type="Warning" dynamic="1" navigation="0" arg0="FAN_PCT_100"  />
    <postMsg mid="1121028" type="Warning" dynamic="1" navigation="0" arg0="FAN_PCT_90"  />
    <postMsg mid="1121028" type="Warning" dynamic="1" navigation="0" arg0="FAN_PCT_80"  />
    <postMsg mid="1121028" type="Warning" dynamic="1" navigation="0" arg0="FAN_PCT_70"  />
    <postMsg mid="1121028" type="Warning" dynamic="1" navigation="0" arg0="FAN_PCT_60"  />
    <postMsg mid="1121028" type="Warning" dynamic="1" navigation="0" arg0="FAN_PCT_50"  />
    <postMsg mid="1121028" type="Warning" dynamic="1" navigation="0" arg0="FAN_PCT_40"  />
    <postMsg mid="1121028" type="Warning" dynamic="1" navigation="0" arg0="FAN_PCT_30"  />
    <postMsg mid="1121028" type="Warning" dynamic="1" navigation="0" arg0="FAN_PCT_20"  />
    <postMsg mid="1121028" type="Warning" dynamic="1" navigation="0" arg0="FAN_PCT_10"  />
    <postMsg mid="1121028" type="Warning" dynamic="1" navigation="0" arg0="FAN_PCT_0"  />
    <postMsg mid="1121028" type="Warning" dynamic="1" navigation="0" arg0="MAX_VALUE"  />
    <postMsg mid="1121028" type="Warning" dynamic="1" navigation="0" arg0="MAX_VALUE"  />
    <postMsg mid="1121028" type="Warning" dynamic="1" navigation="0" arg0="MAX_VALUE"  />
    <postMsg mid="1121028" type="Warning" dynamic="1" navigation="0" arg0="FAN_PCT_100"  />
    <postMsg mid="1121028" type="Warning" dynamic="1" navigation="0" arg0="FAN_PCT_90"  />
    <postMsg mid="1121028" type="Warning" dynamic="1" navigation="0" arg0="FAN_PCT_80"  />
    <postMsg mid="1121028" type="Warning" dynamic="1" navigation="0" arg0="FAN_PCT_70"  />
    <postMsg mid="1121028" type="Warning" dynamic="1" navigation="0" arg0="FAN_PCT_60"  />
    <postMsg mid="1121028" type="Warning" dynamic="1" navigation="0" arg0="FAN_PCT_50"  />
    <postMsg mid="1121028" type="Warning" dynamic="1" navigation="0" arg0="FAN_PCT_40"  />
    <postMsg mid="1121028" type="Warning" dynamic="1" navigation="0" arg0="FAN_PCT_30"  />
    <postMsg mid="1121028" type="Warning" dynamic="1" navigation="0" arg0="FAN_PCT_20"  />
    <postMsg mid="1121028" type="Warning" dynamic="1" navigation="0" arg0="FAN_PCT_10"  />
    <postMsg mid="1121028" type="Warning" dynamic="1" navigation="0" arg0="FAN_PCT_0"  />
    <postMsg mid="1121028" type="Warning" dynamic="1" navigation="0" arg0="MAX_VALUE"  />
    <postMsg mid="1121028" type="Warning" dynamic="1" navigation="0" arg0="MAX_VALUE"  />
    <postMsg mid="1121028" type="Warning" dynamic="1" navigation="0" arg0="MAX_VALUE"  />
    <postMsg mid="1121028" type="Warning" dynamic="1" navigation="0" arg0="FAN_PCT_100"  />
    <postMsg mid="1121028" type="Warning" dynamic="1" navigation="0" arg0="FAN_PCT_90"  />
    <postMsg mid="1121028" type="Warning" dynamic="1" navigation="0" arg0="FAN_PCT_80"  />
    <postMsg mid="1121028" type="Warning" dynamic="1" navigation="0" arg0="FAN_PCT_70"  />
    <postMsg mid="1121028" type="Warning" dynamic="1" navigation="0" arg0="FAN_PCT_60"  />
    <postMsg mid="1121028" type="Warning" dynamic="1" navigation="0" arg0="FAN_PCT_50"  />
    <postMsg mid="1121028" type="Warning" dynamic="1" navigation="0" arg0="FAN_PCT_40"  />
    <postMsg mid="1121028" type="Warning" dynamic="1" navigation="0" arg0="FAN_PCT_30"  />
    <postMsg mid="1121028" type="Warning" dynamic="1" navigation="0" arg0="FAN_PCT_20"  />
    <postMsg mid="1121028" type="Warning" dynamic="1" navigation="0" arg0="FAN_PCT_10"  />
    <postMsg mid="1121028" type="Warning" dynamic="1" navigation="0" arg0="FAN_PCT_0"  />
    <postMsg mid="1121028" type="Warning" dynamic="1" navigation="0" arg0="MAX_VALUE"  />
    <postMsg mid="1121028" type="Warning" dynamic="1" navigation="0" arg0="MAX_VALUE"  />
    <postMsg mid="1121028" type="Warning" dynamic="1" navigation="0" arg0="MAX_VALUE"  />
    <postMsg mid="1121028" type="Warning" dynamic="1" navigation="0" arg0="FAN_PCT_100"  />
    <postMsg mid="1121028" type="Warning" dynamic="1" navigation="0" arg0="FAN_PCT_90"  />
    <postMsg mid="1121028" type="Warning" dynamic="1" navigation="0" arg0="FAN_PCT_80"  />
    <postMsg mid="1121028" type="Warning" dynamic="1" navigation="0" arg0="FAN_PCT_70"  />
    <postMsg mid="1121028" type="Warning" dynamic="1" navigation="0" arg0="FAN_PCT_60"  />
    <postMsg mid="1121028" type="Warning" dynamic="1" navigation="0" arg0="FAN_PCT_50"  />
    <postMsg mid="1121028" type="Warning" dynamic="1" navigation="0" arg0="FAN_PCT_40"  />
    <postMsg mid="1121028" type="Warning" dynamic="1" navigation="0" arg0="FAN_PCT_30"  />
    <postMsg mid="1121028" type="Warning" dynamic="1" navigation="0" arg0="FAN_PCT_20"  />
    <postMsg mid="1121028" type="Warning" dynamic="1" navigation="0" arg0="FAN_PCT_10"  />
    <postMsg mid="1121028" type="Warning" dynamic="1" navigation="0" arg0="FAN_PCT_0"  />
    <postMsg mid="1121028" type="Warning" dynamic="1" navigation="0" arg0="MAX_VALUE"  />
    <postMsg mid="1121028" type="Warning" dynamic="1" navigation="0" arg0="MAX_VALUE"  />
    <postMsg mid="1121028" type="Warning" dynamic="1" navigation="0" arg0="MAX_VALUE"  />
    <postMsg mid="1121028" type="Warning" dynamic="1" navigation="0" arg0="FAN_PCT_100"  />
    <postMsg mid="1121028" type="Warning" dynamic="1" navigation="0" arg0="FAN_PCT_90"  />
    <postMsg mid="1121028" type="Warning" dynamic="1" navigation="0" arg0="FAN_PCT_80"  />
    <postMsg mid="1121028" type="Warning" dynamic="1" navigation="0" arg0="FAN_PCT_70"  />
    <postMsg mid="1121028" type="Warning" dynamic="1" navigation="0" arg0="FAN_PCT_60"  />
    <postMsg mid="1121028" type="Warning" dynamic="1" navigation="0" arg0="FAN_PCT_50"  />
    <postMsg mid="1121028" type="Warning" dynamic="1" navigation="0" arg0="FAN_PCT_40"  />
    <postMsg mid="1121028" type="Warning" dynamic="1" navigation="0" arg0="FAN_PCT_30"  />
    <postMsg mid="1121028" type="Warning" dynamic="1" navigation="0" arg0="FAN_PCT_20"  />
    <postMsg mid="1121028" type="Warning" dynamic="1" navigation="0" arg0="FAN_PCT_10"  />
    <postMsg mid="1121028" type="Warning" dynamic="1" navigation="0" arg0="FAN_PCT_0"  />
    <postMsg mid="1121028" type="Warning" dynamic="1" navigation="0" arg0="MAX_VALUE"  />
    <postMsg mid="1121028" type="Warning" dynamic="1" navigation="0" arg0="MAX_VALUE"  />
    <postMsg mid="1121028" type="Warning" dynamic="1" navigation="0" arg0="MAX_VALUE"  />
    <postMsg mid="1121028" type="Warning" dynamic="1" navigation="0" arg0="FAN_PCT_100"  />
    <postMsg mid="1121028" type="Warning" dynamic="1" navigation="0" arg0="FAN_PCT_90"  />
    <postMsg mid="1121028" type="Warning" dynamic="1" navigation="0" arg0="FAN_PCT_80"  />
    <postMsg mid="1121028" type="Warning" dynamic="1" navigation="0" arg0="FAN_PCT_70"  />
    <postMsg mid="1121028" type="Warning" dynamic="1" navigation="0" arg0="FAN_PCT_60"  />
    <postMsg mid="1121028" type="Warning" dynamic="1" navigation="0" arg0="FAN_PCT_50"  />
    <postMsg mid="1121028" type="Warning" dynamic="1" navigation="0" arg0="FAN_PCT_40"  />
    <postMsg mid="1121028" type="Warning" dynamic="1" navigation="0" arg0="FAN_PCT_30"  />
    <postMsg mid="1121028" type="Warning" dynamic="1" navigation="0" arg0="FAN_PCT_20"  />
    <postMsg mid="1121028" type="Warning" dynamic="1" navigation="0" arg0="FAN_PCT_10"  />
    <postMsg mid="1121028" type="Warning" dynamic="1" navigation="0" arg0="FAN_PCT_0"  />
    <postMsg mid="1121028" type="Warning" dynamic="1" navigation="0" arg0="MAX_VALUE"  />
    <postMsg mid="1121028" type="Warning" dynamic="1" navigation="0" arg0="MAX_VALUE"  />
    <postMsg mid="1121028" type="Warning" dynamic="1" navigation="0" arg0="MAX_VALUE"  />
    <postMsg mid="1121028" type="Warning" dynamic="1" navigation="0" arg0="FAN_PCT_100"  />
    <postMsg mid="1121028" type="Warning" dynamic="1" navigation="0" arg0="FAN_PCT_90"  />
    <postMsg mid="1121028" type="Warning" dynamic="1" navigation="0" arg0="FAN_PCT_80"  />
    <postMsg mid="1121028" type="Warning" dynamic="1" navigation="0" arg0="FAN_PCT_70"  />
    <postMsg mid="1121028" type="Warning" dynamic="1" navigation="0" arg0="FAN_PCT_60"  />
    <postMsg mid="1121028" type="Warning" dynamic="1" navigation="0" arg0="FAN_PCT_50"  />
    <postMsg mid="1121028" type="Warning" dynamic="1" navigation="0" arg0="FAN_PCT_40"  />
    <postMsg mid="1121028" type="Warning" dynamic="1" navigation="0" arg0="FAN_PCT_30"  />
    <postMsg mid="1121028" type="Warning" dynamic="1" navigation="0" arg0="FAN_PCT_20"  />
    <postMsg mid="1121028" type="Warning" dynamic="1" navigation="0" arg0="FAN_PCT_10"  />
    <postMsg mid="1121028" type="Warning" dynamic="1" navigation="0" arg0="FAN_PCT_0"  />
    <postMsg mid="1121028" type="Warning" dynamic="1" navigation="0" arg0="MAX_VALUE"  />
    <postMsg mid="1121028" type="Warning" dynamic="1" navigation="0" arg0="MAX_VALUE"  />
    <postMsg mid="1121028" type="Warning" dynamic="1" navigation="0" arg0="MAX_VALUE"  />
    <postMsg mid="1121028" type="Warning" dynamic="1" navigation="0" arg0="FAN_PCT_100"  />
    <postMsg mid="1121028" type="Warning" dynamic="1" navigation="0" arg0="FAN_PCT_90"  />
    <postMsg mid="1121028" type="Warning" dynamic="1" navigation="0" arg0="FAN_PCT_80"  />
    <postMsg mid="1121028" type="Warning" dynamic="1" navigation="0" arg0="FAN_PCT_70"  />
    <postMsg mid="1121028" type="Warning" dynamic="1" navigation="0" arg0="FAN_PCT_60"  />
    <postMsg mid="1121028" type="Warning" dynamic="1" navigation="0" arg0="FAN_PCT_50"  />
    <postMsg mid="1121028" type="Warning" dynamic="1" navigation="0" arg0="FAN_PCT_40"  />
    <postMsg mid="1121028" type="Warning" dynamic="1" navigation="0" arg0="FAN_PCT_30"  />
    <postMsg mid="1121028" type="Warning" dynamic="1" navigation="0" arg0="FAN_PCT_20"  />
    <postMsg mid="1121028" type="Warning" dynamic="1" navigation="0" arg0="FAN_PCT_10"  />
    <postMsg mid="1121028" type="Warning" dynamic="1" navigation="0" arg0="FAN_PCT_0"  />
    <postMsg mid="1121028" type="Warning" dynamic="1" navigation="0" arg0="MAX_VALUE"  />
    <postMsg mid="1121028" type="Warning" dynamic="1" navigation="0" arg0="MAX_VALUE"  />
    <postMsg mid="1121028" type="Warning" dynamic="1" navigation="0" arg0="MAX_VALUE"  />
    <postMsg mid="1121028" type="Warning" dynamic="1" navigation="0" arg0="FAN_PCT_100"  />
    <postMsg mid="1121028" type="Warning" dynamic="1" navigation="0" arg0="FAN_PCT_90"  />
    <postMsg mid="1121028" type="Warning" dynamic="1" navigation="0" arg0="FAN_PCT_80"  />
    <postMsg mid="1121028" type="Warning" dynamic="1" navigation="0" arg0="FAN_PCT_70"  />
    <postMsg mid="1121028" type="Warning" dynamic="1" navigation="0" arg0="FAN_PCT_60"  />
    <postMsg mid="1121028" type="Warning" dynamic="1" navigation="0" arg0="FAN_PCT_50"  />
    <postMsg mid="1121028" type="Warning" dynamic="1" navigation="0" arg0="FAN_PCT_40"  />
    <postMsg mid="1121028" type="Warning" dynamic="1" navigation="0" arg0="FAN_PCT_30"  />
    <postMsg mid="1121028" type="Warning" dynamic="1" navigation="0" arg0="FAN_PCT_20"  />
    <postMsg mid="1121028" type="Warning" dynamic="1" navigation="0" arg0="FAN_PCT_10"  />
    <postMsg mid="1121028" type="Warning" dynamic="1" navigation="0" arg0="FAN_PCT_0"  />
    <postMsg mid="1121028" type="Warning" dynamic="1" navigation="0" arg0="MAX_VALUE"  />
    <postMsg mid="1121028" type="Warning" dynamic="1" navigation="0" arg0="MAX_VALUE"  />
    <postMsg mid="1121028" type="Warning" dynamic="1" navigation="0" arg0="MAX_VALUE"  />
    <postMsg mid="1121028" type="Warning" dynamic="1" navigation="0" arg0="FAN_PCT_100"  />
    <postMsg mid="1121028" type="Warning" dynamic="1" navigation="0" arg0="FAN_PCT_90"  />
    <postMsg mid="1121028" type="Warning" dynamic="1" navigation="0" arg0="FAN_PCT_80"  />
    <postMsg mid="1121028" type="Warning" dynamic="1" navigation="0" arg0="FAN_PCT_70"  />
    <postMsg mid="1121028" type="Warning" dynamic="1" navigation="0" arg0="FAN_PCT_60"  />
    <postMsg mid="1121028" type="Warning" dynamic="1" navigation="0" arg0="FAN_PCT_50"  />
    <postMsg mid="1121028" type="Warning" dynamic="1" navigation="0" arg0="FAN_PCT_40"  />
    <postMsg mid="1121028" type="Warning" dynamic="1" navigation="0" arg0="FAN_PCT_30"  />
    <postMsg mid="1121028" type="Warning" dynamic="1" navigation="0" arg0="FAN_PCT_20"  />
    <postMsg mid="1121028" type="Warning" dynamic="1" navigation="0" arg0="FAN_PCT_10"  />
    <postMsg mid="1121028" type="Warning" dynamic="1" navigation="0" arg0="FAN_PCT_0"  />
    <postMsg mid="1121028" type="Warning" dynamic="1" navigation="0" arg0="MAX_VALUE"  />
    <postMsg mid="1121028" type="Warning" dynamic="1" navigation="0" arg0="MAX_VALUE"  />
    <postMsg mid="1121028" type="Warning" dynamic="1" navigation="0" arg0="MAX_VALUE"  />
    <postMsg mid="1121028" type="Warning" dynamic="1" navigation="0" arg0="FAN_PCT_100"  />
    <postMsg mid="1121028" type="Warning" dynamic="1" navigation="0" arg0="FAN_PCT_90"  />
    <postMsg mid="1121028" type="Warning" dynamic="1" navigation="0" arg0="FAN_PCT_80"  />
    <postMsg mid="1121028" type="Warning" dynamic="1" navigation="0" arg0="FAN_PCT_70"  />
    <postMsg mid="1121028" type="Warning" dynamic="1" navigation="0" arg0="FAN_PCT_60"  />
    <postMsg mid="1121028" type="Warning" dynamic="1" navigation="0" arg0="FAN_PCT_50"  />
    <postMsg mid="1121028" type="Warning" dynamic="1" navigation="0" arg0="FAN_PCT_40"  />
    <postMsg mid="1121028" type="Warning" dynamic="1" navigation="0" arg0="FAN_PCT_30"  />
    <postMsg mid="1121028" type="Warning" dynamic="1" navigation="0" arg0="FAN_PCT_20"  />
    <postMsg mid="1121028" type="Warning" dynamic="1" navigation="0" arg0="FAN_PCT_10"  />
    <postMsg mid="1121028" type="Warning" dynamic="1" navigation="0" arg0="FAN_PCT_0"  />
    <postMsg mid="1121028" type="Warning" dynamic="1" navigation="0" arg0="MAX_VALUE"  />
    <postMsg mid="1121028" type="Warning" dynamic="1" navigation="0" arg0="MAX_VALUE"  />
    <postMsg mid="1121028" type="Warning" dynamic="1" navigation="0" arg0="MAX_VALUE"  />
    <postMsg mid="1121028" type="Warning" dynamic="1" navigation="0" arg0="FAN_PCT_100"  />
    <postMsg mid="1121028" type="Warning" dynamic="1" navigation="0" arg0="FAN_PCT_90"  />
    <postMsg mid="1121028" type="Warning" dynamic="1" navigation="0" arg0="FAN_PCT_80"  />
    <postMsg mid="1121028" type="Warning" dynamic="1" navigation="0" arg0="FAN_PCT_70"  />
    <postMsg mid="1121028" type="Warning" dynamic="1" navigation="0" arg0="FAN_PCT_60"  />
    <postMsg mid="1121028" type="Warning" dynamic="1" navigation="0" arg0="FAN_PCT_50"  />
    <postMsg mid="1121028" type="Warning" dynamic="1" navigation="0" arg0="FAN_PCT_40"  />
    <postMsg mid="1121028" type="Warning" dynamic="1" navigation="0" arg0="FAN_PCT_30"  />
    <postMsg mid="1121028" type="Warning" dynamic="1" navigation="0" arg0="FAN_PCT_20"  />
    <postMsg mid="1121028" type="Warning" dynamic="1" navigation="0" arg0="FAN_PCT_10"  />
    <postMsg mid="1121028" type="Warning" dynamic="1" navigation="0" arg0="FAN_PCT_0"  />
    <postMsg mid="1121028" type="Warning" dynamic="1" navigation="0" arg0="MAX_VALUE"  />
    <postMsg mid="1121028" type="Warning" dynamic="1" navigation="0" arg0="MAX_VALUE"  />
    <postMsg mid="1121028" type="Warning" dynamic="1" navigation="0" arg0="MAX_VALUE"  />
    <postMsg mid="1121028" type="Warning" dynamic="1" navigation="0" arg0="FAN_PCT_100"  />
    <postMsg mid="1121028" type="Warning" dynamic="1" navigation="0" arg0="FAN_PCT_90"  />
    <postMsg mid="1121028" type="Warning" dynamic="1" navigation="0" arg0="FAN_PCT_80"  />
    <postMsg mid="1121028" type="Warning" dynamic="1" navigation="0" arg0="FAN_PCT_70"  />
    <postMsg mid="1121028" type="Warning" dynamic="1" navigation="0" arg0="FAN_PCT_60"  />
    <postMsg mid="1121028" type="Warning" dynamic="1" navigation="0" arg0="FAN_PCT_50"  />
    <postMsg mid="1121028" type="Warning" dynamic="1" navigation="0" arg0="FAN_PCT_40"  />
    <postMsg mid="1121028" type="Warning" dynamic="1" navigation="0" arg0="FAN_PCT_30"  />
    <postMsg mid="1121028" type="Warning" dynamic="1" navigation="0" arg0="FAN_PCT_20"  />
    <postMsg mid="1121028" type="Warning" dynamic="1" navigation="0" arg0="FAN_PCT_10"  />
    <postMsg mid="1121028" type="Warning" dynamic="1" navigation="0" arg0="FAN_PCT_0"  />
    <postMsg mid="1121028" type="Warning" dynamic="1" navigation="0" arg0="MAX_VALUE"  />
    <postMsg mid="1121028" type="Warning" dynamic="1" navigation="0" arg0="MAX_VALUE"  />
    <postMsg mid="1121028" type="Warning" dynamic="1" navigation="0" arg0="MAX_VALUE"  />
    <postMsg mid="1121028" type="Warning" dynamic="1" navigation="0" arg0="FAN_PCT_100"  />
    <postMsg mid="1121028" type="Warning" dynamic="1" navigation="0" arg0="FAN_PCT_90"  />
    <postMsg mid="1121028" type="Warning" dynamic="1" navigation="0" arg0="FAN_PCT_80"  />
    <postMsg mid="1121028" type="Warning" dynamic="1" navigation="0" arg0="FAN_PCT_70"  />
    <postMsg mid="1121028" type="Warning" dynamic="1" navigation="0" arg0="FAN_PCT_60"  />
    <postMsg mid="1121028" type="Warning" dynamic="1" navigation="0" arg0="FAN_PCT_50"  />
    <postMsg mid="1121028" type="Warning" dynamic="1" navigation="0" arg0="FAN_PCT_40"  />
    <postMsg mid="1121028" type="Warning" dynamic="1" navigation="0" arg0="FAN_PCT_30"  />
    <postMsg mid="1121028" type="Warning" dynamic="1" navigation="0" arg0="FAN_PCT_20"  />
    <postMsg mid="1121028" type="Warning" dynamic="1" navigation="0" arg0="FAN_PCT_10"  />
    <postMsg mid="1121028" type="Warning" dynamic="1" navigation="0" arg0="FAN_PCT_0"  />
    <postMsg mid="1121028" type="Warning" dynamic="1" navigation="0" arg0="NDELAY"  />
    <postMsg mid="1121028" type="Warning" dynamic="1" navigation="0" arg0="NBITS"  />
    <postMsg mid="1121028" type="Warning" dynamic="1" navigation="0" arg0="SIGCNT"  />
    <postMsg mid="1121028" type="Warning" dynamic="1" navigation="0" arg0="NDELAY"  />
    <postMsg mid="1121028" type="Warning" dynamic="1" navigation="0" arg0="NBITS"  />
    <postMsg mid="1121028" type="Warning" dynamic="1" navigation="0" arg0="SIGCNT"  />
    <postMsg mid="1121028" type="Warning" dynamic="1" navigation="0" arg0="DELAY_MODE"  />
    <postMsg mid="1121028" type="Warning" dynamic="1" navigation="0" arg0="DEF_OUTPUT"  />
    <postMsg mid="1121028" type="Warning" dynamic="1" navigation="0" arg0="CNTR_NBITS"  />
    <postMsg mid="1121028" type="Warning" dynamic="1" navigation="0" arg0="DELAY_MODE"  />
    <postMsg mid="1121028" type="Warning" dynamic="1" navigation="0" arg0="DEF_OUTPUT"  />
    <postMsg mid="1121028" type="Warning" dynamic="1" navigation="0" arg0="CNTR_NBITS"  />
    <postMsg mid="1121028" type="Warning" dynamic="1" navigation="0" arg0="DELAY_MODE"  />
    <postMsg mid="1121028" type="Warning" dynamic="1" navigation="0" arg0="DEF_OUTPUT"  />
    <postMsg mid="1121028" type="Warning" dynamic="1" navigation="0" arg0="CNTR_NBITS"  />
    <postMsg mid="1121028" type="Warning" dynamic="1" navigation="0" arg0="DELAY_MODE"  />
    <postMsg mid="1121028" type="Warning" dynamic="1" navigation="0" arg0="DEF_OUTPUT"  />
    <postMsg mid="1121028" type="Warning" dynamic="1" navigation="0" arg0="CNTR_NBITS"  />
    <postMsg mid="1121028" type="Warning" dynamic="1" navigation="0" arg0="DELAY_MODE"  />
    <postMsg mid="1121028" type="Warning" dynamic="1" navigation="0" arg0="DEF_OUTPUT"  />
    <postMsg mid="1121028" type="Warning" dynamic="1" navigation="0" arg0="CNTR_NBITS"  />
    <postMsg mid="1121028" type="Warning" dynamic="1" navigation="0" arg0="DELAY_MODE"  />
    <postMsg mid="1121028" type="Warning" dynamic="1" navigation="0" arg0="DEF_OUTPUT"  />
    <postMsg mid="1121028" type="Warning" dynamic="1" navigation="0" arg0="CNTR_NBITS"  />
    <postMsg mid="1121028" type="Warning" dynamic="1" navigation="0" arg0="NUMBER_OF_COUNTER_BITS"  />
    <postMsg mid="1121028" type="Warning" dynamic="1" navigation="0" arg0="SEGMENT_MIN"  />
    <postMsg mid="1121028" type="Warning" dynamic="1" navigation="0" arg0="SEGMENT_MAX"  />
    <postMsg mid="1121028" type="Warning" dynamic="1" navigation="0" arg0="DEFAULT_STATE"  />
    <postMsg mid="1121028" type="Warning" dynamic="1" navigation="0" arg0="TOTAL_BIT_COUNT"  />
    <postMsg mid="1121028" type="Warning" dynamic="1" navigation="0" arg0="NUMBER_OF_COUNTER_BITS"  />
    <postMsg mid="1121028" type="Warning" dynamic="1" navigation="0" arg0="SEGMENT_MIN"  />
    <postMsg mid="1121028" type="Warning" dynamic="1" navigation="0" arg0="SEGMENT_MAX"  />
    <postMsg mid="1121028" type="Warning" dynamic="1" navigation="0" arg0="DEFAULT_STATE"  />
    <postMsg mid="1121028" type="Warning" dynamic="1" navigation="0" arg0="TOTAL_BIT_COUNT"  />
    <postMsg mid="1121028" type="Warning" dynamic="1" navigation="0" arg0="NUMBER_OF_COUNTER_BITS"  />
    <postMsg mid="1121028" type="Warning" dynamic="1" navigation="0" arg0="SEGMENT_MIN"  />
    <postMsg mid="1121028" type="Warning" dynamic="1" navigation="0" arg0="SEGMENT_MAX"  />
    <postMsg mid="1121028" type="Warning" dynamic="1" navigation="0" arg0="DEFAULT_STATE"  />
    <postMsg mid="1121028" type="Warning" dynamic="1" navigation="0" arg0="TOTAL_BIT_COUNT"  />
    <postMsg mid="1121028" type="Warning" dynamic="1" navigation="0" arg0="WCNT"  />
    <postMsg mid="1121028" type="Warning" dynamic="1" navigation="0" arg0="NBIT"  />
    <postMsg mid="1121028" type="Warning" dynamic="1" navigation="0" arg0="WCNT"  />
    <postMsg mid="1121028" type="Warning" dynamic="1" navigation="0" arg0="DEFAULT_STATE"  />
    <postMsg mid="1121028" type="Warning" dynamic="1" navigation="0" arg0="NBIT"  />
    <postMsg mid="1121028" type="Warning" dynamic="1" navigation="0" arg0="NDELAY"  />
    <postMsg mid="1121028" type="Warning" dynamic="1" navigation="0" arg0="NBITS"  />
    <postMsg mid="1121028" type="Warning" dynamic="1" navigation="0" arg0="SIGCNT"  />
    <postMsg mid="1121028" type="Warning" dynamic="1" navigation="0" arg0="NDELAY"  />
    <postMsg mid="1121028" type="Warning" dynamic="1" navigation="0" arg0="NBITS"  />
    <postMsg mid="1121028" type="Warning" dynamic="1" navigation="0" arg0="SIGCNT"  />
    <postMsg mid="1121028" type="Warning" dynamic="1" navigation="0" arg0="DELAY_MODE"  />
    <postMsg mid="1121028" type="Warning" dynamic="1" navigation="0" arg0="DEF_OUTPUT"  />
    <postMsg mid="1121028" type="Warning" dynamic="1" navigation="0" arg0="CNTR_NBITS"  />
    <postMsg mid="1121028" type="Warning" dynamic="1" navigation="0" arg0="DELAY_MODE"  />
    <postMsg mid="1121028" type="Warning" dynamic="1" navigation="0" arg0="DEF_OUTPUT"  />
    <postMsg mid="1121028" type="Warning" dynamic="1" navigation="0" arg0="CNTR_NBITS"  />
    <postMsg mid="1121028" type="Warning" dynamic="1" navigation="0" arg0="DELAY_MODE"  />
    <postMsg mid="1121028" type="Warning" dynamic="1" navigation="0" arg0="DEF_OUTPUT"  />
    <postMsg mid="1121028" type="Warning" dynamic="1" navigation="0" arg0="CNTR_NBITS"  />
    <postMsg mid="1121028" type="Warning" dynamic="1" navigation="0" arg0="DELAY_MODE"  />
    <postMsg mid="1121028" type="Warning" dynamic="1" navigation="0" arg0="DEF_OUTPUT"  />
    <postMsg mid="1121028" type="Warning" dynamic="1" navigation="0" arg0="CNTR_NBITS"  />
    <postMsg mid="1121028" type="Warning" dynamic="1" navigation="0" arg0="DELAY_MODE"  />
    <postMsg mid="1121028" type="Warning" dynamic="1" navigation="0" arg0="DEF_OUTPUT"  />
    <postMsg mid="1121028" type="Warning" dynamic="1" navigation="0" arg0="CNTR_NBITS"  />
    <postMsg mid="1121028" type="Warning" dynamic="1" navigation="0" arg0="DELAY_MODE"  />
    <postMsg mid="1121028" type="Warning" dynamic="1" navigation="0" arg0="DEF_OUTPUT"  />
    <postMsg mid="1121028" type="Warning" dynamic="1" navigation="0" arg0="CNTR_NBITS"  />
    <postMsg mid="1121028" type="Warning" dynamic="1" navigation="0" arg0="DELAY_MODE"  />
    <postMsg mid="1121028" type="Warning" dynamic="1" navigation="0" arg0="DEF_OUTPUT"  />
    <postMsg mid="1121028" type="Warning" dynamic="1" navigation="0" arg0="CNTR_NBITS"  />
    <postMsg mid="1121028" type="Warning" dynamic="1" navigation="0" arg0="DELAY_MODE"  />
    <postMsg mid="1121028" type="Warning" dynamic="1" navigation="0" arg0="DEF_OUTPUT"  />
    <postMsg mid="1121028" type="Warning" dynamic="1" navigation="0" arg0="CNTR_NBITS"  />
    <postMsg mid="1121028" type="Warning" dynamic="1" navigation="0" arg0="CNTR_NBITS"  />
    <postMsg mid="1121028" type="Warning" dynamic="1" navigation="0" arg0="DELAY_MODE"  />
    <postMsg mid="1121028" type="Warning" dynamic="1" navigation="0" arg0="CNTR_NBITS"  />
    <postMsg mid="1121028" type="Warning" dynamic="1" navigation="0" arg0="DELAY_MODE"  />
    <postMsg mid="1121028" type="Warning" dynamic="1" navigation="0" arg0="CNTR_NBITS"  />
    <postMsg mid="1121028" type="Warning" dynamic="1" navigation="0" arg0="DELAY_MODE"  />
    <postMsg mid="1121028" type="Warning" dynamic="1" navigation="0" arg0="CNTR_NBITS"  />
    <postMsg mid="1121028" type="Warning" dynamic="1" navigation="0" arg0="DELAY_MODE"  />
    <postMsg mid="1121028" type="Warning" dynamic="1" navigation="0" arg0="CNTR_NBITS"  />
    <postMsg mid="1121028" type="Warning" dynamic="1" navigation="0" arg0="DELAY_MODE"  />
    <postMsg mid="1121028" type="Warning" dynamic="1" navigation="0" arg0="CNTR_NBITS"  />
    <postMsg mid="1121028" type="Warning" dynamic="1" navigation="0" arg0="DELAY_MODE"  />
    <postMsg mid="1121028" type="Warning" dynamic="1" navigation="0" arg0="CNTR_NBITS"  />
    <postMsg mid="1121028" type="Warning" dynamic="1" navigation="0" arg0="DELAY_MODE"  />
    <postMsg mid="1121028" type="Warning" dynamic="1" navigation="0" arg0="CNTR_NBITS"  />
    <postMsg mid="1121028" type="Warning" dynamic="1" navigation="0" arg0="DELAY_MODE"  />
    <postMsg mid="1121028" type="Warning" dynamic="1" navigation="0" arg0="SIGCNT"  />
    <postMsg mid="1121028" type="Warning" dynamic="1" navigation="0" arg0="NBITS"  />
    <postMsg mid="1121028" type="Warning" dynamic="1" navigation="0" arg0="SIGCNT"  />
    <postMsg mid="1121028" type="Warning" dynamic="1" navigation="0" arg0="NBITS"  />
    <postMsg mid="1121028" type="Warning" dynamic="1" navigation="0" arg0="NBIT"  />
    <postMsg mid="1121028" type="Warning" dynamic="1" navigation="0" arg0="NBIT"  />
    <postMsg mid="1121028" type="Warning" dynamic="1" navigation="0" arg0="TOTAL_BIT_COUNT"  />
    <postMsg mid="1121028" type="Warning" dynamic="1" navigation="0" arg0="DEFAULT_STATE"  />
    <postMsg mid="1121028" type="Warning" dynamic="1" navigation="0" arg0="NUMBER_OF_COUNTER_BITS"  />
    <postMsg mid="1121028" type="Warning" dynamic="1" navigation="0" arg0="TOTAL_BIT_COUNT"  />
    <postMsg mid="1121028" type="Warning" dynamic="1" navigation="0" arg0="DEFAULT_STATE"  />
    <postMsg mid="1121028" type="Warning" dynamic="1" navigation="0" arg0="NUMBER_OF_COUNTER_BITS"  />
    <postMsg mid="1121028" type="Warning" dynamic="1" navigation="0" arg0="TOTAL_BIT_COUNT"  />
    <postMsg mid="1121028" type="Warning" dynamic="1" navigation="0" arg0="DEFAULT_STATE"  />
    <postMsg mid="1121028" type="Warning" dynamic="1" navigation="0" arg0="NUMBER_OF_COUNTER_BITS"  />
    <postMsg mid="1121028" type="Warning" dynamic="1" navigation="0" arg0="CNTR_NBITS"  />
    <postMsg mid="1121028" type="Warning" dynamic="1" navigation="0" arg0="DELAY_MODE"  />
    <postMsg mid="1121028" type="Warning" dynamic="1" navigation="0" arg0="CNTR_NBITS"  />
    <postMsg mid="1121028" type="Warning" dynamic="1" navigation="0" arg0="DELAY_MODE"  />
    <postMsg mid="1121028" type="Warning" dynamic="1" navigation="0" arg0="CNTR_NBITS"  />
    <postMsg mid="1121028" type="Warning" dynamic="1" navigation="0" arg0="DELAY_MODE"  />
    <postMsg mid="1121028" type="Warning" dynamic="1" navigation="0" arg0="CNTR_NBITS"  />
    <postMsg mid="1121028" type="Warning" dynamic="1" navigation="0" arg0="DELAY_MODE"  />
    <postMsg mid="1121028" type="Warning" dynamic="1" navigation="0" arg0="CNTR_NBITS"  />
    <postMsg mid="1121028" type="Warning" dynamic="1" navigation="0" arg0="DELAY_MODE"  />
    <postMsg mid="1121028" type="Warning" dynamic="1" navigation="0" arg0="CNTR_NBITS"  />
    <postMsg mid="1121028" type="Warning" dynamic="1" navigation="0" arg0="DELAY_MODE"  />
    <postMsg mid="1121028" type="Warning" dynamic="1" navigation="0" arg0="SIGCNT"  />
    <postMsg mid="1121028" type="Warning" dynamic="1" navigation="0" arg0="NBITS"  />
    <postMsg mid="1121028" type="Warning" dynamic="1" navigation="0" arg0="SIGCNT"  />
    <postMsg mid="1121028" type="Warning" dynamic="1" navigation="0" arg0="NBITS"  />
    <postMsg mid="1121028" type="Warning" dynamic="1" navigation="0" arg0="DLY_LEN"  />
    <postMsg mid="1121028" type="Warning" dynamic="1" navigation="0" arg0="FAN_NUM"  />
Writing the design to BP_4S104G5_impl1.ngo...

Total CPU Time: 1 secs  
Total REAL Time: 4 secs  
Peak Memory Usage: 33 MB


ngdbuild  -a "MachXO3LF" -d LCMXO3LF-6900C  -p "C:/lscc/diamond/3.12/ispfpga/xo3c00f/data"  -p "D:/Project/CNIT-K/8U SW/code/V10/4port/BP_4S104G5/pro/impl1" -p "D:/Project/CNIT-K/8U SW/code/V10/4port/BP_4S104G5/pro"  "BP_4S104G5_impl1.ngo" "BP_4S104G5_impl1.ngd"  	
ngdbuild:  version Diamond (64-bit) 3.12.0.240.2

Copyright (c) 1991-1994 by NeoCAD Inc. All rights reserved.
Copyright (c) 1995 AT&T Corp.   All rights reserved.
Copyright (c) 1995-2001 Lucent Technologies Inc.  All rights reserved.
Copyright (c) 2001 Agere Systems   All rights reserved.
Copyright (c) 2002-2020 Lattice Semiconductor Corporation,  All rights reserved.
Reading 'BP_4S104G5_impl1.ngo' ...
Loading NGL library 'C:/lscc/diamond/3.12/ispfpga/xo2c00a/data/xo2alib.ngl'...
Loading NGL library 'C:/lscc/diamond/3.12/ispfpga/xo2c00/data/xo2clib.ngl'...
Loading NGL library 'C:/lscc/diamond/3.12/ispfpga/mg5g00/data/mg5glib.ngl'...
Loading NGL library 'C:/lscc/diamond/3.12/ispfpga/or5g00/data/orc5glib.ngl'...


Running DRC...

    <postMsg mid="1166052" type="Warning" dynamic="2" navigation="1" arg0="logical" arg1="inst_osch_SEDSTDBY" arg2="inst_osch_SEDSTDBY"  />
    <postMsg mid="1163101" type="Warning" dynamic="1" navigation="0" arg0="1"  />

Design Results:
   6483 blocks expanded
Complete the first expansion.
Writing 'BP_4S104G5_impl1.ngd' ...
Total CPU Time: 1 secs 
Total REAL Time: 0 secs 
Peak Memory Usage: 49 MB


map -a "MachXO3LF" -p LCMXO3LF-6900C -t CABGA400 -s 5 -oc Commercial   "BP_4S104G5_impl1.ngd" -o "BP_4S104G5_impl1_map.ncd" -pr "BP_4S104G5_impl1.prf" -mp "BP_4S104G5_impl1.mrp" -lpf "D:/Project/CNIT-K/8U SW/code/V10/4port/BP_4S104G5/pro/impl1/BP_4S104G5_impl1_synplify.lpf" -lpf "D:/Project/CNIT-K/8U SW/code/V10/4port/BP_4S104G5/pro/BP_4S104G5.lpf"  -c 0           
map:  version Diamond (64-bit) 3.12.0.240.2

Copyright (c) 1991-1994 by NeoCAD Inc. All rights reserved.
Copyright (c) 1995 AT&T Corp.   All rights reserved.
Copyright (c) 1995-2001 Lucent Technologies Inc.  All rights reserved.
Copyright (c) 2001 Agere Systems   All rights reserved.
Copyright (c) 2002-2020 Lattice Semiconductor Corporation,  All rights reserved.
   Process the file: BP_4S104G5_impl1.ngd
   Picdevice="LCMXO3LF-6900C"

   Pictype="CABGA400"

   Picspeed=5

   Remove unused logic

   Do not produce over sized NCDs.

Part used: LCMXO3LF-6900CCABGA400, Performance used: 5.

Loading device for application baspr from file 'xo3c6900.nph' in environment: C:/lscc/diamond/3.12/ispfpga.
Package Status:                     Final          Version 1.16.

Running general design DRC...

Removing unused logic...

Optimizing...

18 CCU2 constant inputs absorbed.

    <postMsg mid="51001030" type="Warning" dynamic="1" navigation="0" arg0="pon_reset_n"  />



Design Summary:
   Number of registers:   2134 out of  7872 (27%)
      PFU registers:         2066 out of  6864 (30%)
      PIO registers:           68 out of  1008 (7%)
   Number of SLICEs:      1995 out of  3432 (58%)
      SLICEs as Logic/ROM:   1995 out of  3432 (58%)
      SLICEs as RAM:            0 out of  2574 (0%)
      SLICEs as Carry:        428 out of  3432 (12%)
   Number of LUT4s:        3963 out of  6864 (58%)
      Number used as logic LUTs:        3107
      Number used as distributed RAM:     0
      Number used as ripple logic:      856
      Number used as shift registers:     0
   Number of PIO sites used: 292 + 4(JTAG) out of 336 (88%)
   Number of block RAMs:  0 out of 26 (0%)
   Number of GSRs:        1 out of 1 (100%)
   EFB used :        Yes
   JTAG used :       No
   Readback used :   No
   Oscillator used : Yes
   Startup used :    No
   POR :             On
   Bandgap :         On
   Number of Power Controller:  0 out of 1 (0%)
   Number of Dynamic Bank Controller (BCINRD):  0 out of 6 (0%)
   Number of Dynamic Bank Controller (BCLVDSO):  0 out of 1 (0%)
   Number of DCCA:  0 out of 8 (0%)
   Number of DCMA:  0 out of 2 (0%)
   Number of PLLs:  1 out of 2 (50%)
   Number of DQSDLLs:  0 out of 2 (0%)
   Number of CLKDIVC:  0 out of 4 (0%)
   Number of ECLKSYNCA:  0 out of 4 (0%)
   Number of ECLKBRIDGECS:  0 out of 2 (0%)
   Notes:-
      1. Total number of LUT4s = (Number of logic LUT4s) + 2*(Number of distributed RAMs) + 2*(Number of ripple logic)
      2. Number of logic LUT4s does not include count of distributed RAM and ripple logic.
   Number of clocks:  9
     Net wb_clk: 1 loads, 1 rising, 0 falling (Driver: inst_osch )
     Net i_CPLD_CLK_c: 1 loads, 1 rising, 0 falling (Driver: PIO i_CPLD_CLK )
     Net clk_25m: 347 loads, 347 rising, 0 falling (Driver: pll_inst/PLLInst_0 )
     Net clk_50m: 766 loads, 766 rising, 0 falling (Driver: pll_inst/PLLInst_0 )
     Net bmc_cpld_i2c_ram/i2c_slave_bmc_u0/w_i2c_command_1: 8 loads, 8 rising, 0 falling (Driver: bmc_cpld_i2c_ram/i2c_slave_bmc_u0/w_i2c_command_1_0_a4 )
     Net bmc_cpld_i2c_ram/i2c_slave_bmc_u0/i2c_slave_basic0_u0/un2_w_rst_2: 2 loads, 2 rising, 0 falling (Driver: bmc_cpld_i2c_ram/i2c_slave_bmc_u0/i2c_slave_basic0_u0/un2_w_rst_2 )
     Net bmc_cpld_i2c_ram/i2c_slave_bmc_u0/i2c_slave_basic0_u0/un2_w_rst_1: 2 loads, 2 rising, 0 falling (Driver: bmc_cpld_i2c_ram/i2c_slave_bmc_u0/i2c_slave_basic0_u0/un2_w_rst_1 )
     Net inst_i2c_update_flash_config/i2c1_scli: 1 loads, 1 rising, 0 falling (Driver: PIO io_I2C9_CPLD_UPDATE_SCL )
     Net genblk1[0].fan_pwm_tach_m.w_clk_1s_pos_i: 150 loads, 150 rising, 0 falling (Driver: genblk1[0].fan_pwm_tach_m/Edge_Detect_u1/o_signal_pos )
   Number of Clock Enables:  302
     Net mcpld_to_swcpld_data_filter5: 2 loads, 2 LSLICEs
     Net edge_delay_p0v8_pg.un1_timer_cnt40_i: 1 loads, 0 LSLICEs
     Net bmc_cpld_i2c_ram/i2c_slave_bmc_u0/i2c_slave_basic0_u0/r_I2C_RW_1_sqmuxa: 1 loads, 1 LSLICEs
     Net bmc_cpld_i2c_ram/i2c_slave_bmc_u0/i2c_slave_basic0_u0/o_data_out_RNO[7]: 1 loads, 1 LSLICEs
     Net bmc_cpld_i2c_ram/i2c_slave_bmc_u0/i2c_slave_basic0_u0/o_data_out_RNO[6]: 1 loads, 1 LSLICEs
     Net bmc_cpld_i2c_ram/i2c_slave_bmc_u0/i2c_slave_basic0_u0/o_data_out_RNO[5]: 1 loads, 1 LSLICEs
     Net bmc_cpld_i2c_ram/i2c_slave_bmc_u0/i2c_slave_basic0_u0/o_data_out_RNO[4]: 1 loads, 1 LSLICEs
     Net bmc_cpld_i2c_ram/i2c_slave_bmc_u0/i2c_slave_basic0_u0/o_data_out_RNO[3]: 1 loads, 1 LSLICEs
     Net bmc_cpld_i2c_ram/i2c_slave_bmc_u0/i2c_slave_basic0_u0/o_data_out_RNO[2]: 1 loads, 1 LSLICEs
     Net bmc_cpld_i2c_ram/i2c_slave_bmc_u0/i2c_slave_basic0_u0/o_data_out_RNO[1]: 1 loads, 1 LSLICEs
     Net bmc_cpld_i2c_ram/i2c_slave_bmc_u0/i2c_slave_basic0_u0/r_I2c_address_RNO[6]: 1 loads, 1 LSLICEs
     Net bmc_cpld_i2c_ram/i2c_slave_bmc_u0/i2c_slave_basic0_u0/r_I2c_address_RNO[5]: 1 loads, 1 LSLICEs
     Net bmc_cpld_i2c_ram/i2c_slave_bmc_u0/i2c_slave_basic0_u0/r_I2c_address_RNO[4]: 1 loads, 1 LSLICEs
     Net bmc_cpld_i2c_ram/i2c_slave_bmc_u0/i2c_slave_basic0_u0/r_I2c_address_RNO[3]: 1 loads, 1 LSLICEs
     Net bmc_cpld_i2c_ram/i2c_slave_bmc_u0/i2c_slave_basic0_u0/r_I2c_address_RNO[2]: 1 loads, 1 LSLICEs
     Net bmc_cpld_i2c_ram/i2c_slave_bmc_u0/i2c_slave_basic0_u0/r_I2c_address_RNO[1]: 1 loads, 1 LSLICEs
     Net bmc_cpld_i2c_ram/i2c_slave_bmc_u0/i2c_slave_basic0_u0/r_I2c_address_RNO[0]: 1 loads, 1 LSLICEs
     Net bmc_cpld_i2c_ram/i2c_slave_bmc_u0/i2c_slave_basic0_u0/o_data_out_RNO[0]: 1 loads, 1 LSLICEs
     Net bmc_cpld_i2c_ram/i2c_slave_bmc_u0/i2c_slave_basic0_u0/N_211_i: 4 loads, 4 LSLICEs
     Net bmc_cpld_i2c_ram/i2c_slave_bmc_u0/i2c_slave_basic0_u0/r_timeout_cnte: 4 loads, 4 LSLICEs
     Net bmc_cpld_i2c_ram/i2c_slave_bmc_u0/i2c_slave_basic0_u0/r_glitchlessSignal_sda_d_1_sqmuxa_i: 1 loads, 1 LSLICEs
     Net bmc_cpld_i2c_ram/i2c_slave_bmc_u0/i2c_slave_basic0_u0/r_glitchlessSignal_scl_d_1_sqmuxa_i: 1 loads, 1 LSLICEs
     Net bmc_cpld_i2c_ram/i2c_slave_bmc_u0/i2c_slave_basic0_u0/r_data_in_lock: 4 loads, 4 LSLICEs
     Net bmc_cpld_i2c_ram/i2c_slave_bmc_u0/i2c_slave_basic0_u0/N_250_i: 4 loads, 4 LSLICEs
     Net pon_reset_n: 1 loads, 1 LSLICEs
     Net bmc_cpld_i2c_ram/r_reg_00354: 4 loads, 4 LSLICEs
     Net bmc_cpld_i2c_ram/r_reg_001e5: 4 loads, 4 LSLICEs
     Net bmc_cpld_i2c_ram/r_reg_001d4: 4 loads, 4 LSLICEs
     Net bmc_cpld_i2c_ram/r_reg_001b4: 4 loads, 4 LSLICEs
     Net bmc_cpld_i2c_ram/r_reg_01854: 4 loads, 4 LSLICEs
     Net bmc_cpld_i2c_ram/r_reg_01864: 4 loads, 4 LSLICEs
     Net bmc_cpld_i2c_ram/r_reg_012b4: 4 loads, 4 LSLICEs
     Net bmc_cpld_i2c_ram/i2c_slave_bmc_u0/w_data_vld_pos: 18 loads, 18 LSLICEs
     Net bmc_cpld_i2c_ram/i2c_slave_bmc_u0/r_i2c_command_tempce[0]: 4 loads, 4 LSLICEs
     Net bmc_cpld_i2c_ram/i2c_slave_bmc_u0/r_i2c_command_tempce[8]: 4 loads, 4 LSLICEs
     Net bmc_cpld_i2c_ram/r_reg_01294: 4 loads, 4 LSLICEs
     Net bmc_cpld_i2c_ram/r_reg_01284: 4 loads, 4 LSLICEs
     Net bmc_cpld_i2c_ram/r_reg_012d4: 4 loads, 4 LSLICEs
     Net bmc_cpld_i2c_ram/r_reg_012c4: 4 loads, 4 LSLICEs
     Net bmc_cpld_i2c_ram/r_reg_012a4: 4 loads, 4 LSLICEs
     Net bmc_cpld_i2c_ram/r_reg_01274: 4 loads, 4 LSLICEs
     Net bmc_cpld_i2c_ram/r_reg_01244: 4 loads, 4 LSLICEs
     Net bmc_cpld_i2c_ram/r_reg_01844: 4 loads, 4 LSLICEs
     Net bmc_cpld_i2c_ram/r_reg_012f4: 4 loads, 4 LSLICEs
     Net bmc_cpld_i2c_ram/r_reg_012e4: 4 loads, 4 LSLICEs
     Net bmc_cpld_i2c_ram/r_reg_01834: 4 loads, 4 LSLICEs
     Net bmc_cpld_i2c_ram/r_reg_01234: 4 loads, 4 LSLICEs
     Net bmc_cpld_i2c_ram/r_reg_01254: 4 loads, 4 LSLICEs
     Net bmc_cpld_i2c_ram/r_reg_00265: 4 loads, 4 LSLICEs
     Net bmc_cpld_i2c_ram/r_reg_01314: 4 loads, 4 LSLICEs
     Net bmc_cpld_i2c_ram/r_reg_00334: 4 loads, 4 LSLICEs
     Net bmc_cpld_i2c_ram/r_reg_00065: 4 loads, 4 LSLICEs
     Net bmc_cpld_i2c_ram/r_reg_01304: 4 loads, 4 LSLICEs
     Net bmc_cpld_i2c_ram/r_reg_01324: 4 loads, 4 LSLICEs
     Net bmc_cpld_i2c_ram/r_reg_00344: 4 loads, 4 LSLICEs
     Net bmc_cpld_i2c_ram/r_reg_01264: 4 loads, 4 LSLICEs
     Net bmc_cpld_i2c_ram/r_reg_001c4: 4 loads, 4 LSLICEs
     Net genblk1[10].fan_pwm_tach_m/fan_pwm_cnt_u2/r_cnt_resulte: 6 loads, 6 LSLICEs
     Net genblk1[10].fan_pwm_tach_m/fan_pwm_cnt_u1/r_cnt_resulte: 6 loads, 6 LSLICEs
     Net genblk1[10].fan_pwm_tach_m/fan_pwm_cnt_u0/r_cnt_resulte: 5 loads, 5 LSLICEs
     Net genblk1[1].fan_pwm_tach_m/fan_pwm_cnt_u2/r_cnt_resulte: 6 loads, 6 LSLICEs
     Net genblk1[1].fan_pwm_tach_m/fan_pwm_cnt_u1/r_cnt_resulte: 6 loads, 6 LSLICEs
     Net genblk1[1].fan_pwm_tach_m/fan_pwm_cnt_u0/r_cnt_resulte: 5 loads, 5 LSLICEs
     Net genblk1[6].fan_pwm_tach_m/fan_pwm_cnt_u2/r_cnt_resulte: 6 loads, 6 LSLICEs
     Net genblk1[6].fan_pwm_tach_m/fan_pwm_cnt_u1/r_cnt_resulte: 6 loads, 6 LSLICEs
     Net genblk1[6].fan_pwm_tach_m/fan_pwm_cnt_u0/r_cnt_resulte: 5 loads, 5 LSLICEs
     Net genblk1[4].fan_pwm_tach_m/fan_pwm_cnt_u2/r_cnt_resulte: 6 loads, 6 LSLICEs
     Net genblk1[4].fan_pwm_tach_m/fan_pwm_cnt_u1/r_cnt_resulte: 6 loads, 6 LSLICEs
     Net genblk1[4].fan_pwm_tach_m/fan_pwm_cnt_u0/r_cnt_resulte: 5 loads, 5 LSLICEs
     Net genblk1[13].fan_pwm_tach_m/fan_pwm_cnt_u2/r_cnt_resulte: 6 loads, 6 LSLICEs
     Net genblk1[13].fan_pwm_tach_m/fan_pwm_cnt_u1/r_cnt_resulte: 6 loads, 6 LSLICEs
     Net genblk1[13].fan_pwm_tach_m/fan_pwm_cnt_u0/r_cnt_resulte: 5 loads, 5 LSLICEs
     Net genblk1[3].fan_pwm_tach_m/fan_pwm_cnt_u2/r_cnt_resulte: 6 loads, 6 LSLICEs
     Net genblk1[3].fan_pwm_tach_m/fan_pwm_cnt_u1/r_cnt_resulte: 6 loads, 6 LSLICEs
     Net genblk1[3].fan_pwm_tach_m/fan_pwm_cnt_u0/r_cnt_resulte: 5 loads, 5 LSLICEs
     Net genblk1[5].fan_pwm_tach_m/fan_pwm_cnt_u2/r_cnt_resulte: 6 loads, 6 LSLICEs
     Net genblk1[5].fan_pwm_tach_m/fan_pwm_cnt_u1/r_cnt_resulte: 6 loads, 6 LSLICEs
     Net genblk1[5].fan_pwm_tach_m/fan_pwm_cnt_u0/r_cnt_resulte: 5 loads, 5 LSLICEs
     Net genblk1[12].fan_pwm_tach_m/fan_pwm_cnt_u2/r_cnt_resulte: 6 loads, 6 LSLICEs
     Net genblk1[12].fan_pwm_tach_m/fan_pwm_cnt_u1/r_cnt_resulte: 6 loads, 6 LSLICEs
     Net genblk1[12].fan_pwm_tach_m/fan_pwm_cnt_u0/r_cnt_resulte: 5 loads, 5 LSLICEs
     Net genblk1[2].fan_pwm_tach_m/fan_pwm_cnt_u2/r_cnt_resulte: 6 loads, 6 LSLICEs
     Net genblk1[2].fan_pwm_tach_m/fan_pwm_cnt_u1/r_cnt_resulte: 6 loads, 6 LSLICEs
     Net genblk1[2].fan_pwm_tach_m/fan_pwm_cnt_u0/r_cnt_resulte: 5 loads, 5 LSLICEs
     Net genblk1[8].fan_pwm_tach_m/fan_pwm_cnt_u2/r_cnt_resulte: 6 loads, 6 LSLICEs
     Net genblk1[8].fan_pwm_tach_m/fan_pwm_cnt_u1/r_cnt_resulte: 6 loads, 6 LSLICEs
     Net genblk1[8].fan_pwm_tach_m/fan_pwm_cnt_u0/r_cnt_resulte: 5 loads, 5 LSLICEs
     Net genblk1[0].fan_pwm_tach_m/fan_pwm_cnt_u2/r_cnt_resulte: 6 loads, 6 LSLICEs
     Net genblk1[0].fan_pwm_tach_m/fan_pwm_cnt_u1/r_cnt_resulte: 6 loads, 6 LSLICEs
     Net genblk1[0].fan_pwm_tach_m/fan_pwm_cnt_u0/r_cnt_resulte: 5 loads, 5 LSLICEs
     Net genblk1[11].fan_pwm_tach_m/fan_pwm_cnt_u2/r_cnt_resulte: 6 loads, 6 LSLICEs
     Net genblk1[11].fan_pwm_tach_m/fan_pwm_cnt_u1/r_cnt_resulte: 6 loads, 6 LSLICEs
     Net genblk1[11].fan_pwm_tach_m/fan_pwm_cnt_u0/r_cnt_resulte: 5 loads, 5 LSLICEs
     Net genblk1[7].fan_pwm_tach_m/fan_pwm_cnt_u2/r_cnt_resulte: 6 loads, 6 LSLICEs
     Net genblk1[7].fan_pwm_tach_m/fan_pwm_cnt_u1/r_cnt_resulte: 6 loads, 6 LSLICEs
     Net genblk1[7].fan_pwm_tach_m/fan_pwm_cnt_u0/r_cnt_resulte: 5 loads, 5 LSLICEs
     Net genblk1[14].fan_pwm_tach_m/fan_pwm_cnt_u2/r_cnt_resulte: 6 loads, 6 LSLICEs
     Net genblk1[14].fan_pwm_tach_m/fan_pwm_cnt_u1/r_cnt_resulte: 6 loads, 6 LSLICEs
     Net genblk1[14].fan_pwm_tach_m/fan_pwm_cnt_u0/r_cnt_resulte: 5 loads, 5 LSLICEs
     Net genblk1[9].fan_pwm_tach_m/fan_pwm_cnt_u2/r_cnt_resulte: 6 loads, 6 LSLICEs
     Net genblk1[9].fan_pwm_tach_m/fan_pwm_cnt_u1/r_cnt_resulte: 6 loads, 6 LSLICEs
     Net genblk1[9].fan_pwm_tach_m/fan_pwm_cnt_u0/r_cnt_resulte: 5 loads, 5 LSLICEs
     Net db_inst_fan_prsnt/out_i_0_sqmuxa_5: 1 loads, 1 LSLICEs
     Net db_inst_fan_prsnt/out_i_0_sqmuxa_3: 1 loads, 1 LSLICEs
     Net db_inst_fan_prsnt/out_i_0_sqmuxa_10: 1 loads, 1 LSLICEs
     Net db_inst_fan_prsnt/out_i_0_sqmuxa_8: 1 loads, 1 LSLICEs
     Net db_inst_fan_prsnt/out_i_0_sqmuxa_9: 1 loads, 1 LSLICEs
     Net db_inst_fan_prsnt/out_i_0_sqmuxa_2: 1 loads, 1 LSLICEs
     Net db_inst_fan_prsnt/out_i_0_sqmuxa_6: 1 loads, 1 LSLICEs
     Net db_inst_fan_prsnt/out_i_0_sqmuxa_12: 1 loads, 1 LSLICEs
     Net db_inst_fan_prsnt/out_i_0_sqmuxa_13: 1 loads, 1 LSLICEs
     Net db_inst_fan_prsnt/out_i_0_sqmuxa: 1 loads, 1 LSLICEs
     Net db_inst_fan_prsnt/out_i_0_sqmuxa_1: 1 loads, 1 LSLICEs
     Net db_inst_fan_prsnt/out_i_0_sqmuxa_7: 1 loads, 1 LSLICEs
     Net db_inst_fan_prsnt/out_i_0_sqmuxa_14: 1 loads, 1 LSLICEs
     Net db_inst_fan_prsnt/out_i_0_sqmuxa_4: 1 loads, 1 LSLICEs
     Net db_inst_fan_prsnt/out_i_0_sqmuxa_11: 1 loads, 1 LSLICEs
     Net db_fan_tach_p/out_i_0_sqmuxa_25: 1 loads, 1 LSLICEs
     Net db_fan_tach_p/out_i_0_sqmuxa_26: 1 loads, 1 LSLICEs
     Net db_fan_tach_p/out_i_0_sqmuxa_27: 1 loads, 1 LSLICEs
     Net db_fan_tach_p/out_i_0_sqmuxa_28: 1 loads, 1 LSLICEs
     Net db_fan_tach_p/out_i_0_sqmuxa_29: 1 loads, 1 LSLICEs
     Net db_fan_tach_p/out_i_0_sqmuxa_17: 1 loads, 1 LSLICEs
     Net db_fan_tach_p/out_i_0_sqmuxa_18: 1 loads, 1 LSLICEs
     Net db_fan_tach_p/out_i_0_sqmuxa_19: 1 loads, 1 LSLICEs
     Net db_fan_tach_p/out_i_0_sqmuxa_1: 1 loads, 1 LSLICEs
     Net db_fan_tach_p/out_i_0_sqmuxa_2: 1 loads, 1 LSLICEs
     Net db_fan_tach_p/out_i_0_sqmuxa_3: 1 loads, 1 LSLICEs
     Net db_fan_tach_p/out_i_0_sqmuxa_8: 1 loads, 1 LSLICEs
     Net db_fan_tach_p/out_i_0_sqmuxa_9: 1 loads, 1 LSLICEs
     Net db_fan_tach_p/out_i_0_sqmuxa_10: 1 loads, 1 LSLICEs
     Net db_fan_tach_p/out_i_0_sqmuxa_11: 1 loads, 1 LSLICEs
     Net db_fan_tach_p/out_i_0_sqmuxa_12: 1 loads, 1 LSLICEs
     Net db_fan_tach_p/out_i_0_sqmuxa_13: 1 loads, 1 LSLICEs
     Net db_fan_tach_p/out_i_0_sqmuxa_14: 1 loads, 1 LSLICEs
     Net db_fan_tach_p/out_i_0_sqmuxa_20: 1 loads, 1 LSLICEs
     Net db_fan_tach_p/out_i_0_sqmuxa_15: 1 loads, 1 LSLICEs
     Net db_fan_tach_p/out_i_0_sqmuxa_16: 1 loads, 1 LSLICEs
     Net db_fan_tach_p/out_i_0_sqmuxa_4: 1 loads, 1 LSLICEs
     Net db_fan_tach_p/out_i_0_sqmuxa_5: 1 loads, 1 LSLICEs
     Net db_fan_tach_p/out_i_0_sqmuxa_6: 1 loads, 1 LSLICEs
     Net db_fan_tach_p/out_i_0_sqmuxa_7: 1 loads, 1 LSLICEs
     Net db_fan_tach_p/out_i_0_sqmuxa_21: 1 loads, 1 LSLICEs
     Net db_fan_tach_p/out_i_0_sqmuxa_22: 1 loads, 1 LSLICEs
     Net db_fan_tach_p/out_i_0_sqmuxa_23: 1 loads, 1 LSLICEs
     Net db_fan_tach_p/out_i_0_sqmuxa_24: 1 loads, 1 LSLICEs
     Net db_fan_tach_p/out_i_0_sqmuxa: 1 loads, 1 LSLICEs
     Net debug_led1/period_cnt8: 9 loads, 9 LSLICEs
     Net edge_delay_pch_rsmrst_n/timer_cnte: 2 loads, 2 LSLICEs
     Net edge_delay_pch_rsmrst_n.un1_timer_cnt62_i: 1 loads, 0 LSLICEs
     Net edge_delay_retimer2_1p8_pg/timer_cnte: 2 loads, 2 LSLICEs
     Net edge_delay_retimer2_1p8_pg/un1_timer_cnt62_i: 1 loads, 1 LSLICEs
     Net edge_delay_retimer1_1p8_pg/timer_cnte: 2 loads, 2 LSLICEs
     Net edge_delay_retimer1_1p8_pg/un1_timer_cnt62_i: 1 loads, 1 LSLICEs
     Net edge_delay_p0v8_pg/timer_cnte: 4 loads, 4 LSLICEs
     Net edge_delay_p1v25_pg_50ms/un1_timer_cnt18_i: 1 loads, 1 LSLICEs
     Net edge_delay_p0v8_pg_50ms.un1_timer_cnt18_i: 1 loads, 0 LSLICEs
     Net pvt_nic_inst/par_data_RNO[33]: 1 loads, 1 LSLICEs
     Net pvt_nic_inst/par_data_RNO[6]: 1 loads, 1 LSLICEs
     Net pvt_nic_inst/par_datace_1[7]: 1 loads, 1 LSLICEs
     Net pvt_nic_inst/par_datace_0[8]: 1 loads, 1 LSLICEs
     Net pvt_nic_inst/par_datace_1[9]: 1 loads, 1 LSLICEs
     Net pvt_nic_inst/par_datace_1[10]: 1 loads, 1 LSLICEs
     Net pvt_nic_inst/par_datace_1[11]: 1 loads, 1 LSLICEs
     Net pvt_nic_inst/par_datace_1[12]: 1 loads, 1 LSLICEs
     Net pvt_nic_inst/par_datace_0[13]: 1 loads, 1 LSLICEs
     Net pvt_nic_inst/par_datace_1[14]: 1 loads, 1 LSLICEs
     Net pvt_nic_inst/par_datace_1[15]: 1 loads, 1 LSLICEs
     Net pvt_nic_inst/par_datace_0[16]: 1 loads, 1 LSLICEs
     Net pvt_nic_inst/par_datace_0[17]: 1 loads, 1 LSLICEs
     Net pvt_nic_inst/par_datace_0[18]: 1 loads, 1 LSLICEs
     Net pvt_nic_inst/par_datace_0[19]: 1 loads, 1 LSLICEs
     Net pvt_nic_inst/par_datace_0[20]: 1 loads, 1 LSLICEs
     Net pvt_nic_inst/par_datace[21]: 1 loads, 1 LSLICEs
     Net pvt_nic_inst/par_datace_0[22]: 1 loads, 1 LSLICEs
     Net pvt_nic_inst/par_datace_0[23]: 1 loads, 1 LSLICEs
     Net pvt_nic_inst/par_datace_0[24]: 1 loads, 1 LSLICEs
     Net pvt_nic_inst/par_datace_0[25]: 1 loads, 1 LSLICEs
     Net pvt_nic_inst/par_datace_0[26]: 1 loads, 1 LSLICEs
     Net pvt_nic_inst/par_datace[27]: 1 loads, 1 LSLICEs
     Net pvt_nic_inst/par_datace[28]: 1 loads, 1 LSLICEs
     Net pvt_nic_inst/par_datace[29]: 1 loads, 1 LSLICEs
     Net pvt_nic_inst/par_datace_0[30]: 1 loads, 1 LSLICEs
     Net pvt_nic_inst/par_datace_0[31]: 1 loads, 1 LSLICEs
     Net pvt_nic_inst/par_datace_0[32]: 1 loads, 1 LSLICEs
     Net pvt_nic_inst/par_datace_0[34]: 1 loads, 1 LSLICEs
     Net pvt_nic_inst/par_datace_0[35]: 1 loads, 1 LSLICEs
     Net pvt_nic_inst/par_datace[36]: 1 loads, 1 LSLICEs
     Net pvt_nic_inst/par_datace[37]: 1 loads, 1 LSLICEs
     Net pvt_nic_inst/par_datace_0[38]: 1 loads, 1 LSLICEs
     Net pvt_nic_inst/bit_idx_out44: 3 loads, 3 LSLICEs
     Net par_datace_0[39]: 1 loads, 0 LSLICEs
     Net pvt1_SW_inst/bit_idx_oute: 2 loads, 2 LSLICEs
     Net pvt1_SW_inst/par_data_RNO_0[5]: 1 loads, 1 LSLICEs
     Net pvt1_SW_inst/par_data_RNO[3]: 1 loads, 1 LSLICEs
     Net pvt1_SW_inst/par_datace_0[0]: 1 loads, 1 LSLICEs
     Net pvt1_SW_inst/par_datace[1]: 1 loads, 1 LSLICEs
     Net pvt1_SW_inst/par_datace[2]: 1 loads, 1 LSLICEs
     Net pvt1_SW_inst/par_datace[4]: 1 loads, 1 LSLICEs
     Net pvt1_SW_inst/par_datace_0[6]: 1 loads, 1 LSLICEs
     Net pvt1_SW_inst/par_datace_0[7]: 1 loads, 1 LSLICEs
     Net pvt1_SW_inst/par_datace[8]: 1 loads, 1 LSLICEs
     Net pvt1_SW_inst/par_datace_0[9]: 1 loads, 1 LSLICEs
     Net pvt1_SW_inst/par_datace_0[10]: 1 loads, 1 LSLICEs
     Net pvt1_SW_inst/par_datace_0[11]: 1 loads, 1 LSLICEs
     Net pvt1_SW_inst/par_datace_0[12]: 1 loads, 1 LSLICEs
     Net pvt1_SW_inst/par_datace[13]: 1 loads, 1 LSLICEs
     Net pvt1_SW_inst/par_datace_0[14]: 1 loads, 1 LSLICEs
     Net par_datace_0[15]: 1 loads, 0 LSLICEs
     Net pvt_SW_inst/par_data_RNO[37]: 1 loads, 1 LSLICEs
     Net pvt_SW_inst/par_data_RNO[21]: 1 loads, 1 LSLICEs
     Net pvt_SW_inst/par_data_RNO[13]: 1 loads, 1 LSLICEs
     Net pvt_SW_inst/par_data_RNO[5]: 1 loads, 1 LSLICEs
     Net pvt_SW_inst/par_data_RNO[4]: 1 loads, 1 LSLICEs
     Net pvt_SW_inst/par_data_RNO[2]: 1 loads, 1 LSLICEs
     Net pvt_SW_inst/par_data_RNO[1]: 1 loads, 1 LSLICEs
     Net pvt_SW_inst/par_datace[0]: 1 loads, 1 LSLICEs
     Net pvt_SW_inst/par_datace[6]: 1 loads, 1 LSLICEs
     Net pvt_SW_inst/par_datace[7]: 1 loads, 1 LSLICEs
     Net pvt_SW_inst/par_datace[9]: 1 loads, 1 LSLICEs
     Net pvt_SW_inst/par_datace[10]: 1 loads, 1 LSLICEs
     Net pvt_SW_inst/par_datace[11]: 1 loads, 1 LSLICEs
     Net pvt_SW_inst/par_datace[12]: 1 loads, 1 LSLICEs
     Net pvt_SW_inst/par_datace[14]: 1 loads, 1 LSLICEs
     Net pvt_SW_inst/par_datace[15]: 1 loads, 1 LSLICEs
     Net pvt_SW_inst/par_datace[16]: 1 loads, 1 LSLICEs
     Net pvt_SW_inst/par_datace[17]: 1 loads, 1 LSLICEs
     Net pvt_SW_inst/par_datace[18]: 1 loads, 1 LSLICEs
     Net pvt_SW_inst/par_datace[19]: 1 loads, 1 LSLICEs
     Net pvt_SW_inst/par_datace[20]: 1 loads, 1 LSLICEs
     Net pvt_SW_inst/par_datace[22]: 1 loads, 1 LSLICEs
     Net pvt_SW_inst/par_datace[23]: 1 loads, 1 LSLICEs
     Net pvt_SW_inst/par_datace[24]: 1 loads, 1 LSLICEs
     Net pvt_SW_inst/par_datace[25]: 1 loads, 1 LSLICEs
     Net pvt_SW_inst/par_datace[26]: 1 loads, 1 LSLICEs
     Net pvt_SW_inst/par_datace[30]: 1 loads, 1 LSLICEs
     Net pvt_SW_inst/par_datace[31]: 1 loads, 1 LSLICEs
     Net pvt_SW_inst/par_datace[32]: 1 loads, 1 LSLICEs
     Net pvt_SW_inst/par_datace[33]: 1 loads, 1 LSLICEs
     Net pvt_SW_inst/par_datace[34]: 1 loads, 1 LSLICEs
     Net pvt_SW_inst/par_datace[35]: 1 loads, 1 LSLICEs
     Net pvt_SW_inst/par_datace[38]: 1 loads, 1 LSLICEs
     Net pvt_SW_inst/par_datace[39]: 1 loads, 1 LSLICEs
     Net pvt_SW_inst/par_datace[40]: 1 loads, 1 LSLICEs
     Net pvt_SW_inst/par_datace[41]: 1 loads, 1 LSLICEs
     Net pvt_SW_inst/par_datace[42]: 1 loads, 1 LSLICEs
     Net pvt_SW_inst/par_datace[43]: 1 loads, 1 LSLICEs
     Net pvt_SW_inst/par_datace[44]: 1 loads, 1 LSLICEs
     Net pvt_SW_inst/par_datace[45]: 1 loads, 1 LSLICEs
     Net pvt_SW_inst/par_datace[46]: 1 loads, 1 LSLICEs
     Net pvt_SW_inst/par_datace[47]: 1 loads, 1 LSLICEs
     Net pvt_SW_inst/par_datace[48]: 1 loads, 1 LSLICEs
     Net pvt_SW_inst/par_datace[49]: 1 loads, 1 LSLICEs
     Net pvt_SW_inst/par_datace[50]: 1 loads, 1 LSLICEs
     Net pvt_SW_inst/par_datace[51]: 1 loads, 1 LSLICEs
     Net pvt_SW_inst/par_datace[52]: 1 loads, 1 LSLICEs
     Net pvt_SW_inst/par_datace[53]: 1 loads, 1 LSLICEs
     Net pvt_SW_inst/par_datace[54]: 1 loads, 1 LSLICEs
     Net pvt_SW_inst/bit_idx_out12: 3 loads, 3 LSLICEs
     Net par_datace[55]: 1 loads, 0 LSLICEs
     Net inst_slv_to_mb_p2s/N_608_i: 4 loads, 4 LSLICEs
     Net inst_mb_to_slv_s2p/un3_sclk_pp: 1 loads, 1 LSLICEs
     Net inst_mb_to_slv_s2p/po5: 6 loads, 6 LSLICEs
     Net inst_mb_to_slv_s2p/po_rce[0]: 1 loads, 1 LSLICEs
     Net inst_mb_to_slv_s2p/po_rce[1]: 1 loads, 1 LSLICEs
     Net inst_mb_to_slv_s2p/po_rce[2]: 1 loads, 1 LSLICEs
     Net inst_mb_to_slv_s2p/po_rce[3]: 1 loads, 1 LSLICEs
     Net inst_mb_to_slv_s2p/po_rce[4]: 1 loads, 1 LSLICEs
     Net inst_mb_to_slv_s2p/po_rce[8]: 1 loads, 1 LSLICEs
     Net inst_mb_to_slv_s2p/po_rce[56]: 1 loads, 1 LSLICEs
     Net inst_mb_to_slv_s2p/po_rce[57]: 1 loads, 1 LSLICEs
     Net inst_mb_to_slv_s2p/po_rce[58]: 1 loads, 1 LSLICEs
     Net inst_mb_to_slv_s2p/po_rce[59]: 1 loads, 1 LSLICEs
     Net inst_mb_to_slv_s2p/cnte: 4 loads, 4 LSLICEs
     Net db_inst_psu0_pwrok_n/out_i_0_sqmuxa: 1 loads, 1 LSLICEs
     Net db_inst_psu0_pwrok_n/out_i_0_sqmuxa_1: 1 loads, 1 LSLICEs
     Net db_inst_psu0_pwrok_n/out_i_0_sqmuxa_2: 1 loads, 1 LSLICEs
     Net db_inst_psu0_pwrok_n/out_i_0_sqmuxa_3: 1 loads, 1 LSLICEs
     Net db_inst_psu0_pwrok_n/out_i_0_sqmuxa_4: 1 loads, 1 LSLICEs
     Net db_inst_psu0_pwrok_n/out_i_0_sqmuxa_5: 1 loads, 1 LSLICEs
     Net db_power_pg/out_i_0_sqmuxa_12: 1 loads, 1 LSLICEs
     Net db_power_pg/out_i_0_sqmuxa_6: 1 loads, 1 LSLICEs
     Net db_power_pg/out_i_0_sqmuxa_7: 1 loads, 1 LSLICEs
     Net db_power_pg/out_i_0_sqmuxa_1: 1 loads, 1 LSLICEs
     Net db_power_pg/out_i_0_sqmuxa_8: 1 loads, 1 LSLICEs
     Net db_power_pg/out_i_0_sqmuxa_10: 1 loads, 1 LSLICEs
     Net db_power_pg/out_i_0_sqmuxa_11: 1 loads, 1 LSLICEs
     Net db_power_pg/out_i_0_sqmuxa_4: 1 loads, 1 LSLICEs
     Net db_power_pg/out_i_0_sqmuxa_2: 1 loads, 1 LSLICEs
     Net db_power_pg/out_i_0_sqmuxa_3: 1 loads, 1 LSLICEs
     Net db_power_pg/out_i_0_sqmuxa_5: 1 loads, 1 LSLICEs
     Net db_power_pg/out_i_0_sqmuxa_9: 1 loads, 1 LSLICEs
     Net timer_gen_inst/t1us_2: 3 loads, 3 LSLICEs
     Net timer_gen_inst/t32us_e: 8 loads, 8 LSLICEs
     Net edge_delay_retimer8_0p9_pg.un1_timer_cnt18_i: 1 loads, 0 LSLICEs
     Net edge_delay_retimer7_0p9_pg.un1_timer_cnt18_i: 1 loads, 0 LSLICEs
     Net edge_delay_retimer6_0p9_pg.un1_timer_cnt18_i: 1 loads, 0 LSLICEs
     Net edge_delay_retimer5_0p9_pg.un1_timer_cnt18_i: 1 loads, 0 LSLICEs
     Net edge_delay_retimer4_0p9_pg.un1_timer_cnt18_i: 1 loads, 0 LSLICEs
     Net edge_delay_retimer3_0p9_pg.un1_timer_cnt18_i: 1 loads, 0 LSLICEs
     Net edge_delay_retimer2_0p9_pg.un1_timer_cnt18_i: 1 loads, 0 LSLICEs
     Net edge_delay_retimer1_0p9_pg.un1_timer_cnt18_i: 1 loads, 0 LSLICEs
   Number of local set/reset loads for net pon_reset_n merged into GSR:  1984
   Number of LSRs:  8
     Net un2_w_rst: 5 loads, 4 LSLICEs
     Net bmc_cpld_i2c_ram/i2c_slave_bmc_u0/i2c_slave_basic0_u0/un2_w_rst_2: 2 loads, 2 LSLICEs
     Net un2_w_rst_3: 4 loads, 3 LSLICEs
     Net bmc_cpld_i2c_ram/i2c_slave_bmc_u0/i2c_slave_basic0_u0/un2_w_rst_1: 2 loads, 2 LSLICEs
     Net bmc_cpld_i2c_ram/i2c_slave_bmc_u0/o_i2c_start: 18 loads, 18 LSLICEs
     Net bmc_cpld_i2c_ram/i2c_slave_bmc_u0/i2c_slave_basic0_u0/un1_w_rst_i: 44 loads, 44 LSLICEs
     Net pon_reset_inst/master_reset_n_i: 2 loads, 2 LSLICEs
     Net pll_inst/i_P3V3_STBY_PG_c_i: 1 loads, 0 LSLICEs
   Number of nets driven by tri-state buffers:  0
   Top 10 highest fanout non-clock nets:
     Net bmc_cpld_i2c_ram/i2c_slave_bmc_u0/w_i2c_command[0]: 233 loads
     Net bmc_cpld_i2c_ram/i2c_slave_bmc_u0/w_i2c_command[1]: 224 loads
     Net bmc_cpld_i2c_ram/i2c_slave_bmc_u0/w_i2c_command[2]: 213 loads
     Net bmc_cpld_i2c_ram/i2c_slave_bmc_u0/w_i2c_command[3]: 181 loads
     Net t1us_tick: 126 loads
     Net mcpld_to_swcpld_data_filter[3]: 120 loads
     Net bmc_cpld_i2c_ram/i2c_slave_bmc_u0/w_i2c_command[4]: 107 loads
     Net bmc_cpld_i2c_ram/i2c_slave_bmc_u0/w_i2c_command[5]: 88 loads
     Net t2ms_tick: 77 loads
     Net bmc_cpld_i2c_ram/i2c_slave_bmc_u0/w_WR: 68 loads
    <postMsg mid="1103805" type="Warning" dynamic="2" navigation="0" arg0="In &quot;LOCATE COMP &quot;io_I2C9_CPLD_UPDATE_SDA&quot; SITE &quot;D11&quot; ;&quot;: " arg1="D11"  />
    <postMsg mid="1103805" type="Warning" dynamic="2" navigation="0" arg0="In &quot;LOCATE COMP &quot;io_I2C9_CPLD_UPDATE_SCL&quot; SITE &quot;C11&quot; ;&quot;: " arg1="C11"  />
 

   Number of warnings:  3
   Number of errors:    0



Total CPU Time: 5 secs  
Total REAL Time: 7 secs  
Peak Memory Usage: 95 MB

Dumping design to file BP_4S104G5_impl1_map.ncd.

trce -f "BP_4S104G5_impl1.mt" -o "BP_4S104G5_impl1.tw1" "BP_4S104G5_impl1_map.ncd" "BP_4S104G5_impl1.prf"
trce:  version Diamond (64-bit) 3.12.0.240.2

Copyright (c) 1991-1994 by NeoCAD Inc. All rights reserved.
Copyright (c) 1995 AT&T Corp.   All rights reserved.
Copyright (c) 1995-2001 Lucent Technologies Inc.  All rights reserved.
Copyright (c) 2001 Agere Systems   All rights reserved.
Copyright (c) 2002-2020 Lattice Semiconductor Corporation,  All rights reserved.

Loading design for application trce from file bp_4s104g5_impl1_map.ncd.
Design name: BP_4S104G5
NCD version: 3.3
Vendor:      LATTICE
Device:      LCMXO3LF-6900C
Package:     CABGA400
Performance: 5
Loading device for application trce from file 'xo3c6900.nph' in environment: C:/lscc/diamond/3.12/ispfpga.
Package Status:                     Final          Version 1.16.
Performance Hardware Data Status:   Preliminary    Version 37.5.
Setup and Hold Report

--------------------------------------------------------------------------------
Lattice TRACE Report - Setup, Version Diamond (64-bit) 3.12.0.240.2
Sat Feb 08 10:33:12 2025

Copyright (c) 1991-1994 by NeoCAD Inc. All rights reserved.
Copyright (c) 1995 AT&T Corp.   All rights reserved.
Copyright (c) 1995-2001 Lucent Technologies Inc.  All rights reserved.
Copyright (c) 2001 Agere Systems   All rights reserved.
Copyright (c) 2002-2020 Lattice Semiconductor Corporation,  All rights reserved.

Report Information
------------------
Command line:    trce -v 1 -gt -mapchkpnt 0 -sethld -o BP_4S104G5_impl1.tw1 -gui -msgset D:/Project/CNIT-K/8U SW/code/V10/4port/BP_4S104G5/pro/promote.xml BP_4S104G5_impl1_map.ncd BP_4S104G5_impl1.prf 
Design file:     bp_4s104g5_impl1_map.ncd
Preference file: bp_4s104g5_impl1.prf
Device,speed:    LCMXO3LF-6900C,5
Report level:    verbose report, limited to 1 item per preference
--------------------------------------------------------------------------------

BLOCK ASYNCPATHS
BLOCK RESETPATHS
--------------------------------------------------------------------------------


Derating parameters
-------------------
VCCIO Voltage:
                   3.300 V (Bank 0, defined by PAR)
                   3.300 V (Bank 1, defined by PAR)
                   3.300 V (Bank 2, defined by PAR)
                   1.800 V (Bank 3, defined by PAR)
                   3.300 V (Bank 4, defined by PAR)
                   3.300 V (Bank 5, defined by PAR)



Timing summary (Setup):
---------------

Timing errors: 0  Score: 0
Cumulative negative slack: 0

Constraints cover 43461 paths, 4 nets, and 15322 connections (88.58% coverage)

--------------------------------------------------------------------------------
Lattice TRACE Report - Hold, Version Diamond (64-bit) 3.12.0.240.2
Sat Feb 08 10:33:13 2025

Copyright (c) 1991-1994 by NeoCAD Inc. All rights reserved.
Copyright (c) 1995 AT&T Corp.   All rights reserved.
Copyright (c) 1995-2001 Lucent Technologies Inc.  All rights reserved.
Copyright (c) 2001 Agere Systems   All rights reserved.
Copyright (c) 2002-2020 Lattice Semiconductor Corporation,  All rights reserved.

Report Information
------------------
Command line:    trce -v 1 -gt -mapchkpnt 0 -sethld -o BP_4S104G5_impl1.tw1 -gui -msgset D:/Project/CNIT-K/8U SW/code/V10/4port/BP_4S104G5/pro/promote.xml BP_4S104G5_impl1_map.ncd BP_4S104G5_impl1.prf 
Design file:     bp_4s104g5_impl1_map.ncd
Preference file: bp_4s104g5_impl1.prf
Device,speed:    LCMXO3LF-6900C,M
Report level:    verbose report, limited to 1 item per preference
--------------------------------------------------------------------------------

BLOCK ASYNCPATHS
BLOCK RESETPATHS
--------------------------------------------------------------------------------


Derating parameters
-------------------
VCCIO Voltage:
                   3.300 V (Bank 0, defined by PAR)
                   3.300 V (Bank 1, defined by PAR)
                   3.300 V (Bank 2, defined by PAR)
                   1.800 V (Bank 3, defined by PAR)
                   3.300 V (Bank 4, defined by PAR)
                   3.300 V (Bank 5, defined by PAR)



Timing summary (Hold):
---------------

Timing errors: 0  Score: 0
Cumulative negative slack: 0

Constraints cover 43461 paths, 4 nets, and 15773 connections (91.18% coverage)



Timing summary (Setup and Hold):
---------------

Timing errors: 0 (setup), 0 (hold)
Score: 0 (setup), 0 (hold)
Cumulative negative slack: 0 (0+0)
--------------------------------------------------------------------------------

--------------------------------------------------------------------------------

Total CPU Time: 2 secs 
Total REAL Time: 2 secs 
Peak Memory Usage: 92 MB


mpartrce -p "BP_4S104G5_impl1.p2t" -f "BP_4S104G5_impl1.p3t" -tf "BP_4S104G5_impl1.pt" "BP_4S104G5_impl1_map.ncd" "BP_4S104G5_impl1.ncd"

---- MParTrce Tool ----
Removing old design directory at request of -rem command line option to this program.
Running par. Please wait . . .

Lattice Place and Route Report for Design "BP_4S104G5_impl1_map.ncd"
Sat Feb 08 10:33:14 2025

PAR: Place And Route Diamond (64-bit) 3.12.0.240.2.
Command Line: par -w -l 5 -i 6 -t 1 -c 0 -e 0 -gui -msgset "D:/Project/CNIT-K/8U SW/code/V10/4port/BP_4S104G5/pro/promote.xml" -exp parUseNBR=1:parCDP=0:parCDR=0:parPathBased=OFF:parASE=1 BP_4S104G5_impl1_map.ncd BP_4S104G5_impl1.dir/5_1.ncd BP_4S104G5_impl1.prf
Preference file: BP_4S104G5_impl1.prf.
Placement level-cost: 5-1.
Routing Iterations: 6

Loading design for application par from file BP_4S104G5_impl1_map.ncd.
Design name: BP_4S104G5
NCD version: 3.3
Vendor:      LATTICE
Device:      LCMXO3LF-6900C
Package:     CABGA400
Performance: 5
Loading device for application par from file 'xo3c6900.nph' in environment: C:/lscc/diamond/3.12/ispfpga.
Package Status:                     Final          Version 1.16.
Performance Hardware Data Status:   Preliminary    Version 37.5.
License checked out.


Ignore Preference Error(s):  True
Device utilization summary:

   PIO (prelim)  292+4(JTAG)/336     88% used
                 292+4(JTAG)/336     88% bonded
   IOLOGIC           68/336          20% used

   SLICE           1995/3432         58% used

   GSR                1/1           100% used
   OSC                1/1           100% used
   PLL                1/2            50% used
   EFB                1/1           100% used


Number of Signals: 6180
Number of Connections: 17298

Pin Constraint Summary:
   290 out of 292 pins locked (99% locked).

The following 3 signals are selected to use the primary clock routing resources:
    clk_50m (driver: pll_inst/PLLInst_0, clk load #: 765)
    clk_25m (driver: pll_inst/PLLInst_0, clk load #: 347)
    genblk1[0].fan_pwm_tach_m.w_clk_1s_pos_i (driver: SLICE_1889, clk load #: 150)


The following 4 signals are selected to use the secondary clock routing resources:
    bmc_cpld_i2c_ram/i2c_slave_bmc_u0/i2c_slave_basic0_u0/un1_w_rst_i (driver: SLICE_1425, clk load #: 0, sr load #: 44, ce load #: 0)
    bmc_cpld_i2c_ram/i2c_slave_bmc_u0/o_i2c_start (driver: bmc_cpld_i2c_ram/i2c_slave_bmc_u0/i2c_slave_basic0_u0/SLICE_478, clk load #: 0, sr load #: 18, ce load #: 0)
    bmc_cpld_i2c_ram/i2c_slave_bmc_u0/w_data_vld_pos (driver: SLICE_2637, clk load #: 0, sr load #: 0, ce load #: 18)
    bmc_cpld_i2c_ram/i2c_slave_bmc_u0/w_i2c_command_1 (driver: bmc_cpld_i2c_ram/i2c_slave_bmc_u0/SLICE_1852, clk load #: 8, sr load #: 0, ce load #: 0)

Signal pon_reset_n is selected as Global Set/Reset.
Starting Placer Phase 0.
..........
Finished Placer Phase 0.  REAL time: 16 secs 

Starting Placer Phase 1.
.....................
Placer score = 1668871.
Finished Placer Phase 1.  REAL time: 41 secs 

Starting Placer Phase 2.
.
Placer score =  1648437
Finished Placer Phase 2.  REAL time: 45 secs 


------------------ Clock Report ------------------

Global Clock Resources:
  CLK_PIN    : 0 out of 8 (0%)
  PLL        : 1 out of 2 (50%)
  DCM        : 0 out of 2 (0%)
  DCC        : 0 out of 8 (0%)

Global Clocks:
  PRIMARY "clk_50m" from CLKOP on comp "pll_inst/PLLInst_0" on PLL site "LPLL", clk load = 765
  PRIMARY "clk_25m" from CLKOS on comp "pll_inst/PLLInst_0" on PLL site "LPLL", clk load = 347
  PRIMARY "genblk1[0].fan_pwm_tach_m.w_clk_1s_pos_i" from F1 on comp "SLICE_1889" on site "R2C19C", clk load = 150
  SECONDARY "bmc_cpld_i2c_ram/i2c_slave_bmc_u0/i2c_slave_basic0_u0/un1_w_rst_i" from F1 on comp "SLICE_1425" on site "R14C18B", clk load = 0, ce load = 0, sr load = 44
  SECONDARY "bmc_cpld_i2c_ram/i2c_slave_bmc_u0/o_i2c_start" from Q0 on comp "bmc_cpld_i2c_ram/i2c_slave_bmc_u0/i2c_slave_basic0_u0/SLICE_478" on site "R21C18C", clk load = 0, ce load = 0, sr load = 18
  SECONDARY "bmc_cpld_i2c_ram/i2c_slave_bmc_u0/w_data_vld_pos" from F0 on comp "SLICE_2637" on site "R14C18D", clk load = 0, ce load = 18, sr load = 0
  SECONDARY "bmc_cpld_i2c_ram/i2c_slave_bmc_u0/w_i2c_command_1" from F0 on comp "bmc_cpld_i2c_ram/i2c_slave_bmc_u0/SLICE_1852" on site "R21C18A", clk load = 8, ce load = 0, sr load = 0

  PRIMARY  : 3 out of 8 (37%)
  SECONDARY: 4 out of 8 (50%)

Edge Clocks:
  No edge clock selected.

--------------- End of Clock Report ---------------


I/O Usage Summary (final):
   292 + 4(JTAG) out of 336 (88.1%) PIO sites used.
   292 + 4(JTAG) out of 336 (88.1%) bonded PIO sites used.
   Number of PIO comps: 292; differential: 0.
   Number of Vref pins used: 0.

I/O Bank Usage Summary:
+----------+----------------+------------+-----------+
| I/O Bank | Usage          | Bank Vccio | Bank Vref |
+----------+----------------+------------+-----------+
| 0        | 74 / 84 ( 88%) | 3.3V       | -         |
| 1        | 73 / 84 ( 86%) | 3.3V       | -         |
| 2        | 71 / 84 ( 84%) | 3.3V       | -         |
| 3        | 24 / 28 ( 85%) | 1.8V       | -         |
| 4        | 22 / 24 ( 91%) | 3.3V       | -         |
| 5        | 28 / 32 ( 87%) | 3.3V       | -         |
+----------+----------------+------------+-----------+

Total placer CPU time: 38 secs 

Dumping design to file BP_4S104G5_impl1.dir/5_1.ncd.

0 connections routed; 17298 unrouted.
Starting router resource preassignment

    <postMsg mid="66011008" type="Warning" dynamic="1" navigation="0" arg0="&#xA;   Signal=wb_clk loads=1 clock_loads=1&#xA;   Signal=bmc_cpld_i2c_ram/i2c_slave_bmc_u0/i2c_slave_basic0_u0/un2_w_rst_2 loads=4 clock_loads=2&#xA;   Signal=bmc_cpld_i2c_ram/i2c_slave_bmc_u0/i2c_slave_basic0_u0/un2_w_rst_1 loads=4 clock_loads=2"  />

Completed router resource preassignment. Real time: 1 mins 35 secs 

Start NBR router at 10:34:50 02/08/25

*****************************************************************
Info: NBR allows conflicts(one node used by more than one signal)
      in the earlier iterations. In each iteration, it tries to  
      solve the conflicts while keeping the critical connections 
      routed as short as possible. The routing process is said to
      be completed when no conflicts exist and all connections   
      are routed.                                                
Note: NBR uses a different method to calculate timing slacks. The
      worst slack and total negative slack may not be the same as
      that in TRCE report. You should always run TRCE to verify  
      your design.                                               
*****************************************************************

Start NBR special constraint process at 10:34:51 02/08/25

Start NBR section for initial routing at 10:34:55 02/08/25
Level 1, iteration 1
0(0.00%) conflict; 14343(82.92%) untouched conns; 0 (nbr) score; 
Estimated worst slack/total negative slack<setup>: 9.056ns/0.000ns; real time: 1 mins 42 secs 
Level 2, iteration 1
0(0.00%) conflict; 14339(82.89%) untouched conns; 0 (nbr) score; 
Estimated worst slack/total negative slack<setup>: 9.101ns/0.000ns; real time: 1 mins 43 secs 
Level 3, iteration 1
0(0.00%) conflict; 14335(82.87%) untouched conns; 0 (nbr) score; 
Estimated worst slack/total negative slack<setup>: 9.216ns/0.000ns; real time: 1 mins 45 secs 
Level 4, iteration 1
704(0.19%) conflicts; 0(0.00%) untouched conn; 0 (nbr) score; 
Estimated worst slack/total negative slack<setup>: 9.374ns/0.000ns; real time: 1 mins 51 secs 

Info: Initial congestion level at 75% usage is 0
Info: Initial congestion area  at 75% usage is 57 (5.70%)

Start NBR section for normal routing at 10:35:05 02/08/25
Level 4, iteration 1
504(0.13%) conflicts; 0(0.00%) untouched conn; 0 (nbr) score; 
Estimated worst slack/total negative slack<setup>: 9.484ns/0.000ns; real time: 1 mins 54 secs 
Level 4, iteration 2
296(0.08%) conflicts; 0(0.00%) untouched conn; 0 (nbr) score; 
Estimated worst slack/total negative slack<setup>: 9.484ns/0.000ns; real time: 1 mins 57 secs 
Level 4, iteration 3
140(0.04%) conflicts; 0(0.00%) untouched conn; 0 (nbr) score; 
Estimated worst slack/total negative slack<setup>: 9.484ns/0.000ns; real time: 1 mins 59 secs 
Level 4, iteration 4
68(0.02%) conflicts; 0(0.00%) untouched conn; 0 (nbr) score; 
Estimated worst slack/total negative slack<setup>: 9.484ns/0.000ns; real time: 2 mins 
Level 4, iteration 5
35(0.01%) conflicts; 0(0.00%) untouched conn; 0 (nbr) score; 
Estimated worst slack/total negative slack<setup>: 9.484ns/0.000ns; real time: 2 mins 2 secs 
Level 4, iteration 6
18(0.00%) conflicts; 0(0.00%) untouched conn; 0 (nbr) score; 
Estimated worst slack/total negative slack<setup>: 9.484ns/0.000ns; real time: 2 mins 2 secs 
Level 4, iteration 7
12(0.00%) conflicts; 0(0.00%) untouched conn; 0 (nbr) score; 
Estimated worst slack/total negative slack<setup>: 9.484ns/0.000ns; real time: 2 mins 4 secs 
Level 4, iteration 8
11(0.00%) conflicts; 0(0.00%) untouched conn; 0 (nbr) score; 
Estimated worst slack/total negative slack<setup>: 9.484ns/0.000ns; real time: 2 mins 4 secs 
Level 4, iteration 9
7(0.00%) conflicts; 0(0.00%) untouched conn; 0 (nbr) score; 
Estimated worst slack/total negative slack<setup>: 9.475ns/0.000ns; real time: 2 mins 6 secs 
Level 4, iteration 10
5(0.00%) conflicts; 0(0.00%) untouched conn; 0 (nbr) score; 
Estimated worst slack/total negative slack<setup>: 9.475ns/0.000ns; real time: 2 mins 6 secs 
Level 4, iteration 11
2(0.00%) conflicts; 0(0.00%) untouched conn; 0 (nbr) score; 
Estimated worst slack/total negative slack<setup>: 9.475ns/0.000ns; real time: 2 mins 7 secs 
Level 4, iteration 12
1(0.00%) conflict; 0(0.00%) untouched conn; 0 (nbr) score; 
Estimated worst slack/total negative slack<setup>: 9.475ns/0.000ns; real time: 2 mins 8 secs 
Level 4, iteration 13
1(0.00%) conflict; 0(0.00%) untouched conn; 0 (nbr) score; 
Estimated worst slack/total negative slack<setup>: 9.475ns/0.000ns; real time: 2 mins 9 secs 
Level 4, iteration 14
1(0.00%) conflict; 0(0.00%) untouched conn; 0 (nbr) score; 
Estimated worst slack/total negative slack<setup>: 9.475ns/0.000ns; real time: 2 mins 9 secs 
Level 4, iteration 15
1(0.00%) conflict; 0(0.00%) untouched conn; 0 (nbr) score; 
Estimated worst slack/total negative slack<setup>: 9.475ns/0.000ns; real time: 2 mins 11 secs 
Level 4, iteration 16
1(0.00%) conflict; 0(0.00%) untouched conn; 0 (nbr) score; 
Estimated worst slack/total negative slack<setup>: 9.475ns/0.000ns; real time: 2 mins 11 secs 
Level 4, iteration 17
0(0.00%) conflict; 0(0.00%) untouched conn; 0 (nbr) score; 
Estimated worst slack/total negative slack<setup>: 9.475ns/0.000ns; real time: 2 mins 12 secs 

Start NBR section for setup/hold timing optimization with effort level 3 at 10:35:26 02/08/25

Start NBR section for re-routing at 10:35:30 02/08/25
Level 4, iteration 1
0(0.00%) conflict; 0(0.00%) untouched conn; 0 (nbr) score; 
Estimated worst slack/total negative slack<setup>: 9.475ns/0.000ns; real time: 2 mins 16 secs 

Start NBR section for post-routing at 10:35:30 02/08/25

End NBR router with 0 unrouted connection

NBR Summary
-----------
  Number of unrouted connections : 0 (0.00%)
  Number of connections with timing violations : 0 (0.00%)
  Estimated worst slack<setup> : 9.475ns
  Timing score<setup> : 0
-----------
Notes: The timing info is calculated for SETUP only and all PAR_ADJs are ignored.



    <postMsg mid="66011008" type="Warning" dynamic="1" navigation="0" arg0="&#xA;   Signal=wb_clk loads=1 clock_loads=1&#xA;   Signal=bmc_cpld_i2c_ram/i2c_slave_bmc_u0/i2c_slave_basic0_u0/un2_w_rst_2 loads=4 clock_loads=2&#xA;   Signal=bmc_cpld_i2c_ram/i2c_slave_bmc_u0/i2c_slave_basic0_u0/un2_w_rst_1 loads=4 clock_loads=2"  />

Total CPU time 2 mins 9 secs 
Total REAL time: 2 mins 32 secs 
Completely routed.
End of route.  17298 routed (100.00%); 0 unrouted.

Hold time timing score: 0, hold timing errors: 0

Timing score: 0 

Dumping design to file BP_4S104G5_impl1.dir/5_1.ncd.


PAR_SUMMARY::Run status = Completed
PAR_SUMMARY::Number of unrouted conns = 0
PAR_SUMMARY::Worst  slack<setup/<ns>> = 9.475
PAR_SUMMARY::Timing score<setup/<ns>> = 0.000
PAR_SUMMARY::Worst  slack<hold /<ns>> = 0.104
PAR_SUMMARY::Timing score<hold /<ns>> = 0.000
PAR_SUMMARY::Number of errors = 0

Total CPU  time to completion: 2 mins 11 secs 
Total REAL time to completion: 2 mins 33 secs 

par done!

Note: user must run 'Trace' for timing closure signoff.

Copyright (c) 1991-1994 by NeoCAD Inc. All rights reserved.
Copyright (c) 1995 AT&T Corp.   All rights reserved.
Copyright (c) 1995-2001 Lucent Technologies Inc.  All rights reserved.
Copyright (c) 2001 Agere Systems   All rights reserved.
Copyright (c) 2002-2020 Lattice Semiconductor Corporation,  All rights reserved.
Exiting par with exit code 0
Exiting mpartrce with exit code 0

trce -f "BP_4S104G5_impl1.pt" -o "BP_4S104G5_impl1.twr" "BP_4S104G5_impl1.ncd" "BP_4S104G5_impl1.prf"
trce:  version Diamond (64-bit) 3.12.0.240.2

Copyright (c) 1991-1994 by NeoCAD Inc. All rights reserved.
Copyright (c) 1995 AT&T Corp.   All rights reserved.
Copyright (c) 1995-2001 Lucent Technologies Inc.  All rights reserved.
Copyright (c) 2001 Agere Systems   All rights reserved.
Copyright (c) 2002-2020 Lattice Semiconductor Corporation,  All rights reserved.

Loading design for application trce from file bp_4s104g5_impl1.ncd.
Design name: BP_4S104G5
NCD version: 3.3
Vendor:      LATTICE
Device:      LCMXO3LF-6900C
Package:     CABGA400
Performance: 5
Loading device for application trce from file 'xo3c6900.nph' in environment: C:/lscc/diamond/3.12/ispfpga.
Package Status:                     Final          Version 1.16.
Performance Hardware Data Status:   Preliminary    Version 37.5.
Setup and Hold Report

--------------------------------------------------------------------------------
Lattice TRACE Report - Setup, Version Diamond (64-bit) 3.12.0.240.2
Sat Feb 08 10:35:50 2025

Copyright (c) 1991-1994 by NeoCAD Inc. All rights reserved.
Copyright (c) 1995 AT&T Corp.   All rights reserved.
Copyright (c) 1995-2001 Lucent Technologies Inc.  All rights reserved.
Copyright (c) 2001 Agere Systems   All rights reserved.
Copyright (c) 2002-2020 Lattice Semiconductor Corporation,  All rights reserved.

Report Information
------------------
Command line:    trce -v 10 -gt -sethld -sp 5 -sphld m -o BP_4S104G5_impl1.twr -gui -msgset D:/Project/CNIT-K/8U SW/code/V10/4port/BP_4S104G5/pro/promote.xml BP_4S104G5_impl1.ncd BP_4S104G5_impl1.prf 
Design file:     bp_4s104g5_impl1.ncd
Preference file: bp_4s104g5_impl1.prf
Device,speed:    LCMXO3LF-6900C,5
Report level:    verbose report, limited to 10 items per preference
--------------------------------------------------------------------------------

BLOCK ASYNCPATHS
BLOCK RESETPATHS
--------------------------------------------------------------------------------


Derating parameters
-------------------
VCCIO Voltage:
                   3.300 V (Bank 0, defined by PAR)
                   3.300 V (Bank 1, defined by PAR)
                   3.300 V (Bank 2, defined by PAR)
                   1.800 V (Bank 3, defined by PAR)
                   3.300 V (Bank 4, defined by PAR)
                   3.300 V (Bank 5, defined by PAR)



Timing summary (Setup):
---------------

Timing errors: 0  Score: 0
Cumulative negative slack: 0

Constraints cover 43461 paths, 4 nets, and 15930 connections (92.09% coverage)

--------------------------------------------------------------------------------
Lattice TRACE Report - Hold, Version Diamond (64-bit) 3.12.0.240.2
Sat Feb 08 10:35:53 2025

Copyright (c) 1991-1994 by NeoCAD Inc. All rights reserved.
Copyright (c) 1995 AT&T Corp.   All rights reserved.
Copyright (c) 1995-2001 Lucent Technologies Inc.  All rights reserved.
Copyright (c) 2001 Agere Systems   All rights reserved.
Copyright (c) 2002-2020 Lattice Semiconductor Corporation,  All rights reserved.

Report Information
------------------
Command line:    trce -v 10 -gt -sethld -sp 5 -sphld m -o BP_4S104G5_impl1.twr -gui -msgset D:/Project/CNIT-K/8U SW/code/V10/4port/BP_4S104G5/pro/promote.xml BP_4S104G5_impl1.ncd BP_4S104G5_impl1.prf 
Design file:     bp_4s104g5_impl1.ncd
Preference file: bp_4s104g5_impl1.prf
Device,speed:    LCMXO3LF-6900C,m
Report level:    verbose report, limited to 10 items per preference
--------------------------------------------------------------------------------

BLOCK ASYNCPATHS
BLOCK RESETPATHS
--------------------------------------------------------------------------------


Derating parameters
-------------------
VCCIO Voltage:
                   3.300 V (Bank 0, defined by PAR)
                   3.300 V (Bank 1, defined by PAR)
                   3.300 V (Bank 2, defined by PAR)
                   1.800 V (Bank 3, defined by PAR)
                   3.300 V (Bank 4, defined by PAR)
                   3.300 V (Bank 5, defined by PAR)



Timing summary (Hold):
---------------

Timing errors: 0  Score: 0
Cumulative negative slack: 0

Constraints cover 43461 paths, 4 nets, and 15930 connections (92.09% coverage)



Timing summary (Setup and Hold):
---------------

Timing errors: 0 (setup), 0 (hold)
Score: 0 (setup), 0 (hold)
Cumulative negative slack: 0 (0+0)
--------------------------------------------------------------------------------

--------------------------------------------------------------------------------

Total CPU Time: 4 secs 
Total REAL Time: 6 secs 
Peak Memory Usage: 96 MB


iotiming  "BP_4S104G5_impl1.ncd" "BP_4S104G5_impl1.prf"
I/O Timing Report:
:  version Diamond (64-bit) 3.12.0.240.2

Copyright (c) 1991-1994 by NeoCAD Inc. All rights reserved.
Copyright (c) 1995 AT&T Corp.   All rights reserved.
Copyright (c) 1995-2001 Lucent Technologies Inc.  All rights reserved.
Copyright (c) 2001 Agere Systems   All rights reserved.
Copyright (c) 2002-2020 Lattice Semiconductor Corporation,  All rights reserved.

Loading design for application iotiming from file bp_4s104g5_impl1.ncd.
Design name: BP_4S104G5
NCD version: 3.3
Vendor:      LATTICE
Device:      LCMXO3LF-6900C
Package:     CABGA400
Performance: 5
Loading device for application iotiming from file 'xo3c6900.nph' in environment: C:/lscc/diamond/3.12/ispfpga.
Package Status:                     Final          Version 1.16.
Performance Hardware Data Status:   Preliminary    Version 37.5.
Running Performance Grade: 5
Computing Setup Time ...
Computing Max Clock to Output Delay ...
Computing Hold Time ...
Computing Min Clock to Output Delay ...

Loading design for application iotiming from file bp_4s104g5_impl1.ncd.
Design name: BP_4S104G5
NCD version: 3.3
Vendor:      LATTICE
Device:      LCMXO3LF-6900C
Package:     CABGA400
Performance: 6
Package Status:                     Final          Version 1.16.
Performance Hardware Data Status:   Preliminary    Version 37.5.
Running Performance Grade: 6
Computing Setup Time ...
Computing Max Clock to Output Delay ...
Computing Hold Time ...
Computing Min Clock to Output Delay ...

Loading design for application iotiming from file bp_4s104g5_impl1.ncd.
Design name: BP_4S104G5
NCD version: 3.3
Vendor:      LATTICE
Device:      LCMXO3LF-6900C
Package:     CABGA400
Performance: M
Package Status:                     Final          Version 1.16.
Performance Hardware Data Status:   Preliminary    Version 37.5.
Running Performance Grade: M
Computing Setup Time ...
Computing Max Clock to Output Delay ...
Computing Hold Time ...
Computing Min Clock to Output Delay ...
Done.

tmcheck -par "BP_4S104G5_impl1.par" 

bitgen -f "BP_4S104G5_impl1.t2b" -w "BP_4S104G5_impl1.ncd"  -jedec "BP_4S104G5_impl1.prf"


BITGEN: Bitstream Generator Diamond (64-bit) 3.12.0.240.2
Copyright (c) 1991-1994 by NeoCAD Inc. All rights reserved.
Copyright (c) 1995 AT&T Corp.   All rights reserved.
Copyright (c) 1995-2001 Lucent Technologies Inc.  All rights reserved.
Copyright (c) 2001 Agere Systems   All rights reserved.
Copyright (c) 2002-2020 Lattice Semiconductor Corporation,  All rights reserved.


Loading design for application Bitgen from file BP_4S104G5_impl1.ncd.
Design name: BP_4S104G5
NCD version: 3.3
Vendor:      LATTICE
Device:      LCMXO3LF-6900C
Package:     CABGA400
Performance: 5
Loading device for application Bitgen from file 'xo3c6900.nph' in environment: C:/lscc/diamond/3.12/ispfpga.
Package Status:                     Final          Version 1.16.
Performance Hardware Data Status:   Preliminary    Version 37.5.

Running DRC.
DRC detected 0 errors and 0 warnings.
Reading Preference File from BP_4S104G5_impl1.prf.

Preference Summary:
+---------------------------------+---------------------------------+
|  Preference                     |  Current Setting                |
+---------------------------------+---------------------------------+
|                         RamCfg  |                        Reset**  |
+---------------------------------+---------------------------------+
|                     MCCLK_FREQ  |                         2.08**  |
+---------------------------------+---------------------------------+
|                  CONFIG_SECURE  |                          OFF**  |
+---------------------------------+---------------------------------+
|                          INBUF  |                           ON**  |
+---------------------------------+---------------------------------+
|                      JTAG_PORT  |                       ENABLE**  |
+---------------------------------+---------------------------------+
|                       SDM_PORT  |                      DISABLE**  |
+---------------------------------+---------------------------------+
|                 SLAVE_SPI_PORT  |                      DISABLE**  |
+---------------------------------+---------------------------------+
|                MASTER_SPI_PORT  |                      DISABLE**  |
+---------------------------------+---------------------------------+
|                       I2C_PORT  |                         ENABLE  |
+---------------------------------+---------------------------------+
|        MUX_CONFIGURATION_PORTS  |                      DISABLE**  |
+---------------------------------+---------------------------------+
|                  CONFIGURATION  |                          CFG**  |
+---------------------------------+---------------------------------+
|                COMPRESS_CONFIG  |                           ON**  |
+---------------------------------+---------------------------------+
|                        MY_ASSP  |                          OFF**  |
+---------------------------------+---------------------------------+
|               ONE_TIME_PROGRAM  |                          OFF**  |
+---------------------------------+---------------------------------+
|                 ENABLE_TRANSFR  |                      DISABLE**  |
+---------------------------------+---------------------------------+
|                  SHAREDEBRINIT  |                      DISABLE**  |
+---------------------------------+---------------------------------+
|            BACKGROUND_RECONFIG  |                          OFF**  |
+---------------------------------+---------------------------------+
|                 DUALBOOTGOLDEN  |                     INTERNAL**  |
+---------------------------------+---------------------------------+
 *  Default setting.
 ** The specified setting matches the default setting.


Creating bit map...
 
Bitstream Status: Final           Version 1.95.
 
Saving bit stream in "BP_4S104G5_impl1.jed".
 
===========
UFM Summary.
===========
UFM Size:        2046 Pages (128*2046 Bits).
UFM Utilization: General Purpose Flash Memory.
 
Available General Purpose Flash Memory: 2046 Pages (Page 0 to Page 2045).
Initialized UFM Pages:                     0 Page.
 
Total CPU Time: 7 secs 
Total REAL Time: 8 secs 
Peak Memory Usage: 305 MB
