
         Lattice Mapping Report File for Design Module 'BM_H13DSP_S'


Design Information
------------------

Command line:   map -a MachXO3LF -p LCMXO3LF-6900C -t CABGA400 -s 5 -oc
     Commercial BM_H13DSP_S_impl1.ngd -o BM_H13DSP_S_impl1_map.ncd -pr
     BM_H13DSP_S_impl1.prf -mp BM_H13DSP_S_impl1.mrp -lpf
     D:/Work_File/CPLD_code/CPLD_DB/34.CNIT-K AMD GPU Server V200R001B01/02.MB_S
     CPLD/V01/BM_H13DSP_S/pro/impl1/BM_H13DSP_S_impl1_synplify.lpf -lpf
     D:/Work_File/CPLD_code/CPLD_DB/34.CNIT-K AMD GPU Server V200R001B01/02.MB_S
     CPLD/V01/BM_H13DSP_S/pro/BM_H13DSP_S.lpf -c 0 -gui -msgset
     D:/Work_File/CPLD_code/CPLD_DB/34.CNIT-K AMD GPU Server V200R001B01/02.MB_S
     CPLD/V01/BM_H13DSP_S/pro/promote.xml 
Target Vendor:  LATTICE
Target Device:  LCMXO3LF-6900CCABGA400
Target Performance:   5
Mapper:  xo3c00f,  version:  Diamond (64-bit) 3.12.0.240.2
Mapped on:  03/13/25  19:05:40

Design Summary
--------------

   Number of registers:   2178 out of  7872 (28%)
      PFU registers:         2103 out of  6864 (31%)
      PIO registers:           75 out of  1008 (7%)
   Number of SLICEs:      1849 out of  3432 (54%)
      SLICEs as Logic/ROM:   1849 out of  3432 (54%)
      SLICEs as RAM:            0 out of  2574 (0%)
      SLICEs as Carry:        383 out of  3432 (11%)
   Number of LUT4s:        3653 out of  6864 (53%)
      Number used as logic LUTs:        2887
      Number used as distributed RAM:     0
      Number used as ripple logic:      766
      Number used as shift registers:     0
   Number of PIO sites used: 298 + 4(JTAG) out of 336 (90%)
   Number of block RAMs:  0 out of 26 (0%)
   Number of GSRs:        1 out of 1 (100%)
   EFB used :        Yes
   JTAG used :       No
   Readback used :   No
   Oscillator used : Yes
   Startup used :    No
   POR :             On
   Bandgap :         On
   Number of Power Controller:  0 out of 1 (0%)
   Number of Dynamic Bank Controller (BCINRD):  0 out of 6 (0%)
   Number of Dynamic Bank Controller (BCLVDSO):  0 out of 1 (0%)
   Number of DCCA:  0 out of 8 (0%)
   Number of DCMA:  0 out of 2 (0%)
   Number of PLLs:  1 out of 2 (50%)
   Number of DQSDLLs:  0 out of 2 (0%)
   Number of CLKDIVC:  0 out of 4 (0%)
   Number of ECLKSYNCA:  0 out of 4 (0%)
   Number of ECLKBRIDGECS:  0 out of 2 (0%)
   Notes:-
      1. Total number of LUT4s = (Number of logic LUT4s) + 2*(Number of
     distributed RAMs) + 2*(Number of ripple logic)
      2. Number of logic LUT4s does not include count of distributed RAM and
     ripple logic.

                                    Page 1




Design:  BM_H13DSP_S                                   Date:  03/13/25  19:05:40

Design Summary (cont)
---------------------
   Number of clocks:  19
     Net wb_clk: 1 loads, 1 rising, 0 falling (Driver: inst_osch )
     Net clk_50m: 1267 loads, 1267 rising, 0 falling (Driver: pll_inst/PLLInst_0
     )
     Net clk_25m: 159 loads, 159 rising, 0 falling (Driver: pll_inst/PLLInst_0 )
     
     Net bmc_cpld_i2c_ram_u0/i2c_slave_bmc_u0/w_i2c_command_1: 8 loads, 8
     rising, 0 falling (Driver:
     bmc_cpld_i2c_ram_u0/i2c_slave_bmc_u0/w_i2c_command_1_0_a2 )
     Net bmc_cpld_i2c_ram_u0/i2c_slave_bmc_u0/i2c_slave_basic0_u0/un2_w_rst_1: 3
     loads, 3 rising, 0 falling (Driver:
     bmc_cpld_i2c_ram_u0/i2c_slave_bmc_u0/i2c_slave_basic0_u0/un2_w_rst_1 )
     Net bmc_cpld_i2c_ram_u0/i2c_slave_bmc_u0/i2c_slave_basic0_u0/un2_w_rst_2: 2
     loads, 2 rising, 0 falling (Driver:
     bmc_cpld_i2c_ram_u0/i2c_slave_bmc_u0/i2c_slave_basic0_u0/un2_w_rst_2 )
     Net s2p_164_u1/un1_i_rst_3: 1 loads, 1 rising, 0 falling (Driver:
     s2p_164_u1/un1_i_rst_3 )
     Net s2p_164_u1/un1_i_rst_2: 1 loads, 1 rising, 0 falling (Driver:
     s2p_164_u1/un1_i_rst_2 )
     Net s2p_164_u1/un1_i_rst_5: 1 loads, 1 rising, 0 falling (Driver:
     s2p_164_u1/un1_i_rst_5 )
     Net s2p_164_u1/un1_i_rst_4: 1 loads, 1 rising, 0 falling (Driver:
     s2p_164_u1/un1_i_rst_4 )
     Net s2p_164_u1/un1_i_rst_7: 1 loads, 1 rising, 0 falling (Driver:
     s2p_164_u1/un1_i_rst_7 )
     Net s2p_164_u1/un1_i_rst_6: 1 loads, 1 rising, 0 falling (Driver:
     s2p_164_u1/un1_i_rst_6 )
     Net s2p_164_u1/un1_i_rst_1: 1 loads, 1 rising, 0 falling (Driver:
     s2p_164_u1/un1_i_rst_1 )
     Net s2p_164_u1/un1_i_rst: 1 loads, 1 rising, 0 falling (Driver:
     s2p_164_u1/un1_i_rst )
     Net t1us_tick: 2 loads, 1 rising, 1 falling (Driver: timer_gen_inst/t1us )
     Net s2p_164_u1.sclk: 4 loads, 4 rising, 0 falling (Driver: s2p_164_u1/sclk
     )
     Net w1mSCE: 17 loads, 17 rising, 0 falling (Driver:
     mClkDivTree/m1mSCE/rDivClk_q )
     Net inst_i2c_update_flash_config/i2c1_scli: 1 loads, 1 rising, 0 falling
     (Driver: PIO io_I2C7_2_UPDATE_SCL )
     Net i_CLK_PAL2_IN_25M_c: 1 loads, 1 rising, 0 falling (Driver: PIO
     i_CLK_PAL2_IN_25M )
   Number of Clock Enables:  532
     Net mcpld_to_scpld_data_filter5: 30 loads, 20 LSLICEs
     Net un1_w_ocp1_prsnt_invert_1: 2 loads, 2 LSLICEs
     Net aux_uart_master_u1/curr_state[5]: 1 loads, 1 LSLICEs
     Net aux_uart_master_u1/data_counte: 3 loads, 3 LSLICEs
     Net N_597_i: 1 loads, 0 LSLICEs
     Net aux_uart_master_u1/bps_count_bite: 4 loads, 4 LSLICEs
     Net t16us_tick: 3 loads, 3 LSLICEs
     Net aux_uart_master_u6/curr_state[5]: 1 loads, 1 LSLICEs
     Net aux_uart_master_u6/N_724_i: 3 loads, 3 LSLICEs
     Net aux_uart_master_u6/bps_count_bite: 4 loads, 4 LSLICEs
     Net curr_state_RNIB8KB[6]: 1 loads, 0 LSLICEs
     Net aux_uart_master_u5/curr_state[5]: 1 loads, 1 LSLICEs
     Net aux_uart_master_u5/reg_par_data_out_RNO_11[6]: 1 loads, 1 LSLICEs
     Net pon_reset_n: 1 loads, 1 LSLICEs
     Net aux_uart_master_u5/reg_par_data_out_RNO_4[2]: 1 loads, 1 LSLICEs

                                    Page 2




Design:  BM_H13DSP_S                                   Date:  03/13/25  19:05:40

Design Summary (cont)
---------------------
     Net aux_uart_master_u5/N_810_i: 3 loads, 3 LSLICEs
     Net N_772_i: 1 loads, 0 LSLICEs
     Net aux_uart_master_u5/reg_par_data_outce_0[0]: 1 loads, 1 LSLICEs
     Net aux_uart_master_u5/reg_par_data_outce_5[1]: 1 loads, 1 LSLICEs
     Net aux_uart_master_u5/reg_par_data_outce[3]: 1 loads, 1 LSLICEs
     Net aux_uart_master_u5/reg_par_data_outce_5[4]: 1 loads, 1 LSLICEs
     Net aux_uart_master_u5/reg_par_data_outce_5[5]: 1 loads, 1 LSLICEs
     Net aux_uart_master_u5/reg_par_data_outce_17[7]: 1 loads, 1 LSLICEs
     Net aux_uart_master_u5/reg_par_data_outce_17[8]: 1 loads, 1 LSLICEs
     Net aux_uart_master_u5/reg_par_data_outce_17[9]: 1 loads, 1 LSLICEs
     Net aux_uart_master_u5/reg_par_data_outce_17[10]: 1 loads, 1 LSLICEs
     Net aux_uart_master_u5/reg_par_data_outce_5[19]: 1 loads, 1 LSLICEs
     Net aux_uart_master_u5/reg_par_data_outce_17[20]: 1 loads, 1 LSLICEs
     Net aux_uart_master_u5/reg_par_data_outce_17[21]: 1 loads, 1 LSLICEs
     Net aux_uart_master_u5/error_flag_0_sqmuxa: 4 loads, 4 LSLICEs
     Net aux_uart_master_u5/bps_count_bite: 4 loads, 4 LSLICEs
     Net aux_uart_master_u4/curr_state[5]: 1 loads, 1 LSLICEs
     Net aux_uart_master_u4/data_counte: 3 loads, 3 LSLICEs
     Net N_851_i: 1 loads, 0 LSLICEs
     Net aux_uart_master_u4/bps_count_bite: 4 loads, 4 LSLICEs
     Net aux_uart_master_u7/data_counte: 3 loads, 3 LSLICEs
     Net aux_uart_master_u7/curr_state[5]: 1 loads, 1 LSLICEs
     Net N_920_i: 1 loads, 0 LSLICEs
     Net aux_uart_master_u7/bps_count_bite: 4 loads, 4 LSLICEs
     Net aux_uart_master_u2/curr_state[5]: 1 loads, 1 LSLICEs
     Net aux_uart_master_u2/N_1002_i: 3 loads, 3 LSLICEs
     Net aux_uart_master_u2/bps_count_bite: 4 loads, 4 LSLICEs
     Net N_989_i: 1 loads, 0 LSLICEs
     Net aux_uart_master_u3/curr_state[5]: 1 loads, 1 LSLICEs
     Net aux_uart_master_u3/data_counte: 3 loads, 3 LSLICEs
     Net aux_uart_master_u3/bps_count_bite: 4 loads, 4 LSLICEs
     Net curr_state_RNI5KFI[6]: 1 loads, 0 LSLICEs
     Net bmc_cpld_i2c_ram_u0/i2c_slave_bmc_u0/i2c_slave_basic0_u0/r_I2C_RW_1_sqm
     uxa: 1 loads, 1 LSLICEs
     Net bmc_cpld_i2c_ram_u0/i2c_slave_bmc_u0/i2c_slave_basic0_u0/o_data_out_RNO
     [7]: 1 loads, 1 LSLICEs
     Net bmc_cpld_i2c_ram_u0/i2c_slave_bmc_u0/i2c_slave_basic0_u0/o_data_out_RNO
     [6]: 1 loads, 1 LSLICEs
     Net bmc_cpld_i2c_ram_u0/i2c_slave_bmc_u0/i2c_slave_basic0_u0/o_data_out_RNO
     [5]: 1 loads, 1 LSLICEs
     Net bmc_cpld_i2c_ram_u0/i2c_slave_bmc_u0/i2c_slave_basic0_u0/o_data_out_RNO
     [4]: 1 loads, 1 LSLICEs
     Net bmc_cpld_i2c_ram_u0/i2c_slave_bmc_u0/i2c_slave_basic0_u0/o_data_out_RNO
     [3]: 1 loads, 1 LSLICEs
     Net bmc_cpld_i2c_ram_u0/i2c_slave_bmc_u0/i2c_slave_basic0_u0/o_data_out_RNO
     [2]: 1 loads, 1 LSLICEs
     Net bmc_cpld_i2c_ram_u0/i2c_slave_bmc_u0/i2c_slave_basic0_u0/o_data_out_RNO
     [1]: 1 loads, 1 LSLICEs
     Net bmc_cpld_i2c_ram_u0/i2c_slave_bmc_u0/i2c_slave_basic0_u0/r_I2c_address_
     RNO[6]: 1 loads, 1 LSLICEs
     Net bmc_cpld_i2c_ram_u0/i2c_slave_bmc_u0/i2c_slave_basic0_u0/r_I2c_address_
     RNO[5]: 1 loads, 1 LSLICEs
     Net bmc_cpld_i2c_ram_u0/i2c_slave_bmc_u0/i2c_slave_basic0_u0/r_I2c_address_
     RNO[4]: 1 loads, 1 LSLICEs
     Net bmc_cpld_i2c_ram_u0/i2c_slave_bmc_u0/i2c_slave_basic0_u0/r_I2c_address_
     RNO[3]: 1 loads, 1 LSLICEs

                                    Page 3




Design:  BM_H13DSP_S                                   Date:  03/13/25  19:05:40

Design Summary (cont)
---------------------
     Net bmc_cpld_i2c_ram_u0/i2c_slave_bmc_u0/i2c_slave_basic0_u0/r_I2c_address_
     RNO[2]: 1 loads, 1 LSLICEs
     Net bmc_cpld_i2c_ram_u0/i2c_slave_bmc_u0/i2c_slave_basic0_u0/r_I2c_address_
     RNO[1]: 1 loads, 1 LSLICEs
     Net bmc_cpld_i2c_ram_u0/i2c_slave_bmc_u0/i2c_slave_basic0_u0/r_I2c_address_
     RNO[0]: 1 loads, 1 LSLICEs
     Net bmc_cpld_i2c_ram_u0/i2c_slave_bmc_u0/i2c_slave_basic0_u0/o_data_out_RNO
     [0]: 1 loads, 1 LSLICEs
     Net bmc_cpld_i2c_ram_u0/i2c_slave_bmc_u0/i2c_slave_basic0_u0/N_211_i: 4
     loads, 4 LSLICEs
     Net
     bmc_cpld_i2c_ram_u0/i2c_slave_bmc_u0/i2c_slave_basic0_u0/r_timeout_cnte: 4
     loads, 4 LSLICEs
     Net bmc_cpld_i2c_ram_u0/i2c_slave_bmc_u0/i2c_slave_basic0_u0/r_glitchlessSi
     gnal_sda_d_1_sqmuxa_i: 1 loads, 1 LSLICEs
     Net bmc_cpld_i2c_ram_u0/i2c_slave_bmc_u0/i2c_slave_basic0_u0/r_glitchlessSi
     gnal_scl_d_1_sqmuxa_i: 1 loads, 1 LSLICEs
     Net
     bmc_cpld_i2c_ram_u0/i2c_slave_bmc_u0/i2c_slave_basic0_u0/r_data_in_lock: 4
     loads, 4 LSLICEs
     Net bmc_cpld_i2c_ram_u0/i2c_slave_bmc_u0/i2c_slave_basic0_u0/N_250_i: 4
     loads, 4 LSLICEs
     Net bmc_cpld_i2c_ram_u0/r_reg_002b4: 7 loads, 7 LSLICEs
     Net bmc_cpld_i2c_ram_u0/i2c_slave_bmc_u0/w_data_vld_pos: 18 loads, 18
     LSLICEs
     Net bmc_cpld_i2c_ram_u0/i2c_slave_bmc_u0/r_i2c_command_tempce[0]: 4 loads,
     4 LSLICEs
     Net bmc_cpld_i2c_ram_u0/i2c_slave_bmc_u0/r_i2c_command_tempce[8]: 4 loads,
     4 LSLICEs
     Net bmc_cpld_i2c_ram_u0/r_reg_008c4: 4 loads, 4 LSLICEs
     Net bmc_cpld_i2c_ram_u0/r_reg_008a4: 4 loads, 4 LSLICEs
     Net bmc_cpld_i2c_ram_u0/r_reg_00724: 4 loads, 4 LSLICEs
     Net bmc_cpld_i2c_ram_u0/r_reg_00285: 5 loads, 5 LSLICEs
     Net bmc_cpld_i2c_ram_u0/r_reg_00274: 4 loads, 4 LSLICEs
     Net bmc_cpld_i2c_ram_u0/r_reg_00264: 4 loads, 4 LSLICEs
     Net bmc_cpld_i2c_ram_u0/r_reg_00254: 4 loads, 4 LSLICEs
     Net bmc_cpld_i2c_ram_u0/r_reg_00105: 4 loads, 4 LSLICEs
     Net bmc_cpld_i2c_ram_u0/r_reg_000e4: 4 loads, 4 LSLICEs
     Net bmc_cpld_i2c_ram_u0/un1_r_reg_000d8_1_i_0: 2 loads, 2 LSLICEs
     Net bmc_cpld_i2c_ram_u0/r_reg_00065: 4 loads, 4 LSLICEs
     Net edge_delay_slot_9_on_dly_10ms/timer_cnte: 4 loads, 4 LSLICEs
     Net edge_delay_slot_9_on_dly_10ms/un1_timer_cnt18_i_0_4: 1 loads, 1 LSLICEs
     
     Net edge_delay_slot_8_on_dly_10ms/timer_cnte: 4 loads, 4 LSLICEs
     Net edge_delay_slot_8_on_dly_10ms/un1_timer_cnt18_i_0_2: 1 loads, 1 LSLICEs
     
     Net edge_delay_slot_7_on_dly_10ms/timer_cnte: 4 loads, 4 LSLICEs
     Net edge_delay_slot_7_on_dly_10ms/un1_timer_cnt18_i_0_1: 1 loads, 1 LSLICEs
     
     Net edge_delay_slot_6_on_dly_10ms/timer_cnte: 4 loads, 4 LSLICEs
     Net edge_delay_slot_6_on_dly_10ms/un1_timer_cnt18_i_0_0: 1 loads, 1 LSLICEs
     
     Net edge_delay_slot_5_on_dly_10ms/timer_cnte: 4 loads, 4 LSLICEs
     Net edge_delay_slot_5_on_dly_10ms/un1_timer_cnt18_i_0: 1 loads, 1 LSLICEs
     Net edge_delay_slot_4_on_dly_10ms/timer_cnte: 4 loads, 4 LSLICEs
     Net edge_delay_slot_4_on_dly_10ms/un1_timer_cnt18_i_0_3: 1 loads, 1 LSLICEs

                                    Page 4




Design:  BM_H13DSP_S                                   Date:  03/13/25  19:05:40

Design Summary (cont)
---------------------
     
     Net edge_delay_slot_3_on_dly_10ms/timer_cnte: 4 loads, 4 LSLICEs
     Net edge_delay_slot_3_on_dly_10ms/N_33: 1 loads, 1 LSLICEs
     Net s2p_164_u1/data_out_cnt[3]: 1 loads, 0 LSLICEs
     Net USB_PWR_EN_DLY100ms/rCounte: 12 loads, 12 LSLICEs
     Net UID_Function_u0/lowpass_filter_U0/un1_r_data_out5: 1 loads, 1 LSLICEs
     Net t32ms_tick: 2 loads, 2 LSLICEs
     Net UID_Function_u0/un1_i_clr_flag_short_1: 1 loads, 1 LSLICEs
     Net UID_Function_u0/un1_i_clr_flag_long_1: 1 loads, 1 LSLICEs
     Net UID_Function_u0/un1_r_BMC_EXTRST_CPLD_OUT_N5_1: 1 loads, 1 LSLICEs
     Net r_BMC_UID_CPLD_N_1_sqmuxa_1_i: 1 loads, 0 LSLICEs
     Net ocp_perst_dly1000ms/rCounte: 14 loads, 14 LSLICEs
     Net ocp_main_pwr_en_dly100ms/rCounte: 12 loads, 12 LSLICEs
     Net ocp1_stby_pwr_en_dly50ms/rCounte: 12 loads, 12 LSLICEs
     Net ocp1_main_pwr_en_dly50ms/rCounte: 12 loads, 12 LSLICEs
     Net ocp1_aux_pwr_en_dly50ms/rCounte: 12 loads, 12 LSLICEs
     Net ocp_hp_sw_en_dly50ms/rCounte: 12 loads, 12 LSLICEs
     Net ocp1_prsnt_invert_dly100ms/rCounte: 12 loads, 12 LSLICEs
     Net un112_par_data_15_3_RNITMPP: 1 loads, 0 LSLICEs
     Net pvt_ocp0_inst/par_data_RNO[15]: 1 loads, 1 LSLICEs
     Net pvt_ocp0_inst/par_datace[8]: 1 loads, 1 LSLICEs
     Net pvt_ocp0_inst/par_datace[9]: 1 loads, 1 LSLICEs
     Net pvt_ocp0_inst/par_datace[10]: 1 loads, 1 LSLICEs
     Net pvt_ocp0_inst/par_datace[11]: 1 loads, 1 LSLICEs
     Net pvt_ocp0_inst/par_datace[12]: 1 loads, 1 LSLICEs
     Net pvt_ocp0_inst/par_datace[13]: 1 loads, 1 LSLICEs
     Net pvt_ocp0_inst/par_datace[14]: 1 loads, 1 LSLICEs
     Net pvt_ocp0_inst/par_datace[16]: 1 loads, 1 LSLICEs
     Net pvt_ocp0_inst/par_datace_0[17]: 1 loads, 1 LSLICEs
     Net pvt_ocp0_inst/par_datace_0[18]: 1 loads, 1 LSLICEs
     Net pvt_ocp0_inst/par_datace_0[19]: 1 loads, 1 LSLICEs
     Net pvt_ocp0_inst/par_datace_0[20]: 1 loads, 1 LSLICEs
     Net pvt_ocp0_inst/par_datace[21]: 1 loads, 1 LSLICEs
     Net pvt_ocp0_inst/par_datace[22]: 1 loads, 1 LSLICEs
     Net pvt_ocp0_inst/par_datace_0[23]: 1 loads, 1 LSLICEs
     Net pvt_ocp0_inst/par_datace_0[24]: 1 loads, 1 LSLICEs
     Net pvt_ocp0_inst/par_datace_0[25]: 1 loads, 1 LSLICEs
     Net pvt_ocp0_inst/par_datace_0[26]: 1 loads, 1 LSLICEs
     Net pvt_ocp0_inst/par_datace_0[27]: 1 loads, 1 LSLICEs
     Net pvt_ocp0_inst/par_datace_0[28]: 1 loads, 1 LSLICEs
     Net pvt_ocp0_inst/par_datace_0[29]: 1 loads, 1 LSLICEs
     Net pvt_ocp0_inst/par_datace_0[30]: 1 loads, 1 LSLICEs
     Net uart_master_u18/reg_par_data_out_RNO_10[6]: 1 loads, 1 LSLICEs
     Net uart_master_u18/reg_par_data_out_RNO_10[5]: 1 loads, 1 LSLICEs
     Net uart_master_u18/reg_par_data_out_RNO_10[4]: 1 loads, 1 LSLICEs
     Net uart_master_u18/N_52_i: 3 loads, 3 LSLICEs
     Net uart_master_u18/N_62_i: 1 loads, 1 LSLICEs
     Net uart_master_u18/reg_par_data_outce_16[7]: 1 loads, 1 LSLICEs
     Net uart_master_u18/reg_par_data_outce_16[8]: 1 loads, 1 LSLICEs
     Net uart_master_u18/reg_par_data_outce_16[9]: 1 loads, 1 LSLICEs
     Net uart_master_u18/reg_par_data_outce_16[10]: 1 loads, 1 LSLICEs
     Net uart_master_u18/reg_par_data_outce_16[20]: 1 loads, 1 LSLICEs
     Net uart_master_u18/N_97_i: 1 loads, 1 LSLICEs
     Net uart_master_u18/error_flag_0_sqmuxa: 4 loads, 4 LSLICEs
     Net uart_master_u18/data_counte: 3 loads, 3 LSLICEs
     Net uart_master_u18/bps_count_bite: 4 loads, 4 LSLICEs

                                    Page 5




Design:  BM_H13DSP_S                                   Date:  03/13/25  19:05:40

Design Summary (cont)
---------------------
     Net reg_par_data_outce_16[21]: 1 loads, 0 LSLICEs
     Net uart_master_u17/reg_par_data_out_RNO_9[6]: 1 loads, 1 LSLICEs
     Net uart_master_u17/reg_par_data_out_RNO_9[5]: 1 loads, 1 LSLICEs
     Net uart_master_u17/reg_par_data_out_RNO_9[4]: 1 loads, 1 LSLICEs
     Net uart_master_u17/N_52_i: 3 loads, 3 LSLICEs
     Net uart_master_u17/N_62_i: 1 loads, 1 LSLICEs
     Net uart_master_u17/reg_par_data_outce_15[7]: 1 loads, 1 LSLICEs
     Net uart_master_u17/reg_par_data_outce_15[8]: 1 loads, 1 LSLICEs
     Net uart_master_u17/reg_par_data_outce_15[9]: 1 loads, 1 LSLICEs
     Net uart_master_u17/reg_par_data_outce_15[10]: 1 loads, 1 LSLICEs
     Net uart_master_u17/reg_par_data_outce_15[20]: 1 loads, 1 LSLICEs
     Net uart_master_u17/N_97_i: 1 loads, 1 LSLICEs
     Net uart_master_u17/error_flag_0_sqmuxa: 4 loads, 4 LSLICEs
     Net uart_master_u17/data_counte: 3 loads, 3 LSLICEs
     Net uart_master_u17/bps_count_bite: 4 loads, 4 LSLICEs
     Net reg_par_data_outce_15[21]: 1 loads, 0 LSLICEs
     Net uart_master_u16/reg_par_data_out_RNO_3[0]: 1 loads, 1 LSLICEs
     Net uart_master_u16/reg_par_data_out_RNO_3[2]: 1 loads, 1 LSLICEs
     Net uart_master_u16/N_97_i: 1 loads, 1 LSLICEs
     Net uart_master_u16/un9_i_a2_4[2]: 1 loads, 1 LSLICEs
     Net uart_master_u16/reg_par_data_outce_4[1]: 1 loads, 1 LSLICEs
     Net uart_master_u16/reg_par_data_outce_4[4]: 1 loads, 1 LSLICEs
     Net uart_master_u16/reg_par_data_outce_4[5]: 1 loads, 1 LSLICEs
     Net uart_master_u16/reg_par_data_outce_4[6]: 1 loads, 1 LSLICEs
     Net uart_master_u16/reg_par_data_outce_14[7]: 1 loads, 1 LSLICEs
     Net uart_master_u16/reg_par_data_outce_14[8]: 1 loads, 1 LSLICEs
     Net uart_master_u16/reg_par_data_outce_14[9]: 1 loads, 1 LSLICEs
     Net uart_master_u16/reg_par_data_outce_14[10]: 1 loads, 1 LSLICEs
     Net uart_master_u16/reg_par_data_outce_4[19]: 1 loads, 1 LSLICEs
     Net uart_master_u16/reg_par_data_outce_14[20]: 1 loads, 1 LSLICEs
     Net uart_master_u16/error_flag_0_sqmuxa: 4 loads, 4 LSLICEs
     Net uart_master_u16/data_counte: 3 loads, 3 LSLICEs
     Net uart_master_u16/bps_count_bite: 4 loads, 4 LSLICEs
     Net reg_par_data_outce_14[21]: 1 loads, 0 LSLICEs
     Net uart_master_u15/reg_par_data_out_RNO_2[0]: 1 loads, 1 LSLICEs
     Net uart_master_u15/reg_par_data_out_RNO_2[2]: 1 loads, 1 LSLICEs
     Net uart_master_u15/N_97_i: 1 loads, 1 LSLICEs
     Net uart_master_u15/un9_i_a2_3[2]: 1 loads, 1 LSLICEs
     Net uart_master_u15/reg_par_data_outce_3[1]: 1 loads, 1 LSLICEs
     Net uart_master_u15/reg_par_data_outce_3[4]: 1 loads, 1 LSLICEs
     Net uart_master_u15/reg_par_data_outce_3[5]: 1 loads, 1 LSLICEs
     Net uart_master_u15/reg_par_data_outce_3[6]: 1 loads, 1 LSLICEs
     Net uart_master_u15/reg_par_data_outce_13[7]: 1 loads, 1 LSLICEs
     Net uart_master_u15/reg_par_data_outce_13[8]: 1 loads, 1 LSLICEs
     Net uart_master_u15/reg_par_data_outce_13[9]: 1 loads, 1 LSLICEs
     Net uart_master_u15/reg_par_data_outce_13[10]: 1 loads, 1 LSLICEs
     Net uart_master_u15/reg_par_data_outce_3[19]: 1 loads, 1 LSLICEs
     Net uart_master_u15/reg_par_data_outce_13[20]: 1 loads, 1 LSLICEs
     Net uart_master_u15/error_flag_0_sqmuxa: 4 loads, 4 LSLICEs
     Net uart_master_u15/data_counte: 3 loads, 3 LSLICEs
     Net uart_master_u15/bps_count_bite: 4 loads, 4 LSLICEs
     Net reg_par_data_outce_13[21]: 1 loads, 0 LSLICEs
     Net uart_master_u14/reg_par_data_out_RNO_1[0]: 1 loads, 1 LSLICEs
     Net uart_master_u14/reg_par_data_out_RNO_1[2]: 1 loads, 1 LSLICEs
     Net uart_master_u14/N_97_i: 1 loads, 1 LSLICEs
     Net uart_master_u14/un9_i_a2_2[2]: 1 loads, 1 LSLICEs

                                    Page 6




Design:  BM_H13DSP_S                                   Date:  03/13/25  19:05:40

Design Summary (cont)
---------------------
     Net uart_master_u14/reg_par_data_outce_2[1]: 1 loads, 1 LSLICEs
     Net uart_master_u14/reg_par_data_outce_2[4]: 1 loads, 1 LSLICEs
     Net uart_master_u14/reg_par_data_outce_2[5]: 1 loads, 1 LSLICEs
     Net uart_master_u14/reg_par_data_outce_2[6]: 1 loads, 1 LSLICEs
     Net uart_master_u14/reg_par_data_outce_12[7]: 1 loads, 1 LSLICEs
     Net uart_master_u14/reg_par_data_outce_12[8]: 1 loads, 1 LSLICEs
     Net uart_master_u14/reg_par_data_outce_12[9]: 1 loads, 1 LSLICEs
     Net uart_master_u14/reg_par_data_outce_12[10]: 1 loads, 1 LSLICEs
     Net uart_master_u14/reg_par_data_outce_2[19]: 1 loads, 1 LSLICEs
     Net uart_master_u14/reg_par_data_outce_12[20]: 1 loads, 1 LSLICEs
     Net uart_master_u14/error_flag_0_sqmuxa: 4 loads, 4 LSLICEs
     Net uart_master_u14/data_counte: 3 loads, 3 LSLICEs
     Net uart_master_u14/bps_count_bite: 4 loads, 4 LSLICEs
     Net reg_par_data_outce_12[21]: 1 loads, 0 LSLICEs
     Net uart_master_u13/reg_par_data_out_RNO_0[0]: 1 loads, 1 LSLICEs
     Net uart_master_u13/reg_par_data_out_RNO_0[2]: 1 loads, 1 LSLICEs
     Net uart_master_u13/N_97_i: 1 loads, 1 LSLICEs
     Net uart_master_u13/un9_i_a2_1[2]: 1 loads, 1 LSLICEs
     Net uart_master_u13/reg_par_data_outce_1[1]: 1 loads, 1 LSLICEs
     Net uart_master_u13/reg_par_data_outce_1[4]: 1 loads, 1 LSLICEs
     Net uart_master_u13/reg_par_data_outce_1[5]: 1 loads, 1 LSLICEs
     Net uart_master_u13/reg_par_data_outce_1[6]: 1 loads, 1 LSLICEs
     Net uart_master_u13/reg_par_data_outce_11[7]: 1 loads, 1 LSLICEs
     Net uart_master_u13/reg_par_data_outce_11[8]: 1 loads, 1 LSLICEs
     Net uart_master_u13/reg_par_data_outce_11[9]: 1 loads, 1 LSLICEs
     Net uart_master_u13/reg_par_data_outce_11[10]: 1 loads, 1 LSLICEs
     Net uart_master_u13/reg_par_data_outce_1[19]: 1 loads, 1 LSLICEs
     Net uart_master_u13/reg_par_data_outce_11[20]: 1 loads, 1 LSLICEs
     Net uart_master_u13/error_flag_0_sqmuxa: 4 loads, 4 LSLICEs
     Net uart_master_u13/data_counte: 3 loads, 3 LSLICEs
     Net uart_master_u13/bps_count_bite: 4 loads, 4 LSLICEs
     Net reg_par_data_outce_11[21]: 1 loads, 0 LSLICEs
     Net uart_master_u12/reg_par_data_out_RNO[0]: 1 loads, 1 LSLICEs
     Net uart_master_u12/reg_par_data_out_RNO[2]: 1 loads, 1 LSLICEs
     Net uart_master_u12/N_97_i: 1 loads, 1 LSLICEs
     Net uart_master_u12/un9_i_a2_0[2]: 1 loads, 1 LSLICEs
     Net uart_master_u12/reg_par_data_outce_0[1]: 1 loads, 1 LSLICEs
     Net uart_master_u12/reg_par_data_outce_0[4]: 1 loads, 1 LSLICEs
     Net uart_master_u12/reg_par_data_outce_0[5]: 1 loads, 1 LSLICEs
     Net uart_master_u12/reg_par_data_outce_0[6]: 1 loads, 1 LSLICEs
     Net uart_master_u12/reg_par_data_outce_10[7]: 1 loads, 1 LSLICEs
     Net uart_master_u12/reg_par_data_outce_10[8]: 1 loads, 1 LSLICEs
     Net uart_master_u12/reg_par_data_outce_10[9]: 1 loads, 1 LSLICEs
     Net uart_master_u12/reg_par_data_outce_10[10]: 1 loads, 1 LSLICEs
     Net uart_master_u12/reg_par_data_outce_0[19]: 1 loads, 1 LSLICEs
     Net uart_master_u12/reg_par_data_outce_10[20]: 1 loads, 1 LSLICEs
     Net uart_master_u12/error_flag_0_sqmuxa: 4 loads, 4 LSLICEs
     Net uart_master_u12/data_counte: 3 loads, 3 LSLICEs
     Net uart_master_u12/bps_count_bite: 4 loads, 4 LSLICEs
     Net reg_par_data_outce_10[21]: 1 loads, 0 LSLICEs
     Net uart_master_u11/un9_i_a2[2]: 1 loads, 1 LSLICEs
     Net uart_master_u11/reg_par_data_outce[0]: 1 loads, 1 LSLICEs
     Net uart_master_u11/reg_par_data_outce[1]: 1 loads, 1 LSLICEs
     Net uart_master_u11/reg_par_data_outce[2]: 1 loads, 1 LSLICEs
     Net uart_master_u11/reg_par_data_outce[4]: 1 loads, 1 LSLICEs
     Net uart_master_u11/reg_par_data_outce[5]: 1 loads, 1 LSLICEs

                                    Page 7




Design:  BM_H13DSP_S                                   Date:  03/13/25  19:05:40

Design Summary (cont)
---------------------
     Net uart_master_u11/reg_par_data_outce[6]: 1 loads, 1 LSLICEs
     Net uart_master_u11/reg_par_data_outce_9[7]: 1 loads, 1 LSLICEs
     Net uart_master_u11/reg_par_data_outce_9[8]: 1 loads, 1 LSLICEs
     Net uart_master_u11/reg_par_data_outce_9[9]: 1 loads, 1 LSLICEs
     Net uart_master_u11/reg_par_data_outce_9[10]: 1 loads, 1 LSLICEs
     Net uart_master_u11/reg_par_data_outce[19]: 1 loads, 1 LSLICEs
     Net uart_master_u11/reg_par_data_outce_9[20]: 1 loads, 1 LSLICEs
     Net uart_master_u11/N_97_i_0: 1 loads, 1 LSLICEs
     Net uart_master_u11/error_flag_0_sqmuxa: 4 loads, 4 LSLICEs
     Net uart_master_u11/data_counte: 3 loads, 3 LSLICEs
     Net uart_master_u11/bps_count_bite: 4 loads, 4 LSLICEs
     Net reg_par_data_outce_9[21]: 1 loads, 0 LSLICEs
     Net uart_master_u10/reg_par_data_out_RNO_8[6]: 1 loads, 1 LSLICEs
     Net uart_master_u10/reg_par_data_out_RNO_8[5]: 1 loads, 1 LSLICEs
     Net uart_master_u10/reg_par_data_out_RNO_8[4]: 1 loads, 1 LSLICEs
     Net uart_master_u10/N_52_i: 3 loads, 3 LSLICEs
     Net uart_master_u10/N_62_i: 1 loads, 1 LSLICEs
     Net uart_master_u10/reg_par_data_outce_8[7]: 1 loads, 1 LSLICEs
     Net uart_master_u10/reg_par_data_outce_8[8]: 1 loads, 1 LSLICEs
     Net uart_master_u10/reg_par_data_outce_8[9]: 1 loads, 1 LSLICEs
     Net uart_master_u10/reg_par_data_outce_8[10]: 1 loads, 1 LSLICEs
     Net uart_master_u10/reg_par_data_outce_8[20]: 1 loads, 1 LSLICEs
     Net uart_master_u10/N_97_i: 1 loads, 1 LSLICEs
     Net uart_master_u10/error_flag_0_sqmuxa: 4 loads, 4 LSLICEs
     Net uart_master_u10/data_counte: 3 loads, 3 LSLICEs
     Net uart_master_u10/bps_count_bite: 4 loads, 4 LSLICEs
     Net reg_par_data_outce_8[21]: 1 loads, 0 LSLICEs
     Net uart_master_u9/reg_par_data_out_RNO_7[6]: 1 loads, 1 LSLICEs
     Net uart_master_u9/reg_par_data_out_RNO_7[5]: 1 loads, 1 LSLICEs
     Net uart_master_u9/reg_par_data_out_RNO_7[4]: 1 loads, 1 LSLICEs
     Net uart_master_u9/N_52_i: 3 loads, 3 LSLICEs
     Net uart_master_u9/N_62_i: 1 loads, 1 LSLICEs
     Net uart_master_u9/reg_par_data_outce_7[7]: 1 loads, 1 LSLICEs
     Net uart_master_u9/reg_par_data_outce_7[8]: 1 loads, 1 LSLICEs
     Net uart_master_u9/reg_par_data_outce_7[9]: 1 loads, 1 LSLICEs
     Net uart_master_u9/reg_par_data_outce_7[10]: 1 loads, 1 LSLICEs
     Net uart_master_u9/reg_par_data_outce_7[20]: 1 loads, 1 LSLICEs
     Net uart_master_u9/N_97_i: 1 loads, 1 LSLICEs
     Net uart_master_u9/error_flag_0_sqmuxa: 4 loads, 4 LSLICEs
     Net uart_master_u9/data_counte: 3 loads, 3 LSLICEs
     Net uart_master_u9/bps_count_bite: 4 loads, 4 LSLICEs
     Net reg_par_data_outce_7[21]: 1 loads, 0 LSLICEs
     Net uart_master_u8/reg_par_data_out_RNO_6[6]: 1 loads, 1 LSLICEs
     Net uart_master_u8/reg_par_data_out_RNO_6[5]: 1 loads, 1 LSLICEs
     Net uart_master_u8/reg_par_data_out_RNO_6[4]: 1 loads, 1 LSLICEs
     Net uart_master_u8/N_52_i: 3 loads, 3 LSLICEs
     Net uart_master_u8/N_62_i: 1 loads, 1 LSLICEs
     Net uart_master_u8/reg_par_data_outce_6[7]: 1 loads, 1 LSLICEs
     Net uart_master_u8/reg_par_data_outce_6[8]: 1 loads, 1 LSLICEs
     Net uart_master_u8/reg_par_data_outce_6[9]: 1 loads, 1 LSLICEs
     Net uart_master_u8/reg_par_data_outce_6[10]: 1 loads, 1 LSLICEs
     Net uart_master_u8/reg_par_data_outce_6[20]: 1 loads, 1 LSLICEs
     Net uart_master_u8/N_97_i: 1 loads, 1 LSLICEs
     Net uart_master_u8/error_flag_0_sqmuxa: 4 loads, 4 LSLICEs
     Net uart_master_u8/data_counte: 3 loads, 3 LSLICEs
     Net uart_master_u8/bps_count_bite: 4 loads, 4 LSLICEs

                                    Page 8




Design:  BM_H13DSP_S                                   Date:  03/13/25  19:05:40

Design Summary (cont)
---------------------
     Net reg_par_data_outce_6[21]: 1 loads, 0 LSLICEs
     Net uart_master_u7/reg_par_data_out_RNO_5[6]: 1 loads, 1 LSLICEs
     Net uart_master_u7/reg_par_data_out_RNO_5[5]: 1 loads, 1 LSLICEs
     Net uart_master_u7/reg_par_data_out_RNO_5[4]: 1 loads, 1 LSLICEs
     Net uart_master_u7/N_52_i: 3 loads, 3 LSLICEs
     Net uart_master_u7/N_62_i: 1 loads, 1 LSLICEs
     Net uart_master_u7/reg_par_data_outce_5[7]: 1 loads, 1 LSLICEs
     Net uart_master_u7/reg_par_data_outce_5[8]: 1 loads, 1 LSLICEs
     Net uart_master_u7/reg_par_data_outce_5[9]: 1 loads, 1 LSLICEs
     Net uart_master_u7/reg_par_data_outce_5[10]: 1 loads, 1 LSLICEs
     Net uart_master_u7/reg_par_data_outce_5[20]: 1 loads, 1 LSLICEs
     Net uart_master_u7/N_97_i: 1 loads, 1 LSLICEs
     Net uart_master_u7/error_flag_0_sqmuxa: 4 loads, 4 LSLICEs
     Net uart_master_u7/data_counte: 3 loads, 3 LSLICEs
     Net uart_master_u7/bps_count_bite: 4 loads, 4 LSLICEs
     Net reg_par_data_outce_5[21]: 1 loads, 0 LSLICEs
     Net uart_master_u6/reg_par_data_out_RNO_4[6]: 1 loads, 1 LSLICEs
     Net uart_master_u6/reg_par_data_out_RNO_4[5]: 1 loads, 1 LSLICEs
     Net uart_master_u6/reg_par_data_out_RNO_4[4]: 1 loads, 1 LSLICEs
     Net uart_master_u6/N_52_i: 3 loads, 3 LSLICEs
     Net uart_master_u6/N_62_i: 1 loads, 1 LSLICEs
     Net uart_master_u6/reg_par_data_outce_4[7]: 1 loads, 1 LSLICEs
     Net uart_master_u6/reg_par_data_outce_4[8]: 1 loads, 1 LSLICEs
     Net uart_master_u6/reg_par_data_outce_4[9]: 1 loads, 1 LSLICEs
     Net uart_master_u6/reg_par_data_outce_4[10]: 1 loads, 1 LSLICEs
     Net uart_master_u6/reg_par_data_outce_4[20]: 1 loads, 1 LSLICEs
     Net uart_master_u6/N_97_i: 1 loads, 1 LSLICEs
     Net uart_master_u6/error_flag_0_sqmuxa: 4 loads, 4 LSLICEs
     Net uart_master_u6/data_counte: 3 loads, 3 LSLICEs
     Net uart_master_u6/bps_count_bite: 4 loads, 4 LSLICEs
     Net reg_par_data_outce_4[21]: 1 loads, 0 LSLICEs
     Net uart_master_u5/reg_par_data_out_RNO_3[6]: 1 loads, 1 LSLICEs
     Net uart_master_u5/reg_par_data_out_RNO_3[5]: 1 loads, 1 LSLICEs
     Net uart_master_u5/reg_par_data_out_RNO_3[4]: 1 loads, 1 LSLICEs
     Net uart_master_u5/N_52_i: 3 loads, 3 LSLICEs
     Net uart_master_u5/N_62_i: 1 loads, 1 LSLICEs
     Net uart_master_u5/reg_par_data_outce_3[7]: 1 loads, 1 LSLICEs
     Net uart_master_u5/reg_par_data_outce_3[8]: 1 loads, 1 LSLICEs
     Net uart_master_u5/reg_par_data_outce_3[9]: 1 loads, 1 LSLICEs
     Net uart_master_u5/reg_par_data_outce_3[10]: 1 loads, 1 LSLICEs
     Net uart_master_u5/reg_par_data_outce_3[20]: 1 loads, 1 LSLICEs
     Net uart_master_u5/N_97_i: 1 loads, 1 LSLICEs
     Net uart_master_u5/error_flag_0_sqmuxa: 4 loads, 4 LSLICEs
     Net uart_master_u5/data_counte: 3 loads, 3 LSLICEs
     Net uart_master_u5/bps_count_bite: 4 loads, 4 LSLICEs
     Net reg_par_data_outce_3[21]: 1 loads, 0 LSLICEs
     Net uart_master_u4/reg_par_data_out_RNO_2[6]: 1 loads, 1 LSLICEs
     Net uart_master_u4/reg_par_data_out_RNO_2[5]: 1 loads, 1 LSLICEs
     Net uart_master_u4/reg_par_data_out_RNO_2[4]: 1 loads, 1 LSLICEs
     Net uart_master_u4/N_52_i: 3 loads, 3 LSLICEs
     Net uart_master_u4/N_62_i: 1 loads, 1 LSLICEs
     Net uart_master_u4/reg_par_data_outce_2[7]: 1 loads, 1 LSLICEs
     Net uart_master_u4/reg_par_data_outce_2[8]: 1 loads, 1 LSLICEs
     Net uart_master_u4/reg_par_data_outce_2[9]: 1 loads, 1 LSLICEs
     Net uart_master_u4/reg_par_data_outce_2[10]: 1 loads, 1 LSLICEs
     Net uart_master_u4/reg_par_data_outce_2[20]: 1 loads, 1 LSLICEs

                                    Page 9




Design:  BM_H13DSP_S                                   Date:  03/13/25  19:05:40

Design Summary (cont)
---------------------
     Net uart_master_u4/N_97_i: 1 loads, 1 LSLICEs
     Net uart_master_u4/error_flag_0_sqmuxa: 4 loads, 4 LSLICEs
     Net uart_master_u4/data_counte: 3 loads, 3 LSLICEs
     Net uart_master_u4/bps_count_bite: 4 loads, 4 LSLICEs
     Net reg_par_data_outce_2[21]: 1 loads, 0 LSLICEs
     Net uart_master_u3/reg_par_data_out_RNO_1[6]: 1 loads, 1 LSLICEs
     Net uart_master_u3/reg_par_data_out_RNO_1[5]: 1 loads, 1 LSLICEs
     Net uart_master_u3/reg_par_data_out_RNO_1[4]: 1 loads, 1 LSLICEs
     Net uart_master_u3/N_52_i: 3 loads, 3 LSLICEs
     Net uart_master_u3/N_62_i: 1 loads, 1 LSLICEs
     Net uart_master_u3/reg_par_data_outce_1[7]: 1 loads, 1 LSLICEs
     Net uart_master_u3/reg_par_data_outce_1[8]: 1 loads, 1 LSLICEs
     Net uart_master_u3/reg_par_data_outce_1[9]: 1 loads, 1 LSLICEs
     Net uart_master_u3/reg_par_data_outce_1[10]: 1 loads, 1 LSLICEs
     Net uart_master_u3/reg_par_data_outce_1[20]: 1 loads, 1 LSLICEs
     Net uart_master_u3/N_97_i: 1 loads, 1 LSLICEs
     Net uart_master_u3/error_flag_0_sqmuxa: 4 loads, 4 LSLICEs
     Net uart_master_u3/data_counte: 3 loads, 3 LSLICEs
     Net uart_master_u3/bps_count_bite: 4 loads, 4 LSLICEs
     Net reg_par_data_outce_1[21]: 1 loads, 0 LSLICEs
     Net uart_master_u2/reg_par_data_out_RNO_0[6]: 1 loads, 1 LSLICEs
     Net uart_master_u2/reg_par_data_out_RNO_0[5]: 1 loads, 1 LSLICEs
     Net uart_master_u2/reg_par_data_out_RNO_0[4]: 1 loads, 1 LSLICEs
     Net uart_master_u2/N_52_i: 3 loads, 3 LSLICEs
     Net uart_master_u2/N_62_i: 1 loads, 1 LSLICEs
     Net uart_master_u2/reg_par_data_outce_0[7]: 1 loads, 1 LSLICEs
     Net uart_master_u2/reg_par_data_outce_0[8]: 1 loads, 1 LSLICEs
     Net uart_master_u2/reg_par_data_outce_0[9]: 1 loads, 1 LSLICEs
     Net uart_master_u2/reg_par_data_outce_0[10]: 1 loads, 1 LSLICEs
     Net uart_master_u2/reg_par_data_outce_0[20]: 1 loads, 1 LSLICEs
     Net uart_master_u2/N_97_i: 1 loads, 1 LSLICEs
     Net uart_master_u2/error_flag_0_sqmuxa: 4 loads, 4 LSLICEs
     Net uart_master_u2/data_counte: 3 loads, 3 LSLICEs
     Net uart_master_u2/bps_count_bite: 4 loads, 4 LSLICEs
     Net reg_par_data_outce_0[21]: 1 loads, 0 LSLICEs
     Net uart_master_u1/reg_par_data_out_RNO[6]: 1 loads, 1 LSLICEs
     Net uart_master_u1/reg_par_data_out_RNO[5]: 1 loads, 1 LSLICEs
     Net uart_master_u1/reg_par_data_out_RNO[4]: 1 loads, 1 LSLICEs
     Net uart_master_u1/N_52_i: 3 loads, 3 LSLICEs
     Net uart_master_u1/N_62_i: 1 loads, 1 LSLICEs
     Net uart_master_u1/reg_par_data_outce[7]: 1 loads, 1 LSLICEs
     Net uart_master_u1/reg_par_data_outce[8]: 1 loads, 1 LSLICEs
     Net uart_master_u1/reg_par_data_outce[9]: 1 loads, 1 LSLICEs
     Net uart_master_u1/reg_par_data_outce[10]: 1 loads, 1 LSLICEs
     Net uart_master_u1/reg_par_data_outce[20]: 1 loads, 1 LSLICEs
     Net uart_master_u1/N_97_i: 1 loads, 1 LSLICEs
     Net uart_master_u1/error_flag_0_sqmuxa: 4 loads, 4 LSLICEs
     Net uart_master_u1/data_counte: 3 loads, 3 LSLICEs
     Net uart_master_u1/bps_count_bite: 4 loads, 4 LSLICEs
     Net reg_par_data_outce[21]: 1 loads, 0 LSLICEs
     Net inst_slv_to_mb_p2s/cnte: 5 loads, 5 LSLICEs
     Net N_387_i: 1 loads, 0 LSLICEs
     Net r_ocp_smrst_n_dly_time_cnte: 5 loads, 5 LSLICEs
     Net inst_mb_to_slv_s2p/po_r_RNO[197]: 1 loads, 1 LSLICEs
     Net inst_mb_to_slv_s2p/po_r_RNO[34]: 1 loads, 1 LSLICEs
     Net inst_mb_to_slv_s2p/po_r_RNO[30]: 1 loads, 1 LSLICEs

                                   Page 10




Design:  BM_H13DSP_S                                   Date:  03/13/25  19:05:40

Design Summary (cont)
---------------------
     Net inst_mb_to_slv_s2p/po5: 29 loads, 29 LSLICEs
     Net inst_mb_to_slv_s2p/po_rce[0]: 1 loads, 1 LSLICEs
     Net inst_mb_to_slv_s2p/po_rce[1]: 1 loads, 1 LSLICEs
     Net inst_mb_to_slv_s2p/po_rce[2]: 1 loads, 1 LSLICEs
     Net inst_mb_to_slv_s2p/po_rce[3]: 1 loads, 1 LSLICEs
     Net inst_mb_to_slv_s2p/po_rce[4]: 1 loads, 1 LSLICEs
     Net inst_mb_to_slv_s2p/po_rce[5]: 1 loads, 1 LSLICEs
     Net inst_mb_to_slv_s2p/po_rce[6]: 1 loads, 1 LSLICEs
     Net inst_mb_to_slv_s2p/po_rce[7]: 1 loads, 1 LSLICEs
     Net inst_mb_to_slv_s2p/po_rce[8]: 1 loads, 1 LSLICEs
     Net inst_mb_to_slv_s2p/po_rce[9]: 1 loads, 1 LSLICEs
     Net inst_mb_to_slv_s2p/po_rce[10]: 1 loads, 1 LSLICEs
     Net inst_mb_to_slv_s2p/po_rce[11]: 1 loads, 1 LSLICEs
     Net inst_mb_to_slv_s2p/po_rce[12]: 1 loads, 1 LSLICEs
     Net inst_mb_to_slv_s2p/po_rce[13]: 1 loads, 1 LSLICEs
     Net inst_mb_to_slv_s2p/po_rce[14]: 1 loads, 1 LSLICEs
     Net inst_mb_to_slv_s2p/po_rce[15]: 1 loads, 1 LSLICEs
     Net inst_mb_to_slv_s2p/po_rce[16]: 1 loads, 1 LSLICEs
     Net inst_mb_to_slv_s2p/po_rce[20]: 1 loads, 1 LSLICEs
     Net inst_mb_to_slv_s2p/po_rce[21]: 1 loads, 1 LSLICEs
     Net inst_mb_to_slv_s2p/po_rce[22]: 1 loads, 1 LSLICEs
     Net inst_mb_to_slv_s2p/po_rce[23]: 1 loads, 1 LSLICEs
     Net inst_mb_to_slv_s2p/po_rce[24]: 1 loads, 1 LSLICEs
     Net inst_mb_to_slv_s2p/po_rce[25]: 1 loads, 1 LSLICEs
     Net inst_mb_to_slv_s2p/po_rce[26]: 1 loads, 1 LSLICEs
     Net inst_mb_to_slv_s2p/po_rce[27]: 1 loads, 1 LSLICEs
     Net inst_mb_to_slv_s2p/po_rce[28]: 1 loads, 1 LSLICEs
     Net inst_mb_to_slv_s2p/po_rce[29]: 1 loads, 1 LSLICEs
     Net inst_mb_to_slv_s2p/po_rce[31]: 1 loads, 1 LSLICEs
     Net inst_mb_to_slv_s2p/po_rce[32]: 1 loads, 1 LSLICEs
     Net inst_mb_to_slv_s2p/po_rce[33]: 1 loads, 1 LSLICEs
     Net inst_mb_to_slv_s2p/po_rce[35]: 1 loads, 1 LSLICEs
     Net inst_mb_to_slv_s2p/po_rce[36]: 1 loads, 1 LSLICEs
     Net inst_mb_to_slv_s2p/po_rce[37]: 1 loads, 1 LSLICEs
     Net inst_mb_to_slv_s2p/po_rce[38]: 1 loads, 1 LSLICEs
     Net inst_mb_to_slv_s2p/po_rce[39]: 1 loads, 1 LSLICEs
     Net inst_mb_to_slv_s2p/po_rce[40]: 1 loads, 1 LSLICEs
     Net inst_mb_to_slv_s2p/po_rce[41]: 1 loads, 1 LSLICEs
     Net inst_mb_to_slv_s2p/po_rce[42]: 1 loads, 1 LSLICEs
     Net inst_mb_to_slv_s2p/po_rce[43]: 1 loads, 1 LSLICEs
     Net inst_mb_to_slv_s2p/po_rce[44]: 1 loads, 1 LSLICEs
     Net inst_mb_to_slv_s2p/po_rce[45]: 1 loads, 1 LSLICEs
     Net inst_mb_to_slv_s2p/po_rce[46]: 1 loads, 1 LSLICEs
     Net inst_mb_to_slv_s2p/po_rce[47]: 1 loads, 1 LSLICEs
     Net inst_mb_to_slv_s2p/po_rce[48]: 1 loads, 1 LSLICEs
     Net inst_mb_to_slv_s2p/po_rce[49]: 1 loads, 1 LSLICEs
     Net inst_mb_to_slv_s2p/po_rce[50]: 1 loads, 1 LSLICEs
     Net inst_mb_to_slv_s2p/po_rce[51]: 1 loads, 1 LSLICEs
     Net inst_mb_to_slv_s2p/po_rce[52]: 1 loads, 1 LSLICEs
     Net inst_mb_to_slv_s2p/po_rce[53]: 1 loads, 1 LSLICEs
     Net inst_mb_to_slv_s2p/po_rce[54]: 1 loads, 1 LSLICEs
     Net inst_mb_to_slv_s2p/po_rce[55]: 1 loads, 1 LSLICEs
     Net inst_mb_to_slv_s2p/po_rce[196]: 1 loads, 1 LSLICEs
     Net inst_mb_to_slv_s2p/po_rce[198]: 1 loads, 1 LSLICEs
     Net inst_mb_to_slv_s2p/po_rce[199]: 1 loads, 1 LSLICEs
     Net inst_mb_to_slv_s2p/cnte: 5 loads, 5 LSLICEs

                                   Page 11




Design:  BM_H13DSP_S                                   Date:  03/13/25  19:05:40

Design Summary (cont)
---------------------
     Net pvt_gpi_MB_inst/par_datace[2]: 1 loads, 1 LSLICEs
     Net pvt_gpi_MB_inst/par_datace[5]: 1 loads, 1 LSLICEs
     Net pvt_gpi_MB_inst/par_datace[6]: 1 loads, 1 LSLICEs
     Net pvt_gpi_MB_inst/par_datace[15]: 1 loads, 1 LSLICEs
     Net pvt_gpi_MB_inst/par_datace[17]: 1 loads, 1 LSLICEs
     Net pvt_gpi_MB_inst/par_datace[18]: 1 loads, 1 LSLICEs
     Net pvt_gpi_MB_inst/par_datace[19]: 1 loads, 1 LSLICEs
     Net pvt_gpi_MB_inst/par_datace[20]: 1 loads, 1 LSLICEs
     Net pvt_gpi_MB_inst/par_datace[23]: 1 loads, 1 LSLICEs
     Net pvt_gpi_MB_inst/par_datace[24]: 1 loads, 1 LSLICEs
     Net pvt_gpi_MB_inst/par_datace[25]: 1 loads, 1 LSLICEs
     Net pvt_gpi_MB_inst/par_datace[26]: 1 loads, 1 LSLICEs
     Net pvt_gpi_MB_inst/par_datace[27]: 1 loads, 1 LSLICEs
     Net pvt_gpi_MB_inst/par_datace[28]: 1 loads, 1 LSLICEs
     Net pvt_gpi_MB_inst/par_datace[29]: 1 loads, 1 LSLICEs
     Net pvt_gpi_MB_inst/par_datace[30]: 1 loads, 1 LSLICEs
     Net pvt_gpi_MB_inst/par_datace[31]: 1 loads, 1 LSLICEs
     Net pvt_gpi_MB_inst/par_datace[32]: 1 loads, 1 LSLICEs
     Net pvt_gpi_MB_inst/par_datace[34]: 1 loads, 1 LSLICEs
     Net pvt_gpi_MB_inst/par_datace[35]: 1 loads, 1 LSLICEs
     Net pvt_gpi_MB_inst/par_datace[36]: 1 loads, 1 LSLICEs
     Net pvt_gpi_MB_inst/par_datace[37]: 1 loads, 1 LSLICEs
     Net pvt_gpi_MB_inst/par_datace[38]: 1 loads, 1 LSLICEs
     Net pvt_gpi_MB_inst/par_datace[40]: 1 loads, 1 LSLICEs
     Net pvt_gpi_MB_inst/par_datace[41]: 1 loads, 1 LSLICEs
     Net pvt_gpi_MB_inst/par_datace[42]: 1 loads, 1 LSLICEs
     Net pvt_gpi_MB_inst/par_datace[43]: 1 loads, 1 LSLICEs
     Net pvt_gpi_MB_inst/par_datace[44]: 1 loads, 1 LSLICEs
     Net pvt_gpi_MB_inst/bit_idx_out12: 3 loads, 3 LSLICEs
     Net par_datace[47]: 1 loads, 0 LSLICEs
     Net db_inst_uid_btn/out_i_0_sqmuxa: 1 loads, 1 LSLICEs
     Net db_inst_pwrgood/cnt[1]3: 1 loads, 1 LSLICEs
     Net db_inst_pwrgood/out_i_0_sqmuxa: 1 loads, 1 LSLICEs
     Net db_inst_psu/out_i_0_sqmuxa_1: 1 loads, 1 LSLICEs
     Net db_inst_psu/out_i_0_sqmuxa_2: 1 loads, 1 LSLICEs
     Net db_inst_psu/out_i_0_sqmuxa_4: 1 loads, 1 LSLICEs
     Net db_inst_psu/out_i_0_sqmuxa_5: 1 loads, 1 LSLICEs
     Net db_inst_psu/out_i_0_sqmuxa_6: 1 loads, 1 LSLICEs
     Net db_inst_psu/out_i_0_sqmuxa: 1 loads, 1 LSLICEs
     Net mClkDivTree/o50uSCE: 2 loads, 2 LSLICEs
     Net mClkDivTree/o10uSCE: 2 loads, 2 LSLICEs
     Net mClkDivTree/o1uSCE: 2 loads, 2 LSLICEs
     Net timer_gen_inst/t64ms_2: 2 loads, 2 LSLICEs
     Net timer_gen_inst/t1us_2: 3 loads, 3 LSLICEs
     Net timer_gen_inst/t32us_e: 8 loads, 8 LSLICEs
   Number of local set/reset loads for net pon_reset_n merged into GSR:  1756
   Number of LSRs:  24
     Net un2_w_rst: 6 loads, 5 LSLICEs
     Net bmc_cpld_i2c_ram_u0/i2c_slave_bmc_u0/i2c_slave_basic0_u0/un2_w_rst_1: 2
     loads, 2 LSLICEs
     Net bmc_cpld_i2c_ram_u0/i2c_slave_bmc_u0/i2c_slave_basic0_u0/un2_w_rst_2: 2
     loads, 2 LSLICEs
     Net un2_w_rst_3: 4 loads, 3 LSLICEs
     Net bmc_cpld_i2c_ram_u0/i2c_slave_bmc_u0/o_i2c_start: 18 loads, 18 LSLICEs
     Net bmc_cpld_i2c_ram_u0/i2c_slave_bmc_u0/i2c_slave_basic0_u0/un1_w_rst_i:
     44 loads, 44 LSLICEs

                                   Page 12




Design:  BM_H13DSP_S                                   Date:  03/13/25  19:05:40

Design Summary (cont)
---------------------
     Net s2p_164_u1/un1_i_rst_3: 1 loads, 1 LSLICEs
     Net s2p_164_u1/un1_i_rst_10: 2 loads, 2 LSLICEs
     Net s2p_164_u1/un1_i_rst_2: 1 loads, 1 LSLICEs
     Net s2p_164_u1/un1_i_rst_11: 2 loads, 2 LSLICEs
     Net s2p_164_u1/un1_i_rst_5: 1 loads, 1 LSLICEs
     Net s2p_164_u1/un1_i_rst_12: 2 loads, 2 LSLICEs
     Net s2p_164_u1/un1_i_rst_4: 1 loads, 1 LSLICEs
     Net s2p_164_u1/un1_i_rst_13: 2 loads, 2 LSLICEs
     Net s2p_164_u1/un1_i_rst_7: 1 loads, 1 LSLICEs
     Net s2p_164_u1/un1_i_rst_14: 2 loads, 2 LSLICEs
     Net s2p_164_u1/un1_i_rst_6: 1 loads, 1 LSLICEs
     Net s2p_164_u1/un1_i_rst_15: 2 loads, 2 LSLICEs
     Net s2p_164_u1/un1_i_rst_1: 1 loads, 1 LSLICEs
     Net s2p_164_u1/un1_i_rst_8: 2 loads, 2 LSLICEs
     Net s2p_164_u1/un1_i_rst: 1 loads, 1 LSLICEs
     Net s2p_164_u1/un1_i_rst_9: 2 loads, 2 LSLICEs
     Net pon_reset_inst/master_reset_n_i: 2 loads, 2 LSLICEs
     Net pll_inst/i_PAL2_PROGRAM_N_c_i: 1 loads, 0 LSLICEs
   Number of nets driven by tri-state buffers:  0
   Top 10 highest fanout non-clock nets:
     Net t128ms_tick: 109 loads
     Net bmc_cpld_i2c_ram_u0/w_WR: 83 loads
     Net bmc_cpld_i2c_ram_u0/w_i2c_command[0]: 71 loads
     Net bmc_cpld_i2c_ram_u0/w_i2c_command[1]: 69 loads
     Net pon_reset_n: 67 loads
     Net bmc_cpld_i2c_ram_u0/w_i2c_command[5]: 64 loads
     Net bmc_cpld_i2c_ram_u0/w_i2c_command[2]: 62 loads
     Net inst_slv_to_mb_p2s/cnt[2]: 60 loads
     Net inst_mb_to_slv_s2p/si_r[1]: 57 loads
     Net inst_mb_to_slv_s2p/un3_sclk_pp: 57 loads




   Number of warnings:  5
   Number of errors:    0
     

Design Errors/Warnings
----------------------

WARNING - map: Using local reset signal 'pon_reset_n' to infer global GSR net.
WARNING - map: UFM was enabled in EFB: Enabling the configuration interface will
     temporarily disable certain features of the device including Power
     Controller, GSR, Hardened User SPI Port, Hardened Primary User I2C Port.
     Functionality is restored after the Flash Memory (UFM/Configuration)
     Interface is disabled using Disable Configuration Interface command 0x26
     followed by Bypass command 0xFF. 
WARNING - map: A new DEV_DENSITY property is auto created with value '6900L' by
     software from the device 'LCMXO3LF-6900C' used.
WARNING - map: In "LOCATE COMP "io_I2C7_2_UPDATE_SDA" SITE "D11" ;": Current
     SYS_CONFIG setting prohibits pin "D11" to be used as user IO. This
     preference has been disabled.
WARNING - map: In "LOCATE COMP "io_I2C7_2_UPDATE_SCL" SITE "C11" ;": Current
     SYS_CONFIG setting prohibits pin "C11" to be used as user IO. This
     preference has been disabled.

                                   Page 13




Design:  BM_H13DSP_S                                   Date:  03/13/25  19:05:40


IO (PIO) Attributes
-------------------

+---------------------+-----------+-----------+------------+
| IO Name             | Direction | Levelmode | IO         |
|                     |           |  IO_TYPE  | Register   |
+---------------------+-----------+-----------+------------+
| io_I2C7_PAL2_SDA    | BIDIR     | LVCMOS33  | IN         |
+---------------------+-----------+-----------+------------+
| o_PAL_CPLD_TDO      | OUTPUT    | LVCMOS33  |            |
+---------------------+-----------+-----------+------------+
| o_CPLD2_JTAGEN      | OUTPUT    | LVCMOS33  |            |
+---------------------+-----------+-----------+------------+
| i_HDR_PAL2_N_R      | INPUT     | LVCMOS33  |            |
+---------------------+-----------+-----------+------------+
| io_I2C7_2_UPDATE_SDA| BIDIR     | LVCMOS33  |            |
+---------------------+-----------+-----------+------------+
| io_I2C7_2_UPDATE_SCL| BIDIR     | LVCMOS33  |            |
+---------------------+-----------+-----------+------------+
| i_SHORT_DET         | INPUT     | LVCMOS33  |            |
+---------------------+-----------+-----------+------------+
| i_CPLD1_CPLD2_RSV2_R| INPUT     | LVCMOS33  |            |
+---------------------+-----------+-----------+------------+
| o_CPLD1_CPLD2_RSV1_R| OUTPUT    | LVCMOS33  |            |
+---------------------+-----------+-----------+------------+
| i_CLK_PAL2_IN_25M   | INPUT     | LVCMOS33  |            |
+---------------------+-----------+-----------+------------+
| i_USB_INNER_OVERCUR3| INPUT     | LVCMOS33  |            |
+---------------------+-----------+-----------+------------+
| o_P12V_DISCHARGE_R  | OUTPUT    | LVCMOS33  | OUT        |
+---------------------+-----------+-----------+------------+
| i_PCH_INTRUDER_CABLE_INST_R_N| INPUT     | LVCMOS33  |            |
+---------------------+-----------+-----------+------------+
| i_PAL_PCH_INTRUDER  | INPUT     | LVCMOS33  |            |
+---------------------+-----------+-----------+------------+
| i_UID_SW_IN_N       | INPUT     | LVCMOS33  |            |
+---------------------+-----------+-----------+------------+
| i_USB2_LCD_OC_N     | INPUT     | LVCMOS33  |            |
+---------------------+-----------+-----------+------------+
| o_P0_I2C5_9617_EN   | OUTPUT    | LVCMOS33  |            |
+---------------------+-----------+-----------+------------+
| o_P0_SPI_TPM_CS_N_3V3| OUTPUT    | LVCMOS33  |            |
+---------------------+-----------+-----------+------------+
| o_PAL_PWR_LOM_EN_R  | OUTPUT    | LVCMOS33  |            |
+---------------------+-----------+-----------+------------+
| i_PAL_MAIN_PWR_OK_R | INPUT     | LVCMOS33  |            |
+---------------------+-----------+-----------+------------+
| i_CHASSIS_ID1_N     | INPUT     | LVCMOS33  |            |
+---------------------+-----------+-----------+------------+
| o_CHASSIS_ID0_N     | OUTPUT    | LVCMOS33  |            |
+---------------------+-----------+-----------+------------+
| i_LEAKAGE_DET1_DO_N | INPUT     | LVCMOS33  |            |
+---------------------+-----------+-----------+------------+
| i_LEAKAGE_PRSNT1_N  | INPUT     | LVCMOS33  |            |
+---------------------+-----------+-----------+------------+
| i_BREAK_DET1_DO_N   | INPUT     | LVCMOS33  |            |
+---------------------+-----------+-----------+------------+

                                   Page 14




Design:  BM_H13DSP_S                                   Date:  03/13/25  19:05:40

IO (PIO) Attributes (cont)
--------------------------
| i_LEAKAGE_DET_DO_N  | INPUT     | LVCMOS33  |            |
+---------------------+-----------+-----------+------------+
| i_LEAKAGE0_PRSNT_N  | INPUT     | LVCMOS33  |            |
+---------------------+-----------+-----------+------------+
| i_BREAK_DET_DO_N    | INPUT     | LVCMOS33  |            |
+---------------------+-----------+-----------+------------+
| i_NCSI_RSVD_CPLD    | INPUT     | LVCMOS33  |            |
+---------------------+-----------+-----------+------------+
| i_NCSI_620F_PG      | INPUT     | LVCMOS33  |            |
+---------------------+-----------+-----------+------------+
| i_NCSI_620F_THERMEL_ALERT_N| INPUT     | LVCMOS33  |            |
+---------------------+-----------+-----------+------------+
| o_M2_GPIO7_R        | OUTPUT    | LVCMOS33  |            |
+---------------------+-----------+-----------+------------+
| o_M2_GPIO6_R        | OUTPUT    | LVCMOS33  |            |
+---------------------+-----------+-----------+------------+
| o_PAL_USB_HUB2_P3V3_EN_R| OUTPUT    | LVCMOS33  | OUT        |
+---------------------+-----------+-----------+------------+
| o_PAL_USB_HUB2_VBUS_DET_R| OUTPUT    | LVCMOS33  |            |
+---------------------+-----------+-----------+------------+
| o_PAL_USB_HUB2_RST_N_R| OUTPUT    | LVCMOS33  |            |
+---------------------+-----------+-----------+------------+
| i_TYPEC_PRST        | INPUT     | LVCMOS33  |            |
+---------------------+-----------+-----------+------------+
| i_UART1_TXD_CPLD    | INPUT     | LVCMOS33  |            |
+---------------------+-----------+-----------+------------+
| o_UART1_RXD_CPLD    | OUTPUT    | LVCMOS33  |            |
+---------------------+-----------+-----------+------------+
| i_BMC_UART1_TX      | INPUT     | LVCMOS33  |            |
+---------------------+-----------+-----------+------------+
| o_BMC_UART1_RX      | OUTPUT    | LVCMOS33  |            |
+---------------------+-----------+-----------+------------+
| i_BMC_UART1_CPLD_RX | INPUT     | LVCMOS33  |            |
+---------------------+-----------+-----------+------------+
| o_BMC_UART1_CPLD_TX | OUTPUT    | LVCMOS33  |            |
+---------------------+-----------+-----------+------------+
| o_BMC_UART5_RX      | OUTPUT    | LVCMOS33  |            |
+---------------------+-----------+-----------+------------+
| i_BMC_UART5_TX      | INPUT     | LVCMOS33  |            |
+---------------------+-----------+-----------+------------+
| i_BMC_UART5_CPLD_RX | INPUT     | LVCMOS33  |            |
+---------------------+-----------+-----------+------------+
| o_BMC_UART5_CPLD_TX | OUTPUT    | LVCMOS33  |            |
+---------------------+-----------+-----------+------------+
| o_M_2_SATAPCIE_SEL_R| OUTPUT    | LVCMOS33  |            |
+---------------------+-----------+-----------+------------+
| o_USB_SW_S_R        | OUTPUT    | LVCMOS33  | OUT        |
+---------------------+-----------+-----------+------------+
| o_PAL_MB_SWITCH_EN_N_R| OUTPUT    | LVCMOS33  | OUT        |
+---------------------+-----------+-----------+------------+
| o_PAL_NCSI_50M_REF_CLK_R| OUTPUT    | LVCMOS33  |            |
+---------------------+-----------+-----------+------------+
| o_PAL_PCIE_M2_1_PERST_N_R| OUTPUT    | LVCMOS33  |            |
+---------------------+-----------+-----------+------------+
| o_PAL_PCIE_M2_0_PERST_N_R| OUTPUT    | LVCMOS33  |            |
+---------------------+-----------+-----------+------------+

                                   Page 15




Design:  BM_H13DSP_S                                   Date:  03/13/25  19:05:40

IO (PIO) Attributes (cont)
--------------------------
| o_SW_MB_TPM_OE      | OUTPUT    | LVCMOS33  |            |
+---------------------+-----------+-----------+------------+
| o_BIOS_FLASH_RESET_R_N| OUTPUT    | LVCMOS33  |            |
+---------------------+-----------+-----------+------------+
| o_SW_BIOS_SPI_OE    | OUTPUT    | LVCMOS33  |            |
+---------------------+-----------+-----------+------------+
| o_SW_BIOS_FLASH_SPI_S_R| OUTPUT    | LVCMOS33  | OUT        |
+---------------------+-----------+-----------+------------+
| o_PCIE_SATA_RST_N   | OUTPUT    | LVCMOS33  |            |
+---------------------+-----------+-----------+------------+
| o_PCIE_SATA_WAKE_HOST_R_N| OUTPUT    | LVCMOS33  |            |
+---------------------+-----------+-----------+------------+
| o_RST_I2C7_MUX_N_R  | OUTPUT    | LVCMOS33  |            |
+---------------------+-----------+-----------+------------+
| o_RST_I2C4_MUX_N_R  | OUTPUT    | LVCMOS33  |            |
+---------------------+-----------+-----------+------------+
| o_RST_I2C11_MUX_N_R | OUTPUT    | LVCMOS33  |            |
+---------------------+-----------+-----------+------------+
| o_RST_I2C10_MUX_N_R | OUTPUT    | LVCMOS33  |            |
+---------------------+-----------+-----------+------------+
| o_RST_I2C1_MUX_N_R  | OUTPUT    | LVCMOS33  |            |
+---------------------+-----------+-----------+------------+
| i_PDB_SPGIO_DATAIN  | INPUT     | LVCMOS33  |            |
+---------------------+-----------+-----------+------------+
| o_PDB_SPGIO_CLK     | OUTPUT    | LVCMOS33  |            |
+---------------------+-----------+-----------+------------+
| o_PDB_SPGIO_DATAOUT | OUTPUT    | LVCMOS33  |            |
+---------------------+-----------+-----------+------------+
| o_PDB_SPGIO_LD      | OUTPUT    | LVCMOS33  |            |
+---------------------+-----------+-----------+------------+
| o_CLK_DB2000_2_2_OE_N| OUTPUT    | LVCMOS33  |            |
+---------------------+-----------+-----------+------------+
| o_CLK_DB2000_2_1_OE_N| OUTPUT    | LVCMOS33  |            |
+---------------------+-----------+-----------+------------+
| i_P1_MCIOG1C_WAKE_N_R| INPUT     | LVCMOS33  |            |
+---------------------+-----------+-----------+------------+
| i_P1_MCIOG1A_WAKE_N_R| INPUT     | LVCMOS33  |            |
+---------------------+-----------+-----------+------------+
| i_P1_MCIOP3C_WAKE_N_R| INPUT     | LVCMOS33  |            |
+---------------------+-----------+-----------+------------+
| i_P1_MCIOP3A_WAKE_N_R| INPUT     | LVCMOS33  |            |
+---------------------+-----------+-----------+------------+
| i_P1_MCIOP2C_WAKE_N_R| INPUT     | LVCMOS33  |            |
+---------------------+-----------+-----------+------------+
| i_P1_MCIOP2A_WAKE_N_R| INPUT     | LVCMOS33  |            |
+---------------------+-----------+-----------+------------+
| i_P1_MCIOP1C_WAKE_N_R| INPUT     | LVCMOS33  |            |
+---------------------+-----------+-----------+------------+
| i_P1_MCIOP1A_WAKE_N_R| INPUT     | LVCMOS33  |            |
+---------------------+-----------+-----------+------------+
| i_P1_MCIOP0C_WAKE_N_R| INPUT     | LVCMOS33  |            |
+---------------------+-----------+-----------+------------+
| i_P1_MCIOP0A_WAKE_N_R| INPUT     | LVCMOS33  |            |
+---------------------+-----------+-----------+------------+
| i_P0_MCIOG3C_WAKE_N_R| INPUT     | LVCMOS33  |            |
+---------------------+-----------+-----------+------------+

                                   Page 16




Design:  BM_H13DSP_S                                   Date:  03/13/25  19:05:40

IO (PIO) Attributes (cont)
--------------------------
| i_P0_MCIOG3A_WAKE_N_R| INPUT     | LVCMOS33  |            |
+---------------------+-----------+-----------+------------+
| i_P0_MCIOP3C_WAKE_N_R| INPUT     | LVCMOS33  |            |
+---------------------+-----------+-----------+------------+
| i_P0_MCIOP3A_WAKE_N_R| INPUT     | LVCMOS33  |            |
+---------------------+-----------+-----------+------------+
| i_P0_MCIOP2C_WAKE_N_R| INPUT     | LVCMOS33  |            |
+---------------------+-----------+-----------+------------+
| i_P0_MCIOP2A_WAKE_N_R| INPUT     | LVCMOS33  |            |
+---------------------+-----------+-----------+------------+
| o_P0_MCIOP1C_WAKE_N_R| OUTPUT    | LVCMOS33  | OUT        |
+---------------------+-----------+-----------+------------+
| o_P0_MCIOP1A_WAKE_N_R| OUTPUT    | LVCMOS33  |            |
+---------------------+-----------+-----------+------------+
| o_P1_MCIOG1C_RSV_R  | OUTPUT    | LVCMOS33  |            |
+---------------------+-----------+-----------+------------+
| o_P1_MCIOG1A_RSV_R  | OUTPUT    | LVCMOS33  |            |
+---------------------+-----------+-----------+------------+
| o_P1_MCIOP3C_RSV_R  | OUTPUT    | LVCMOS33  |            |
+---------------------+-----------+-----------+------------+
| o_P1_MCIOP3A_RSV_R  | OUTPUT    | LVCMOS33  |            |
+---------------------+-----------+-----------+------------+
| o_P1_MCIOP2C_RSV_R  | OUTPUT    | LVCMOS33  |            |
+---------------------+-----------+-----------+------------+
| o_P1_MCIOP2A_RSV_R  | OUTPUT    | LVCMOS33  |            |
+---------------------+-----------+-----------+------------+
| o_P1_MCIOP1C_RSV_R  | OUTPUT    | LVCMOS33  |            |
+---------------------+-----------+-----------+------------+
| o_P1_MCIOP1A_RSV_R  | OUTPUT    | LVCMOS33  |            |
+---------------------+-----------+-----------+------------+
| o_P1_MCIOP0C_RSV_R  | OUTPUT    | LVCMOS33  |            |
+---------------------+-----------+-----------+------------+
| o_P1_MCIOP0A_RSV_R  | OUTPUT    | LVCMOS33  |            |
+---------------------+-----------+-----------+------------+
| o_P0_MCIOG3C_RSV_R  | OUTPUT    | LVCMOS33  |            |
+---------------------+-----------+-----------+------------+
| o_P0_MCIOG3A_RSV_R  | OUTPUT    | LVCMOS33  |            |
+---------------------+-----------+-----------+------------+
| o_P0_MCIOP3C_RSV_R  | OUTPUT    | LVCMOS33  |            |
+---------------------+-----------+-----------+------------+
| o_P0_MCIOP3A_RSV_R  | OUTPUT    | LVCMOS33  |            |
+---------------------+-----------+-----------+------------+
| o_P0_MCIOP2C_RSV_R  | OUTPUT    | LVCMOS33  |            |
+---------------------+-----------+-----------+------------+
| o_P0_MCIOP2A_RSV_R  | OUTPUT    | LVCMOS33  |            |
+---------------------+-----------+-----------+------------+
| o_P0_MCIOP1C_RSV_R  | OUTPUT    | LVCMOS33  | OUT        |
+---------------------+-----------+-----------+------------+
| o_P0_MCIOP1A_RSV_R  | OUTPUT    | LVCMOS33  |            |
+---------------------+-----------+-----------+------------+
| i_P1_MCIOP4A_NVME0_PRSNT_N_R| INPUT     | LVCMOS33  |            |
+---------------------+-----------+-----------+------------+
| i_P1_MCIOG1C_NVME1_PRSNT_N_R| INPUT     | LVCMOS33  |            |
+---------------------+-----------+-----------+------------+
| i_P1_MCIOG1C_NVME0_PRSNT_N_R| INPUT     | LVCMOS33  |            |
+---------------------+-----------+-----------+------------+

                                   Page 17




Design:  BM_H13DSP_S                                   Date:  03/13/25  19:05:40

IO (PIO) Attributes (cont)
--------------------------
| i_P1_MCIOG1A_NVME1_PRSNT_N_R| INPUT     | LVCMOS33  |            |
+---------------------+-----------+-----------+------------+
| i_P1_MCIOG1A_NVME0_PRSNT_N_R| INPUT     | LVCMOS33  |            |
+---------------------+-----------+-----------+------------+
| i_P1_MCIOP3C_NVME1_PRSNT_N_R| INPUT     | LVCMOS33  |            |
+---------------------+-----------+-----------+------------+
| i_P1_MCIOP3C_NVME0_PRSNT_N_R| INPUT     | LVCMOS33  |            |
+---------------------+-----------+-----------+------------+
| i_P1_MCIOP3A_NVME1_PRSNT_N_R| INPUT     | LVCMOS33  |            |
+---------------------+-----------+-----------+------------+
| i_P1_MCIOP3A_NVME0_PRSNT_N_R| INPUT     | LVCMOS33  |            |
+---------------------+-----------+-----------+------------+
| i_P1_MCIOP2C_NVME1_PRSNT_N_R| INPUT     | LVCMOS33  |            |
+---------------------+-----------+-----------+------------+
| i_P1_MCIOP2C_NVME0_PRSNT_N_R| INPUT     | LVCMOS33  |            |
+---------------------+-----------+-----------+------------+
| i_P1_MCIOP2A_NVME1_PRSNT_N_R| INPUT     | LVCMOS33  |            |
+---------------------+-----------+-----------+------------+
| i_P1_MCIOP2A_NVME0_PRSNT_N_R| INPUT     | LVCMOS33  |            |
+---------------------+-----------+-----------+------------+
| i_P1_MCIOP1C_NVME1_PRSNT_N_R| INPUT     | LVCMOS33  |            |
+---------------------+-----------+-----------+------------+
| i_P1_MCIOP1C_NVME0_PRSNT_N_R| INPUT     | LVCMOS33  |            |
+---------------------+-----------+-----------+------------+
| i_P1_MCIOP1A_NVME1_PRSNT_N_R| INPUT     | LVCMOS33  |            |
+---------------------+-----------+-----------+------------+
| i_P1_MCIOP1A_NVME0_PRSNT_N_R| INPUT     | LVCMOS33  |            |
+---------------------+-----------+-----------+------------+
| i_P1_MCIOP0C_NVME1_PRSNT_N_R| INPUT     | LVCMOS33  |            |
+---------------------+-----------+-----------+------------+
| i_P1_MCIOP0C_NVME0_PRSNT_N_R| INPUT     | LVCMOS33  |            |
+---------------------+-----------+-----------+------------+
| i_P1_MCIOP0A_NVME1_PRSNT_N_R| INPUT     | LVCMOS33  |            |
+---------------------+-----------+-----------+------------+
| i_P1_MCIOP0A_NVME0_PRSNT_N_R| INPUT     | LVCMOS33  |            |
+---------------------+-----------+-----------+------------+
| i_P0_MCIOG3C_NVME1_PRSNT_N_R| INPUT     | LVCMOS33  |            |
+---------------------+-----------+-----------+------------+
| i_P0_MCIOG3C_NVME0_PRSNT_N_R| INPUT     | LVCMOS33  |            |
+---------------------+-----------+-----------+------------+
| i_P0_MCIOG3A_NVME1_PRSNT_N_R| INPUT     | LVCMOS33  |            |
+---------------------+-----------+-----------+------------+
| i_P0_MCIOG3A_NVME0_PRSNT_N_R| INPUT     | LVCMOS33  |            |
+---------------------+-----------+-----------+------------+
| i_P0_MCIOP3C_NVME1_PRSNT_N_R| INPUT     | LVCMOS33  |            |
+---------------------+-----------+-----------+------------+
| i_P0_MCIOP3C_NVME0_PRSNT_N_R| INPUT     | LVCMOS33  |            |
+---------------------+-----------+-----------+------------+
| i_P0_MCIOP3A_NVME1_PRSNT_N_R| INPUT     | LVCMOS33  |            |
+---------------------+-----------+-----------+------------+
| i_P0_MCIOP3A_NVME0_PRSNT_N_R| INPUT     | LVCMOS33  |            |
+---------------------+-----------+-----------+------------+
| i_P0_MCIOP2C_NVME1_PRSNT_N_R| INPUT     | LVCMOS33  |            |
+---------------------+-----------+-----------+------------+
| i_P0_MCIOP2C_NVME0_PRSNT_N_R| INPUT     | LVCMOS33  |            |
+---------------------+-----------+-----------+------------+

                                   Page 18




Design:  BM_H13DSP_S                                   Date:  03/13/25  19:05:40

IO (PIO) Attributes (cont)
--------------------------
| i_P0_MCIOP2A_NVME1_PRSNT_N_R| INPUT     | LVCMOS33  |            |
+---------------------+-----------+-----------+------------+
| i_P0_MCIOP2A_NVME0_PRSNT_N_R| INPUT     | LVCMOS33  |            |
+---------------------+-----------+-----------+------------+
| i_P0_MCIOP1C_NVME1_PRSNT_N_R| INPUT     | LVCMOS33  |            |
+---------------------+-----------+-----------+------------+
| i_P0_MCIOP1C_NVME0_PRSNT_N_R| INPUT     | LVCMOS33  |            |
+---------------------+-----------+-----------+------------+
| i_P0_MCIOP1A_NVME1_PRSNT_N_R| INPUT     | LVCMOS33  |            |
+---------------------+-----------+-----------+------------+
| i_P0_MCIOP1A_NVME0_PRSNT_N_R| INPUT     | LVCMOS33  |            |
+---------------------+-----------+-----------+------------+
| o_P1_MCIOG1C_GPU_THROTTLE_N_R| OUTPUT    | LVCMOS33  |            |
+---------------------+-----------+-----------+------------+
| o_P1_MCIOG1A_GPU_THROTTLE_N_R| OUTPUT    | LVCMOS33  |            |
+---------------------+-----------+-----------+------------+
| o_P1_MCIOP3C_GPU_THROTTLE_N_R| OUTPUT    | LVCMOS33  |            |
+---------------------+-----------+-----------+------------+
| o_P1_MCIOP3A_GPU_THROTTLE_N_R| OUTPUT    | LVCMOS33  |            |
+---------------------+-----------+-----------+------------+
| o_P1_MCIOP2C_GPU_THROTTLE_N_R| OUTPUT    | LVCMOS33  |            |
+---------------------+-----------+-----------+------------+
| o_P1_MCIOP2A_GPU_THROTTLE_N_R| OUTPUT    | LVCMOS33  |            |
+---------------------+-----------+-----------+------------+
| o_P1_MCIOP1C_GPU_THROTTLE_N_R| OUTPUT    | LVCMOS33  |            |
+---------------------+-----------+-----------+------------+
| o_P1_MCIOP1A_GPU_THROTTLE_N_R| OUTPUT    | LVCMOS33  |            |
+---------------------+-----------+-----------+------------+
| o_P1_MCIOP0C_GPU_THROTTLE_N_R| OUTPUT    | LVCMOS33  |            |
+---------------------+-----------+-----------+------------+
| o_P1_MCIOP0A_GPU_THROTTLE_N_R| OUTPUT    | LVCMOS33  |            |
+---------------------+-----------+-----------+------------+
| o_P0_MCIOG3C_GPU_THROTTLE_N_R| OUTPUT    | LVCMOS33  |            |
+---------------------+-----------+-----------+------------+
| o_P0_MCIOG3A_GPU_THROTTLE_N_R| OUTPUT    | LVCMOS33  |            |
+---------------------+-----------+-----------+------------+
| o_P0_MCIOP3C_GPU_THROTTLE_N_R| OUTPUT    | LVCMOS33  |            |
+---------------------+-----------+-----------+------------+
| o_P0_MCIOP3A_GPU_THROTTLE_N_R| OUTPUT    | LVCMOS33  |            |
+---------------------+-----------+-----------+------------+
| o_P0_MCIOP2C_GPU_THROTTLE_N_R| OUTPUT    | LVCMOS33  |            |
+---------------------+-----------+-----------+------------+
| o_P0_MCIOP2A_GPU_THROTTLE_N_R| OUTPUT    | LVCMOS33  |            |
+---------------------+-----------+-----------+------------+
| o_P0_MCIOP1C_GPU_THROTTLE_N_R| OUTPUT    | LVCMOS33  |            |
+---------------------+-----------+-----------+------------+
| o_P0_MCIOP1A_GPU_THROTTLE_N_R| OUTPUT    | LVCMOS33  |            |
+---------------------+-----------+-----------+------------+
| o_P1_MCIOP4A_PERST_N_R| OUTPUT    | LVCMOS33  |            |
+---------------------+-----------+-----------+------------+
| o_P1_MCIOG1C_PERST_N_R| OUTPUT    | LVCMOS33  |            |
+---------------------+-----------+-----------+------------+
| o_P1_MCIOG1A_PERST_N_R| OUTPUT    | LVCMOS33  |            |
+---------------------+-----------+-----------+------------+
| o_P1_MCIOP3C_PERST_N_R| OUTPUT    | LVCMOS33  |            |
+---------------------+-----------+-----------+------------+

                                   Page 19




Design:  BM_H13DSP_S                                   Date:  03/13/25  19:05:40

IO (PIO) Attributes (cont)
--------------------------
| o_P1_MCIOP3A_PERST_N_R| OUTPUT    | LVCMOS33  |            |
+---------------------+-----------+-----------+------------+
| o_P1_MCIOP2C_PERST_N_R| OUTPUT    | LVCMOS33  |            |
+---------------------+-----------+-----------+------------+
| o_P1_MCIOP2A_PERST_N_R| OUTPUT    | LVCMOS33  |            |
+---------------------+-----------+-----------+------------+
| o_P1_MCIOP1C_PERST_N_R| OUTPUT    | LVCMOS33  |            |
+---------------------+-----------+-----------+------------+
| o_P1_MCIOP1A_PERST_N_R| OUTPUT    | LVCMOS33  |            |
+---------------------+-----------+-----------+------------+
| o_P1_MCIOP0C_PERST_N_R| OUTPUT    | LVCMOS33  |            |
+---------------------+-----------+-----------+------------+
| o_P1_MCIOP0A_PERST_N_R| OUTPUT    | LVCMOS33  |            |
+---------------------+-----------+-----------+------------+
| o_P0_MCIOG3C_PERST_N_R| OUTPUT    | LVCMOS33  |            |
+---------------------+-----------+-----------+------------+
| o_P0_MCIOG3A_PERST_N_R| OUTPUT    | LVCMOS33  |            |
+---------------------+-----------+-----------+------------+
| o_P0_MCIOP3C_PERST_N_R| OUTPUT    | LVCMOS33  |            |
+---------------------+-----------+-----------+------------+
| o_P0_MCIOP3A_PERST_N_R| OUTPUT    | LVCMOS33  |            |
+---------------------+-----------+-----------+------------+
| o_P0_MCIOP2C_PERST_N_R| OUTPUT    | LVCMOS33  |            |
+---------------------+-----------+-----------+------------+
| o_P0_MCIOP2A_PERST_N_R| OUTPUT    | LVCMOS33  |            |
+---------------------+-----------+-----------+------------+
| o_P0_MCIOP1C_PERST_N_R| OUTPUT    | LVCMOS33  |            |
+---------------------+-----------+-----------+------------+
| o_P0_MCIOP1A_PERST_N_R| OUTPUT    | LVCMOS33  |            |
+---------------------+-----------+-----------+------------+
| io_P1_MCIOG1C_PWR_EN_R| BIDIR     | LVCMOS33  | IN         |
+---------------------+-----------+-----------+------------+
| io_P1_MCIOG1A_PWR_EN_R| BIDIR     | LVCMOS33  | IN         |
+---------------------+-----------+-----------+------------+
| io_P1_MCIOP3C_PWR_EN_R| BIDIR     | LVCMOS33  | IN         |
+---------------------+-----------+-----------+------------+
| io_P1_MCIOP3A_PWR_EN_R| BIDIR     | LVCMOS33  | IN         |
+---------------------+-----------+-----------+------------+
| io_P1_MCIOP2C_PWR_EN_R| BIDIR     | LVCMOS33  | IN         |
+---------------------+-----------+-----------+------------+
| io_P1_MCIOP2A_PWR_EN_R| BIDIR     | LVCMOS33  | IN         |
+---------------------+-----------+-----------+------------+
| io_P1_MCIOP1C_PWR_EN_R| BIDIR     | LVCMOS33  | IN         |
+---------------------+-----------+-----------+------------+
| io_P1_MCIOP1A_PWR_EN_R| BIDIR     | LVCMOS33  | IN         |
+---------------------+-----------+-----------+------------+
| io_P1_MCIOP0C_PWR_EN_R| BIDIR     | LVCMOS33  | IN         |
+---------------------+-----------+-----------+------------+
| io_P1_MCIOP0A_PWR_EN_R| BIDIR     | LVCMOS33  | IN         |
+---------------------+-----------+-----------+------------+
| io_P0_MCIOG3C_PWR_EN_R| BIDIR     | LVCMOS33  | IN         |
+---------------------+-----------+-----------+------------+
| io_P0_MCIOG3A_PWR_EN_R| BIDIR     | LVCMOS33  | IN         |
+---------------------+-----------+-----------+------------+
| io_P0_MCIOP3C_PWR_EN_R| BIDIR     | LVCMOS33  | IN         |
+---------------------+-----------+-----------+------------+

                                   Page 20




Design:  BM_H13DSP_S                                   Date:  03/13/25  19:05:40

IO (PIO) Attributes (cont)
--------------------------
| io_P0_MCIOP3A_PWR_EN_R| BIDIR     | LVCMOS33  | IN         |
+---------------------+-----------+-----------+------------+
| io_P0_MCIOP2C_PWR_EN_R| BIDIR     | LVCMOS33  | IN         |
+---------------------+-----------+-----------+------------+
| io_P0_MCIOP2A_PWR_EN_R| BIDIR     | LVCMOS33  | IN         |
+---------------------+-----------+-----------+------------+
| io_P0_MCIOP1C_PWR_EN_R| BIDIR     | LVCMOS33  | IN         |
+---------------------+-----------+-----------+------------+
| io_P0_MCIOP1A_PWR_EN_R| BIDIR     | LVCMOS33  | IN         |
+---------------------+-----------+-----------+------------+
| o_PAL_BP8_CPU_IP2P  | OUTPUT    | LVCMOS33  |            |
+---------------------+-----------+-----------+------------+
| o_PAL_BP6_CPU_IP2P  | OUTPUT    | LVCMOS33  |            |
+---------------------+-----------+-----------+------------+
| o_PAL_BP5_CPU_IP2P  | OUTPUT    | LVCMOS33  |            |
+---------------------+-----------+-----------+------------+
| o_PAL_BP4_CPU_IP2P  | OUTPUT    | LVCMOS33  |            |
+---------------------+-----------+-----------+------------+
| o_PAL_BP2_CPU_IP2P  | OUTPUT    | LVCMOS33  |            |
+---------------------+-----------+-----------+------------+
| o_PAL_BP1_CPU_IP2P  | OUTPUT    | LVCMOS33  |            |
+---------------------+-----------+-----------+------------+
| io_PAL_BP8_PWR_ON_R | BIDIR     | LVCMOS33  | IN/OUT     |
+---------------------+-----------+-----------+------------+
| io_PAL_BP6_PWR_ON_R | BIDIR     | LVCMOS33  | IN/OUT     |
+---------------------+-----------+-----------+------------+
| io_PAL_BP5_PWR_ON_R | BIDIR     | LVCMOS33  | IN/OUT     |
+---------------------+-----------+-----------+------------+
| io_PAL_BP4_PWR_ON_R | BIDIR     | LVCMOS33  | IN/OUT     |
+---------------------+-----------+-----------+------------+
| io_PAL_BP3_PWR_ON_R | BIDIR     | LVCMOS33  | IN/OUT     |
+---------------------+-----------+-----------+------------+
| io_PAL_BP2_PWR_ON_R | BIDIR     | LVCMOS33  | IN/OUT     |
+---------------------+-----------+-----------+------------+
| io_PAL_BP1_PWR_ON_R | BIDIR     | LVCMOS33  | IN/OUT     |
+---------------------+-----------+-----------+------------+
| o_LED8_N            | OUTPUT    | LVCMOS33  | OUT        |
+---------------------+-----------+-----------+------------+
| o_LED7_N            | OUTPUT    | LVCMOS33  | OUT        |
+---------------------+-----------+-----------+------------+
| o_LED6_N            | OUTPUT    | LVCMOS33  | OUT        |
+---------------------+-----------+-----------+------------+
| o_LED5_N            | OUTPUT    | LVCMOS33  | OUT        |
+---------------------+-----------+-----------+------------+
| o_LED4_N            | OUTPUT    | LVCMOS33  | OUT        |
+---------------------+-----------+-----------+------------+
| o_LED3_N            | OUTPUT    | LVCMOS33  | OUT        |
+---------------------+-----------+-----------+------------+
| o_LED2_N            | OUTPUT    | LVCMOS33  | OUT        |
+---------------------+-----------+-----------+------------+
| o_LED1_N            | OUTPUT    | LVCMOS33  | OUT        |
+---------------------+-----------+-----------+------------+
| o_PAL_OCP_HP_ATN_LED_R| OUTPUT    | LVCMOS33  |            |
+---------------------+-----------+-----------+------------+
| o_PAL_LED_HEL_GR_R  | OUTPUT    | LVCMOS33  | OUT        |
+---------------------+-----------+-----------+------------+

                                   Page 21




Design:  BM_H13DSP_S                                   Date:  03/13/25  19:05:40

IO (PIO) Attributes (cont)
--------------------------
| o_PAL_LED_HEL_RED_R | OUTPUT    | LVCMOS33  | OUT        |
+---------------------+-----------+-----------+------------+
| o_PAL_LED_NIC_ACT_R | OUTPUT    | LVCMOS33  |            |
+---------------------+-----------+-----------+------------+
| o_LED_PWRBTN_AMB_R  | OUTPUT    | LVCMOS33  | OUT        |
+---------------------+-----------+-----------+------------+
| o_LED_PWRBTN_GR_R   | OUTPUT    | LVCMOS33  | OUT        |
+---------------------+-----------+-----------+------------+
| o_PAL_LED_UID_R     | OUTPUT    | LVCMOS33  | OUT        |
+---------------------+-----------+-----------+------------+
| i_CPLD_SGPIO1_MOSI  | INPUT     | LVCMOS33  |            |
+---------------------+-----------+-----------+------------+
| i_CPLD_SGPIO1_LD_N  | INPUT     | LVCMOS33  |            |
+---------------------+-----------+-----------+------------+
| o_CPLD_SGPIO1_MISO  | OUTPUT    | LVCMOS33  |            |
+---------------------+-----------+-----------+------------+
| i_CPLD_SGPIO1_CLK   | INPUT     | LVCMOS33  |            |
+---------------------+-----------+-----------+------------+
| i_CPLD_SGPIO0_MOSI  | INPUT     | LVCMOS33  | IN         |
+---------------------+-----------+-----------+------------+
| i_CPLD_SGPIO0_LD_N  | INPUT     | LVCMOS33  | IN         |
+---------------------+-----------+-----------+------------+
| o_CPLD_SGPIO0_MISO  | OUTPUT    | LVCMOS33  |            |
+---------------------+-----------+-----------+------------+
| i_CPLD_SGPIO0_CLK   | INPUT     | LVCMOS33  | IN         |
+---------------------+-----------+-----------+------------+
| o_PS3_P12V_ON_R     | OUTPUT    | LVCMOS33  |            |
+---------------------+-----------+-----------+------------+
| i_PS3_ACFAIL_N      | INPUT     | LVCMOS33  | IN         |
+---------------------+-----------+-----------+------------+
| i_PS3_SMB_ALERT     | INPUT     | LVCMOS33  |            |
+---------------------+-----------+-----------+------------+
| i_PS3_DCOK_N        | INPUT     | LVCMOS33  | IN         |
+---------------------+-----------+-----------+------------+
| i_PS3_PRSNT         | INPUT     | LVCMOS33  | IN         |
+---------------------+-----------+-----------+------------+
| o_PS4_P12V_ON_R     | OUTPUT    | LVCMOS33  |            |
+---------------------+-----------+-----------+------------+
| i_PS4_ACFAIL_N      | INPUT     | LVCMOS33  | IN         |
+---------------------+-----------+-----------+------------+
| i_PS4_SMB_ALERT     | INPUT     | LVCMOS33  |            |
+---------------------+-----------+-----------+------------+
| i_PS4_DCOK_N        | INPUT     | LVCMOS33  | IN         |
+---------------------+-----------+-----------+------------+
| i_PS4_PRSNT         | INPUT     | LVCMOS33  | IN         |
+---------------------+-----------+-----------+------------+
| o_SMB_PEHP_CPU1_OCP_ALERT| OUTPUT    | LVCMOS33  |            |
+---------------------+-----------+-----------+------------+
| o_SMB_PEHP_CPU0_OCP_ALERT| OUTPUT    | LVCMOS33  |            |
+---------------------+-----------+-----------+------------+
| i_PAL_OCP1_PGD      | INPUT     | LVCMOS33  | IN         |
+---------------------+-----------+-----------+------------+
| o_OCP1_GREEN_LED_R  | OUTPUT    | LVCMOS33  |            |
+---------------------+-----------+-----------+------------+
| o_OCP1_ATNT_LED_R   | OUTPUT    | LVCMOS33  |            |
+---------------------+-----------+-----------+------------+

                                   Page 22




Design:  BM_H13DSP_S                                   Date:  03/13/25  19:05:40

IO (PIO) Attributes (cont)
--------------------------
| o_OCP1_UART_TX_R    | OUTPUT    | LVCMOS33  |            |
+---------------------+-----------+-----------+------------+
| i_OCP1_UART_RX_R    | INPUT     | LVCMOS33  |            |
+---------------------+-----------+-----------+------------+
| i_OCP1_AUX_TMPALT_R | INPUT     | LVCMOS33  |            |
+---------------------+-----------+-----------+------------+
| i_OCP1_BIF2_N       | INPUT     | LVCMOS33  |            |
+---------------------+-----------+-----------+------------+
| i_OCP1_BIF1_N       | INPUT     | LVCMOS33  |            |
+---------------------+-----------+-----------+------------+
| i_OCP1_BIF0_N       | INPUT     | LVCMOS33  |            |
+---------------------+-----------+-----------+------------+
| i_OCP1_DATA_IN_R    | INPUT     | LVCMOS33  |            |
+---------------------+-----------+-----------+------------+
| o_OCP1_CLK_R        | OUTPUT    | LVCMOS33  |            |
+---------------------+-----------+-----------+------------+
| o_OCP1_LD_R         | OUTPUT    | LVCMOS33  |            |
+---------------------+-----------+-----------+------------+
| o_PAL_OCP_HP_SW_EN_R| OUTPUT    | LVCMOS33  | OUT        |
+---------------------+-----------+-----------+------------+
| o_PAL_OCP_PWRBRK_OD_N_R| OUTPUT    | LVCMOS33  | OUT        |
+---------------------+-----------+-----------+------------+
| i_PAL_OCP1_PWRGD    | INPUT     | LVCMOS33  | IN         |
+---------------------+-----------+-----------+------------+
| o_PAL_OCP1_SWITCH_EN_N_R| OUTPUT    | LVCMOS33  | OUT        |
+---------------------+-----------+-----------+------------+
| o_PAL_OCP1_PERST3_R | OUTPUT    | LVCMOS33  |            |
+---------------------+-----------+-----------+------------+
| o_PAL_OCP1_PERST2_R | OUTPUT    | LVCMOS33  |            |
+---------------------+-----------+-----------+------------+
| o_PAL_OCP_PERST0_N_R| OUTPUT    | LVCMOS33  | OUT        |
+---------------------+-----------+-----------+------------+
| o_PAL_OCP_NCSI_CLK_50M_R| OUTPUT    | LVCMOS33  |            |
+---------------------+-----------+-----------+------------+
| o_PAL_OCP_STBY_PWR_EN_R| OUTPUT    | LVCMOS33  | OUT        |
+---------------------+-----------+-----------+------------+
| o_PAL_OCP_MAIN_PWR_EN_R| OUTPUT    | LVCMOS33  | OUT        |
+---------------------+-----------+-----------+------------+
| o_PAL_OCP1_AUXPWR_ON_R| OUTPUT    | LVCMOS33  | OUT        |
+---------------------+-----------+-----------+------------+
| o_PAL_OCP1_MAINPWR_ON_R| OUTPUT    | LVCMOS33  | OUT        |
+---------------------+-----------+-----------+------------+
| i_PAL_OCP1_SS_DATA_IN| INPUT     | LVCMOS33  | IN         |
+---------------------+-----------+-----------+------------+
| o_PAL_OCP_SS_DATA_OUT_R| OUTPUT    | LVCMOS33  |            |
+---------------------+-----------+-----------+------------+
| o_PAL_OCP_SS_CLK_R  | OUTPUT    | LVCMOS33  |            |
+---------------------+-----------+-----------+------------+
| o_PAL_OCP_SS_LD_N_R | OUTPUT    | LVCMOS33  |            |
+---------------------+-----------+-----------+------------+
| i_PAL_PE_WAKE_N     | INPUT     | LVCMOS33  |            |
+---------------------+-----------+-----------+------------+
| o_P12V_SLOT_9_ON    | OUTPUT    | LVCMOS33  |            |
+---------------------+-----------+-----------+------------+
| o_P12V_SLOT_8_ON    | OUTPUT    | LVCMOS33  |            |
+---------------------+-----------+-----------+------------+

                                   Page 23




Design:  BM_H13DSP_S                                   Date:  03/13/25  19:05:40

IO (PIO) Attributes (cont)
--------------------------
| o_P12V_SLOT_7_ON    | OUTPUT    | LVCMOS33  |            |
+---------------------+-----------+-----------+------------+
| o_P12V_SLOT_6_ON    | OUTPUT    | LVCMOS33  |            |
+---------------------+-----------+-----------+------------+
| o_P12V_SLOT_5_ON    | OUTPUT    | LVCMOS33  |            |
+---------------------+-----------+-----------+------------+
| o_P12V_SLOT_4_ON    | OUTPUT    | LVCMOS33  |            |
+---------------------+-----------+-----------+------------+
| o_P12V_SLOT_3_ON    | OUTPUT    | LVCMOS33  |            |
+---------------------+-----------+-----------+------------+
| i_PAL_TMP4_ALERT_N  | INPUT     | LVCMOS33  |            |
+---------------------+-----------+-----------+------------+
| i_PAL_TMP3_ALERT_N  | INPUT     | LVCMOS33  |            |
+---------------------+-----------+-----------+------------+
| i_PAL_TMP2_ALERT_N  | INPUT     | LVCMOS33  |            |
+---------------------+-----------+-----------+------------+
| i_PAL_TMP1_ALERT_N  | INPUT     | LVCMOS33  |            |
+---------------------+-----------+-----------+------------+
| i_PVT2_SS_DATI      | INPUT     | LVCMOS33  | IN         |
+---------------------+-----------+-----------+------------+
| o_PVT2_SS_LD_N_R    | OUTPUT    | LVCMOS33  |            |
+---------------------+-----------+-----------+------------+
| o_PVT2_SS_CLK_R     | OUTPUT    | LVCMOS33  |            |
+---------------------+-----------+-----------+------------+
| i_PAL_CPLD_TMS_R    | INPUT     | LVCMOS33  |            |
+---------------------+-----------+-----------+------------+
| i_PAL_CPLD_TCK_R    | INPUT     | LVCMOS33  |            |
+---------------------+-----------+-----------+------------+
| i_PAL_CPLD_TDI_R    | INPUT     | LVCMOS33  |            |
+---------------------+-----------+-----------+------------+
| o_PAL_BMC_RMII_CLK_50M_R| OUTPUT    | LVCMOS33  |            |
+---------------------+-----------+-----------+------------+
| i_JTAG_BMC_TRST_R   | INPUT     | LVCMOS33  |            |
+---------------------+-----------+-----------+------------+
| i_I2C7_PAL2_SCL     | INPUT     | LVCMOS33  | IN         |
+---------------------+-----------+-----------+------------+
| i_PAL2_PROGRAM_N    | INPUT     | LVCMOS33  |            |
+---------------------+-----------+-----------+------------+
| i_CPLD2_INIT_N      | INPUT     | LVCMOS33  |            |
+---------------------+-----------+-----------+------------+
| i_CPLD2_DONE        | INPUT     | LVCMOS33  |            |
+---------------------+-----------+-----------+------------+

Removed logic
-------------

Block pon_reset_inst/GND undriven or does not drive anything - clipped.
Block mClkDivTree/m1uSCE/GND undriven or does not drive anything - clipped.
Block mClkDivTree/m1uSCE/VCC undriven or does not drive anything - clipped.
Block mClkDivTree/m10uSCE/VCC undriven or does not drive anything - clipped.
Block mClkDivTree/m10uSCE/GND undriven or does not drive anything - clipped.
Block mClkDivTree/m50uSCE/GND undriven or does not drive anything - clipped.
Block mClkDivTree/m50uSCE/VCC undriven or does not drive anything - clipped.
Block mClkDivTree/m500uSCE/VCC undriven or does not drive anything - clipped.
Block mClkDivTree/m500uSCE/GND undriven or does not drive anything - clipped.
Block mClkDivTree/m1mSCE/VCC undriven or does not drive anything - clipped.

                                   Page 24




Design:  BM_H13DSP_S                                   Date:  03/13/25  19:05:40

Removed logic (cont)
--------------------
Block mClkDivTree/m1mSCE/GND undriven or does not drive anything - clipped.
Block db_inst_psu/GND undriven or does not drive anything - clipped.
Block db_inst_psu/VCC undriven or does not drive anything - clipped.
Block db_inst_pwrgood/GND undriven or does not drive anything - clipped.
Block db_inst_pwrgood/VCC undriven or does not drive anything - clipped.
Block db_inst_uid_btn/VCC undriven or does not drive anything - clipped.
Block pvt_gpi_MB_inst/VCC undriven or does not drive anything - clipped.
Block pvt_gpi_MB_inst/GND undriven or does not drive anything - clipped.
Block inst_mb_to_slv_s2p/VCC undriven or does not drive anything - clipped.
Block inst_slv_to_mb_p2s/VCC undriven or does not drive anything - clipped.
Block uart_master_u1/VCC undriven or does not drive anything - clipped.
Block uart_master_u2/VCC undriven or does not drive anything - clipped.
Block uart_master_u3/VCC undriven or does not drive anything - clipped.
Block uart_master_u4/VCC undriven or does not drive anything - clipped.
Block uart_master_u5/VCC undriven or does not drive anything - clipped.
Block uart_master_u6/VCC undriven or does not drive anything - clipped.
Block uart_master_u7/VCC undriven or does not drive anything - clipped.
Block uart_master_u8/VCC undriven or does not drive anything - clipped.
Block uart_master_u9/VCC undriven or does not drive anything - clipped.
Block uart_master_u10/VCC undriven or does not drive anything - clipped.
Block uart_master_u11/VCC undriven or does not drive anything - clipped.
Block uart_master_u12/VCC undriven or does not drive anything - clipped.
Block uart_master_u13/VCC undriven or does not drive anything - clipped.
Block uart_master_u14/VCC undriven or does not drive anything - clipped.
Block uart_master_u15/VCC undriven or does not drive anything - clipped.
Block uart_master_u16/VCC undriven or does not drive anything - clipped.
Block uart_master_u17/VCC undriven or does not drive anything - clipped.
Block uart_master_u18/VCC undriven or does not drive anything - clipped.
Block pvt_ocp0_inst/VCC undriven or does not drive anything - clipped.
Block pvt_ocp_riser_inst/VCC undriven or does not drive anything - clipped.
Block pvt_ocp_riser_inst/GND undriven or does not drive anything - clipped.
Block Edge_Detect_u1/VCC undriven or does not drive anything - clipped.
Block ocp1_prsnt_invert_dly100ms/VCC undriven or does not drive anything -
     clipped.
Block ocp_hp_sw_en_dly50ms/VCC undriven or does not drive anything - clipped.
Block ocp1_aux_pwr_en_dly50ms/VCC undriven or does not drive anything - clipped.
     
Block ocp1_main_pwr_en_dly50ms/VCC undriven or does not drive anything -
     clipped.
Block ocp1_stby_pwr_en_dly50ms/VCC undriven or does not drive anything -
     clipped.
Block ocp_main_pwr_en_dly100ms/VCC undriven or does not drive anything -
     clipped.
Block ocp_perst_dly1000ms/VCC undriven or does not drive anything - clipped.
Block UID_Function_u0/VCC undriven or does not drive anything - clipped.
Block UID_Function_u0/lowpass_filter_U0/VCC undriven or does not drive anything
     - clipped.
Block UID_Function_u0/Edge_Detect_U0/VCC undriven or does not drive anything -
     clipped.
Block UID_Function_u0/Edge_Detect_U2/VCC undriven or does not drive anything -
     clipped.
Block USB_PWR_EN_DLY100ms/VCC undriven or does not drive anything - clipped.
Block edge_delay_slot_3_on_dly_10ms/VCC undriven or does not drive anything -
     clipped.
Block edge_delay_slot_4_on_dly_10ms/VCC undriven or does not drive anything -
     clipped.

                                   Page 25




Design:  BM_H13DSP_S                                   Date:  03/13/25  19:05:40

Removed logic (cont)
--------------------
Block edge_delay_slot_5_on_dly_10ms/VCC undriven or does not drive anything -
     clipped.
Block edge_delay_slot_6_on_dly_10ms/VCC undriven or does not drive anything -
     clipped.
Block edge_delay_slot_7_on_dly_10ms/VCC undriven or does not drive anything -
     clipped.
Block edge_delay_slot_8_on_dly_10ms/VCC undriven or does not drive anything -
     clipped.
Block edge_delay_slot_9_on_dly_10ms/VCC undriven or does not drive anything -
     clipped.
Block bmc_cpld_i2c_ram_u0/VCC undriven or does not drive anything - clipped.
Block bmc_cpld_i2c_ram_u0/GND undriven or does not drive anything - clipped.
Block bmc_cpld_i2c_ram_u0/i2c_slave_bmc_u0/VCC undriven or does not drive
     anything - clipped.
Block aux_uart_master_u3/VCC undriven or does not drive anything - clipped.
Block aux_uart_master_u2/VCC undriven or does not drive anything - clipped.
Block aux_uart_master_u7/VCC undriven or does not drive anything - clipped.
Block aux_uart_master_u4/VCC undriven or does not drive anything - clipped.
Block aux_uart_master_u5/VCC undriven or does not drive anything - clipped.
Block aux_uart_master_u6/VCC undriven or does not drive anything - clipped.
Block aux_uart_master_u1/VCC undriven or does not drive anything - clipped.
Signal pon_reset_n_i was merged into signal pon_reset_n
Signal s2p_164_u1.o_sclk.CN was merged into signal t1us_tick
Signal s2p_164_u1.data_out_cnt_i[3] was merged into signal
     s2p_164_u1/data_out_cnt[3]
Signal bmc_cpld_i2c_ram_u0/i2c_slave_bmc_u0/i2c_slave_basic0_u0/r_data_in_lock_i
     was merged into signal
     bmc_cpld_i2c_ram_u0/i2c_slave_bmc_u0/i2c_slave_basic0_u0/r_data_in_lock
Signal r_sda_en_i was merged into signal
     bmc_cpld_i2c_ram_u0/i2c_slave_bmc_u0/i2c_slave_basic0_u0/r_sda_en
Signal aux_uart_master_u3/curr_state_i[5] was merged into signal
     aux_uart_master_u3/curr_state[5]
Signal aux_uart_master_u2/curr_state_i[5] was merged into signal
     aux_uart_master_u2/curr_state[5]
Signal aux_uart_master_u7/curr_state_i[5] was merged into signal
     aux_uart_master_u7/curr_state[5]
Signal aux_uart_master_u4/curr_state_i[5] was merged into signal
     aux_uart_master_u4/curr_state[5]
Signal aux_uart_master_u5/curr_state_i[5] was merged into signal
     aux_uart_master_u5/curr_state[5]
Signal aux_uart_master_u6/curr_state_i[5] was merged into signal
     aux_uart_master_u6/curr_state[5]
Signal aux_uart_master_u1/curr_state_i[5] was merged into signal
     aux_uart_master_u1/curr_state[5]
Signal pll_inst/GND undriven or does not drive anything - clipped.
Signal timer_gen_inst/GND undriven or does not drive anything - clipped.
Signal inst_i2c_update_flash_config/VCC undriven or does not drive anything -
     clipped.
Signal inst_i2c_update_flash_config/GND undriven or does not drive anything -
     clipped.
Signal inst_mb_to_slv_s2p/GND undriven or does not drive anything - clipped.
Signal inst_slv_to_mb_p2s/GND undriven or does not drive anything - clipped.
Signal uart_master_u1/GND undriven or does not drive anything - clipped.
Signal uart_master_u2/GND undriven or does not drive anything - clipped.
Signal uart_master_u3/GND undriven or does not drive anything - clipped.
Signal uart_master_u4/GND undriven or does not drive anything - clipped.

                                   Page 26




Design:  BM_H13DSP_S                                   Date:  03/13/25  19:05:40

Removed logic (cont)
--------------------
Signal uart_master_u5/GND undriven or does not drive anything - clipped.
Signal uart_master_u6/GND undriven or does not drive anything - clipped.
Signal uart_master_u7/GND undriven or does not drive anything - clipped.
Signal uart_master_u8/GND undriven or does not drive anything - clipped.
Signal uart_master_u9/GND undriven or does not drive anything - clipped.
Signal uart_master_u10/GND undriven or does not drive anything - clipped.
Signal uart_master_u11/GND undriven or does not drive anything - clipped.
Signal uart_master_u12/GND undriven or does not drive anything - clipped.
Signal uart_master_u13/GND undriven or does not drive anything - clipped.
Signal uart_master_u14/GND undriven or does not drive anything - clipped.
Signal uart_master_u15/GND undriven or does not drive anything - clipped.
Signal uart_master_u16/GND undriven or does not drive anything - clipped.
Signal uart_master_u17/GND undriven or does not drive anything - clipped.
Signal uart_master_u18/GND undriven or does not drive anything - clipped.
Signal pvt_ocp0_inst/GND undriven or does not drive anything - clipped.
Signal ocp1_prsnt_invert_dly100ms/GND undriven or does not drive anything -
     clipped.
Signal ocp_hp_sw_en_dly50ms/GND undriven or does not drive anything - clipped.
Signal ocp1_aux_pwr_en_dly50ms/GND undriven or does not drive anything -
     clipped.
Signal ocp1_main_pwr_en_dly50ms/GND undriven or does not drive anything -
     clipped.
Signal ocp1_stby_pwr_en_dly50ms/GND undriven or does not drive anything -
     clipped.
Signal ocp_main_pwr_en_dly100ms/GND undriven or does not drive anything -
     clipped.
Signal ocp_perst_dly1000ms/GND undriven or does not drive anything - clipped.
Signal UID_Function_u0/GND undriven or does not drive anything - clipped.
Signal USB_PWR_EN_DLY100ms/GND undriven or does not drive anything - clipped.
Signal s2p_164_u1/GND undriven or does not drive anything - clipped.
Signal edge_delay_slot_3_on_dly_10ms/GND undriven or does not drive anything -
     clipped.
Signal edge_delay_slot_4_on_dly_10ms/GND undriven or does not drive anything -
     clipped.
Signal edge_delay_slot_5_on_dly_10ms/GND undriven or does not drive anything -
     clipped.
Signal edge_delay_slot_6_on_dly_10ms/GND undriven or does not drive anything -
     clipped.
Signal edge_delay_slot_7_on_dly_10ms/GND undriven or does not drive anything -
     clipped.
Signal edge_delay_slot_8_on_dly_10ms/GND undriven or does not drive anything -
     clipped.
Signal edge_delay_slot_9_on_dly_10ms/GND undriven or does not drive anything -
     clipped.
Signal bmc_cpld_i2c_ram_u0/i2c_slave_bmc_u0/GND undriven or does not drive
     anything - clipped.
Signal bmc_cpld_i2c_ram_u0/i2c_slave_bmc_u0/i2c_slave_basic0_u0/GND undriven or
     does not drive anything - clipped.
Signal aux_uart_master_u3/GND undriven or does not drive anything - clipped.
Signal aux_uart_master_u2/GND undriven or does not drive anything - clipped.
Signal aux_uart_master_u7/GND undriven or does not drive anything - clipped.
Signal aux_uart_master_u4/GND undriven or does not drive anything - clipped.
Signal aux_uart_master_u5/GND undriven or does not drive anything - clipped.
Signal aux_uart_master_u6/GND undriven or does not drive anything - clipped.
Signal aux_uart_master_u1/GND undriven or does not drive anything - clipped.
Signal r_ocp_smrst_n_dly_time_cnt_cry_0_COUT[7] undriven or does not drive

                                   Page 27




Design:  BM_H13DSP_S                                   Date:  03/13/25  19:05:40

Removed logic (cont)
--------------------
     anything - clipped.
Signal pll_inst/CLKINTFB undriven or does not drive anything - clipped.
Signal pll_inst/DPHSRC undriven or does not drive anything - clipped.
Signal pll_inst/PLLACK undriven or does not drive anything - clipped.
Signal pll_inst/PLLDATO0 undriven or does not drive anything - clipped.
Signal pll_inst/PLLDATO1 undriven or does not drive anything - clipped.
Signal pll_inst/PLLDATO2 undriven or does not drive anything - clipped.
Signal pll_inst/PLLDATO3 undriven or does not drive anything - clipped.
Signal pll_inst/PLLDATO4 undriven or does not drive anything - clipped.
Signal pll_inst/PLLDATO5 undriven or does not drive anything - clipped.
Signal pll_inst/PLLDATO6 undriven or does not drive anything - clipped.
Signal pll_inst/PLLDATO7 undriven or does not drive anything - clipped.
Signal pll_inst/REFCLK undriven or does not drive anything - clipped.
Signal pll_inst/INTLOCK undriven or does not drive anything - clipped.
Signal pll_inst/CLKOS3 undriven or does not drive anything - clipped.
Signal pll_inst/CLKOS2 undriven or does not drive anything - clipped.
Signal timer_gen_inst/sec_tmr_cry_0_S0[0] undriven or does not drive anything -
     clipped.
Signal timer_gen_inst/N_22 undriven or does not drive anything - clipped.
Signal timer_gen_inst/sec_tmr_cry_0_COUT[13] undriven or does not drive anything
     - clipped.
Signal timer_gen_inst/usec_tmr_cry_0_S0[0] undriven or does not drive anything -
     clipped.
Signal timer_gen_inst/N_23 undriven or does not drive anything - clipped.
Signal timer_gen_inst/usec_tmr_cry_0_COUT[3] undriven or does not drive anything
     - clipped.
Signal inst_i2c_update_flash_config/CFGSTDBY undriven or does not drive anything
     - clipped.
Signal inst_i2c_update_flash_config/CFGWAKE undriven or does not drive anything
     - clipped.
Signal inst_i2c_update_flash_config/wbc_ufm_irq undriven or does not drive
     anything - clipped.
Signal inst_i2c_update_flash_config/TCOC undriven or does not drive anything -
     clipped.
Signal inst_i2c_update_flash_config/TCINT undriven or does not drive anything -
     clipped.
Signal inst_i2c_update_flash_config/SPIIRQO undriven or does not drive anything
     - clipped.
Signal inst_i2c_update_flash_config/SPICSNEN undriven or does not drive anything
     - clipped.
Signal inst_i2c_update_flash_config/SPIMCSN7 undriven or does not drive anything
     - clipped.
Signal inst_i2c_update_flash_config/SPIMCSN6 undriven or does not drive anything
     - clipped.
Signal inst_i2c_update_flash_config/SPIMCSN5 undriven or does not drive anything
     - clipped.
Signal inst_i2c_update_flash_config/SPIMCSN4 undriven or does not drive anything
     - clipped.
Signal inst_i2c_update_flash_config/SPIMCSN3 undriven or does not drive anything
     - clipped.
Signal inst_i2c_update_flash_config/SPIMCSN2 undriven or does not drive anything
     - clipped.
Signal inst_i2c_update_flash_config/SPIMCSN1 undriven or does not drive anything
     - clipped.
Signal inst_i2c_update_flash_config/SPIMCSN0 undriven or does not drive anything
     - clipped.

                                   Page 28




Design:  BM_H13DSP_S                                   Date:  03/13/25  19:05:40

Removed logic (cont)
--------------------
Signal inst_i2c_update_flash_config/SPIMOSIEN undriven or does not drive
     anything - clipped.
Signal inst_i2c_update_flash_config/SPIMOSIO undriven or does not drive anything
     - clipped.
Signal inst_i2c_update_flash_config/SPIMISOEN undriven or does not drive
     anything - clipped.
Signal inst_i2c_update_flash_config/SPIMISOO undriven or does not drive anything
     - clipped.
Signal inst_i2c_update_flash_config/SPISCKEN undriven or does not drive anything
     - clipped.
Signal inst_i2c_update_flash_config/SPISCKO undriven or does not drive anything
     - clipped.
Signal inst_i2c_update_flash_config/I2C2IRQO undriven or does not drive anything
     - clipped.
Signal inst_i2c_update_flash_config/i2c1_irqo undriven or does not drive
     anything - clipped.
Signal inst_i2c_update_flash_config/I2C2SDAOEN undriven or does not drive
     anything - clipped.
Signal inst_i2c_update_flash_config/I2C2SDAO undriven or does not drive anything
     - clipped.
Signal inst_i2c_update_flash_config/I2C2SCLOEN undriven or does not drive
     anything - clipped.
Signal inst_i2c_update_flash_config/I2C2SCLO undriven or does not drive anything
     - clipped.
Signal inst_i2c_update_flash_config/PLLDATO0_0 undriven or does not drive
     anything - clipped.
Signal inst_i2c_update_flash_config/PLLDATO1_0 undriven or does not drive
     anything - clipped.
Signal inst_i2c_update_flash_config/PLLDATO2_0 undriven or does not drive
     anything - clipped.
Signal inst_i2c_update_flash_config/PLLDATO3_0 undriven or does not drive
     anything - clipped.
Signal inst_i2c_update_flash_config/PLLDATO4_0 undriven or does not drive
     anything - clipped.
Signal inst_i2c_update_flash_config/PLLDATO5_0 undriven or does not drive
     anything - clipped.
Signal inst_i2c_update_flash_config/PLLDATO6_0 undriven or does not drive
     anything - clipped.
Signal inst_i2c_update_flash_config/PLLDATO7_0 undriven or does not drive
     anything - clipped.
Signal inst_i2c_update_flash_config/PLLADRO0 undriven or does not drive anything
     - clipped.
Signal inst_i2c_update_flash_config/PLLADRO1 undriven or does not drive anything
     - clipped.
Signal inst_i2c_update_flash_config/PLLADRO2 undriven or does not drive anything
     - clipped.
Signal inst_i2c_update_flash_config/PLLADRO3 undriven or does not drive anything
     - clipped.
Signal inst_i2c_update_flash_config/PLLADRO4 undriven or does not drive anything
     - clipped.
Signal inst_i2c_update_flash_config/PLLWEO undriven or does not drive anything -
     clipped.
Signal inst_i2c_update_flash_config/PLL1STBO undriven or does not drive anything
     - clipped.
Signal inst_i2c_update_flash_config/PLL0STBO undriven or does not drive anything
     - clipped.

                                   Page 29




Design:  BM_H13DSP_S                                   Date:  03/13/25  19:05:40

Removed logic (cont)
--------------------
Signal inst_i2c_update_flash_config/PLLRSTO undriven or does not drive anything
     - clipped.
Signal inst_i2c_update_flash_config/PLLCLKO undriven or does not drive anything
     - clipped.
Signal inst_i2c_update_flash_config/wb_ack_o undriven or does not drive anything
     - clipped.
Signal inst_i2c_update_flash_config/wb_dat_o_1[0] undriven or does not drive
     anything - clipped.
Signal inst_i2c_update_flash_config/wb_dat_o_1[1] undriven or does not drive
     anything - clipped.
Signal inst_i2c_update_flash_config/wb_dat_o_1[2] undriven or does not drive
     anything - clipped.
Signal inst_i2c_update_flash_config/wb_dat_o_1[3] undriven or does not drive
     anything - clipped.
Signal inst_i2c_update_flash_config/wb_dat_o_1[4] undriven or does not drive
     anything - clipped.
Signal inst_i2c_update_flash_config/wb_dat_o_1[5] undriven or does not drive
     anything - clipped.
Signal inst_i2c_update_flash_config/wb_dat_o_1[6] undriven or does not drive
     anything - clipped.
Signal inst_i2c_update_flash_config/wb_dat_o_1[7] undriven or does not drive
     anything - clipped.
Signal inst_mb_to_slv_s2p/cnt_cry_0_S0[0] undriven or does not drive anything -
     clipped.
Signal inst_mb_to_slv_s2p/N_287 undriven or does not drive anything - clipped.
Signal inst_mb_to_slv_s2p/cnt_s_0_S1[7] undriven or does not drive anything -
     clipped.
Signal inst_mb_to_slv_s2p/cnt_s_0_COUT[7] undriven or does not drive anything -
     clipped.
Signal inst_slv_to_mb_p2s/cnt_cry_0_S0_0[0] undriven or does not drive anything
     - clipped.
Signal inst_slv_to_mb_p2s/N_1 undriven or does not drive anything - clipped.
Signal inst_slv_to_mb_p2s/cnt_s_0_S1_0[7] undriven or does not drive anything -
     clipped.
Signal inst_slv_to_mb_p2s/cnt_s_0_COUT_0[7] undriven or does not drive anything
     - clipped.
Signal uart_master_u1/bps_count_bit_cry_0_S0[0] undriven or does not drive
     anything - clipped.
Signal uart_master_u1/N_1 undriven or does not drive anything - clipped.
Signal uart_master_u1/bps_count_bit_s_0_S1[5] undriven or does not drive
     anything - clipped.
Signal uart_master_u1/bps_count_bit_s_0_COUT[5] undriven or does not drive
     anything - clipped.
Signal uart_master_u1/data_count_cry_0_S0[0] undriven or does not drive anything
     - clipped.
Signal uart_master_u1/N_2 undriven or does not drive anything - clipped.
Signal uart_master_u1/data_count_cry_0_COUT[3] undriven or does not drive
     anything - clipped.
Signal uart_master_u2/bps_count_bit_cry_0_S0_0[0] undriven or does not drive
     anything - clipped.
Signal uart_master_u2/N_1 undriven or does not drive anything - clipped.
Signal uart_master_u2/bps_count_bit_s_0_S1_0[5] undriven or does not drive
     anything - clipped.
Signal uart_master_u2/bps_count_bit_s_0_COUT_0[5] undriven or does not drive
     anything - clipped.
Signal uart_master_u2/data_count_cry_0_S0_0[0] undriven or does not drive

                                   Page 30




Design:  BM_H13DSP_S                                   Date:  03/13/25  19:05:40

Removed logic (cont)
--------------------
     anything - clipped.
Signal uart_master_u2/N_2 undriven or does not drive anything - clipped.
Signal uart_master_u2/data_count_cry_0_COUT_0[3] undriven or does not drive
     anything - clipped.
Signal uart_master_u3/bps_count_bit_cry_0_S0_1[0] undriven or does not drive
     anything - clipped.
Signal uart_master_u3/N_1 undriven or does not drive anything - clipped.
Signal uart_master_u3/bps_count_bit_s_0_S1_1[5] undriven or does not drive
     anything - clipped.
Signal uart_master_u3/bps_count_bit_s_0_COUT_1[5] undriven or does not drive
     anything - clipped.
Signal uart_master_u3/data_count_cry_0_S0_1[0] undriven or does not drive
     anything - clipped.
Signal uart_master_u3/N_2 undriven or does not drive anything - clipped.
Signal uart_master_u3/data_count_cry_0_COUT_1[3] undriven or does not drive
     anything - clipped.
Signal uart_master_u4/bps_count_bit_cry_0_S0_2[0] undriven or does not drive
     anything - clipped.
Signal uart_master_u4/N_1 undriven or does not drive anything - clipped.
Signal uart_master_u4/bps_count_bit_s_0_S1_2[5] undriven or does not drive
     anything - clipped.
Signal uart_master_u4/bps_count_bit_s_0_COUT_2[5] undriven or does not drive
     anything - clipped.
Signal uart_master_u4/data_count_cry_0_S0_2[0] undriven or does not drive
     anything - clipped.
Signal uart_master_u4/N_2 undriven or does not drive anything - clipped.
Signal uart_master_u4/data_count_cry_0_COUT_2[3] undriven or does not drive
     anything - clipped.
Signal uart_master_u5/bps_count_bit_cry_0_S0_3[0] undriven or does not drive
     anything - clipped.
Signal uart_master_u5/N_1 undriven or does not drive anything - clipped.
Signal uart_master_u5/bps_count_bit_s_0_S1_3[5] undriven or does not drive
     anything - clipped.
Signal uart_master_u5/bps_count_bit_s_0_COUT_3[5] undriven or does not drive
     anything - clipped.
Signal uart_master_u5/data_count_cry_0_S0_3[0] undriven or does not drive
     anything - clipped.
Signal uart_master_u5/N_2 undriven or does not drive anything - clipped.
Signal uart_master_u5/data_count_cry_0_COUT_3[3] undriven or does not drive
     anything - clipped.
Signal uart_master_u6/bps_count_bit_cry_0_S0_4[0] undriven or does not drive
     anything - clipped.
Signal uart_master_u6/N_1 undriven or does not drive anything - clipped.
Signal uart_master_u6/bps_count_bit_s_0_S1_4[5] undriven or does not drive
     anything - clipped.
Signal uart_master_u6/bps_count_bit_s_0_COUT_4[5] undriven or does not drive
     anything - clipped.
Signal uart_master_u6/data_count_cry_0_S0_4[0] undriven or does not drive
     anything - clipped.
Signal uart_master_u6/N_2 undriven or does not drive anything - clipped.
Signal uart_master_u6/data_count_cry_0_COUT_4[3] undriven or does not drive
     anything - clipped.
Signal uart_master_u7/bps_count_bit_cry_0_S0_5[0] undriven or does not drive
     anything - clipped.
Signal uart_master_u7/N_1 undriven or does not drive anything - clipped.
Signal uart_master_u7/bps_count_bit_s_0_S1_5[5] undriven or does not drive

                                   Page 31




Design:  BM_H13DSP_S                                   Date:  03/13/25  19:05:40

Removed logic (cont)
--------------------
     anything - clipped.
Signal uart_master_u7/bps_count_bit_s_0_COUT_5[5] undriven or does not drive
     anything - clipped.
Signal uart_master_u7/data_count_cry_0_S0_5[0] undriven or does not drive
     anything - clipped.
Signal uart_master_u7/N_2 undriven or does not drive anything - clipped.
Signal uart_master_u7/data_count_cry_0_COUT_5[3] undriven or does not drive
     anything - clipped.
Signal uart_master_u8/bps_count_bit_cry_0_S0_6[0] undriven or does not drive
     anything - clipped.
Signal uart_master_u8/N_1 undriven or does not drive anything - clipped.
Signal uart_master_u8/bps_count_bit_s_0_S1_6[5] undriven or does not drive
     anything - clipped.
Signal uart_master_u8/bps_count_bit_s_0_COUT_6[5] undriven or does not drive
     anything - clipped.
Signal uart_master_u8/data_count_cry_0_S0_6[0] undriven or does not drive
     anything - clipped.
Signal uart_master_u8/N_2 undriven or does not drive anything - clipped.
Signal uart_master_u8/data_count_cry_0_COUT_6[3] undriven or does not drive
     anything - clipped.
Signal uart_master_u9/bps_count_bit_cry_0_S0_7[0] undriven or does not drive
     anything - clipped.
Signal uart_master_u9/N_1 undriven or does not drive anything - clipped.
Signal uart_master_u9/bps_count_bit_s_0_S1_7[5] undriven or does not drive
     anything - clipped.
Signal uart_master_u9/bps_count_bit_s_0_COUT_7[5] undriven or does not drive
     anything - clipped.
Signal uart_master_u9/data_count_cry_0_S0_7[0] undriven or does not drive
     anything - clipped.
Signal uart_master_u9/N_2 undriven or does not drive anything - clipped.
Signal uart_master_u9/data_count_cry_0_COUT_7[3] undriven or does not drive
     anything - clipped.
Signal uart_master_u10/bps_count_bit_cry_0_S0_8[0] undriven or does not drive
     anything - clipped.
Signal uart_master_u10/N_1 undriven or does not drive anything - clipped.
Signal uart_master_u10/bps_count_bit_s_0_S1_8[5] undriven or does not drive
     anything - clipped.
Signal uart_master_u10/bps_count_bit_s_0_COUT_8[5] undriven or does not drive
     anything - clipped.
Signal uart_master_u10/data_count_cry_0_S0_8[0] undriven or does not drive
     anything - clipped.
Signal uart_master_u10/N_2 undriven or does not drive anything - clipped.
Signal uart_master_u10/data_count_cry_0_COUT_8[3] undriven or does not drive
     anything - clipped.
Signal uart_master_u11/bps_count_bit_cry_0_S0_9[0] undriven or does not drive
     anything - clipped.
Signal uart_master_u11/N_1 undriven or does not drive anything - clipped.
Signal uart_master_u11/bps_count_bit_s_0_S1_9[5] undriven or does not drive
     anything - clipped.
Signal uart_master_u11/bps_count_bit_s_0_COUT_9[5] undriven or does not drive
     anything - clipped.
Signal uart_master_u11/data_count_cry_0_S0_9[0] undriven or does not drive
     anything - clipped.
Signal uart_master_u11/N_2 undriven or does not drive anything - clipped.
Signal uart_master_u11/data_count_cry_0_COUT_9[3] undriven or does not drive
     anything - clipped.

                                   Page 32




Design:  BM_H13DSP_S                                   Date:  03/13/25  19:05:40

Removed logic (cont)
--------------------
Signal uart_master_u12/bps_count_bit_cry_0_S0_10[0] undriven or does not drive
     anything - clipped.
Signal uart_master_u12/N_1 undriven or does not drive anything - clipped.
Signal uart_master_u12/bps_count_bit_s_0_S1_10[5] undriven or does not drive
     anything - clipped.
Signal uart_master_u12/bps_count_bit_s_0_COUT_10[5] undriven or does not drive
     anything - clipped.
Signal uart_master_u12/data_count_cry_0_S0_10[0] undriven or does not drive
     anything - clipped.
Signal uart_master_u12/N_2 undriven or does not drive anything - clipped.
Signal uart_master_u12/data_count_cry_0_COUT_10[3] undriven or does not drive
     anything - clipped.
Signal uart_master_u13/bps_count_bit_cry_0_S0_11[0] undriven or does not drive
     anything - clipped.
Signal uart_master_u13/N_1 undriven or does not drive anything - clipped.
Signal uart_master_u13/bps_count_bit_s_0_S1_11[5] undriven or does not drive
     anything - clipped.
Signal uart_master_u13/bps_count_bit_s_0_COUT_11[5] undriven or does not drive
     anything - clipped.
Signal uart_master_u13/data_count_cry_0_S0_11[0] undriven or does not drive
     anything - clipped.
Signal uart_master_u13/N_2 undriven or does not drive anything - clipped.
Signal uart_master_u13/data_count_cry_0_COUT_11[3] undriven or does not drive
     anything - clipped.
Signal uart_master_u14/bps_count_bit_cry_0_S0_12[0] undriven or does not drive
     anything - clipped.
Signal uart_master_u14/N_1 undriven or does not drive anything - clipped.
Signal uart_master_u14/bps_count_bit_s_0_S1_12[5] undriven or does not drive
     anything - clipped.
Signal uart_master_u14/bps_count_bit_s_0_COUT_12[5] undriven or does not drive
     anything - clipped.
Signal uart_master_u14/data_count_cry_0_S0_12[0] undriven or does not drive
     anything - clipped.
Signal uart_master_u14/N_2 undriven or does not drive anything - clipped.
Signal uart_master_u14/data_count_cry_0_COUT_12[3] undriven or does not drive
     anything - clipped.
Signal uart_master_u15/bps_count_bit_cry_0_S0_13[0] undriven or does not drive
     anything - clipped.
Signal uart_master_u15/N_1 undriven or does not drive anything - clipped.
Signal uart_master_u15/bps_count_bit_s_0_S1_13[5] undriven or does not drive
     anything - clipped.
Signal uart_master_u15/bps_count_bit_s_0_COUT_13[5] undriven or does not drive
     anything - clipped.
Signal uart_master_u15/data_count_cry_0_S0_13[0] undriven or does not drive
     anything - clipped.
Signal uart_master_u15/N_2 undriven or does not drive anything - clipped.
Signal uart_master_u15/data_count_cry_0_COUT_13[3] undriven or does not drive
     anything - clipped.
Signal uart_master_u16/bps_count_bit_cry_0_S0_14[0] undriven or does not drive
     anything - clipped.
Signal uart_master_u16/N_1 undriven or does not drive anything - clipped.
Signal uart_master_u16/bps_count_bit_s_0_S1_14[5] undriven or does not drive
     anything - clipped.
Signal uart_master_u16/bps_count_bit_s_0_COUT_14[5] undriven or does not drive
     anything - clipped.
Signal uart_master_u16/data_count_cry_0_S0_14[0] undriven or does not drive

                                   Page 33




Design:  BM_H13DSP_S                                   Date:  03/13/25  19:05:40

Removed logic (cont)
--------------------
     anything - clipped.
Signal uart_master_u16/N_2 undriven or does not drive anything - clipped.
Signal uart_master_u16/data_count_cry_0_COUT_14[3] undriven or does not drive
     anything - clipped.
Signal uart_master_u17/bps_count_bit_cry_0_S0_15[0] undriven or does not drive
     anything - clipped.
Signal uart_master_u17/N_1 undriven or does not drive anything - clipped.
Signal uart_master_u17/bps_count_bit_s_0_S1_15[5] undriven or does not drive
     anything - clipped.
Signal uart_master_u17/bps_count_bit_s_0_COUT_15[5] undriven or does not drive
     anything - clipped.
Signal uart_master_u17/data_count_cry_0_S0_15[0] undriven or does not drive
     anything - clipped.
Signal uart_master_u17/N_2 undriven or does not drive anything - clipped.
Signal uart_master_u17/data_count_cry_0_COUT_15[3] undriven or does not drive
     anything - clipped.
Signal uart_master_u18/bps_count_bit_cry_0_S0_16[0] undriven or does not drive
     anything - clipped.
Signal uart_master_u18/N_1 undriven or does not drive anything - clipped.
Signal uart_master_u18/bps_count_bit_s_0_S1_16[5] undriven or does not drive
     anything - clipped.
Signal uart_master_u18/bps_count_bit_s_0_COUT_16[5] undriven or does not drive
     anything - clipped.
Signal uart_master_u18/data_count_cry_0_S0_16[0] undriven or does not drive
     anything - clipped.
Signal uart_master_u18/N_2 undriven or does not drive anything - clipped.
Signal uart_master_u18/data_count_cry_0_COUT_16[3] undriven or does not drive
     anything - clipped.
Signal pvt_ocp0_inst/bit_idx_out_1_cry_0_S0[0] undriven or does not drive
     anything - clipped.
Signal pvt_ocp0_inst/N_1 undriven or does not drive anything - clipped.
Signal pvt_ocp0_inst/bit_idx_out_1_cry_0_COUT[3] undriven or does not drive
     anything - clipped.
Signal ocp1_prsnt_invert_dly100ms/rCount_cry_0_S0[0] undriven or does not drive
     anything - clipped.
Signal ocp1_prsnt_invert_dly100ms/N_1 undriven or does not drive anything -
     clipped.
Signal ocp1_prsnt_invert_dly100ms/rCount_cry_0_COUT[21] undriven or does not
     drive anything - clipped.
Signal ocp_hp_sw_en_dly50ms/rCount_cry_0_S0_0[0] undriven or does not drive
     anything - clipped.
Signal ocp_hp_sw_en_dly50ms/N_1 undriven or does not drive anything - clipped.
Signal ocp_hp_sw_en_dly50ms/rCount_s_0_S1[21] undriven or does not drive
     anything - clipped.
Signal ocp_hp_sw_en_dly50ms/rCount_s_0_COUT[21] undriven or does not drive
     anything - clipped.
Signal ocp1_aux_pwr_en_dly50ms/rCount_cry_0_S0_1[0] undriven or does not drive
     anything - clipped.
Signal ocp1_aux_pwr_en_dly50ms/N_1 undriven or does not drive anything -
     clipped.
Signal ocp1_aux_pwr_en_dly50ms/rCount_s_0_S1_0[21] undriven or does not drive
     anything - clipped.
Signal ocp1_aux_pwr_en_dly50ms/rCount_s_0_COUT_0[21] undriven or does not drive
     anything - clipped.
Signal ocp1_main_pwr_en_dly50ms/rCount_cry_0_S0_2[0] undriven or does not drive
     anything - clipped.

                                   Page 34




Design:  BM_H13DSP_S                                   Date:  03/13/25  19:05:40

Removed logic (cont)
--------------------
Signal ocp1_main_pwr_en_dly50ms/N_1 undriven or does not drive anything -
     clipped.
Signal ocp1_main_pwr_en_dly50ms/rCount_s_0_S1_1[21] undriven or does not drive
     anything - clipped.
Signal ocp1_main_pwr_en_dly50ms/rCount_s_0_COUT_1[21] undriven or does not drive
     anything - clipped.
Signal ocp1_stby_pwr_en_dly50ms/rCount_cry_0_S0_3[0] undriven or does not drive
     anything - clipped.
Signal ocp1_stby_pwr_en_dly50ms/N_1 undriven or does not drive anything -
     clipped.
Signal ocp1_stby_pwr_en_dly50ms/rCount_s_0_S1_2[21] undriven or does not drive
     anything - clipped.
Signal ocp1_stby_pwr_en_dly50ms/rCount_s_0_COUT_2[21] undriven or does not drive
     anything - clipped.
Signal ocp_main_pwr_en_dly100ms/rCount_cry_0_S0_4[0] undriven or does not drive
     anything - clipped.
Signal ocp_main_pwr_en_dly100ms/N_1 undriven or does not drive anything -
     clipped.
Signal ocp_main_pwr_en_dly100ms/rCount_cry_0_COUT_0[21] undriven or does not
     drive anything - clipped.
Signal ocp_perst_dly1000ms/rCount_cry_0_S0_5[0] undriven or does not drive
     anything - clipped.
Signal ocp_perst_dly1000ms/N_1 undriven or does not drive anything - clipped.
Signal ocp_perst_dly1000ms/rCount_s_0_S1[25] undriven or does not drive anything
     - clipped.
Signal ocp_perst_dly1000ms/rCount_s_0_COUT[25] undriven or does not drive
     anything - clipped.
Signal UID_Function_u0/un1_r_cnt_time_4_cry_0_0_S0 undriven or does not drive
     anything - clipped.
Signal UID_Function_u0/N_1 undriven or does not drive anything - clipped.
Signal UID_Function_u0/un1_r_cnt_time_4_s_7_0_S1 undriven or does not drive
     anything - clipped.
Signal UID_Function_u0/un1_r_cnt_time_4_s_7_0_COUT undriven or does not drive
     anything - clipped.
Signal UID_Function_u0/un1_r_cnt_100ms_1_cry_0_0_S0 undriven or does not drive
     anything - clipped.
Signal UID_Function_u0/N_2 undriven or does not drive anything - clipped.
Signal UID_Function_u0/un1_r_cnt_100ms_1_s_7_0_S1 undriven or does not drive
     anything - clipped.
Signal UID_Function_u0/un1_r_cnt_100ms_1_s_7_0_COUT undriven or does not drive
     anything - clipped.
Signal USB_PWR_EN_DLY100ms/rCount_cry_0_S0_6[0] undriven or does not drive
     anything - clipped.
Signal USB_PWR_EN_DLY100ms/N_1 undriven or does not drive anything - clipped.
Signal USB_PWR_EN_DLY100ms/rCount_s_0_S1_3[21] undriven or does not drive
     anything - clipped.
Signal USB_PWR_EN_DLY100ms/rCount_s_0_COUT_3[21] undriven or does not drive
     anything - clipped.
Signal s2p_164_u1/r_data_chg_flag5_0_I_1_0_S1 undriven or does not drive
     anything - clipped.
Signal s2p_164_u1/r_data_chg_flag5_0_I_1_0_S0 undriven or does not drive
     anything - clipped.
Signal s2p_164_u1/N_1 undriven or does not drive anything - clipped.
Signal s2p_164_u1/r_data_chg_flag5_0_I_9_0_S1 undriven or does not drive
     anything - clipped.
Signal s2p_164_u1/r_data_chg_flag5_0_I_9_0_S0 undriven or does not drive

                                   Page 35




Design:  BM_H13DSP_S                                   Date:  03/13/25  19:05:40

Removed logic (cont)
--------------------
     anything - clipped.
Signal s2p_164_u1/r_data_chg_flag5_0_I_21_0_S0 undriven or does not drive
     anything - clipped.
Signal s2p_164_u1/r_data_chg_flag5_0_I_21_0_COUT undriven or does not drive
     anything - clipped.
Signal edge_delay_slot_3_on_dly_10ms/timer_cnt_cry_0_S0[0] undriven or does not
     drive anything - clipped.
Signal edge_delay_slot_3_on_dly_10ms/N_1 undriven or does not drive anything -
     clipped.
Signal edge_delay_slot_3_on_dly_10ms/timer_cnt_s_0_S1[5] undriven or does not
     drive anything - clipped.
Signal edge_delay_slot_3_on_dly_10ms/timer_cnt_s_0_COUT[5] undriven or does not
     drive anything - clipped.
Signal edge_delay_slot_4_on_dly_10ms/timer_cnt_cry_0_S0_0[0] undriven or does
     not drive anything - clipped.
Signal edge_delay_slot_4_on_dly_10ms/N_1 undriven or does not drive anything -
     clipped.
Signal edge_delay_slot_4_on_dly_10ms/timer_cnt_s_0_S1_0[5] undriven or does not
     drive anything - clipped.
Signal edge_delay_slot_4_on_dly_10ms/timer_cnt_s_0_COUT_0[5] undriven or does
     not drive anything - clipped.
Signal edge_delay_slot_5_on_dly_10ms/timer_cnt_cry_0_S0_1[0] undriven or does
     not drive anything - clipped.
Signal edge_delay_slot_5_on_dly_10ms/N_1 undriven or does not drive anything -
     clipped.
Signal edge_delay_slot_5_on_dly_10ms/timer_cnt_s_0_S1_1[5] undriven or does not
     drive anything - clipped.
Signal edge_delay_slot_5_on_dly_10ms/timer_cnt_s_0_COUT_1[5] undriven or does
     not drive anything - clipped.
Signal edge_delay_slot_6_on_dly_10ms/timer_cnt_cry_0_S0_2[0] undriven or does
     not drive anything - clipped.
Signal edge_delay_slot_6_on_dly_10ms/N_1 undriven or does not drive anything -
     clipped.
Signal edge_delay_slot_6_on_dly_10ms/timer_cnt_s_0_S1_2[5] undriven or does not
     drive anything - clipped.
Signal edge_delay_slot_6_on_dly_10ms/timer_cnt_s_0_COUT_2[5] undriven or does
     not drive anything - clipped.
Signal edge_delay_slot_7_on_dly_10ms/timer_cnt_cry_0_S0_3[0] undriven or does
     not drive anything - clipped.
Signal edge_delay_slot_7_on_dly_10ms/N_1 undriven or does not drive anything -
     clipped.
Signal edge_delay_slot_7_on_dly_10ms/timer_cnt_s_0_S1_3[5] undriven or does not
     drive anything - clipped.
Signal edge_delay_slot_7_on_dly_10ms/timer_cnt_s_0_COUT_3[5] undriven or does
     not drive anything - clipped.
Signal edge_delay_slot_8_on_dly_10ms/timer_cnt_cry_0_S0_4[0] undriven or does
     not drive anything - clipped.
Signal edge_delay_slot_8_on_dly_10ms/N_1 undriven or does not drive anything -
     clipped.
Signal edge_delay_slot_8_on_dly_10ms/timer_cnt_s_0_S1_4[5] undriven or does not
     drive anything - clipped.
Signal edge_delay_slot_8_on_dly_10ms/timer_cnt_s_0_COUT_4[5] undriven or does
     not drive anything - clipped.
Signal edge_delay_slot_9_on_dly_10ms/timer_cnt_cry_0_S0_5[0] undriven or does
     not drive anything - clipped.
Signal edge_delay_slot_9_on_dly_10ms/N_1 undriven or does not drive anything -

                                   Page 36




Design:  BM_H13DSP_S                                   Date:  03/13/25  19:05:40

Removed logic (cont)
--------------------
     clipped.
Signal edge_delay_slot_9_on_dly_10ms/timer_cnt_s_0_S1_5[5] undriven or does not
     drive anything - clipped.
Signal edge_delay_slot_9_on_dly_10ms/timer_cnt_s_0_COUT_5[5] undriven or does
     not drive anything - clipped.
Signal bmc_cpld_i2c_ram_u0/i2c_slave_bmc_u0/un6_m_0_cry_0_0_S1 undriven or does
     not drive anything - clipped.
Signal bmc_cpld_i2c_ram_u0/i2c_slave_bmc_u0/un6_m_0_cry_0_0_S0 undriven or does
     not drive anything - clipped.
Signal bmc_cpld_i2c_ram_u0/i2c_slave_bmc_u0/N_1 undriven or does not drive
     anything - clipped.
Signal bmc_cpld_i2c_ram_u0/i2c_slave_bmc_u0/un6_m_0_s_15_0_S1 undriven or does
     not drive anything - clipped.
Signal bmc_cpld_i2c_ram_u0/i2c_slave_bmc_u0/un6_m_0_s_15_0_COUT undriven or does
     not drive anything - clipped.
Signal bmc_cpld_i2c_ram_u0/i2c_slave_bmc_u0/r_read_byte_cnt_cry_0_S0[0] undriven
     or does not drive anything - clipped.
Signal bmc_cpld_i2c_ram_u0/i2c_slave_bmc_u0/N_2 undriven or does not drive
     anything - clipped.
Signal bmc_cpld_i2c_ram_u0/i2c_slave_bmc_u0/r_read_byte_cnt_s_0_S1[15] undriven
     or does not drive anything - clipped.
Signal bmc_cpld_i2c_ram_u0/i2c_slave_bmc_u0/r_read_byte_cnt_s_0_COUT[15]
     undriven or does not drive anything - clipped.
Signal bmc_cpld_i2c_ram_u0/i2c_slave_bmc_u0/r_write_byte_cnt_cry_0_S0[0]
     undriven or does not drive anything - clipped.
Signal bmc_cpld_i2c_ram_u0/i2c_slave_bmc_u0/N_3 undriven or does not drive
     anything - clipped.
Signal bmc_cpld_i2c_ram_u0/i2c_slave_bmc_u0/r_write_byte_cnt_s_0_S1[15] undriven
     or does not drive anything - clipped.
Signal bmc_cpld_i2c_ram_u0/i2c_slave_bmc_u0/r_write_byte_cnt_s_0_COUT[15]
     undriven or does not drive anything - clipped.
Signal bmc_cpld_i2c_ram_u0/i2c_slave_bmc_u0/un6_0_0_cry_0_0_S1 undriven or does
     not drive anything - clipped.
Signal bmc_cpld_i2c_ram_u0/i2c_slave_bmc_u0/un6_0_0_cry_0_0_S0 undriven or does
     not drive anything - clipped.
Signal bmc_cpld_i2c_ram_u0/i2c_slave_bmc_u0/N_4 undriven or does not drive
     anything - clipped.
Signal bmc_cpld_i2c_ram_u0/i2c_slave_bmc_u0/un6_0_0_s_15_0_S1 undriven or does
     not drive anything - clipped.
Signal bmc_cpld_i2c_ram_u0/i2c_slave_bmc_u0/un6_0_0_s_15_0_COUT undriven or does
     not drive anything - clipped.
Signal bmc_cpld_i2c_ram_u0/i2c_slave_bmc_u0/i2c_slave_basic0_u0/r_timeout_cnt_cr
     y_0_S0[0] undriven or does not drive anything - clipped.
Signal bmc_cpld_i2c_ram_u0/i2c_slave_bmc_u0/i2c_slave_basic0_u0/N_21 undriven or
     does not drive anything - clipped.
Signal bmc_cpld_i2c_ram_u0/i2c_slave_bmc_u0/i2c_slave_basic0_u0/r_timeout_cnt_s_
     0_S1[5] undriven or does not drive anything - clipped.
Signal bmc_cpld_i2c_ram_u0/i2c_slave_bmc_u0/i2c_slave_basic0_u0/r_timeout_cnt_s_
     0_COUT[5] undriven or does not drive anything - clipped.
Signal aux_uart_master_u3/bps_count_bit_cry_0_S0_17[0] undriven or does not
     drive anything - clipped.
Signal aux_uart_master_u3/N_1 undriven or does not drive anything - clipped.
Signal aux_uart_master_u3/bps_count_bit_s_0_S1_17[5] undriven or does not drive
     anything - clipped.
Signal aux_uart_master_u3/bps_count_bit_s_0_COUT_17[5] undriven or does not
     drive anything - clipped.

                                   Page 37




Design:  BM_H13DSP_S                                   Date:  03/13/25  19:05:40

Removed logic (cont)
--------------------
Signal aux_uart_master_u3/data_count_cry_0_S0_17[0] undriven or does not drive
     anything - clipped.
Signal aux_uart_master_u3/N_2 undriven or does not drive anything - clipped.
Signal aux_uart_master_u3/data_count_cry_0_COUT_17[3] undriven or does not drive
     anything - clipped.
Signal aux_uart_master_u2/bps_count_bit_cry_0_S0_18[0] undriven or does not
     drive anything - clipped.
Signal aux_uart_master_u2/N_1 undriven or does not drive anything - clipped.
Signal aux_uart_master_u2/bps_count_bit_s_0_S1_18[5] undriven or does not drive
     anything - clipped.
Signal aux_uart_master_u2/bps_count_bit_s_0_COUT_18[5] undriven or does not
     drive anything - clipped.
Signal aux_uart_master_u2/data_count_cry_0_S0_18[0] undriven or does not drive
     anything - clipped.
Signal aux_uart_master_u2/N_2 undriven or does not drive anything - clipped.
Signal aux_uart_master_u2/data_count_cry_0_COUT_18[3] undriven or does not drive
     anything - clipped.
Signal aux_uart_master_u7/bps_count_bit_cry_0_S0_19[0] undriven or does not
     drive anything - clipped.
Signal aux_uart_master_u7/N_1 undriven or does not drive anything - clipped.
Signal aux_uart_master_u7/bps_count_bit_s_0_S1_19[5] undriven or does not drive
     anything - clipped.
Signal aux_uart_master_u7/bps_count_bit_s_0_COUT_19[5] undriven or does not
     drive anything - clipped.
Signal aux_uart_master_u7/data_count_cry_0_S0_19[0] undriven or does not drive
     anything - clipped.
Signal aux_uart_master_u7/N_2 undriven or does not drive anything - clipped.
Signal aux_uart_master_u7/data_count_cry_0_COUT_19[3] undriven or does not drive
     anything - clipped.
Signal aux_uart_master_u4/bps_count_bit_cry_0_S0_20[0] undriven or does not
     drive anything - clipped.
Signal aux_uart_master_u4/N_1 undriven or does not drive anything - clipped.
Signal aux_uart_master_u4/bps_count_bit_s_0_S1_20[5] undriven or does not drive
     anything - clipped.
Signal aux_uart_master_u4/bps_count_bit_s_0_COUT_20[5] undriven or does not
     drive anything - clipped.
Signal aux_uart_master_u4/data_count_cry_0_S0_20[0] undriven or does not drive
     anything - clipped.
Signal aux_uart_master_u4/N_2 undriven or does not drive anything - clipped.
Signal aux_uart_master_u4/data_count_cry_0_COUT_20[3] undriven or does not drive
     anything - clipped.
Signal aux_uart_master_u5/bps_count_bit_cry_0_S0_21[0] undriven or does not
     drive anything - clipped.
Signal aux_uart_master_u5/N_1 undriven or does not drive anything - clipped.
Signal aux_uart_master_u5/bps_count_bit_s_0_S1_21[5] undriven or does not drive
     anything - clipped.
Signal aux_uart_master_u5/bps_count_bit_s_0_COUT_21[5] undriven or does not
     drive anything - clipped.
Signal aux_uart_master_u5/data_count_cry_0_S0_21[0] undriven or does not drive
     anything - clipped.
Signal aux_uart_master_u5/N_2 undriven or does not drive anything - clipped.
Signal aux_uart_master_u5/data_count_cry_0_COUT_21[3] undriven or does not drive
     anything - clipped.
Signal aux_uart_master_u6/bps_count_bit_cry_0_S0_22[0] undriven or does not
     drive anything - clipped.
Signal aux_uart_master_u6/N_1 undriven or does not drive anything - clipped.

                                   Page 38




Design:  BM_H13DSP_S                                   Date:  03/13/25  19:05:40

Removed logic (cont)
--------------------
Signal aux_uart_master_u6/bps_count_bit_s_0_S1_22[5] undriven or does not drive
     anything - clipped.
Signal aux_uart_master_u6/bps_count_bit_s_0_COUT_22[5] undriven or does not
     drive anything - clipped.
Signal aux_uart_master_u6/data_count_cry_0_S0_22[0] undriven or does not drive
     anything - clipped.
Signal aux_uart_master_u6/N_2 undriven or does not drive anything - clipped.
Signal aux_uart_master_u6/data_count_cry_0_COUT_22[3] undriven or does not drive
     anything - clipped.
Signal aux_uart_master_u1/bps_count_bit_cry_0_S0_23[0] undriven or does not
     drive anything - clipped.
Signal aux_uart_master_u1/N_1 undriven or does not drive anything - clipped.
Signal aux_uart_master_u1/bps_count_bit_s_0_S1_23[5] undriven or does not drive
     anything - clipped.
Signal aux_uart_master_u1/bps_count_bit_s_0_COUT_23[5] undriven or does not
     drive anything - clipped.
Signal aux_uart_master_u1/data_count_cry_0_S0_23[0] undriven or does not drive
     anything - clipped.
Signal aux_uart_master_u1/N_2 undriven or does not drive anything - clipped.
Signal aux_uart_master_u1/data_count_cry_0_COUT_23[3] undriven or does not drive
     anything - clipped.
Signal r_ocp_smrst_n_dly_time_cnt_cry_0_S0[0] undriven or does not drive
     anything - clipped.
Signal N_1 undriven or does not drive anything - clipped.
Signal inst_osch_SEDSTDBY undriven or does not drive anything - clipped.
Block pon_reset_inst/reset1_reg_RNILMDB[2] was optimized away.
Block s2p_164_u1/o_sclk.CN was optimized away.
Block s2p_164_u1/data_out_cnt_RNI2JOC[3] was optimized away.
Block bmc_cpld_i2c_ram_u0/i2c_slave_bmc_u0/i2c_slave_basic0_u0/r_data_in_lock_RN
     I1IS6 was optimized away.
Block bmc_cpld_i2c_ram_u0/i2c_slave_bmc_u0/i2c_slave_basic0_u0/r_sda_en_RNIJLQ9
     was optimized away.
Block aux_uart_master_u3/read_flag_RNO_0 was optimized away.
Block aux_uart_master_u2/read_flag_RNO_0 was optimized away.
Block aux_uart_master_u7/read_flag_RNO_0 was optimized away.
Block aux_uart_master_u4/read_flag_RNO_0 was optimized away.
Block aux_uart_master_u5/read_flag_RNO_0 was optimized away.
Block aux_uart_master_u6/read_flag_RNO_0 was optimized away.
Block aux_uart_master_u1/read_flag_RNO_0 was optimized away.
Block pll_inst/GND was optimized away.
Block timer_gen_inst/GND was optimized away.
Block inst_i2c_update_flash_config/VCC was optimized away.
Block inst_i2c_update_flash_config/GND was optimized away.
Block inst_mb_to_slv_s2p/GND was optimized away.
Block inst_slv_to_mb_p2s/GND was optimized away.
Block uart_master_u1/GND was optimized away.
Block uart_master_u2/GND was optimized away.
Block uart_master_u3/GND was optimized away.
Block uart_master_u4/GND was optimized away.
Block uart_master_u5/GND was optimized away.
Block uart_master_u6/GND was optimized away.
Block uart_master_u7/GND was optimized away.
Block uart_master_u8/GND was optimized away.
Block uart_master_u9/GND was optimized away.
Block uart_master_u10/GND was optimized away.
Block uart_master_u11/GND was optimized away.

                                   Page 39




Design:  BM_H13DSP_S                                   Date:  03/13/25  19:05:40

Removed logic (cont)
--------------------
Block uart_master_u12/GND was optimized away.
Block uart_master_u13/GND was optimized away.
Block uart_master_u14/GND was optimized away.
Block uart_master_u15/GND was optimized away.
Block uart_master_u16/GND was optimized away.
Block uart_master_u17/GND was optimized away.
Block uart_master_u18/GND was optimized away.
Block pvt_ocp0_inst/GND was optimized away.
Block ocp1_prsnt_invert_dly100ms/GND was optimized away.
Block ocp_hp_sw_en_dly50ms/GND was optimized away.
Block ocp1_aux_pwr_en_dly50ms/GND was optimized away.
Block ocp1_main_pwr_en_dly50ms/GND was optimized away.
Block ocp1_stby_pwr_en_dly50ms/GND was optimized away.
Block ocp_main_pwr_en_dly100ms/GND was optimized away.
Block ocp_perst_dly1000ms/GND was optimized away.
Block UID_Function_u0/GND was optimized away.
Block USB_PWR_EN_DLY100ms/GND was optimized away.
Block s2p_164_u1/GND was optimized away.
Block edge_delay_slot_3_on_dly_10ms/GND was optimized away.
Block edge_delay_slot_4_on_dly_10ms/GND was optimized away.
Block edge_delay_slot_5_on_dly_10ms/GND was optimized away.
Block edge_delay_slot_6_on_dly_10ms/GND was optimized away.
Block edge_delay_slot_7_on_dly_10ms/GND was optimized away.
Block edge_delay_slot_8_on_dly_10ms/GND was optimized away.
Block edge_delay_slot_9_on_dly_10ms/GND was optimized away.
Block bmc_cpld_i2c_ram_u0/i2c_slave_bmc_u0/GND was optimized away.
Block bmc_cpld_i2c_ram_u0/i2c_slave_bmc_u0/i2c_slave_basic0_u0/GND was optimized
     away.
Block aux_uart_master_u3/GND was optimized away.
Block aux_uart_master_u2/GND was optimized away.
Block aux_uart_master_u7/GND was optimized away.
Block aux_uart_master_u4/GND was optimized away.
Block aux_uart_master_u5/GND was optimized away.
Block aux_uart_master_u6/GND was optimized away.
Block aux_uart_master_u1/GND was optimized away.

     

PLL/DLL Summary
---------------

PLL 1:                                     Pin/Node Value
  PLL Instance Name:                                pll_inst/PLLInst_0
  PLL Type:                                         EHXPLLJ
  Input Clock:                             PIN      i_CLK_PAL2_IN_25M_c
  Output Clock(P):                         NODE     clk_50m
  Output Clock(S):                         NODE     clk_25m
  Output Clock(S2):                                 NONE
  Output Clock(S3):                                 NONE
  Feedback Signal:                         NODE     clk_50m
  Reset Signal:                            NODE
       pll_inst/i_PAL2_PROGRAM_N_c_i
  M Divider Reset Signal:                           NONE
  C Divider Reset Signal:                           NONE
  D Divider Reset Signal:                           NONE
  Standby Signal:                                   NONE

                                   Page 40




Design:  BM_H13DSP_S                                   Date:  03/13/25  19:05:40

PLL/DLL Summary (cont)
----------------------
  PLL LOCK signal:                         NODE     pll_lock
  PLL Data bus CLK Signal:                          NONE
  PLL Data bus Strobe Signal:                       NONE
  PLL Data bus Reset Signal:                        NONE
  PLL Data bus Write Enable Signal:                 NONE
  PLL Data bus Address0:                            NONE
  PLL Data bus Address1:                            NONE
  PLL Data bus Address2:                            NONE
  PLL Data bus Address3:                            NONE
  PLL Data bus Address4:                            NONE
  PLL Data In bus Data0:                            NONE
  PLL Data In bus Data1:                            NONE
  PLL Data In bus Data2:                            NONE
  PLL Data In bus Data3:                            NONE
  PLL Data In bus Data4:                            NONE
  PLL Data In bus Data5:                            NONE
  PLL Data In bus Data6:                            NONE
  PLL Data In bus Data7:                            NONE
  PLL Data bus Acknowledge:                         NONE
  PLL Data Out bus Data0:                           NONE
  PLL Data Out bus Data1:                           NONE
  PLL Data Out bus Data2:                           NONE
  PLL Data Out bus Data3:                           NONE
  PLL Data Out bus Data4:                           NONE
  PLL Data Out bus Data5:                           NONE
  PLL Data Out bus Data6:                           NONE
  PLL Data Out bus Data7:                           NONE
  Input Clock Frequency (MHz):                      25.0000
  Output Clock(P) Frequency (MHz):                  50.0000
  Output Clock(S) Frequency (MHz):                  25.0000
  Output Clock(S2) Frequency (MHz):                 NA
  Output Clock(S3) Frequency (MHz):                 NA
  CLKOP Post Divider A Input:                       DIVA
  CLKOS Post Divider B Input:                       DIVB
  CLKOS2 Post Divider C Input:                      DIVC
  CLKOS3 Post Divider D Input:                      DIVD
  Pre Divider A Input:                              VCO_PHASE
  Pre Divider B Input:                              VCO_PHASE
  Pre Divider C Input:                              VCO_PHASE
  Pre Divider D Input:                              VCO_PHASE
  VCO Bypass A Input:                               VCO_PHASE
  VCO Bypass B Input:                               VCO_PHASE
  VCO Bypass C Input:                               VCO_PHASE
  VCO Bypass D Input:                               VCO_PHASE
  FB_MODE:                                          CLKOP
  CLKI Divider:                                     1
  CLKFB Divider:                                    2
  CLKOP Divider:                                    10
  CLKOS Divider:                                    20
  CLKOS2 Divider:                                   1
  CLKOS3 Divider:                                   1
  Fractional N Divider:                             0
  CLKOP Desired Phase Shift(degree):                0
  CLKOP Trim Option Rising/Falling:                 RISING
  CLKOP Trim Option Delay:                          0
  CLKOS Desired Phase Shift(degree):                0

                                   Page 41




Design:  BM_H13DSP_S                                   Date:  03/13/25  19:05:40

PLL/DLL Summary (cont)
----------------------
  CLKOS Trim Option Rising/Falling:                 RISING
  CLKOS Trim Option Delay:                          0
  CLKOS2 Desired Phase Shift(degree):               0
  CLKOS3 Desired Phase Shift(degree):               0

OSC Summary
-----------

OSC 1:                                     Pin/Node Value
  OSC Instance Name:                                inst_osch
  OSC Type:                                         OSCH
  STDBY Input:                                      NONE
  OSC Output:                              NODE     wb_clk
  OSC Nominal Frequency (MHz):                      4.29

Embedded Functional Block Connection Summary
--------------------------------------------

   Desired WISHBONE clock frequency: 4.3 MHz
   Clock source:                     wb_clk
   Reset source:                     NONE
   Functions mode:
      I2C #1 (Primary) Function:     ENABLED
      I2C #2 (Secondary) Function:   DISABLED
      SPI Function:                  DISABLED
      Timer/Counter Function:        DISABLED
      Timer/Counter Mode:            WB
      UFM Connection:                ENABLED
      PLL0 Connection:               DISABLED
      PLL1 Connection:               DISABLED
   I2C Function Summary:
   --------------------
      I2C Component:          PRIMARY
      I2C Addressing:         7BIT
      I2C Performance:        100kHz
      Slave Address:          0b1000001
      General Call:           DISABLED
      I2C Wake Up:            DISABLED
      I2C Component:          UFM/Configuration
      I2C Addressing:         7BIT
      I2C Performance:        100kHz
      Slave Address:          0b1000000
   SPI Function Summary:
   --------------------
      None
   Timer/Counter Function Summary:
   ------------------------------
      None
   UFM Function Summary:
   --------------------
      UFM Utilization:        General Purpose Flash Memory
      Initialized UFM Pages:  1 Pages (1*128 Bits)
      Available General
      Purpose Flash Memory:   2046 Pages (2046*128 Bits)

           EBR Blocks with Unique

                                   Page 42




Design:  BM_H13DSP_S                                   Date:  03/13/25  19:05:40

Embedded Functional Block Connection Summary (cont)
---------------------------------------------------
      Initialization Data:    0

           WID		EBR Instance
      ---		------------


ASIC Components
---------------

Instance Name: inst_osch
         Type: OSCH
Instance Name: inst_i2c_update_flash_config/EFBInst_0
         Type: EFB
Instance Name: pll_inst/PLLInst_0
         Type: EHXPLLJ

GSR Usage
---------

GSR Component:
   The local reset signal 'pon_reset_n' of the design has been inferred as
        Global Set Reset (GSR). The reset signal used for GSR control is
        'pon_reset_n'.
        

     GSR Property:
   The design components with GSR property set to ENABLED will respond to global
        set reset while the components with GSR property set to DISABLED will
        not.
        

     Components on inferred reset domain with GSR Property disabled
--------------------------------------------------------------

     These components have the GSR property set to DISABLED and are on the
     inferred reset domain. The components will respond to the reset signal
     'pon_reset_n' via the local reset on the component and not the GSR
     component.

     Type and number of components of the type: 
   Register = 1 

     Type and instance name of component: 
   Register : inst_slv_to_mb_p2s/so

Run Time and Memory Usage
-------------------------

   Total CPU Time: 4 secs  
   Total REAL Time: 6 secs  
   Peak Memory Usage: 94 MB
        





                                   Page 43


Copyright (c) 1991-1994 by NeoCAD Inc. All rights reserved.
     Copyright (c) 1995 AT&T Corp.   All rights reserved.
     Copyright (c) 1995-2001 Lucent Technologies Inc.  All rights reserved.
     Copyright (c) 2001 Agere Systems   All rights reserved.
     Copyright (c) 2002-2020 Lattice Semiconductor Corporation,  All rights
     reserved.
